solid OpenSCAD_Model
  facet normal -1 0 0
    outer loop
      vertex -40.1 -8 0
      vertex -40.1 -8 4
      vertex -40.1 42 4
    endloop
  endfacet
  facet normal 0 0 -1
    outer loop
      vertex -40.1 -8 0
      vertex -40.1 42 0
      vertex -37.6 32.05 0
    endloop
  endfacet
  facet normal -1 0 0
    outer loop
      vertex -40.1 -8 0
      vertex -40.1 42 4
      vertex -40.1 42 0
    endloop
  endfacet
  facet normal 0 0 -1
    outer loop
      vertex -40.1 -8 0
      vertex -37.6 1.9499999999999993 0
      vertex -37.59847706754774 1.8627512582437475 0
    endloop
  endfacet
  facet normal 0 0 -1
    outer loop
      vertex -40.1 -8 0
      vertex -37.6 32.05 0
      vertex -37.6 1.9499999999999993 0
    endloop
  endfacet
  facet normal 0 0 -1
    outer loop
      vertex -40.1 -8 0
      vertex -37.59847706754774 1.8627512582437475 0
      vertex -37.593910125649565 1.7756088156396856 0
    endloop
  endfacet
  facet normal 0 0 -1
    outer loop
      vertex -40.1 -8 0
      vertex -37.593910125649565 1.7756088156396856 0
      vertex -37.58630473842069 1.6886788418308658 0
    endloop
  endfacet
  facet normal 0 0 -1
    outer loop
      vertex -40.1 -8 0
      vertex -37.58630473842069 1.6886788418308658 0
      vertex -37.57567017185393 1.6020672475998357 0
    endloop
  endfacet
  facet normal 0 0 -1
    outer loop
      vertex -40.1 -8 0
      vertex -37.57567017185393 1.6020672475998357 0
      vertex -37.56201938253052 1.515879555832674 0
    endloop
  endfacet
  facet normal 0 0 -1
    outer loop
      vertex -40.1 -8 0
      vertex -37.56201938253052 1.515879555832674 0
      vertex -37.545369001834516 1.4302207729556002 0
    endloop
  endfacet
  facet normal 0 0 -1
    outer loop
      vertex -40.1 -8 0
      vertex -37.545369001834516 1.4302207729556002 0
      vertex -37.52573931568999 1.3451952610008302 0
    endloop
  endfacet
  facet normal 0 0 -1
    outer loop
      vertex -40.1 -8 0
      vertex -37.52573931568999 1.3451952610008302 0
      vertex -37.5031542398458 1.2609066104575017 0
    endloop
  endfacet
  facet normal 0 0 -1
    outer loop
      vertex -40.1 -8 0
      vertex -37.5031542398458 1.2609066104575017 0
      vertex -37.477641290737886 1.177457514062631 0
    endloop
  endfacet
  facet normal 0 0 -1
    outer loop
      vertex -40.1 -8 0
      vertex -37.477641290737886 1.177457514062631 0
      vertex -37.44923155196477 1.0949496416858278 0
    endloop
  endfacet
  facet normal 0 0 -1
    outer loop
      vertex -40.1 -8 0
      vertex -37.44923155196477 1.0949496416858278 0
      vertex -37.41795963641697 1.0134835164602194 0
    endloop
  endfacet
  facet normal 0 0 -1
    outer loop
      vertex -40.1 -8 0
      vertex -37.41795963641697 1.0134835164602194 0
      vertex -37.383863644106505 0.9331583923104994 0
    endloop
  endfacet
  facet normal 0 0 -1
    outer loop
      vertex -40.1 -8 0
      vertex -37.383863644106505 0.9331583923104994 0
      vertex -37.34698511574792 0.8540721330273051 0
    endloop
  endfacet
  facet normal 0 0 -1
    outer loop
      vertex -40.1 -8 0
      vertex -37.34698511574792 0.8540721330273051 0
      vertex -37.30736898214732 0.7763210930352713 0
    endloop
  endfacet
  facet normal 0 0 -1
    outer loop
      vertex -40.1 -8 0
      vertex -37.30736898214732 0.7763210930352713 0
      vertex -37.2650635094611 0.6999999999999993 0
    endloop
  endfacet
  facet normal 0 0 -1
    outer loop
      vertex -40.1 -8 0
      vertex -37.2650635094611 0.6999999999999993 0
      vertex -37.22012024039107 0.625201839416988 0
    endloop
  endfacet
  facet normal 0 0 -1
    outer loop
      vertex -40.1 -8 0
      vertex -37.22012024039107 0.625201839416988 0
      vertex -37.1725939313876 0.552017741323132 0
    endloop
  endfacet
  facet normal 0 0 -1
    outer loop
      vertex -40.1 -8 0
      vertex -37.1725939313876 0.552017741323132 0
      vertex -37.12254248593737 0.4805368692688159 0
    endloop
  endfacet
  facet normal 0 0 -1
    outer loop
      vertex -40.1 -8 0
      vertex -37.12254248593737 0.4805368692688159 0
      vertex -37.070026884016805 0.4108463116858534 0
    endloop
  endfacet
  facet normal 0 0 -1
    outer loop
      vertex -40.1 -8 0
      vertex -37.070026884016805 0.4108463116858534 0
      vertex -37.015111107797445 0.3430309757836518 0
    endloop
  endfacet
  facet normal 0 0 -1
    outer loop
      vertex -40.1 -8 0
      vertex -37.015111107797445 0.3430309757836518 0
      vertex -36.95786206369349 0.27717348410285325 0
    endloop
  endfacet
  facet normal 0 0 -1
    outer loop
      vertex -40.1 -8 0
      vertex -36.95786206369349 0.27717348410285325 0
      vertex -36.89834950084663 0.21335407385250704 0
    endloop
  endfacet
  facet normal 0 0 -1
    outer loop
      vertex -40.1 -8 0
      vertex -36.89834950084663 0.21335407385250704 0
      vertex -36.8366459261475 0.15165049915337114 0
    endloop
  endfacet
  facet normal 0 0 -1
    outer loop
      vertex -40.1 -8 0
      vertex -36.8366459261475 0.15165049915337114 0
      vertex -36.772826515897144 0.09213793630651423 0
    endloop
  endfacet
  facet normal 0 0 -1
    outer loop
      vertex -40.1 -8 0
      vertex -36.772826515897144 0.09213793630651423 0
      vertex -36.70696902421635 0.03488889220255409 0
    endloop
  endfacet
  facet normal 0 0 -1
    outer loop
      vertex -40.1 -8 0
      vertex -36.70696902421635 0.03488889220255409 0
      vertex -36.639153688314146 -0.02002688401680519 0
    endloop
  endfacet
  facet normal 0 0 -1
    outer loop
      vertex -40.1 -8 0
      vertex -36.639153688314146 -0.02002688401680519 0
      vertex -36.56946313073119 -0.0725424859373689 0
    endloop
  endfacet
  facet normal 0 0 -1
    outer loop
      vertex -40.1 -8 0
      vertex -36.56946313073119 -0.0725424859373689 0
      vertex -36.49798225867687 -0.12259393138760455 0
    endloop
  endfacet
  facet normal 0 0 -1
    outer loop
      vertex -40.1 -8 0
      vertex -36.49798225867687 -0.12259393138760455 0
      vertex -36.424798160583016 -0.170120240391066 0
    endloop
  endfacet
  facet normal 0 0 -1
    outer loop
      vertex -40.1 -8 0
      vertex -36.424798160583016 -0.170120240391066 0
      vertex -36.35 -0.2150635094610971 0
    endloop
  endfacet
  facet normal 0 0 -1
    outer loop
      vertex -40.1 -8 0
      vertex -36.35 -0.2150635094610971 0
      vertex -36.273678906964726 -0.25736898214731774 0
    endloop
  endfacet
  facet normal 0 0 -1
    outer loop
      vertex -40.1 -8 0
      vertex -36.273678906964726 -0.25736898214731774 0
      vertex -36.195927866972696 -0.2969851157479182 0
    endloop
  endfacet
  facet normal 0 0 -1
    outer loop
      vertex -40.1 -8 0
      vertex -36.195927866972696 -0.2969851157479182 0
      vertex -36.1168416076895 -0.3338636441065024 0
    endloop
  endfacet
  facet normal 0 0 -1
    outer loop
      vertex -40.1 -8 0
      vertex -36.1168416076895 -0.3338636441065024 0
      vertex -36.036516483539785 -0.3679596364169697 0
    endloop
  endfacet
  facet normal 0 0 -1
    outer loop
      vertex -40.1 -8 0
      vertex -36.036516483539785 -0.3679596364169697 0
      vertex -35.955050358314175 -0.399231551964772 0
    endloop
  endfacet
  facet normal 0 0 -1
    outer loop
      vertex -40.1 -8 0
      vertex -35.955050358314175 -0.399231551964772 0
      vertex -35.87254248593737 -0.4276412907378848 0
    endloop
  endfacet
  facet normal 0 0 -1
    outer loop
      vertex -40.1 -8 0
      vertex -35.87254248593737 -0.4276412907378848 0
      vertex -35.7890933895425 -0.45315423984579795 0
    endloop
  endfacet
  facet normal 0 0 -1
    outer loop
      vertex -40.1 -8 0
      vertex -35.7890933895425 -0.45315423984579795 0
      vertex -35.70480473899917 -0.4757393156899923 0
    endloop
  endfacet
  facet normal 0 0 -1
    outer loop
      vertex -40.1 -8 0
      vertex -35.70480473899917 -0.4757393156899923 0
      vertex -35.6197792270444 -0.49536900183451493 0
    endloop
  endfacet
  facet normal 0 0 -1
    outer loop
      vertex -40.1 -8 0
      vertex -35.6197792270444 -0.49536900183451493 0
      vertex -35.53412044416733 -0.5120193825305206 0
    endloop
  endfacet
  facet normal 0 0 -1
    outer loop
      vertex -40.1 -8 0
      vertex -35.53412044416733 -0.5120193825305206 0
      vertex -35.44793275240016 -0.5256701718539265 0
    endloop
  endfacet
  facet normal 0 0 -1
    outer loop
      vertex -40.1 -8 0
      vertex -35.44793275240016 -0.5256701718539265 0
      vertex -35.36132115816913 -0.536304738420684 0
    endloop
  endfacet
  facet normal 0 0 -1
    outer loop
      vertex -40.1 -8 0
      vertex -35.36132115816913 -0.536304738420684 0
      vertex -35.27439118436031 -0.5439101256495613 0
    endloop
  endfacet
  facet normal 0 0 -1
    outer loop
      vertex -40.1 -8 0
      vertex -35.27439118436031 -0.5439101256495613 0
      vertex -35.18724874175626 -0.54847706754774 0
    endloop
  endfacet
  facet normal 0 0 -1
    outer loop
      vertex -40.1 -8 0
      vertex -35.18724874175626 -0.54847706754774 0
      vertex -35.1 -0.5500000000000007 0
    endloop
  endfacet
  facet normal 0 0 -1
    outer loop
      vertex -40.1 -8 0
      vertex -35.1 -0.5500000000000007 0
      vertex -35.012751258243746 -0.54847706754774 0
    endloop
  endfacet
  facet normal 0 0 -1
    outer loop
      vertex -40.1 -8 0
      vertex -35.012751258243746 -0.54847706754774 0
      vertex -34.92560881563969 -0.5439101256495613 0
    endloop
  endfacet
  facet normal 0 0 -1
    outer loop
      vertex -40.1 -8 0
      vertex -34.92560881563969 -0.5439101256495613 0
      vertex -34.83867884183087 -0.536304738420684 0
    endloop
  endfacet
  facet normal 0 0 -1
    outer loop
      vertex -40.1 -8 0
      vertex -34.83867884183087 -0.536304738420684 0
      vertex -34.75206724759984 -0.5256701718539265 0
    endloop
  endfacet
  facet normal 0 0 -1
    outer loop
      vertex -40.1 -8 0
      vertex -34.75206724759984 -0.5256701718539265 0
      vertex -34.665879555832674 -0.5120193825305206 0
    endloop
  endfacet
  facet normal 0 0 -1
    outer loop
      vertex -40.1 -8 0
      vertex -34.665879555832674 -0.5120193825305206 0
      vertex -34.580220772955606 -0.49536900183451493 0
    endloop
  endfacet
  facet normal 0 0 -1
    outer loop
      vertex -40.1 -8 0
      vertex -34.580220772955606 -0.49536900183451493 0
      vertex -34.49519526100083 -0.4757393156899923 0
    endloop
  endfacet
  facet normal 0 0 -1
    outer loop
      vertex -40.1 -8 0
      vertex -34.49519526100083 -0.4757393156899923 0
      vertex -34.4109066104575 -0.45315423984579795 0
    endloop
  endfacet
  facet normal 0 0 -1
    outer loop
      vertex -40.1 -8 0
      vertex -34.4109066104575 -0.45315423984579795 0
      vertex -34.32745751406263 -0.4276412907378848 0
    endloop
  endfacet
  facet normal 0 0 -1
    outer loop
      vertex -40.1 -8 0
      vertex -34.32745751406263 -0.4276412907378848 0
      vertex -34.24494964168583 -0.399231551964772 0
    endloop
  endfacet
  facet normal 0 0 -1
    outer loop
      vertex -40.1 -8 0
      vertex -34.24494964168583 -0.399231551964772 0
      vertex -34.16348351646022 -0.3679596364169697 0
    endloop
  endfacet
  facet normal 0 0 -1
    outer loop
      vertex -40.1 -8 0
      vertex -34.16348351646022 -0.3679596364169697 0
      vertex -34.0831583923105 -0.3338636441065024 0
    endloop
  endfacet
  facet normal 0 0 -1
    outer loop
      vertex -40.1 -8 0
      vertex -34.0831583923105 -0.3338636441065024 0
      vertex -34.00407213302731 -0.2969851157479182 0
    endloop
  endfacet
  facet normal 0 0 -1
    outer loop
      vertex -40.1 -8 0
      vertex -34.00407213302731 -0.2969851157479182 0
      vertex -33.92632109303528 -0.25736898214731774 0
    endloop
  endfacet
  facet normal 0 0 -1
    outer loop
      vertex -40.1 -8 0
      vertex -33.92632109303528 -0.25736898214731774 0
      vertex -33.85 -0.2150635094610971 0
    endloop
  endfacet
  facet normal 0 0 -1
    outer loop
      vertex -40.1 -8 0
      vertex -33.85 -0.2150635094610971 0
      vertex 40.1 42 0
    endloop
  endfacet
  facet normal 0 -1 0
    outer loop
      vertex -40.1 -8 0
      vertex -30.1 -8 0
      vertex -30.1 -8 3
    endloop
  endfacet
  facet normal 0 -1 0
    outer loop
      vertex -40.1 -8 0
      vertex -30.1 -8 3
      vertex -40.1 -8 4
    endloop
  endfacet
  facet normal 0 0 -1
    outer loop
      vertex -40.1 -8 0
      vertex 22.17 23.57 0
      vertex 22.196900607435477 23.29687354917742 0
    endloop
  endfacet
  facet normal 0 0 -1
    outer loop
      vertex -40.1 -8 0
      vertex 22.196900607435477 23.29687354917742 0
      vertex 22.276568654484198 23.034243194688873 0
    endloop
  endfacet
  facet normal 0 0 -1
    outer loop
      vertex -40.1 -8 0
      vertex 22.196900607435477 23.84312645082258 0
      vertex 22.17 23.57 0
    endloop
  endfacet
  facet normal 0 0 -1
    outer loop
      vertex -40.1 -8 0
      vertex 22.276568654484198 23.034243194688873 0
      vertex 22.405942542776437 22.792201673772556 0
    endloop
  endfacet
  facet normal 0 0 -1
    outer loop
      vertex -40.1 -8 0
      vertex 22.276568654484198 24.105756805311128 0
      vertex 22.196900607435477 23.84312645082258 0
    endloop
  endfacet
  facet normal 0 0 -1
    outer loop
      vertex -40.1 -8 0
      vertex 22.405942542776437 22.792201673772556 0
      vertex 32.62432982814608 2.297932752400163 0
    endloop
  endfacet
  facet normal 0 0 -1
    outer loop
      vertex -40.1 -8 0
      vertex 22.405942542776437 24.347798326227444 0
      vertex 22.276568654484198 24.105756805311128 0
    endloop
  endfacet
  facet normal 0 0 -1
    outer loop
      vertex -40.1 -8 0
      vertex 22.580050506338832 24.55994949366117 0
      vertex 22.405942542776437 24.347798326227444 0
    endloop
  endfacet
  facet normal 0 0 -1
    outer loop
      vertex -40.1 -8 0
      vertex 22.792201673772556 24.734057457223564 0
      vertex 22.580050506338832 24.55994949366117 0
    endloop
  endfacet
  facet normal 0 0 -1
    outer loop
      vertex -40.1 -8 0
      vertex 32.6 1.9499999999999993 0
      vertex 32.60152293245226 1.8627512582437475 0
    endloop
  endfacet
  facet normal 0 0 -1
    outer loop
      vertex -40.1 -8 0
      vertex 32.6 32.05 0
      vertex 32.60152293245226 31.962751258243742 0
    endloop
  endfacet
  facet normal 0 0 -1
    outer loop
      vertex -40.1 -8 0
      vertex 32.60152293245226 1.8627512582437475 0
      vertex 32.60608987435044 1.7756088156396856 0
    endloop
  endfacet
  facet normal 0 0 -1
    outer loop
      vertex -40.1 -8 0
      vertex 32.60152293245226 2.037248741756251 0
      vertex 32.6 1.9499999999999993 0
    endloop
  endfacet
  facet normal 0 0 -1
    outer loop
      vertex -40.1 -8 0
      vertex 32.60152293245226 31.962751258243742 0
      vertex 32.60608987435044 31.875608815639687 0
    endloop
  endfacet
  facet normal 0 0 -1
    outer loop
      vertex -40.1 -8 0
      vertex 32.60152293245226 32.13724874175625 0
      vertex 32.6 32.05 0
    endloop
  endfacet
  facet normal 0 0 -1
    outer loop
      vertex -40.1 -8 0
      vertex 32.60608987435044 1.7756088156396856 0
      vertex 32.613695261579316 1.6886788418308658 0
    endloop
  endfacet
  facet normal 0 0 -1
    outer loop
      vertex -40.1 -8 0
      vertex 32.60608987435044 2.124391184360313 0
      vertex 32.60152293245226 2.037248741756251 0
    endloop
  endfacet
  facet normal 0 0 -1
    outer loop
      vertex -40.1 -8 0
      vertex 32.60608987435044 31.875608815639687 0
      vertex 32.613695261579316 31.788678841830865 0
    endloop
  endfacet
  facet normal 0 0 -1
    outer loop
      vertex -40.1 -8 0
      vertex 32.60608987435044 32.22439118436031 0
      vertex 32.60152293245226 32.13724874175625 0
    endloop
  endfacet
  facet normal 0 0 -1
    outer loop
      vertex -40.1 -8 0
      vertex 32.613695261579316 1.6886788418308658 0
      vertex 32.62432982814608 1.6020672475998357 0
    endloop
  endfacet
  facet normal 0 0 -1
    outer loop
      vertex -40.1 -8 0
      vertex 32.613695261579316 2.2113211581691328 0
      vertex 32.60608987435044 2.124391184360313 0
    endloop
  endfacet
  facet normal 0 0 -1
    outer loop
      vertex -40.1 -8 0
      vertex 32.613695261579316 31.788678841830865 0
      vertex 32.62432982814608 31.702067247599835 0
    endloop
  endfacet
  facet normal 0 0 -1
    outer loop
      vertex -40.1 -8 0
      vertex 32.613695261579316 32.31132115816913 0
      vertex 32.60608987435044 32.22439118436031 0
    endloop
  endfacet
  facet normal 0 0 -1
    outer loop
      vertex -40.1 -8 0
      vertex 32.62432982814608 1.6020672475998357 0
      vertex 32.63798061746949 1.515879555832674 0
    endloop
  endfacet
  facet normal 0 0 -1
    outer loop
      vertex -40.1 -8 0
      vertex 32.62432982814608 2.297932752400163 0
      vertex 32.613695261579316 2.2113211581691328 0
    endloop
  endfacet
  facet normal 0 0 -1
    outer loop
      vertex -40.1 -8 0
      vertex 32.62432982814608 31.702067247599835 0
      vertex 32.63798061746949 31.61587955583267 0
    endloop
  endfacet
  facet normal 0 0 -1
    outer loop
      vertex -40.1 -8 0
      vertex 32.62432982814608 32.39793275240016 0
      vertex 32.613695261579316 32.31132115816913 0
    endloop
  endfacet
  facet normal 0 0 -1
    outer loop
      vertex -40.1 -8 0
      vertex 32.63798061746949 1.515879555832674 0
      vertex 32.65463099816548 1.4302207729556002 0
    endloop
  endfacet
  facet normal 0 0 -1
    outer loop
      vertex -40.1 -8 0
      vertex 32.63798061746949 31.61587955583267 0
      vertex 32.65463099816548 31.5302207729556 0
    endloop
  endfacet
  facet normal 0 0 -1
    outer loop
      vertex -40.1 -8 0
      vertex 32.63798061746949 32.484120444167324 0
      vertex 32.62432982814608 32.39793275240016 0
    endloop
  endfacet
  facet normal 0 0 -1
    outer loop
      vertex -40.1 -8 0
      vertex 32.65463099816548 1.4302207729556002 0
      vertex 32.674260684310006 1.3451952610008302 0
    endloop
  endfacet
  facet normal 0 0 -1
    outer loop
      vertex -40.1 -8 0
      vertex 32.65463099816548 31.5302207729556 0
      vertex 32.674260684310006 31.445195261000826 0
    endloop
  endfacet
  facet normal 0 0 -1
    outer loop
      vertex -40.1 -8 0
      vertex 32.65463099816548 32.56977922704439 0
      vertex 32.63798061746949 32.484120444167324 0
    endloop
  endfacet
  facet normal 0 0 -1
    outer loop
      vertex -40.1 -8 0
      vertex 32.674260684310006 1.3451952610008302 0
      vertex 32.69684576015421 1.2609066104575017 0
    endloop
  endfacet
  facet normal 0 0 -1
    outer loop
      vertex -40.1 -8 0
      vertex 32.674260684310006 31.445195261000826 0
      vertex 32.69684576015421 31.360906610457498 0
    endloop
  endfacet
  facet normal 0 0 -1
    outer loop
      vertex -40.1 -8 0
      vertex 32.674260684310006 32.65480473899917 0
      vertex 32.65463099816548 32.56977922704439 0
    endloop
  endfacet
  facet normal 0 0 -1
    outer loop
      vertex -40.1 -8 0
      vertex 32.69684576015421 1.2609066104575017 0
      vertex 32.72235870926212 1.177457514062631 0
    endloop
  endfacet
  facet normal 0 0 -1
    outer loop
      vertex -40.1 -8 0
      vertex 32.69684576015421 31.360906610457498 0
      vertex 32.72235870926212 31.277457514062625 0
    endloop
  endfacet
  facet normal 0 0 -1
    outer loop
      vertex -40.1 -8 0
      vertex 32.69684576015421 32.7390933895425 0
      vertex 32.674260684310006 32.65480473899917 0
    endloop
  endfacet
  facet normal 0 0 -1
    outer loop
      vertex -40.1 -8 0
      vertex 32.72235870926212 1.177457514062631 0
      vertex 32.750768448035224 1.0949496416858278 0
    endloop
  endfacet
  facet normal 0 0 -1
    outer loop
      vertex -40.1 -8 0
      vertex 32.72235870926212 31.277457514062625 0
      vertex 32.750768448035224 31.194949641685824 0
    endloop
  endfacet
  facet normal 0 0 -1
    outer loop
      vertex -40.1 -8 0
      vertex 32.72235870926212 32.82254248593737 0
      vertex 32.69684576015421 32.7390933895425 0
    endloop
  endfacet
  facet normal 0 0 -1
    outer loop
      vertex -40.1 -8 0
      vertex 32.750768448035224 1.0949496416858278 0
      vertex 32.78204036358303 1.0134835164602194 0
    endloop
  endfacet
  facet normal 0 0 -1
    outer loop
      vertex -40.1 -8 0
      vertex 32.750768448035224 31.194949641685824 0
      vertex 32.78204036358303 31.113483516460214 0
    endloop
  endfacet
  facet normal 0 0 -1
    outer loop
      vertex -40.1 -8 0
      vertex 32.750768448035224 32.90505035831417 0
      vertex 32.72235870926212 32.82254248593737 0
    endloop
  endfacet
  facet normal 0 0 -1
    outer loop
      vertex -40.1 -8 0
      vertex 32.78204036358303 1.0134835164602194 0
      vertex 32.8161363558935 0.9331583923104994 0
    endloop
  endfacet
  facet normal 0 0 -1
    outer loop
      vertex -40.1 -8 0
      vertex 32.78204036358303 31.113483516460214 0
      vertex 32.8161363558935 31.033158392310497 0
    endloop
  endfacet
  facet normal 0 0 -1
    outer loop
      vertex -40.1 -8 0
      vertex 32.78204036358303 32.98651648353978 0
      vertex 32.750768448035224 32.90505035831417 0
    endloop
  endfacet
  facet normal 0 0 -1
    outer loop
      vertex -40.1 -8 0
      vertex 32.8161363558935 0.9331583923104994 0
      vertex 32.85301488425208 0.8540721330273051 0
    endloop
  endfacet
  facet normal 0 0 -1
    outer loop
      vertex -40.1 -8 0
      vertex 32.8161363558935 31.033158392310497 0
      vertex 32.85301488425208 30.954072133027303 0
    endloop
  endfacet
  facet normal 0 0 -1
    outer loop
      vertex -40.1 -8 0
      vertex 32.8161363558935 33.0668416076895 0
      vertex 32.78204036358303 32.98651648353978 0
    endloop
  endfacet
  facet normal 0 0 -1
    outer loop
      vertex -40.1 -8 0
      vertex 32.85301488425208 0.8540721330273051 0
      vertex 32.892631017852686 0.7763210930352713 0
    endloop
  endfacet
  facet normal 0 0 -1
    outer loop
      vertex -40.1 -8 0
      vertex 32.85301488425208 30.954072133027303 0
      vertex 32.892631017852686 30.876321093035273 0
    endloop
  endfacet
  facet normal 0 0 -1
    outer loop
      vertex -40.1 -8 0
      vertex 32.85301488425208 33.14592786697269 0
      vertex 32.8161363558935 33.0668416076895 0
    endloop
  endfacet
  facet normal 0 0 -1
    outer loop
      vertex -40.1 -8 0
      vertex 32.892631017852686 0.7763210930352713 0
      vertex 32.93493649053891 0.6999999999999993 0
    endloop
  endfacet
  facet normal 0 0 -1
    outer loop
      vertex -40.1 -8 0
      vertex 32.892631017852686 30.876321093035273 0
      vertex 32.93493649053891 30.799999999999997 0
    endloop
  endfacet
  facet normal 0 0 -1
    outer loop
      vertex -40.1 -8 0
      vertex 32.892631017852686 33.22367890696472 0
      vertex 32.85301488425208 33.14592786697269 0
    endloop
  endfacet
  facet normal 0 0 -1
    outer loop
      vertex -40.1 -8 0
      vertex 32.93493649053891 0.6999999999999993 0
      vertex 32.97987975960894 0.625201839416988 0
    endloop
  endfacet
  facet normal 0 0 -1
    outer loop
      vertex -40.1 -8 0
      vertex 32.93493649053891 30.799999999999997 0
      vertex 32.97987975960894 30.725201839416982 0
    endloop
  endfacet
  facet normal 0 0 -1
    outer loop
      vertex -40.1 -8 0
      vertex 32.93493649053891 33.3 0
      vertex 32.892631017852686 33.22367890696472 0
    endloop
  endfacet
  facet normal 0 0 -1
    outer loop
      vertex -40.1 -8 0
      vertex 32.97987975960894 0.625201839416988 0
      vertex 33.0274060686124 0.552017741323132 0
    endloop
  endfacet
  facet normal 0 0 -1
    outer loop
      vertex -40.1 -8 0
      vertex 32.97987975960894 30.725201839416982 0
      vertex 33.0274060686124 30.652017741323128 0
    endloop
  endfacet
  facet normal 0 0 -1
    outer loop
      vertex -40.1 -8 0
      vertex 32.97987975960894 33.37479816058301 0
      vertex 32.93493649053891 33.3 0
    endloop
  endfacet
  facet normal 0 0 -1
    outer loop
      vertex -40.1 -8 0
      vertex 33.0274060686124 0.552017741323132 0
      vertex 33.07745751406264 0.4805368692688159 0
    endloop
  endfacet
  facet normal 0 0 -1
    outer loop
      vertex -40.1 -8 0
      vertex 33.0274060686124 30.652017741323128 0
      vertex 33.07745751406264 30.580536869268812 0
    endloop
  endfacet
  facet normal 0 0 -1
    outer loop
      vertex -40.1 -8 0
      vertex 33.0274060686124 33.447982258676866 0
      vertex 32.97987975960894 33.37479816058301 0
    endloop
  endfacet
  facet normal 0 0 -1
    outer loop
      vertex -40.1 -8 0
      vertex 33.07745751406264 0.4805368692688159 0
      vertex 33.1299731159832 0.4108463116858534 0
    endloop
  endfacet
  facet normal 0 0 -1
    outer loop
      vertex -40.1 -8 0
      vertex 33.07745751406264 30.580536869268812 0
      vertex 33.1299731159832 30.510846311685853 0
    endloop
  endfacet
  facet normal 0 0 -1
    outer loop
      vertex -40.1 -8 0
      vertex 33.07745751406264 33.51946313073118 0
      vertex 33.0274060686124 33.447982258676866 0
    endloop
  endfacet
  facet normal 0 0 -1
    outer loop
      vertex -40.1 -8 0
      vertex 33.1299731159832 0.4108463116858534 0
      vertex 33.18488889220256 0.3430309757836518 0
    endloop
  endfacet
  facet normal 0 0 -1
    outer loop
      vertex -40.1 -8 0
      vertex 33.1299731159832 30.510846311685853 0
      vertex 33.18488889220256 30.44303097578365 0
    endloop
  endfacet
  facet normal 0 0 -1
    outer loop
      vertex -40.1 -8 0
      vertex 33.1299731159832 33.58915368831414 0
      vertex 33.07745751406264 33.51946313073118 0
    endloop
  endfacet
  facet normal 0 0 -1
    outer loop
      vertex -40.1 -8 0
      vertex 33.18488889220256 0.3430309757836518 0
      vertex 33.24213793630651 0.27717348410285325 0
    endloop
  endfacet
  facet normal 0 0 -1
    outer loop
      vertex -40.1 -8 0
      vertex 33.18488889220256 30.44303097578365 0
      vertex 33.24213793630651 30.377173484102855 0
    endloop
  endfacet
  facet normal 0 0 -1
    outer loop
      vertex -40.1 -8 0
      vertex 33.18488889220256 33.656969024216345 0
      vertex 33.1299731159832 33.58915368831414 0
    endloop
  endfacet
  facet normal 0 0 -1
    outer loop
      vertex -40.1 -8 0
      vertex 33.24213793630651 0.27717348410285325 0
      vertex -30.1 -8 0
    endloop
  endfacet
  facet normal 0 0 -1
    outer loop
      vertex -40.1 -8 0
      vertex 33.24213793630651 30.377173484102855 0
      vertex 22.792201673772556 24.734057457223564 0
    endloop
  endfacet
  facet normal 0 0 -1
    outer loop
      vertex -40.1 -8 0
      vertex 40.1 42 0
      vertex 33.18488889220256 33.656969024216345 0
    endloop
  endfacet
  facet normal 0 0 1
    outer loop
      vertex -40.1 -8 4
      vertex -37.6 1.9499999999999993 4
      vertex -37.44923155196477 31.194949641685824 4
    endloop
  endfacet
  facet normal 0 0 1
    outer loop
      vertex -40.1 -8 4
      vertex -37.6 32.05 4
      vertex -37.59847706754774 32.13724874175625 4
    endloop
  endfacet
  facet normal 0 0 1
    outer loop
      vertex -40.1 -8 4
      vertex -37.59847706754774 1.8627512582437475 4
      vertex -37.6 1.9499999999999993 4
    endloop
  endfacet
  facet normal 0 0 1
    outer loop
      vertex -40.1 -8 4
      vertex -37.59847706754774 31.962751258243742 4
      vertex -37.6 32.05 4
    endloop
  endfacet
  facet normal 0 0 1
    outer loop
      vertex -40.1 -8 4
      vertex -37.59847706754774 32.13724874175625 4
      vertex -37.593910125649565 32.22439118436031 4
    endloop
  endfacet
  facet normal 0 0 1
    outer loop
      vertex -40.1 -8 4
      vertex -37.593910125649565 1.7756088156396856 4
      vertex -37.59847706754774 1.8627512582437475 4
    endloop
  endfacet
  facet normal 0 0 1
    outer loop
      vertex -40.1 -8 4
      vertex -37.593910125649565 31.875608815639687 4
      vertex -37.59847706754774 31.962751258243742 4
    endloop
  endfacet
  facet normal 0 0 1
    outer loop
      vertex -40.1 -8 4
      vertex -37.593910125649565 32.22439118436031 4
      vertex -40.1 42 4
    endloop
  endfacet
  facet normal 0 0 1
    outer loop
      vertex -40.1 -8 4
      vertex -37.58630473842069 1.6886788418308658 4
      vertex -37.593910125649565 1.7756088156396856 4
    endloop
  endfacet
  facet normal 0 0 1
    outer loop
      vertex -40.1 -8 4
      vertex -37.58630473842069 31.788678841830865 4
      vertex -37.593910125649565 31.875608815639687 4
    endloop
  endfacet
  facet normal 0 0 1
    outer loop
      vertex -40.1 -8 4
      vertex -37.57567017185393 1.6020672475998357 4
      vertex -37.58630473842069 1.6886788418308658 4
    endloop
  endfacet
  facet normal 0 0 1
    outer loop
      vertex -40.1 -8 4
      vertex -37.57567017185393 31.702067247599835 4
      vertex -37.58630473842069 31.788678841830865 4
    endloop
  endfacet
  facet normal 0 0 1
    outer loop
      vertex -40.1 -8 4
      vertex -37.56201938253052 1.515879555832674 4
      vertex -37.57567017185393 1.6020672475998357 4
    endloop
  endfacet
  facet normal 0 0 1
    outer loop
      vertex -40.1 -8 4
      vertex -37.56201938253052 31.61587955583267 4
      vertex -37.57567017185393 31.702067247599835 4
    endloop
  endfacet
  facet normal 0 0 1
    outer loop
      vertex -40.1 -8 4
      vertex -37.545369001834516 1.4302207729556002 4
      vertex -37.56201938253052 1.515879555832674 4
    endloop
  endfacet
  facet normal 0 0 1
    outer loop
      vertex -40.1 -8 4
      vertex -37.545369001834516 31.5302207729556 4
      vertex -37.56201938253052 31.61587955583267 4
    endloop
  endfacet
  facet normal 0 0 1
    outer loop
      vertex -40.1 -8 4
      vertex -37.52573931568999 1.3451952610008302 4
      vertex -37.545369001834516 1.4302207729556002 4
    endloop
  endfacet
  facet normal 0 0 1
    outer loop
      vertex -40.1 -8 4
      vertex -37.52573931568999 31.445195261000826 4
      vertex -37.545369001834516 31.5302207729556 4
    endloop
  endfacet
  facet normal 0 0 1
    outer loop
      vertex -40.1 -8 4
      vertex -37.5031542398458 1.2609066104575017 4
      vertex -37.52573931568999 1.3451952610008302 4
    endloop
  endfacet
  facet normal 0 0 1
    outer loop
      vertex -40.1 -8 4
      vertex -37.5031542398458 31.360906610457498 4
      vertex -37.52573931568999 31.445195261000826 4
    endloop
  endfacet
  facet normal 0 0 1
    outer loop
      vertex -40.1 -8 4
      vertex -37.477641290737886 1.177457514062631 4
      vertex -37.5031542398458 1.2609066104575017 4
    endloop
  endfacet
  facet normal 0 0 1
    outer loop
      vertex -40.1 -8 4
      vertex -37.477641290737886 31.277457514062625 4
      vertex -37.5031542398458 31.360906610457498 4
    endloop
  endfacet
  facet normal 0 0 1
    outer loop
      vertex -40.1 -8 4
      vertex -37.44923155196477 1.0949496416858278 4
      vertex -37.477641290737886 1.177457514062631 4
    endloop
  endfacet
  facet normal 0 0 1
    outer loop
      vertex -40.1 -8 4
      vertex -37.44923155196477 31.194949641685824 4
      vertex -37.477641290737886 31.277457514062625 4
    endloop
  endfacet
  facet normal 0 0 1
    outer loop
      vertex -40.1 -8 4
      vertex -37.41795963641697 1.0134835164602194 4
      vertex -37.44923155196477 1.0949496416858278 4
    endloop
  endfacet
  facet normal 0 0 1
    outer loop
      vertex -40.1 -8 4
      vertex -37.383863644106505 0.9331583923104994 4
      vertex -37.41795963641697 1.0134835164602194 4
    endloop
  endfacet
  facet normal 0 0 1
    outer loop
      vertex -40.1 -8 4
      vertex -37.34698511574792 0.8540721330273051 4
      vertex -37.383863644106505 0.9331583923104994 4
    endloop
  endfacet
  facet normal 0 0 1
    outer loop
      vertex -40.1 -8 4
      vertex -37.30736898214732 0.7763210930352713 4
      vertex -37.34698511574792 0.8540721330273051 4
    endloop
  endfacet
  facet normal 0 0 1
    outer loop
      vertex -40.1 -8 4
      vertex -37.2650635094611 0.6999999999999993 4
      vertex -37.30736898214732 0.7763210930352713 4
    endloop
  endfacet
  facet normal 0 0 1
    outer loop
      vertex -40.1 -8 4
      vertex -37.22012024039107 0.625201839416988 4
      vertex -37.2650635094611 0.6999999999999993 4
    endloop
  endfacet
  facet normal 0 0 1
    outer loop
      vertex -40.1 -8 4
      vertex -37.1725939313876 0.552017741323132 4
      vertex -37.22012024039107 0.625201839416988 4
    endloop
  endfacet
  facet normal 0 0 1
    outer loop
      vertex -40.1 -8 4
      vertex -37.12254248593737 0.4805368692688159 4
      vertex -37.1725939313876 0.552017741323132 4
    endloop
  endfacet
  facet normal 0 0 1
    outer loop
      vertex -40.1 -8 4
      vertex -37.070026884016805 0.4108463116858534 4
      vertex -37.12254248593737 0.4805368692688159 4
    endloop
  endfacet
  facet normal 0 0 1
    outer loop
      vertex -40.1 -8 4
      vertex -37.015111107797445 0.3430309757836518 4
      vertex -37.070026884016805 0.4108463116858534 4
    endloop
  endfacet
  facet normal 0 0 1
    outer loop
      vertex -40.1 -8 4
      vertex -36.95786206369349 0.27717348410285325 4
      vertex -37.015111107797445 0.3430309757836518 4
    endloop
  endfacet
  facet normal 0 0 1
    outer loop
      vertex -40.1 -8 4
      vertex -36.89834950084663 0.21335407385250704 4
      vertex -36.95786206369349 0.27717348410285325 4
    endloop
  endfacet
  facet normal 0 0 1
    outer loop
      vertex -40.1 -8 4
      vertex -36.8366459261475 0.15165049915337114 4
      vertex -36.89834950084663 0.21335407385250704 4
    endloop
  endfacet
  facet normal 0 0 1
    outer loop
      vertex -40.1 -8 4
      vertex -36.772826515897144 0.09213793630651423 4
      vertex -36.8366459261475 0.15165049915337114 4
    endloop
  endfacet
  facet normal 0 0 1
    outer loop
      vertex -40.1 -8 4
      vertex -36.70696902421635 0.03488889220255409 4
      vertex -36.772826515897144 0.09213793630651423 4
    endloop
  endfacet
  facet normal 0 0 1
    outer loop
      vertex -40.1 -8 4
      vertex -36.639153688314146 -0.02002688401680519 4
      vertex -36.70696902421635 0.03488889220255409 4
    endloop
  endfacet
  facet normal 0 0 1
    outer loop
      vertex -40.1 -8 4
      vertex -36.56946313073119 -0.0725424859373689 4
      vertex -36.639153688314146 -0.02002688401680519 4
    endloop
  endfacet
  facet normal 0 0 1
    outer loop
      vertex -40.1 -8 4
      vertex -36.49798225867687 -0.12259393138760455 4
      vertex -36.56946313073119 -0.0725424859373689 4
    endloop
  endfacet
  facet normal 0 0 1
    outer loop
      vertex -40.1 -8 4
      vertex -36.424798160583016 -0.170120240391066 4
      vertex -36.49798225867687 -0.12259393138760455 4
    endloop
  endfacet
  facet normal 0 0 1
    outer loop
      vertex -40.1 -8 4
      vertex -36.35 -0.2150635094610971 4
      vertex -36.424798160583016 -0.170120240391066 4
    endloop
  endfacet
  facet normal 0 0 1
    outer loop
      vertex -40.1 -8 4
      vertex -36.273678906964726 -0.25736898214731774 4
      vertex -36.35 -0.2150635094610971 4
    endloop
  endfacet
  facet normal 0 0 1
    outer loop
      vertex -40.1 -8 4
      vertex -36.195927866972696 -0.2969851157479182 4
      vertex -36.273678906964726 -0.25736898214731774 4
    endloop
  endfacet
  facet normal 0 0 1
    outer loop
      vertex -40.1 -8 4
      vertex -36.1168416076895 -0.3338636441065024 4
      vertex -36.195927866972696 -0.2969851157479182 4
    endloop
  endfacet
  facet normal 0 0 1
    outer loop
      vertex -40.1 -8 4
      vertex -36.036516483539785 -0.3679596364169697 4
      vertex -36.1168416076895 -0.3338636441065024 4
    endloop
  endfacet
  facet normal 0 0 1
    outer loop
      vertex -40.1 -8 4
      vertex -35.955050358314175 -0.399231551964772 4
      vertex -36.036516483539785 -0.3679596364169697 4
    endloop
  endfacet
  facet normal 0 0 1
    outer loop
      vertex -40.1 -8 4
      vertex -35.87254248593737 -0.4276412907378848 4
      vertex -35.955050358314175 -0.399231551964772 4
    endloop
  endfacet
  facet normal 0 0 1
    outer loop
      vertex -40.1 -8 4
      vertex -35.7890933895425 -0.45315423984579795 4
      vertex -35.87254248593737 -0.4276412907378848 4
    endloop
  endfacet
  facet normal 0 0 1
    outer loop
      vertex -40.1 -8 4
      vertex -35.70480473899917 -0.4757393156899923 4
      vertex -35.7890933895425 -0.45315423984579795 4
    endloop
  endfacet
  facet normal 0 0 1
    outer loop
      vertex -40.1 -8 4
      vertex -35.6197792270444 -0.49536900183451493 4
      vertex -35.70480473899917 -0.4757393156899923 4
    endloop
  endfacet
  facet normal 0 0 1
    outer loop
      vertex -40.1 -8 4
      vertex -35.53412044416733 -0.5120193825305206 4
      vertex -35.6197792270444 -0.49536900183451493 4
    endloop
  endfacet
  facet normal 0 0 1
    outer loop
      vertex -40.1 -8 4
      vertex -35.44793275240016 -0.5256701718539265 4
      vertex -35.53412044416733 -0.5120193825305206 4
    endloop
  endfacet
  facet normal 0 0 1
    outer loop
      vertex -40.1 -8 4
      vertex -35.36132115816913 -0.536304738420684 4
      vertex -35.44793275240016 -0.5256701718539265 4
    endloop
  endfacet
  facet normal 0 0 1
    outer loop
      vertex -40.1 -8 4
      vertex -35.27439118436031 -0.5439101256495613 4
      vertex -35.36132115816913 -0.536304738420684 4
    endloop
  endfacet
  facet normal 0 0 1
    outer loop
      vertex -40.1 -8 4
      vertex -35.18724874175626 -0.54847706754774 4
      vertex -35.27439118436031 -0.5439101256495613 4
    endloop
  endfacet
  facet normal 0 0 1
    outer loop
      vertex -40.1 -8 4
      vertex -35.1 -0.5500000000000007 4
      vertex -35.18724874175626 -0.54847706754774 4
    endloop
  endfacet
  facet normal 0 0 1
    outer loop
      vertex -40.1 -8 4
      vertex -35.012751258243746 -0.54847706754774 4
      vertex -35.1 -0.5500000000000007 4
    endloop
  endfacet
  facet normal 0 0 1
    outer loop
      vertex -40.1 -8 4
      vertex -34.92560881563969 -0.5439101256495613 4
      vertex -35.012751258243746 -0.54847706754774 4
    endloop
  endfacet
  facet normal 0 0 1
    outer loop
      vertex -40.1 -8 4
      vertex -34.83867884183087 -0.536304738420684 4
      vertex -34.92560881563969 -0.5439101256495613 4
    endloop
  endfacet
  facet normal 0 0 1
    outer loop
      vertex -40.1 -8 4
      vertex -34.75206724759984 -0.5256701718539265 4
      vertex -34.83867884183087 -0.536304738420684 4
    endloop
  endfacet
  facet normal 0 0 1
    outer loop
      vertex -40.1 -8 4
      vertex -34.665879555832674 -0.5120193825305206 4
      vertex -34.75206724759984 -0.5256701718539265 4
    endloop
  endfacet
  facet normal 0 0 1
    outer loop
      vertex -40.1 -8 4
      vertex -34.580220772955606 -0.49536900183451493 4
      vertex -34.665879555832674 -0.5120193825305206 4
    endloop
  endfacet
  facet normal 0 0 1
    outer loop
      vertex -40.1 -8 4
      vertex -34.49519526100083 -0.4757393156899923 4
      vertex -34.580220772955606 -0.49536900183451493 4
    endloop
  endfacet
  facet normal 0 0 1
    outer loop
      vertex -40.1 -8 4
      vertex -34.4109066104575 -0.45315423984579795 4
      vertex -34.49519526100083 -0.4757393156899923 4
    endloop
  endfacet
  facet normal 0 0 1
    outer loop
      vertex -40.1 -8 4
      vertex -34.32745751406263 -0.4276412907378848 4
      vertex -34.4109066104575 -0.45315423984579795 4
    endloop
  endfacet
  facet normal 0 0 1
    outer loop
      vertex -40.1 -8 4
      vertex -34.24494964168583 -0.399231551964772 4
      vertex -34.32745751406263 -0.4276412907378848 4
    endloop
  endfacet
  facet normal 0 0 1
    outer loop
      vertex -40.1 -8 4
      vertex -34.16348351646022 -0.3679596364169697 4
      vertex -34.24494964168583 -0.399231551964772 4
    endloop
  endfacet
  facet normal 0 0 1
    outer loop
      vertex -40.1 -8 4
      vertex -34.0831583923105 -0.3338636441065024 4
      vertex -34.16348351646022 -0.3679596364169697 4
    endloop
  endfacet
  facet normal 0 0 1
    outer loop
      vertex -40.1 -8 4
      vertex -34.00407213302731 -0.2969851157479182 4
      vertex -34.0831583923105 -0.3338636441065024 4
    endloop
  endfacet
  facet normal 0 0 1
    outer loop
      vertex -40.1 -8 4
      vertex -33.92632109303528 -0.25736898214731774 4
      vertex -34.00407213302731 -0.2969851157479182 4
    endloop
  endfacet
  facet normal 0 0 1
    outer loop
      vertex -40.1 -8 4
      vertex -33.85 -0.2150635094610971 4
      vertex -33.92632109303528 -0.25736898214731774 4
    endloop
  endfacet
  facet normal 0 0 1
    outer loop
      vertex -40.1 -8 4
      vertex -33.77520183941699 -0.170120240391066 4
      vertex -33.85 -0.2150635094610971 4
    endloop
  endfacet
  facet normal 0 0 1
    outer loop
      vertex -40.1 -8 4
      vertex -33.70201774132313 -0.12259393138760455 4
      vertex -33.77520183941699 -0.170120240391066 4
    endloop
  endfacet
  facet normal 0 0 1
    outer loop
      vertex -40.1 -8 4
      vertex -33.630536869268816 -0.0725424859373689 4
      vertex -33.70201774132313 -0.12259393138760455 4
    endloop
  endfacet
  facet normal 0 0 1
    outer loop
      vertex -40.1 -8 4
      vertex -33.56084631168586 -0.02002688401680519 4
      vertex -33.630536869268816 -0.0725424859373689 4
    endloop
  endfacet
  facet normal 0 0 1
    outer loop
      vertex -40.1 -8 4
      vertex -33.493030975783654 0.03488889220255409 4
      vertex -33.56084631168586 -0.02002688401680519 4
    endloop
  endfacet
  facet normal 0 0 1
    outer loop
      vertex -40.1 -8 4
      vertex -33.42717348410285 0.09213793630651423 4
      vertex -33.493030975783654 0.03488889220255409 4
    endloop
  endfacet
  facet normal 0 0 1
    outer loop
      vertex -40.1 -8 4
      vertex -33.363354073852506 0.15165049915337114 4
      vertex -33.42717348410285 0.09213793630651423 4
    endloop
  endfacet
  facet normal 0 0 1
    outer loop
      vertex -40.1 -8 4
      vertex -33.301650499153375 0.21335407385250704 4
      vertex -33.363354073852506 0.15165049915337114 4
    endloop
  endfacet
  facet normal 0 0 1
    outer loop
      vertex -40.1 -8 4
      vertex -33.24213793630652 0.27717348410285325 4
      vertex -33.301650499153375 0.21335407385250704 4
    endloop
  endfacet
  facet normal 0 -1 0
    outer loop
      vertex -40.1 -8 4
      vertex -30.1 -8 3
      vertex -30.1 -8 4
    endloop
  endfacet
  facet normal 0 0 1
    outer loop
      vertex -40.1 -8 4
      vertex -30.1 -8 4
      vertex -33.24213793630652 0.27717348410285325 4
    endloop
  endfacet
  facet normal 0 1 0
    outer loop
      vertex -40.1 42 0
      vertex -40.1 42 4
      vertex -30.1 42 3
    endloop
  endfacet
  facet normal 0 0 -1
    outer loop
      vertex -40.1 42 0
      vertex -37.59847706754774 32.13724874175625 0
      vertex -37.6 32.05 0
    endloop
  endfacet
  facet normal 0 0 -1
    outer loop
      vertex -40.1 42 0
      vertex -37.593910125649565 32.22439118436031 0
      vertex -37.59847706754774 32.13724874175625 0
    endloop
  endfacet
  facet normal 0 0 -1
    outer loop
      vertex -40.1 42 0
      vertex -37.58630473842069 32.31132115816913 0
      vertex -37.593910125649565 32.22439118436031 0
    endloop
  endfacet
  facet normal 0 0 -1
    outer loop
      vertex -40.1 42 0
      vertex -37.57567017185393 32.39793275240016 0
      vertex -37.58630473842069 32.31132115816913 0
    endloop
  endfacet
  facet normal 0 0 -1
    outer loop
      vertex -40.1 42 0
      vertex -37.56201938253052 32.484120444167324 0
      vertex -37.57567017185393 32.39793275240016 0
    endloop
  endfacet
  facet normal 0 0 -1
    outer loop
      vertex -40.1 42 0
      vertex -37.545369001834516 32.56977922704439 0
      vertex -37.56201938253052 32.484120444167324 0
    endloop
  endfacet
  facet normal 0 0 -1
    outer loop
      vertex -40.1 42 0
      vertex -37.52573931568999 32.65480473899917 0
      vertex -37.545369001834516 32.56977922704439 0
    endloop
  endfacet
  facet normal 0 0 -1
    outer loop
      vertex -40.1 42 0
      vertex -37.5031542398458 32.7390933895425 0
      vertex -37.52573931568999 32.65480473899917 0
    endloop
  endfacet
  facet normal 0 0 -1
    outer loop
      vertex -40.1 42 0
      vertex -37.477641290737886 32.82254248593737 0
      vertex -37.5031542398458 32.7390933895425 0
    endloop
  endfacet
  facet normal 0 0 -1
    outer loop
      vertex -40.1 42 0
      vertex -37.44923155196477 32.90505035831417 0
      vertex -37.477641290737886 32.82254248593737 0
    endloop
  endfacet
  facet normal 0 0 -1
    outer loop
      vertex -40.1 42 0
      vertex -37.41795963641697 32.98651648353978 0
      vertex -37.44923155196477 32.90505035831417 0
    endloop
  endfacet
  facet normal 0 0 -1
    outer loop
      vertex -40.1 42 0
      vertex -37.383863644106505 33.0668416076895 0
      vertex -37.41795963641697 32.98651648353978 0
    endloop
  endfacet
  facet normal 0 0 -1
    outer loop
      vertex -40.1 42 0
      vertex -37.34698511574792 33.14592786697269 0
      vertex -37.383863644106505 33.0668416076895 0
    endloop
  endfacet
  facet normal 0 0 -1
    outer loop
      vertex -40.1 42 0
      vertex -37.30736898214732 33.22367890696472 0
      vertex -37.34698511574792 33.14592786697269 0
    endloop
  endfacet
  facet normal 0 0 -1
    outer loop
      vertex -40.1 42 0
      vertex -37.2650635094611 33.3 0
      vertex -37.30736898214732 33.22367890696472 0
    endloop
  endfacet
  facet normal 0 0 -1
    outer loop
      vertex -40.1 42 0
      vertex -37.22012024039107 33.37479816058301 0
      vertex -37.2650635094611 33.3 0
    endloop
  endfacet
  facet normal 0 0 -1
    outer loop
      vertex -40.1 42 0
      vertex -37.1725939313876 33.447982258676866 0
      vertex -37.22012024039107 33.37479816058301 0
    endloop
  endfacet
  facet normal 0 0 -1
    outer loop
      vertex -40.1 42 0
      vertex -37.12254248593737 33.51946313073118 0
      vertex -37.1725939313876 33.447982258676866 0
    endloop
  endfacet
  facet normal 0 0 -1
    outer loop
      vertex -40.1 42 0
      vertex -37.070026884016805 33.58915368831414 0
      vertex -37.12254248593737 33.51946313073118 0
    endloop
  endfacet
  facet normal 0 0 -1
    outer loop
      vertex -40.1 42 0
      vertex -37.015111107797445 33.656969024216345 0
      vertex -37.070026884016805 33.58915368831414 0
    endloop
  endfacet
  facet normal 0 0 -1
    outer loop
      vertex -40.1 42 0
      vertex -36.95786206369349 33.72282651589714 0
      vertex -37.015111107797445 33.656969024216345 0
    endloop
  endfacet
  facet normal 0 0 -1
    outer loop
      vertex -40.1 42 0
      vertex -36.89834950084663 33.78664592614749 0
      vertex -36.95786206369349 33.72282651589714 0
    endloop
  endfacet
  facet normal 0 0 -1
    outer loop
      vertex -40.1 42 0
      vertex -36.8366459261475 33.84834950084662 0
      vertex -36.89834950084663 33.78664592614749 0
    endloop
  endfacet
  facet normal 0 0 -1
    outer loop
      vertex -40.1 42 0
      vertex -36.772826515897144 33.907862063693486 0
      vertex -36.8366459261475 33.84834950084662 0
    endloop
  endfacet
  facet normal 0 0 -1
    outer loop
      vertex -40.1 42 0
      vertex -36.70696902421635 33.96511110779744 0
      vertex -36.772826515897144 33.907862063693486 0
    endloop
  endfacet
  facet normal 0 0 -1
    outer loop
      vertex -40.1 42 0
      vertex -36.639153688314146 34.0200268840168 0
      vertex -36.70696902421635 33.96511110779744 0
    endloop
  endfacet
  facet normal 0 0 -1
    outer loop
      vertex -40.1 42 0
      vertex -36.56946313073119 34.07254248593737 0
      vertex -36.639153688314146 34.0200268840168 0
    endloop
  endfacet
  facet normal 0 0 -1
    outer loop
      vertex -40.1 42 0
      vertex -36.49798225867687 34.1225939313876 0
      vertex -36.56946313073119 34.07254248593737 0
    endloop
  endfacet
  facet normal 0 0 -1
    outer loop
      vertex -40.1 42 0
      vertex -36.424798160583016 34.170120240391064 0
      vertex -36.49798225867687 34.1225939313876 0
    endloop
  endfacet
  facet normal 0 0 -1
    outer loop
      vertex -40.1 42 0
      vertex -36.35 34.215063509461096 0
      vertex -36.424798160583016 34.170120240391064 0
    endloop
  endfacet
  facet normal 0 0 -1
    outer loop
      vertex -40.1 42 0
      vertex -36.273678906964726 34.25736898214731 0
      vertex -36.35 34.215063509461096 0
    endloop
  endfacet
  facet normal 0 0 -1
    outer loop
      vertex -40.1 42 0
      vertex -36.195927866972696 34.296985115747916 0
      vertex -36.273678906964726 34.25736898214731 0
    endloop
  endfacet
  facet normal 0 0 -1
    outer loop
      vertex -40.1 42 0
      vertex -36.1168416076895 34.3338636441065 0
      vertex -36.195927866972696 34.296985115747916 0
    endloop
  endfacet
  facet normal 0 0 -1
    outer loop
      vertex -40.1 42 0
      vertex -36.036516483539785 34.36795963641696 0
      vertex -36.1168416076895 34.3338636441065 0
    endloop
  endfacet
  facet normal 0 0 -1
    outer loop
      vertex -40.1 42 0
      vertex -35.955050358314175 34.39923155196477 0
      vertex -36.036516483539785 34.36795963641696 0
    endloop
  endfacet
  facet normal 0 0 -1
    outer loop
      vertex -40.1 42 0
      vertex -35.87254248593737 34.42764129073788 0
      vertex -35.955050358314175 34.39923155196477 0
    endloop
  endfacet
  facet normal 0 0 -1
    outer loop
      vertex -40.1 42 0
      vertex -35.7890933895425 34.453154239845794 0
      vertex -35.87254248593737 34.42764129073788 0
    endloop
  endfacet
  facet normal 0 0 -1
    outer loop
      vertex -40.1 42 0
      vertex -35.70480473899917 34.475739315689985 0
      vertex -35.7890933895425 34.453154239845794 0
    endloop
  endfacet
  facet normal 0 0 -1
    outer loop
      vertex -40.1 42 0
      vertex -35.6197792270444 34.49536900183451 0
      vertex -35.70480473899917 34.475739315689985 0
    endloop
  endfacet
  facet normal 0 0 -1
    outer loop
      vertex -40.1 42 0
      vertex -35.53412044416733 34.51201938253052 0
      vertex -35.6197792270444 34.49536900183451 0
    endloop
  endfacet
  facet normal 0 0 -1
    outer loop
      vertex -40.1 42 0
      vertex -35.44793275240016 34.525670171853925 0
      vertex -35.53412044416733 34.51201938253052 0
    endloop
  endfacet
  facet normal 0 0 -1
    outer loop
      vertex -40.1 42 0
      vertex -35.36132115816913 34.53630473842068 0
      vertex -35.44793275240016 34.525670171853925 0
    endloop
  endfacet
  facet normal 0 0 -1
    outer loop
      vertex -40.1 42 0
      vertex -30.1 42 0
      vertex -35.36132115816913 34.53630473842068 0
    endloop
  endfacet
  facet normal 0 1 0
    outer loop
      vertex -40.1 42 0
      vertex -30.1 42 3
      vertex -30.1 42 0
    endloop
  endfacet
  facet normal 0 0 1
    outer loop
      vertex -40.1 42 4
      vertex -37.593910125649565 32.22439118436031 4
      vertex -37.58630473842069 32.31132115816913 4
    endloop
  endfacet
  facet normal 0 0 1
    outer loop
      vertex -40.1 42 4
      vertex -37.58630473842069 32.31132115816913 4
      vertex -37.57567017185393 32.39793275240016 4
    endloop
  endfacet
  facet normal 0 0 1
    outer loop
      vertex -40.1 42 4
      vertex -37.57567017185393 32.39793275240016 4
      vertex -37.56201938253052 32.484120444167324 4
    endloop
  endfacet
  facet normal 0 0 1
    outer loop
      vertex -40.1 42 4
      vertex -37.56201938253052 32.484120444167324 4
      vertex -37.545369001834516 32.56977922704439 4
    endloop
  endfacet
  facet normal 0 0 1
    outer loop
      vertex -40.1 42 4
      vertex -37.545369001834516 32.56977922704439 4
      vertex -37.52573931568999 32.65480473899917 4
    endloop
  endfacet
  facet normal 0 0 1
    outer loop
      vertex -40.1 42 4
      vertex -37.52573931568999 32.65480473899917 4
      vertex -37.5031542398458 32.7390933895425 4
    endloop
  endfacet
  facet normal 0 0 1
    outer loop
      vertex -40.1 42 4
      vertex -37.5031542398458 32.7390933895425 4
      vertex -37.477641290737886 32.82254248593737 4
    endloop
  endfacet
  facet normal 0 0 1
    outer loop
      vertex -40.1 42 4
      vertex -37.477641290737886 32.82254248593737 4
      vertex -37.44923155196477 32.90505035831417 4
    endloop
  endfacet
  facet normal 0 0 1
    outer loop
      vertex -40.1 42 4
      vertex -37.44923155196477 32.90505035831417 4
      vertex -37.41795963641697 32.98651648353978 4
    endloop
  endfacet
  facet normal 0 0 1
    outer loop
      vertex -40.1 42 4
      vertex -37.41795963641697 32.98651648353978 4
      vertex -37.383863644106505 33.0668416076895 4
    endloop
  endfacet
  facet normal 0 0 1
    outer loop
      vertex -40.1 42 4
      vertex -37.383863644106505 33.0668416076895 4
      vertex -37.34698511574792 33.14592786697269 4
    endloop
  endfacet
  facet normal 0 0 1
    outer loop
      vertex -40.1 42 4
      vertex -37.34698511574792 33.14592786697269 4
      vertex -37.30736898214732 33.22367890696472 4
    endloop
  endfacet
  facet normal 0 0 1
    outer loop
      vertex -40.1 42 4
      vertex -37.30736898214732 33.22367890696472 4
      vertex -37.2650635094611 33.3 4
    endloop
  endfacet
  facet normal 0 0 1
    outer loop
      vertex -40.1 42 4
      vertex -37.2650635094611 33.3 4
      vertex -37.22012024039107 33.37479816058301 4
    endloop
  endfacet
  facet normal 0 0 1
    outer loop
      vertex -40.1 42 4
      vertex -37.22012024039107 33.37479816058301 4
      vertex -37.1725939313876 33.447982258676866 4
    endloop
  endfacet
  facet normal 0 0 1
    outer loop
      vertex -40.1 42 4
      vertex -37.1725939313876 33.447982258676866 4
      vertex -37.12254248593737 33.51946313073118 4
    endloop
  endfacet
  facet normal 0 0 1
    outer loop
      vertex -40.1 42 4
      vertex -37.12254248593737 33.51946313073118 4
      vertex -37.070026884016805 33.58915368831414 4
    endloop
  endfacet
  facet normal 0 0 1
    outer loop
      vertex -40.1 42 4
      vertex -37.070026884016805 33.58915368831414 4
      vertex -37.015111107797445 33.656969024216345 4
    endloop
  endfacet
  facet normal 0 0 1
    outer loop
      vertex -40.1 42 4
      vertex -37.015111107797445 33.656969024216345 4
      vertex -36.95786206369349 33.72282651589714 4
    endloop
  endfacet
  facet normal 0 0 1
    outer loop
      vertex -40.1 42 4
      vertex -36.95786206369349 33.72282651589714 4
      vertex -36.89834950084663 33.78664592614749 4
    endloop
  endfacet
  facet normal 0 0 1
    outer loop
      vertex -40.1 42 4
      vertex -36.89834950084663 33.78664592614749 4
      vertex -36.8366459261475 33.84834950084662 4
    endloop
  endfacet
  facet normal 0 0 1
    outer loop
      vertex -40.1 42 4
      vertex -36.8366459261475 33.84834950084662 4
      vertex -36.772826515897144 33.907862063693486 4
    endloop
  endfacet
  facet normal 0 0 1
    outer loop
      vertex -40.1 42 4
      vertex -36.772826515897144 33.907862063693486 4
      vertex -36.70696902421635 33.96511110779744 4
    endloop
  endfacet
  facet normal 0 0 1
    outer loop
      vertex -40.1 42 4
      vertex -36.70696902421635 33.96511110779744 4
      vertex -36.639153688314146 34.0200268840168 4
    endloop
  endfacet
  facet normal 0 0 1
    outer loop
      vertex -40.1 42 4
      vertex -36.639153688314146 34.0200268840168 4
      vertex -36.56946313073119 34.07254248593737 4
    endloop
  endfacet
  facet normal 0 0 1
    outer loop
      vertex -40.1 42 4
      vertex -36.56946313073119 34.07254248593737 4
      vertex -36.49798225867687 34.1225939313876 4
    endloop
  endfacet
  facet normal 0 0 1
    outer loop
      vertex -40.1 42 4
      vertex -36.49798225867687 34.1225939313876 4
      vertex -36.424798160583016 34.170120240391064 4
    endloop
  endfacet
  facet normal 0 0 1
    outer loop
      vertex -40.1 42 4
      vertex -36.424798160583016 34.170120240391064 4
      vertex -36.35 34.215063509461096 4
    endloop
  endfacet
  facet normal 0 0 1
    outer loop
      vertex -40.1 42 4
      vertex -36.35 34.215063509461096 4
      vertex -36.273678906964726 34.25736898214731 4
    endloop
  endfacet
  facet normal 0 0 1
    outer loop
      vertex -40.1 42 4
      vertex -36.273678906964726 34.25736898214731 4
      vertex -36.195927866972696 34.296985115747916 4
    endloop
  endfacet
  facet normal 0 0 1
    outer loop
      vertex -40.1 42 4
      vertex -36.195927866972696 34.296985115747916 4
      vertex -36.1168416076895 34.3338636441065 4
    endloop
  endfacet
  facet normal 0 0 1
    outer loop
      vertex -40.1 42 4
      vertex -36.1168416076895 34.3338636441065 4
      vertex -36.036516483539785 34.36795963641696 4
    endloop
  endfacet
  facet normal 0 0 1
    outer loop
      vertex -40.1 42 4
      vertex -36.036516483539785 34.36795963641696 4
      vertex -35.955050358314175 34.39923155196477 4
    endloop
  endfacet
  facet normal 0 0 1
    outer loop
      vertex -40.1 42 4
      vertex -35.955050358314175 34.39923155196477 4
      vertex -35.87254248593737 34.42764129073788 4
    endloop
  endfacet
  facet normal 0 0 1
    outer loop
      vertex -40.1 42 4
      vertex -35.87254248593737 34.42764129073788 4
      vertex -35.7890933895425 34.453154239845794 4
    endloop
  endfacet
  facet normal 0 0 1
    outer loop
      vertex -40.1 42 4
      vertex -35.7890933895425 34.453154239845794 4
      vertex -35.70480473899917 34.475739315689985 4
    endloop
  endfacet
  facet normal 0 0 1
    outer loop
      vertex -40.1 42 4
      vertex -35.70480473899917 34.475739315689985 4
      vertex -35.6197792270444 34.49536900183451 4
    endloop
  endfacet
  facet normal 0 0 1
    outer loop
      vertex -40.1 42 4
      vertex -35.6197792270444 34.49536900183451 4
      vertex -35.53412044416733 34.51201938253052 4
    endloop
  endfacet
  facet normal 0 0 1
    outer loop
      vertex -40.1 42 4
      vertex -35.53412044416733 34.51201938253052 4
      vertex -35.44793275240016 34.525670171853925 4
    endloop
  endfacet
  facet normal 0 0 1
    outer loop
      vertex -40.1 42 4
      vertex -35.44793275240016 34.525670171853925 4
      vertex -35.36132115816913 34.53630473842068 4
    endloop
  endfacet
  facet normal 0 0 1
    outer loop
      vertex -40.1 42 4
      vertex -35.36132115816913 34.53630473842068 4
      vertex -35.27439118436031 34.54391012564956 4
    endloop
  endfacet
  facet normal 0 0 1
    outer loop
      vertex -40.1 42 4
      vertex -35.27439118436031 34.54391012564956 4
      vertex -35.18724874175626 34.548477067547736 4
    endloop
  endfacet
  facet normal 0 0 1
    outer loop
      vertex -40.1 42 4
      vertex -35.18724874175626 34.548477067547736 4
      vertex -35.1 34.55 4
    endloop
  endfacet
  facet normal 0 0 1
    outer loop
      vertex -40.1 42 4
      vertex -35.1 34.55 4
      vertex -35.012751258243746 34.548477067547736 4
    endloop
  endfacet
  facet normal 0 0 1
    outer loop
      vertex -40.1 42 4
      vertex -35.012751258243746 34.548477067547736 4
      vertex -34.92560881563969 34.54391012564956 4
    endloop
  endfacet
  facet normal 0 0 1
    outer loop
      vertex -40.1 42 4
      vertex -34.92560881563969 34.54391012564956 4
      vertex -34.83867884183087 34.53630473842068 4
    endloop
  endfacet
  facet normal 0 0 1
    outer loop
      vertex -40.1 42 4
      vertex -34.83867884183087 34.53630473842068 4
      vertex -34.75206724759984 34.525670171853925 4
    endloop
  endfacet
  facet normal 0 0 1
    outer loop
      vertex -40.1 42 4
      vertex -34.75206724759984 34.525670171853925 4
      vertex -34.665879555832674 34.51201938253052 4
    endloop
  endfacet
  facet normal 0 0 1
    outer loop
      vertex -40.1 42 4
      vertex -34.665879555832674 34.51201938253052 4
      vertex -34.580220772955606 34.49536900183451 4
    endloop
  endfacet
  facet normal 0 0 1
    outer loop
      vertex -40.1 42 4
      vertex -34.580220772955606 34.49536900183451 4
      vertex -34.49519526100083 34.475739315689985 4
    endloop
  endfacet
  facet normal 0 0 1
    outer loop
      vertex -40.1 42 4
      vertex -34.49519526100083 34.475739315689985 4
      vertex -34.4109066104575 34.453154239845794 4
    endloop
  endfacet
  facet normal 0 0 1
    outer loop
      vertex -40.1 42 4
      vertex -34.4109066104575 34.453154239845794 4
      vertex -34.32745751406263 34.42764129073788 4
    endloop
  endfacet
  facet normal 0 0 1
    outer loop
      vertex -40.1 42 4
      vertex -34.32745751406263 34.42764129073788 4
      vertex -34.24494964168583 34.39923155196477 4
    endloop
  endfacet
  facet normal 0 0 1
    outer loop
      vertex -40.1 42 4
      vertex -34.24494964168583 34.39923155196477 4
      vertex -34.16348351646022 34.36795963641696 4
    endloop
  endfacet
  facet normal 0 0 1
    outer loop
      vertex -40.1 42 4
      vertex -34.16348351646022 34.36795963641696 4
      vertex -34.0831583923105 34.3338636441065 4
    endloop
  endfacet
  facet normal 0 0 1
    outer loop
      vertex -40.1 42 4
      vertex -34.0831583923105 34.3338636441065 4
      vertex -34.00407213302731 34.296985115747916 4
    endloop
  endfacet
  facet normal 0 0 1
    outer loop
      vertex -40.1 42 4
      vertex -34.00407213302731 34.296985115747916 4
      vertex -33.92632109303528 34.25736898214731 4
    endloop
  endfacet
  facet normal 0 0 1
    outer loop
      vertex -40.1 42 4
      vertex -33.92632109303528 34.25736898214731 4
      vertex -33.85 34.215063509461096 4
    endloop
  endfacet
  facet normal 0 0 1
    outer loop
      vertex -40.1 42 4
      vertex -33.85 34.215063509461096 4
      vertex -33.77520183941699 34.170120240391064 4
    endloop
  endfacet
  facet normal 0 0 1
    outer loop
      vertex -40.1 42 4
      vertex -33.77520183941699 34.170120240391064 4
      vertex -33.70201774132313 34.1225939313876 4
    endloop
  endfacet
  facet normal 0 0 1
    outer loop
      vertex -40.1 42 4
      vertex -33.70201774132313 34.1225939313876 4
      vertex -33.630536869268816 34.07254248593737 4
    endloop
  endfacet
  facet normal 0 0 1
    outer loop
      vertex -40.1 42 4
      vertex -33.630536869268816 34.07254248593737 4
      vertex -33.56084631168586 34.0200268840168 4
    endloop
  endfacet
  facet normal 0 0 1
    outer loop
      vertex -40.1 42 4
      vertex -33.56084631168586 34.0200268840168 4
      vertex -33.493030975783654 33.96511110779744 4
    endloop
  endfacet
  facet normal 0 0 1
    outer loop
      vertex -40.1 42 4
      vertex -33.493030975783654 33.96511110779744 4
      vertex -33.42717348410285 33.907862063693486 4
    endloop
  endfacet
  facet normal 0 0 1
    outer loop
      vertex -40.1 42 4
      vertex -33.42717348410285 33.907862063693486 4
      vertex -33.363354073852506 33.84834950084662 4
    endloop
  endfacet
  facet normal 0 0 1
    outer loop
      vertex -40.1 42 4
      vertex -33.363354073852506 33.84834950084662 4
      vertex -33.301650499153375 33.78664592614749 4
    endloop
  endfacet
  facet normal 0 0 1
    outer loop
      vertex -40.1 42 4
      vertex -33.301650499153375 33.78664592614749 4
      vertex -33.24213793630652 33.72282651589714 4
    endloop
  endfacet
  facet normal 0 0 1
    outer loop
      vertex -40.1 42 4
      vertex -33.24213793630652 33.72282651589714 4
      vertex -33.18488889220256 33.656969024216345 4
    endloop
  endfacet
  facet normal 0 0 1
    outer loop
      vertex -40.1 42 4
      vertex -33.18488889220256 33.656969024216345 4
      vertex -30.1 29.956804518122894 4
    endloop
  endfacet
  facet normal 0 0 1
    outer loop
      vertex -40.1 42 4
      vertex -30.1 29.956804518122894 4
      vertex -30.1 42 4
    endloop
  endfacet
  facet normal 0 1 0
    outer loop
      vertex -40.1 42 4
      vertex -30.1 42 4
      vertex -30.1 42 3
    endloop
  endfacet
  facet normal 0.9998476951563912 0.017452406437284636 0
    outer loop
      vertex -37.6 1.9499999999999993 0
      vertex -37.6 1.9499999999999993 4
      vertex -37.59847706754774 1.8627512582437475 0
    endloop
  endfacet
  facet normal 0 0 -1
    outer loop
      vertex -37.6 1.9499999999999993 0
      vertex -37.6 32.05 0
      vertex -37.59847706754774 31.962751258243742 0
    endloop
  endfacet
  facet normal 0.9998476951563912 -0.017452406437284636 0
    outer loop
      vertex -37.6 1.9499999999999993 0
      vertex -37.59847706754774 2.037248741756251 0
      vertex -37.59847706754774 2.037248741756251 4
    endloop
  endfacet
  facet normal 0.9998476951563912 -0.017452406437284636 0
    outer loop
      vertex -37.6 1.9499999999999993 0
      vertex -37.59847706754774 2.037248741756251 4
      vertex -37.6 1.9499999999999993 4
    endloop
  endfacet
  facet normal 0 0 -1
    outer loop
      vertex -37.6 1.9499999999999993 0
      vertex -37.59847706754774 31.962751258243742 0
      vertex -37.59847706754774 2.037248741756251 0
    endloop
  endfacet
  facet normal 0.9998476951563912 0.017452406437284636 0
    outer loop
      vertex -37.6 1.9499999999999993 4
      vertex -37.59847706754774 1.8627512582437475 4
      vertex -37.59847706754774 1.8627512582437475 0
    endloop
  endfacet
  facet normal 0 0 1
    outer loop
      vertex -37.6 1.9499999999999993 4
      vertex -37.59847706754774 2.037248741756251 4
      vertex -37.44923155196477 31.194949641685824 4
    endloop
  endfacet
  facet normal 0.9998476951563912 0.017452406437283928 0
    outer loop
      vertex -37.6 32.05 0
      vertex -37.6 32.05 4
      vertex -37.59847706754774 31.962751258243742 0
    endloop
  endfacet
  facet normal 0.9998476951563912 -0.017452406437283928 0
    outer loop
      vertex -37.6 32.05 0
      vertex -37.59847706754774 32.13724874175625 0
      vertex -37.59847706754774 32.13724874175625 4
    endloop
  endfacet
  facet normal 0.9998476951563912 -0.017452406437283928 0
    outer loop
      vertex -37.6 32.05 0
      vertex -37.59847706754774 32.13724874175625 4
      vertex -37.6 32.05 4
    endloop
  endfacet
  facet normal 0.9998476951563912 0.017452406437283928 0
    outer loop
      vertex -37.6 32.05 4
      vertex -37.59847706754774 31.962751258243742 4
      vertex -37.59847706754774 31.962751258243742 0
    endloop
  endfacet
  facet normal 0.9986295347545755 0.05233595624291191 0
    outer loop
      vertex -37.59847706754774 1.8627512582437475 0
      vertex -37.59847706754774 1.8627512582437475 4
      vertex -37.593910125649565 1.7756088156396856 0
    endloop
  endfacet
  facet normal 0.9986295347545755 0.05233595624291191 0
    outer loop
      vertex -37.59847706754774 1.8627512582437475 4
      vertex -37.593910125649565 1.7756088156396856 4
      vertex -37.593910125649565 1.7756088156396856 0
    endloop
  endfacet
  facet normal 0 0 -1
    outer loop
      vertex -37.59847706754774 2.037248741756251 0
      vertex -37.59847706754774 31.962751258243742 0
      vertex -37.593910125649565 31.875608815639687 0
    endloop
  endfacet
  facet normal 0.9986295347545755 -0.05233595624291191 0
    outer loop
      vertex -37.59847706754774 2.037248741756251 0
      vertex -37.593910125649565 2.124391184360313 0
      vertex -37.593910125649565 2.124391184360313 4
    endloop
  endfacet
  facet normal 0.9986295347545755 -0.05233595624291191 0
    outer loop
      vertex -37.59847706754774 2.037248741756251 0
      vertex -37.593910125649565 2.124391184360313 4
      vertex -37.59847706754774 2.037248741756251 4
    endloop
  endfacet
  facet normal 0 0 -1
    outer loop
      vertex -37.59847706754774 2.037248741756251 0
      vertex -37.593910125649565 31.875608815639687 0
      vertex -37.593910125649565 2.124391184360313 0
    endloop
  endfacet
  facet normal 0 0 1
    outer loop
      vertex -37.59847706754774 2.037248741756251 4
      vertex -37.593910125649565 2.124391184360313 4
      vertex -37.44923155196477 31.194949641685824 4
    endloop
  endfacet
  facet normal 0.9986295347545753 0.05233595624291616 0
    outer loop
      vertex -37.59847706754774 31.962751258243742 0
      vertex -37.59847706754774 31.962751258243742 4
      vertex -37.593910125649565 31.875608815639687 0
    endloop
  endfacet
  facet normal 0.9986295347545753 0.05233595624291616 0
    outer loop
      vertex -37.59847706754774 31.962751258243742 4
      vertex -37.593910125649565 31.875608815639687 4
      vertex -37.593910125649565 31.875608815639687 0
    endloop
  endfacet
  facet normal 0.9986295347545753 -0.05233595624291616 0
    outer loop
      vertex -37.59847706754774 32.13724874175625 0
      vertex -37.593910125649565 32.22439118436031 0
      vertex -37.593910125649565 32.22439118436031 4
    endloop
  endfacet
  facet normal 0.9986295347545753 -0.05233595624291616 0
    outer loop
      vertex -37.59847706754774 32.13724874175625 0
      vertex -37.593910125649565 32.22439118436031 4
      vertex -37.59847706754774 32.13724874175625 4
    endloop
  endfacet
  facet normal 0.9961946980917447 0.08715574274766878 0
    outer loop
      vertex -37.593910125649565 1.7756088156396856 0
      vertex -37.593910125649565 1.7756088156396856 4
      vertex -37.58630473842069 1.6886788418308658 0
    endloop
  endfacet
  facet normal 0.9961946980917447 0.08715574274766878 0
    outer loop
      vertex -37.593910125649565 1.7756088156396856 4
      vertex -37.58630473842069 1.6886788418308658 4
      vertex -37.58630473842069 1.6886788418308658 0
    endloop
  endfacet
  facet normal 0 0 -1
    outer loop
      vertex -37.593910125649565 2.124391184360313 0
      vertex -37.593910125649565 31.875608815639687 0
      vertex -37.58630473842069 31.788678841830865 0
    endloop
  endfacet
  facet normal 0.9961946980917447 -0.08715574274766878 0
    outer loop
      vertex -37.593910125649565 2.124391184360313 0
      vertex -37.58630473842069 2.2113211581691328 0
      vertex -37.58630473842069 2.2113211581691328 4
    endloop
  endfacet
  facet normal 0.9961946980917447 -0.08715574274766878 0
    outer loop
      vertex -37.593910125649565 2.124391184360313 0
      vertex -37.58630473842069 2.2113211581691328 4
      vertex -37.593910125649565 2.124391184360313 4
    endloop
  endfacet
  facet normal 0 0 -1
    outer loop
      vertex -37.593910125649565 2.124391184360313 0
      vertex -37.58630473842069 31.788678841830865 0
      vertex -37.58630473842069 2.2113211581691328 0
    endloop
  endfacet
  facet normal 0 0 1
    outer loop
      vertex -37.593910125649565 2.124391184360313 4
      vertex -37.58630473842069 2.2113211581691328 4
      vertex -37.44923155196477 31.194949641685824 4
    endloop
  endfacet
  facet normal 0.9961946980917448 0.087155742747667 0
    outer loop
      vertex -37.593910125649565 31.875608815639687 0
      vertex -37.593910125649565 31.875608815639687 4
      vertex -37.58630473842069 31.788678841830865 0
    endloop
  endfacet
  facet normal 0.9961946980917448 0.087155742747667 0
    outer loop
      vertex -37.593910125649565 31.875608815639687 4
      vertex -37.58630473842069 31.788678841830865 4
      vertex -37.58630473842069 31.788678841830865 0
    endloop
  endfacet
  facet normal 0.9961946980917448 -0.087155742747667 0
    outer loop
      vertex -37.593910125649565 32.22439118436031 0
      vertex -37.58630473842069 32.31132115816913 0
      vertex -37.58630473842069 32.31132115816913 4
    endloop
  endfacet
  facet normal 0.9961946980917448 -0.087155742747667 0
    outer loop
      vertex -37.593910125649565 32.22439118436031 0
      vertex -37.58630473842069 32.31132115816913 4
      vertex -37.593910125649565 32.22439118436031 4
    endloop
  endfacet
  facet normal 0.992546151641322 0.12186934340514702 0
    outer loop
      vertex -37.58630473842069 1.6886788418308658 0
      vertex -37.58630473842069 1.6886788418308658 4
      vertex -37.57567017185393 1.6020672475998357 0
    endloop
  endfacet
  facet normal 0.992546151641322 0.12186934340514702 0
    outer loop
      vertex -37.58630473842069 1.6886788418308658 4
      vertex -37.57567017185393 1.6020672475998357 4
      vertex -37.57567017185393 1.6020672475998357 0
    endloop
  endfacet
  facet normal 0 0 -1
    outer loop
      vertex -37.58630473842069 2.2113211581691328 0
      vertex -37.58630473842069 31.788678841830865 0
      vertex -37.57567017185393 31.702067247599835 0
    endloop
  endfacet
  facet normal 0.992546151641322 -0.12186934340514702 0
    outer loop
      vertex -37.58630473842069 2.2113211581691328 0
      vertex -37.57567017185393 2.297932752400163 0
      vertex -37.57567017185393 2.297932752400163 4
    endloop
  endfacet
  facet normal 0.992546151641322 -0.12186934340514702 0
    outer loop
      vertex -37.58630473842069 2.2113211581691328 0
      vertex -37.57567017185393 2.297932752400163 4
      vertex -37.58630473842069 2.2113211581691328 4
    endloop
  endfacet
  facet normal 0 0 -1
    outer loop
      vertex -37.58630473842069 2.2113211581691328 0
      vertex -37.57567017185393 31.702067247599835 0
      vertex -37.57567017185393 2.297932752400163 0
    endloop
  endfacet
  facet normal 0 0 1
    outer loop
      vertex -37.58630473842069 2.2113211581691328 4
      vertex -37.57567017185393 2.297932752400163 4
      vertex -37.44923155196477 31.194949641685824 4
    endloop
  endfacet
  facet normal 0.992546151641322 0.12186934340514702 0
    outer loop
      vertex -37.58630473842069 31.788678841830865 0
      vertex -37.58630473842069 31.788678841830865 4
      vertex -37.57567017185393 31.702067247599835 0
    endloop
  endfacet
  facet normal 0.992546151641322 0.12186934340514702 0
    outer loop
      vertex -37.58630473842069 31.788678841830865 4
      vertex -37.57567017185393 31.702067247599835 4
      vertex -37.57567017185393 31.702067247599835 0
    endloop
  endfacet
  facet normal 0.992546151641322 -0.12186934340514702 0
    outer loop
      vertex -37.58630473842069 32.31132115816913 0
      vertex -37.57567017185393 32.39793275240016 0
      vertex -37.57567017185393 32.39793275240016 4
    endloop
  endfacet
  facet normal 0.992546151641322 -0.12186934340514702 0
    outer loop
      vertex -37.58630473842069 32.31132115816913 0
      vertex -37.57567017185393 32.39793275240016 4
      vertex -37.58630473842069 32.31132115816913 4
    endloop
  endfacet
  facet normal 0.9876883405951355 0.15643446504024505 0
    outer loop
      vertex -37.57567017185393 1.6020672475998357 0
      vertex -37.57567017185393 1.6020672475998357 4
      vertex -37.56201938253052 1.515879555832674 0
    endloop
  endfacet
  facet normal 0.9876883405951355 0.15643446504024505 0
    outer loop
      vertex -37.57567017185393 1.6020672475998357 4
      vertex -37.56201938253052 1.515879555832674 4
      vertex -37.56201938253052 1.515879555832674 0
    endloop
  endfacet
  facet normal 0 0 -1
    outer loop
      vertex -37.57567017185393 2.297932752400163 0
      vertex -37.57567017185393 31.702067247599835 0
      vertex -37.56201938253052 31.61587955583267 0
    endloop
  endfacet
  facet normal 0.9876883405951355 -0.15643446504024505 0
    outer loop
      vertex -37.57567017185393 2.297932752400163 0
      vertex -37.56201938253052 2.3841204441673245 0
      vertex -37.56201938253052 2.3841204441673245 4
    endloop
  endfacet
  facet normal 0.9876883405951355 -0.15643446504024505 0
    outer loop
      vertex -37.57567017185393 2.297932752400163 0
      vertex -37.56201938253052 2.3841204441673245 4
      vertex -37.57567017185393 2.297932752400163 4
    endloop
  endfacet
  facet normal 0 0 -1
    outer loop
      vertex -37.57567017185393 2.297932752400163 0
      vertex -37.56201938253052 31.61587955583267 0
      vertex -37.56201938253052 2.3841204441673245 0
    endloop
  endfacet
  facet normal 0 0 1
    outer loop
      vertex -37.57567017185393 2.297932752400163 4
      vertex -37.56201938253052 2.3841204441673245 4
      vertex -37.44923155196477 31.194949641685824 4
    endloop
  endfacet
  facet normal 0.9876883405951365 0.15643446504023878 0
    outer loop
      vertex -37.57567017185393 31.702067247599835 0
      vertex -37.57567017185393 31.702067247599835 4
      vertex -37.56201938253052 31.61587955583267 0
    endloop
  endfacet
  facet normal 0.9876883405951365 0.15643446504023878 0
    outer loop
      vertex -37.57567017185393 31.702067247599835 4
      vertex -37.56201938253052 31.61587955583267 4
      vertex -37.56201938253052 31.61587955583267 0
    endloop
  endfacet
  facet normal 0.9876883405951365 -0.15643446504023878 0
    outer loop
      vertex -37.57567017185393 32.39793275240016 0
      vertex -37.56201938253052 32.484120444167324 0
      vertex -37.56201938253052 32.484120444167324 4
    endloop
  endfacet
  facet normal 0.9876883405951365 -0.15643446504023878 0
    outer loop
      vertex -37.57567017185393 32.39793275240016 0
      vertex -37.56201938253052 32.484120444167324 4
      vertex -37.57567017185393 32.39793275240016 4
    endloop
  endfacet
  facet normal 0.9816271834476635 0.19080899537654736 0
    outer loop
      vertex -37.56201938253052 1.515879555832674 0
      vertex -37.56201938253052 1.515879555832674 4
      vertex -37.545369001834516 1.4302207729556002 0
    endloop
  endfacet
  facet normal 0.9816271834476635 0.19080899537654736 0
    outer loop
      vertex -37.56201938253052 1.515879555832674 4
      vertex -37.545369001834516 1.4302207729556002 4
      vertex -37.545369001834516 1.4302207729556002 0
    endloop
  endfacet
  facet normal 0 0 -1
    outer loop
      vertex -37.56201938253052 2.3841204441673245 0
      vertex -37.56201938253052 31.61587955583267 0
      vertex -37.545369001834516 31.5302207729556 0
    endloop
  endfacet
  facet normal 0.9816271834476635 -0.19080899537654736 0
    outer loop
      vertex -37.56201938253052 2.3841204441673245 0
      vertex -37.545369001834516 2.4697792270443983 0
      vertex -37.545369001834516 2.4697792270443983 4
    endloop
  endfacet
  facet normal 0.9816271834476635 -0.19080899537654736 0
    outer loop
      vertex -37.56201938253052 2.3841204441673245 0
      vertex -37.545369001834516 2.4697792270443983 4
      vertex -37.56201938253052 2.3841204441673245 4
    endloop
  endfacet
  facet normal 0 0 -1
    outer loop
      vertex -37.56201938253052 2.3841204441673245 0
      vertex -37.545369001834516 31.5302207729556 0
      vertex -37.545369001834516 2.4697792270443983 0
    endloop
  endfacet
  facet normal 0 0 1
    outer loop
      vertex -37.56201938253052 2.3841204441673245 4
      vertex -37.545369001834516 2.4697792270443983 4
      vertex -37.44923155196477 31.194949641685824 4
    endloop
  endfacet
  facet normal 0.9816271834476613 0.1908089953765588 0
    outer loop
      vertex -37.56201938253052 31.61587955583267 0
      vertex -37.56201938253052 31.61587955583267 4
      vertex -37.545369001834516 31.5302207729556 0
    endloop
  endfacet
  facet normal 0.9816271834476613 0.1908089953765588 0
    outer loop
      vertex -37.56201938253052 31.61587955583267 4
      vertex -37.545369001834516 31.5302207729556 4
      vertex -37.545369001834516 31.5302207729556 0
    endloop
  endfacet
  facet normal 0.9816271834476613 -0.1908089953765588 0
    outer loop
      vertex -37.56201938253052 32.484120444167324 0
      vertex -37.545369001834516 32.56977922704439 0
      vertex -37.545369001834516 32.56977922704439 4
    endloop
  endfacet
  facet normal 0.9816271834476613 -0.1908089953765588 0
    outer loop
      vertex -37.56201938253052 32.484120444167324 0
      vertex -37.545369001834516 32.56977922704439 4
      vertex -37.56201938253052 32.484120444167324 4
    endloop
  endfacet
  facet normal 0.9743700647852265 0.2249510543439031 0
    outer loop
      vertex -37.545369001834516 1.4302207729556002 0
      vertex -37.545369001834516 1.4302207729556002 4
      vertex -37.52573931568999 1.3451952610008302 0
    endloop
  endfacet
  facet normal 0.9743700647852265 0.2249510543439031 0
    outer loop
      vertex -37.545369001834516 1.4302207729556002 4
      vertex -37.52573931568999 1.3451952610008302 4
      vertex -37.52573931568999 1.3451952610008302 0
    endloop
  endfacet
  facet normal 0 0 -1
    outer loop
      vertex -37.545369001834516 2.4697792270443983 0
      vertex -37.545369001834516 31.5302207729556 0
      vertex -37.52573931568999 31.445195261000826 0
    endloop
  endfacet
  facet normal 0.9743700647852265 -0.2249510543439031 0
    outer loop
      vertex -37.545369001834516 2.4697792270443983 0
      vertex -37.52573931568999 2.5548047389991684 0
      vertex -37.52573931568999 2.5548047389991684 4
    endloop
  endfacet
  facet normal 0.9743700647852265 -0.2249510543439031 0
    outer loop
      vertex -37.545369001834516 2.4697792270443983 0
      vertex -37.52573931568999 2.5548047389991684 4
      vertex -37.545369001834516 2.4697792270443983 4
    endloop
  endfacet
  facet normal 0 0 -1
    outer loop
      vertex -37.545369001834516 2.4697792270443983 0
      vertex -37.52573931568999 31.445195261000826 0
      vertex -37.52573931568999 2.5548047389991684 0
    endloop
  endfacet
  facet normal 0 0 1
    outer loop
      vertex -37.545369001834516 2.4697792270443983 4
      vertex -37.52573931568999 2.5548047389991684 4
      vertex -37.44923155196477 31.194949641685824 4
    endloop
  endfacet
  facet normal 0.9743700647852296 0.22495105434388973 0
    outer loop
      vertex -37.545369001834516 31.5302207729556 0
      vertex -37.545369001834516 31.5302207729556 4
      vertex -37.52573931568999 31.445195261000826 0
    endloop
  endfacet
  facet normal 0.9743700647852296 0.22495105434388973 0
    outer loop
      vertex -37.545369001834516 31.5302207729556 4
      vertex -37.52573931568999 31.445195261000826 4
      vertex -37.52573931568999 31.445195261000826 0
    endloop
  endfacet
  facet normal 0.9743700647852296 -0.22495105434388973 0
    outer loop
      vertex -37.545369001834516 32.56977922704439 0
      vertex -37.52573931568999 32.65480473899917 0
      vertex -37.52573931568999 32.65480473899917 4
    endloop
  endfacet
  facet normal 0.9743700647852296 -0.22495105434388973 0
    outer loop
      vertex -37.545369001834516 32.56977922704439 0
      vertex -37.52573931568999 32.65480473899917 4
      vertex -37.545369001834516 32.56977922704439 4
    endloop
  endfacet
  facet normal 0.9659258262890773 0.25881904510248666 0
    outer loop
      vertex -37.52573931568999 1.3451952610008302 0
      vertex -37.52573931568999 1.3451952610008302 4
      vertex -37.5031542398458 1.2609066104575017 0
    endloop
  endfacet
  facet normal 0.9659258262890773 0.25881904510248666 0
    outer loop
      vertex -37.52573931568999 1.3451952610008302 4
      vertex -37.5031542398458 1.2609066104575017 4
      vertex -37.5031542398458 1.2609066104575017 0
    endloop
  endfacet
  facet normal 0 0 -1
    outer loop
      vertex -37.52573931568999 2.5548047389991684 0
      vertex -37.52573931568999 31.445195261000826 0
      vertex -37.5031542398458 31.360906610457498 0
    endloop
  endfacet
  facet normal 0.9659258262890773 -0.25881904510248666 0
    outer loop
      vertex -37.52573931568999 2.5548047389991684 0
      vertex -37.5031542398458 2.639093389542497 0
      vertex -37.5031542398458 2.639093389542497 4
    endloop
  endfacet
  facet normal 0.9659258262890773 -0.25881904510248666 0
    outer loop
      vertex -37.52573931568999 2.5548047389991684 0
      vertex -37.5031542398458 2.639093389542497 4
      vertex -37.52573931568999 2.5548047389991684 4
    endloop
  endfacet
  facet normal 0 0 -1
    outer loop
      vertex -37.52573931568999 2.5548047389991684 0
      vertex -37.5031542398458 31.360906610457498 0
      vertex -37.5031542398458 2.639093389542497 0
    endloop
  endfacet
  facet normal 0 0 1
    outer loop
      vertex -37.52573931568999 2.5548047389991684 4
      vertex -37.5031542398458 2.639093389542497 4
      vertex -37.44923155196477 31.194949641685824 4
    endloop
  endfacet
  facet normal 0.9659258262890773 0.25881904510248666 0
    outer loop
      vertex -37.52573931568999 31.445195261000826 0
      vertex -37.52573931568999 31.445195261000826 4
      vertex -37.5031542398458 31.360906610457498 0
    endloop
  endfacet
  facet normal 0.9659258262890773 0.25881904510248666 0
    outer loop
      vertex -37.52573931568999 31.445195261000826 4
      vertex -37.5031542398458 31.360906610457498 4
      vertex -37.5031542398458 31.360906610457498 0
    endloop
  endfacet
  facet normal 0.9659258262890773 -0.25881904510248666 0
    outer loop
      vertex -37.52573931568999 32.65480473899917 0
      vertex -37.5031542398458 32.7390933895425 0
      vertex -37.5031542398458 32.7390933895425 4
    endloop
  endfacet
  facet normal 0.9659258262890773 -0.25881904510248666 0
    outer loop
      vertex -37.52573931568999 32.65480473899917 0
      vertex -37.5031542398458 32.7390933895425 4
      vertex -37.52573931568999 32.65480473899917 4
    endloop
  endfacet
  facet normal 0.9563047559630358 0.2923717047227356 0
    outer loop
      vertex -37.5031542398458 1.2609066104575017 0
      vertex -37.5031542398458 1.2609066104575017 4
      vertex -37.477641290737886 1.177457514062631 0
    endloop
  endfacet
  facet normal 0.9563047559630358 0.2923717047227356 0
    outer loop
      vertex -37.5031542398458 1.2609066104575017 4
      vertex -37.477641290737886 1.177457514062631 4
      vertex -37.477641290737886 1.177457514062631 0
    endloop
  endfacet
  facet normal 0 0 -1
    outer loop
      vertex -37.5031542398458 2.639093389542497 0
      vertex -37.5031542398458 31.360906610457498 0
      vertex -37.477641290737886 31.277457514062625 0
    endloop
  endfacet
  facet normal 0.9563047559630358 -0.2923717047227356 0
    outer loop
      vertex -37.5031542398458 2.639093389542497 0
      vertex -37.477641290737886 2.7225424859373675 0
      vertex -37.477641290737886 2.7225424859373675 4
    endloop
  endfacet
  facet normal 0.9563047559630358 -0.2923717047227356 0
    outer loop
      vertex -37.5031542398458 2.639093389542497 0
      vertex -37.477641290737886 2.7225424859373675 4
      vertex -37.5031542398458 2.639093389542497 4
    endloop
  endfacet
  facet normal 0 0 -1
    outer loop
      vertex -37.5031542398458 2.639093389542497 0
      vertex -37.477641290737886 31.277457514062625 0
      vertex -37.477641290737886 2.7225424859373675 0
    endloop
  endfacet
  facet normal 0 0 1
    outer loop
      vertex -37.5031542398458 2.639093389542497 4
      vertex -37.477641290737886 2.7225424859373675 4
      vertex -37.44923155196477 31.194949641685824 4
    endloop
  endfacet
  facet normal 0.9563047559630375 0.29237170472272994 0
    outer loop
      vertex -37.5031542398458 31.360906610457498 0
      vertex -37.5031542398458 31.360906610457498 4
      vertex -37.477641290737886 31.277457514062625 0
    endloop
  endfacet
  facet normal 0.9563047559630375 0.29237170472272994 0
    outer loop
      vertex -37.5031542398458 31.360906610457498 4
      vertex -37.477641290737886 31.277457514062625 4
      vertex -37.477641290737886 31.277457514062625 0
    endloop
  endfacet
  facet normal 0.9563047559630375 -0.29237170472272994 0
    outer loop
      vertex -37.5031542398458 32.7390933895425 0
      vertex -37.477641290737886 32.82254248593737 0
      vertex -37.477641290737886 32.82254248593737 4
    endloop
  endfacet
  facet normal 0.9563047559630375 -0.29237170472272994 0
    outer loop
      vertex -37.5031542398458 32.7390933895425 0
      vertex -37.477641290737886 32.82254248593737 4
      vertex -37.5031542398458 32.7390933895425 4
    endloop
  endfacet
  facet normal 0.9455185755993144 0.3255681544571639 0
    outer loop
      vertex -37.477641290737886 1.177457514062631 0
      vertex -37.477641290737886 1.177457514062631 4
      vertex -37.44923155196477 1.0949496416858278 0
    endloop
  endfacet
  facet normal 0.9455185755993144 0.3255681544571639 0
    outer loop
      vertex -37.477641290737886 1.177457514062631 4
      vertex -37.44923155196477 1.0949496416858278 4
      vertex -37.44923155196477 1.0949496416858278 0
    endloop
  endfacet
  facet normal 0 0 -1
    outer loop
      vertex -37.477641290737886 2.7225424859373675 0
      vertex -37.477641290737886 31.277457514062625 0
      vertex -37.44923155196477 31.194949641685824 0
    endloop
  endfacet
  facet normal 0.9455185755993144 -0.3255681544571639 0
    outer loop
      vertex -37.477641290737886 2.7225424859373675 0
      vertex -37.44923155196477 2.805050358314171 0
      vertex -37.44923155196477 2.805050358314171 4
    endloop
  endfacet
  facet normal 0.9455185755993144 -0.3255681544571639 0
    outer loop
      vertex -37.477641290737886 2.7225424859373675 0
      vertex -37.44923155196477 2.805050358314171 4
      vertex -37.477641290737886 2.7225424859373675 4
    endloop
  endfacet
  facet normal 0 0 -1
    outer loop
      vertex -37.477641290737886 2.7225424859373675 0
      vertex -37.44923155196477 31.194949641685824 0
      vertex -37.44923155196477 2.805050358314171 0
    endloop
  endfacet
  facet normal 0 0 1
    outer loop
      vertex -37.477641290737886 2.7225424859373675 4
      vertex -37.44923155196477 2.805050358314171 4
      vertex -37.44923155196477 31.194949641685824 4
    endloop
  endfacet
  facet normal 0.9455185755993122 0.3255681544571702 0
    outer loop
      vertex -37.477641290737886 31.277457514062625 0
      vertex -37.477641290737886 31.277457514062625 4
      vertex -37.44923155196477 31.194949641685824 0
    endloop
  endfacet
  facet normal 0.9455185755993122 0.3255681544571702 0
    outer loop
      vertex -37.477641290737886 31.277457514062625 4
      vertex -37.44923155196477 31.194949641685824 4
      vertex -37.44923155196477 31.194949641685824 0
    endloop
  endfacet
  facet normal 0.9455185755993122 -0.3255681544571702 0
    outer loop
      vertex -37.477641290737886 32.82254248593737 0
      vertex -37.44923155196477 32.90505035831417 0
      vertex -37.44923155196477 32.90505035831417 4
    endloop
  endfacet
  facet normal 0.9455185755993122 -0.3255681544571702 0
    outer loop
      vertex -37.477641290737886 32.82254248593737 0
      vertex -37.44923155196477 32.90505035831417 4
      vertex -37.477641290737886 32.82254248593737 4
    endloop
  endfacet
  facet normal 0.9335804264971923 0.35836794954532475 0
    outer loop
      vertex -37.44923155196477 1.0949496416858278 0
      vertex -37.44923155196477 1.0949496416858278 4
      vertex -37.41795963641697 1.0134835164602194 0
    endloop
  endfacet
  facet normal 0.9335804264971923 0.35836794954532475 0
    outer loop
      vertex -37.44923155196477 1.0949496416858278 4
      vertex -37.41795963641697 1.0134835164602194 4
      vertex -37.41795963641697 1.0134835164602194 0
    endloop
  endfacet
  facet normal 0 0 -1
    outer loop
      vertex -37.44923155196477 2.805050358314171 0
      vertex -37.44923155196477 31.194949641685824 0
      vertex -37.41795963641697 31.113483516460214 0
    endloop
  endfacet
  facet normal 0.9335804264971923 -0.35836794954532475 0
    outer loop
      vertex -37.44923155196477 2.805050358314171 0
      vertex -37.41795963641697 2.886516483539779 0
      vertex -37.41795963641697 2.886516483539779 4
    endloop
  endfacet
  facet normal 0.9335804264971923 -0.35836794954532475 0
    outer loop
      vertex -37.44923155196477 2.805050358314171 0
      vertex -37.41795963641697 2.886516483539779 4
      vertex -37.44923155196477 2.805050358314171 4
    endloop
  endfacet
  facet normal 0 0 -1
    outer loop
      vertex -37.44923155196477 2.805050358314171 0
      vertex -37.41795963641697 31.113483516460214 0
      vertex -37.41795963641697 2.886516483539779 0
    endloop
  endfacet
  facet normal 0 0 1
    outer loop
      vertex -37.44923155196477 2.805050358314171 4
      vertex -37.41795963641697 2.886516483539779 4
      vertex -37.44923155196477 31.194949641685824 4
    endloop
  endfacet
  facet normal 0.933580426497195 0.358367949545318 0
    outer loop
      vertex -37.44923155196477 31.194949641685824 0
      vertex -37.44923155196477 31.194949641685824 4
      vertex -37.41795963641697 31.113483516460214 0
    endloop
  endfacet
  facet normal 0 0 1
    outer loop
      vertex -37.44923155196477 31.194949641685824 4
      vertex -37.41795963641697 2.886516483539779 4
      vertex -37.41795963641697 31.113483516460214 4
    endloop
  endfacet
  facet normal 0.933580426497195 0.358367949545318 0
    outer loop
      vertex -37.44923155196477 31.194949641685824 4
      vertex -37.41795963641697 31.113483516460214 4
      vertex -37.41795963641697 31.113483516460214 0
    endloop
  endfacet
  facet normal 0.933580426497195 -0.358367949545318 0
    outer loop
      vertex -37.44923155196477 32.90505035831417 0
      vertex -37.41795963641697 32.98651648353978 0
      vertex -37.41795963641697 32.98651648353978 4
    endloop
  endfacet
  facet normal 0.933580426497195 -0.358367949545318 0
    outer loop
      vertex -37.44923155196477 32.90505035831417 0
      vertex -37.41795963641697 32.98651648353978 4
      vertex -37.44923155196477 32.90505035831417 4
    endloop
  endfacet
  facet normal 0.9205048534524573 0.3907311284892341 0
    outer loop
      vertex -37.41795963641697 1.0134835164602194 0
      vertex -37.41795963641697 1.0134835164602194 4
      vertex -37.383863644106505 0.9331583923104994 0
    endloop
  endfacet
  facet normal 0.9205048534524573 0.3907311284892341 0
    outer loop
      vertex -37.41795963641697 1.0134835164602194 4
      vertex -37.383863644106505 0.9331583923104994 4
      vertex -37.383863644106505 0.9331583923104994 0
    endloop
  endfacet
  facet normal 0 0 -1
    outer loop
      vertex -37.41795963641697 2.886516483539779 0
      vertex -37.41795963641697 31.113483516460214 0
      vertex -37.383863644106505 31.033158392310497 0
    endloop
  endfacet
  facet normal 0.9205048534524573 -0.3907311284892341 0
    outer loop
      vertex -37.41795963641697 2.886516483539779 0
      vertex -37.383863644106505 2.9668416076894992 0
      vertex -37.383863644106505 2.9668416076894992 4
    endloop
  endfacet
  facet normal 0.9205048534524573 -0.3907311284892341 0
    outer loop
      vertex -37.41795963641697 2.886516483539779 0
      vertex -37.383863644106505 2.9668416076894992 4
      vertex -37.41795963641697 2.886516483539779 4
    endloop
  endfacet
  facet normal 0 0 -1
    outer loop
      vertex -37.41795963641697 2.886516483539779 0
      vertex -37.383863644106505 31.033158392310497 0
      vertex -37.383863644106505 2.9668416076894992 0
    endloop
  endfacet
  facet normal 0 0 1
    outer loop
      vertex -37.41795963641697 2.886516483539779 4
      vertex -37.383863644106505 2.9668416076894992 4
      vertex -37.41795963641697 31.113483516460214 4
    endloop
  endfacet
  facet normal 0.9205048534524509 0.3907311284892487 0
    outer loop
      vertex -37.41795963641697 31.113483516460214 0
      vertex -37.41795963641697 31.113483516460214 4
      vertex -37.383863644106505 31.033158392310497 0
    endloop
  endfacet
  facet normal 0 0 1
    outer loop
      vertex -37.41795963641697 31.113483516460214 4
      vertex -37.383863644106505 2.9668416076894992 4
      vertex -37.383863644106505 31.033158392310497 4
    endloop
  endfacet
  facet normal 0.9205048534524509 0.3907311284892487 0
    outer loop
      vertex -37.41795963641697 31.113483516460214 4
      vertex -37.383863644106505 31.033158392310497 4
      vertex -37.383863644106505 31.033158392310497 0
    endloop
  endfacet
  facet normal 0.9205048534524509 -0.3907311284892487 0
    outer loop
      vertex -37.41795963641697 32.98651648353978 0
      vertex -37.383863644106505 33.0668416076895 0
      vertex -37.383863644106505 33.0668416076895 4
    endloop
  endfacet
  facet normal 0.9205048534524509 -0.3907311284892487 0
    outer loop
      vertex -37.41795963641697 32.98651648353978 0
      vertex -37.383863644106505 33.0668416076895 4
      vertex -37.41795963641697 32.98651648353978 4
    endloop
  endfacet
  facet normal 0.906307787036651 0.42261826174069705 0
    outer loop
      vertex -37.383863644106505 0.9331583923104994 0
      vertex -37.383863644106505 0.9331583923104994 4
      vertex -37.34698511574792 0.8540721330273051 0
    endloop
  endfacet
  facet normal 0.906307787036651 0.42261826174069705 0
    outer loop
      vertex -37.383863644106505 0.9331583923104994 4
      vertex -37.34698511574792 0.8540721330273051 4
      vertex -37.34698511574792 0.8540721330273051 0
    endloop
  endfacet
  facet normal 0 0 -1
    outer loop
      vertex -37.383863644106505 2.9668416076894992 0
      vertex -37.383863644106505 31.033158392310497 0
      vertex -37.34698511574792 30.954072133027303 0
    endloop
  endfacet
  facet normal 0.906307787036651 -0.42261826174069705 0
    outer loop
      vertex -37.383863644106505 2.9668416076894992 0
      vertex -37.34698511574792 3.0459278669726935 0
      vertex -37.34698511574792 3.0459278669726935 4
    endloop
  endfacet
  facet normal 0.906307787036651 -0.42261826174069705 0
    outer loop
      vertex -37.383863644106505 2.9668416076894992 0
      vertex -37.34698511574792 3.0459278669726935 4
      vertex -37.383863644106505 2.9668416076894992 4
    endloop
  endfacet
  facet normal 0 0 -1
    outer loop
      vertex -37.383863644106505 2.9668416076894992 0
      vertex -37.34698511574792 30.954072133027303 0
      vertex -37.34698511574792 3.0459278669726935 0
    endloop
  endfacet
  facet normal 0 0 1
    outer loop
      vertex -37.383863644106505 2.9668416076894992 4
      vertex -37.34698511574792 3.0459278669726935 4
      vertex -37.383863644106505 31.033158392310497 4
    endloop
  endfacet
  facet normal 0.906307787036651 0.42261826174069705 0
    outer loop
      vertex -37.383863644106505 31.033158392310497 0
      vertex -37.383863644106505 31.033158392310497 4
      vertex -37.34698511574792 30.954072133027303 0
    endloop
  endfacet
  facet normal 0 0 1
    outer loop
      vertex -37.383863644106505 31.033158392310497 4
      vertex -37.34698511574792 3.0459278669726935 4
      vertex -37.34698511574792 30.954072133027303 4
    endloop
  endfacet
  facet normal 0.906307787036651 0.42261826174069705 0
    outer loop
      vertex -37.383863644106505 31.033158392310497 4
      vertex -37.34698511574792 30.954072133027303 4
      vertex -37.34698511574792 30.954072133027303 0
    endloop
  endfacet
  facet normal 0.906307787036651 -0.42261826174069705 0
    outer loop
      vertex -37.383863644106505 33.0668416076895 0
      vertex -37.34698511574792 33.14592786697269 0
      vertex -37.34698511574792 33.14592786697269 4
    endloop
  endfacet
  facet normal 0.906307787036651 -0.42261826174069705 0
    outer loop
      vertex -37.383863644106505 33.0668416076895 0
      vertex -37.34698511574792 33.14592786697269 4
      vertex -37.383863644106505 33.0668416076895 4
    endloop
  endfacet
  facet normal 0.8910065241883549 0.45399049973957206 0
    outer loop
      vertex -37.34698511574792 0.8540721330273051 0
      vertex -37.34698511574792 0.8540721330273051 4
      vertex -37.30736898214732 0.7763210930352713 0
    endloop
  endfacet
  facet normal 0.8910065241883549 0.45399049973957206 0
    outer loop
      vertex -37.34698511574792 0.8540721330273051 4
      vertex -37.30736898214732 0.7763210930352713 4
      vertex -37.30736898214732 0.7763210930352713 0
    endloop
  endfacet
  facet normal 0 0 -1
    outer loop
      vertex -37.34698511574792 3.0459278669726935 0
      vertex -37.34698511574792 30.954072133027303 0
      vertex -37.30736898214732 30.876321093035273 0
    endloop
  endfacet
  facet normal 0.8910065241883549 -0.45399049973957206 0
    outer loop
      vertex -37.34698511574792 3.0459278669726935 0
      vertex -37.30736898214732 3.1236789069647273 0
      vertex -37.30736898214732 3.1236789069647273 4
    endloop
  endfacet
  facet normal 0.8910065241883549 -0.45399049973957206 0
    outer loop
      vertex -37.34698511574792 3.0459278669726935 0
      vertex -37.30736898214732 3.1236789069647273 4
      vertex -37.34698511574792 3.0459278669726935 4
    endloop
  endfacet
  facet normal 0 0 -1
    outer loop
      vertex -37.34698511574792 3.0459278669726935 0
      vertex -37.30736898214732 30.876321093035273 0
      vertex -37.30736898214732 3.1236789069647273 0
    endloop
  endfacet
  facet normal 0 0 1
    outer loop
      vertex -37.34698511574792 3.0459278669726935 4
      vertex -37.30736898214732 3.1236789069647273 4
      vertex -37.34698511574792 30.954072133027303 4
    endloop
  endfacet
  facet normal 0.8910065241883465 0.45399049973958855 0
    outer loop
      vertex -37.34698511574792 30.954072133027303 0
      vertex -37.34698511574792 30.954072133027303 4
      vertex -37.30736898214732 30.876321093035273 0
    endloop
  endfacet
  facet normal 0 0 1
    outer loop
      vertex -37.34698511574792 30.954072133027303 4
      vertex -37.30736898214732 3.1236789069647273 4
      vertex -37.30736898214732 30.876321093035273 4
    endloop
  endfacet
  facet normal 0.8910065241883465 0.45399049973958855 0
    outer loop
      vertex -37.34698511574792 30.954072133027303 4
      vertex -37.30736898214732 30.876321093035273 4
      vertex -37.30736898214732 30.876321093035273 0
    endloop
  endfacet
  facet normal 0.8910065241883465 -0.45399049973958855 0
    outer loop
      vertex -37.34698511574792 33.14592786697269 0
      vertex -37.30736898214732 33.22367890696472 0
      vertex -37.30736898214732 33.22367890696472 4
    endloop
  endfacet
  facet normal 0.8910065241883465 -0.45399049973958855 0
    outer loop
      vertex -37.34698511574792 33.14592786697269 0
      vertex -37.30736898214732 33.22367890696472 4
      vertex -37.34698511574792 33.14592786697269 4
    endloop
  endfacet
  facet normal 0.8746197071394151 0.4848096202463024 0
    outer loop
      vertex -37.30736898214732 0.7763210930352713 0
      vertex -37.30736898214732 0.7763210930352713 4
      vertex -37.2650635094611 0.6999999999999993 0
    endloop
  endfacet
  facet normal 0.8746197071394151 0.4848096202463024 0
    outer loop
      vertex -37.30736898214732 0.7763210930352713 4
      vertex -37.2650635094611 0.6999999999999993 4
      vertex -37.2650635094611 0.6999999999999993 0
    endloop
  endfacet
  facet normal 0 0 -1
    outer loop
      vertex -37.30736898214732 3.1236789069647273 0
      vertex -37.30736898214732 30.876321093035273 0
      vertex -37.2650635094611 30.799999999999997 0
    endloop
  endfacet
  facet normal 0.8746197071394151 -0.4848096202463024 0
    outer loop
      vertex -37.30736898214732 3.1236789069647273 0
      vertex -37.2650635094611 3.1999999999999993 0
      vertex -37.2650635094611 3.1999999999999993 4
    endloop
  endfacet
  facet normal 0.8746197071394151 -0.4848096202463024 0
    outer loop
      vertex -37.30736898214732 3.1236789069647273 0
      vertex -37.2650635094611 3.1999999999999993 4
      vertex -37.30736898214732 3.1236789069647273 4
    endloop
  endfacet
  facet normal 0 0 -1
    outer loop
      vertex -37.30736898214732 3.1236789069647273 0
      vertex -37.2650635094611 30.799999999999997 0
      vertex -37.2650635094611 3.1999999999999993 0
    endloop
  endfacet
  facet normal 0 0 1
    outer loop
      vertex -37.30736898214732 3.1236789069647273 4
      vertex -37.2650635094611 3.1999999999999993 4
      vertex -37.30736898214732 30.876321093035273 4
    endloop
  endfacet
  facet normal 0.8746197071394245 0.4848096202462851 0
    outer loop
      vertex -37.30736898214732 30.876321093035273 0
      vertex -37.30736898214732 30.876321093035273 4
      vertex -37.2650635094611 30.799999999999997 0
    endloop
  endfacet
  facet normal 0 0 1
    outer loop
      vertex -37.30736898214732 30.876321093035273 4
      vertex -37.2650635094611 3.1999999999999993 4
      vertex -37.2650635094611 30.799999999999997 4
    endloop
  endfacet
  facet normal 0.8746197071394245 0.4848096202462851 0
    outer loop
      vertex -37.30736898214732 30.876321093035273 4
      vertex -37.2650635094611 30.799999999999997 4
      vertex -37.2650635094611 30.799999999999997 0
    endloop
  endfacet
  facet normal 0.8746197071394245 -0.4848096202462851 0
    outer loop
      vertex -37.30736898214732 33.22367890696472 0
      vertex -37.2650635094611 33.3 0
      vertex -37.2650635094611 33.3 4
    endloop
  endfacet
  facet normal 0.8746197071394245 -0.4848096202462851 0
    outer loop
      vertex -37.30736898214732 33.22367890696472 0
      vertex -37.2650635094611 33.3 4
      vertex -37.30736898214732 33.22367890696472 4
    endloop
  endfacet
  facet normal 0.8571673007021073 0.5150380749100625 0
    outer loop
      vertex -37.2650635094611 0.6999999999999993 0
      vertex -37.2650635094611 0.6999999999999993 4
      vertex -37.22012024039107 0.625201839416988 0
    endloop
  endfacet
  facet normal 0.8571673007021073 0.5150380749100625 0
    outer loop
      vertex -37.2650635094611 0.6999999999999993 4
      vertex -37.22012024039107 0.625201839416988 4
      vertex -37.22012024039107 0.625201839416988 0
    endloop
  endfacet
  facet normal 0 0 -1
    outer loop
      vertex -37.2650635094611 3.1999999999999993 0
      vertex -37.2650635094611 30.799999999999997 0
      vertex -37.22012024039107 30.725201839416982 0
    endloop
  endfacet
  facet normal 0.8571673007021073 -0.5150380749100625 0
    outer loop
      vertex -37.2650635094611 3.1999999999999993 0
      vertex -37.22012024039107 3.2747981605830105 0
      vertex -37.22012024039107 3.2747981605830105 4
    endloop
  endfacet
  facet normal 0.8571673007021073 -0.5150380749100625 0
    outer loop
      vertex -37.2650635094611 3.1999999999999993 0
      vertex -37.22012024039107 3.2747981605830105 4
      vertex -37.2650635094611 3.1999999999999993 4
    endloop
  endfacet
  facet normal 0 0 -1
    outer loop
      vertex -37.2650635094611 3.1999999999999993 0
      vertex -37.22012024039107 30.725201839416982 0
      vertex -37.22012024039107 3.2747981605830105 0
    endloop
  endfacet
  facet normal 0 0 1
    outer loop
      vertex -37.2650635094611 3.1999999999999993 4
      vertex -37.22012024039107 3.2747981605830105 4
      vertex -37.2650635094611 30.799999999999997 4
    endloop
  endfacet
  facet normal 0.8571673007021181 0.5150380749100444 0
    outer loop
      vertex -37.2650635094611 30.799999999999997 0
      vertex -37.2650635094611 30.799999999999997 4
      vertex -37.22012024039107 30.725201839416982 0
    endloop
  endfacet
  facet normal 0 0 1
    outer loop
      vertex -37.2650635094611 30.799999999999997 4
      vertex -37.22012024039107 3.2747981605830105 4
      vertex -37.22012024039107 30.725201839416982 4
    endloop
  endfacet
  facet normal 0.8571673007021181 0.5150380749100444 0
    outer loop
      vertex -37.2650635094611 30.799999999999997 4
      vertex -37.22012024039107 30.725201839416982 4
      vertex -37.22012024039107 30.725201839416982 0
    endloop
  endfacet
  facet normal 0.8571673007021181 -0.5150380749100444 0
    outer loop
      vertex -37.2650635094611 33.3 0
      vertex -37.22012024039107 33.37479816058301 0
      vertex -37.22012024039107 33.37479816058301 4
    endloop
  endfacet
  facet normal 0.8571673007021181 -0.5150380749100444 0
    outer loop
      vertex -37.2650635094611 33.3 0
      vertex -37.22012024039107 33.37479816058301 4
      vertex -37.2650635094611 33.3 4
    endloop
  endfacet
  facet normal 0.8386705679454016 0.5446390350150617 0
    outer loop
      vertex -37.22012024039107 0.625201839416988 0
      vertex -37.22012024039107 0.625201839416988 4
      vertex -37.1725939313876 0.552017741323132 0
    endloop
  endfacet
  facet normal 0.8386705679454016 0.5446390350150617 0
    outer loop
      vertex -37.22012024039107 0.625201839416988 4
      vertex -37.1725939313876 0.552017741323132 4
      vertex -37.1725939313876 0.552017741323132 0
    endloop
  endfacet
  facet normal 0 0 -1
    outer loop
      vertex -37.22012024039107 3.2747981605830105 0
      vertex -37.22012024039107 30.725201839416982 0
      vertex -37.1725939313876 30.652017741323128 0
    endloop
  endfacet
  facet normal 0.8386705679454016 -0.5446390350150617 0
    outer loop
      vertex -37.22012024039107 3.2747981605830105 0
      vertex -37.1725939313876 3.3479822586768666 0
      vertex -37.1725939313876 3.3479822586768666 4
    endloop
  endfacet
  facet normal 0.8386705679454016 -0.5446390350150617 0
    outer loop
      vertex -37.22012024039107 3.2747981605830105 0
      vertex -37.1725939313876 3.3479822586768666 4
      vertex -37.22012024039107 3.2747981605830105 4
    endloop
  endfacet
  facet normal 0 0 -1
    outer loop
      vertex -37.22012024039107 3.2747981605830105 0
      vertex -37.1725939313876 30.652017741323128 0
      vertex -37.1725939313876 3.3479822586768666 0
    endloop
  endfacet
  facet normal 0 0 1
    outer loop
      vertex -37.22012024039107 3.2747981605830105 4
      vertex -37.1725939313876 3.3479822586768666 4
      vertex -37.22012024039107 30.725201839416982 4
    endloop
  endfacet
  facet normal 0.8386705679453955 0.544639035015071 0
    outer loop
      vertex -37.22012024039107 30.725201839416982 0
      vertex -37.22012024039107 30.725201839416982 4
      vertex -37.1725939313876 30.652017741323128 0
    endloop
  endfacet
  facet normal 0 0 1
    outer loop
      vertex -37.22012024039107 30.725201839416982 4
      vertex -37.1725939313876 3.3479822586768666 4
      vertex -37.1725939313876 30.652017741323128 4
    endloop
  endfacet
  facet normal 0.8386705679453955 0.544639035015071 0
    outer loop
      vertex -37.22012024039107 30.725201839416982 4
      vertex -37.1725939313876 30.652017741323128 4
      vertex -37.1725939313876 30.652017741323128 0
    endloop
  endfacet
  facet normal 0.8386705679453955 -0.544639035015071 0
    outer loop
      vertex -37.22012024039107 33.37479816058301 0
      vertex -37.1725939313876 33.447982258676866 0
      vertex -37.1725939313876 33.447982258676866 4
    endloop
  endfacet
  facet normal 0.8386705679453955 -0.544639035015071 0
    outer loop
      vertex -37.22012024039107 33.37479816058301 0
      vertex -37.1725939313876 33.447982258676866 4
      vertex -37.22012024039107 33.37479816058301 4
    endloop
  endfacet
  facet normal 0.8191520442890265 0.5735764363509964 0
    outer loop
      vertex -37.1725939313876 0.552017741323132 0
      vertex -37.1725939313876 0.552017741323132 4
      vertex -37.12254248593737 0.4805368692688159 0
    endloop
  endfacet
  facet normal 0.8191520442890265 0.5735764363509964 0
    outer loop
      vertex -37.1725939313876 0.552017741323132 4
      vertex -37.12254248593737 0.4805368692688159 4
      vertex -37.12254248593737 0.4805368692688159 0
    endloop
  endfacet
  facet normal 0 0 -1
    outer loop
      vertex -37.1725939313876 3.3479822586768666 0
      vertex -37.1725939313876 30.652017741323128 0
      vertex -37.12254248593737 30.580536869268812 0
    endloop
  endfacet
  facet normal 0.8191520442890265 -0.5735764363509964 0
    outer loop
      vertex -37.1725939313876 3.3479822586768666 0
      vertex -37.12254248593737 3.4194631307311827 0
      vertex -37.12254248593737 3.4194631307311827 4
    endloop
  endfacet
  facet normal 0.8191520442890265 -0.5735764363509964 0
    outer loop
      vertex -37.1725939313876 3.3479822586768666 0
      vertex -37.12254248593737 3.4194631307311827 4
      vertex -37.1725939313876 3.3479822586768666 4
    endloop
  endfacet
  facet normal 0 0 -1
    outer loop
      vertex -37.1725939313876 3.3479822586768666 0
      vertex -37.12254248593737 30.580536869268812 0
      vertex -37.12254248593737 3.4194631307311827 0
    endloop
  endfacet
  facet normal 0 0 1
    outer loop
      vertex -37.1725939313876 3.3479822586768666 4
      vertex -37.12254248593737 3.4194631307311827 4
      vertex -37.1725939313876 30.652017741323128 4
    endloop
  endfacet
  facet normal 0.8191520442890265 0.5735764363509964 0
    outer loop
      vertex -37.1725939313876 30.652017741323128 0
      vertex -37.1725939313876 30.652017741323128 4
      vertex -37.12254248593737 30.580536869268812 0
    endloop
  endfacet
  facet normal 0 0 1
    outer loop
      vertex -37.1725939313876 30.652017741323128 4
      vertex -37.12254248593737 3.4194631307311827 4
      vertex -37.12254248593737 30.580536869268812 4
    endloop
  endfacet
  facet normal 0.8191520442890265 0.5735764363509964 0
    outer loop
      vertex -37.1725939313876 30.652017741323128 4
      vertex -37.12254248593737 30.580536869268812 4
      vertex -37.12254248593737 30.580536869268812 0
    endloop
  endfacet
  facet normal 0.8191520442890265 -0.5735764363509964 0
    outer loop
      vertex -37.1725939313876 33.447982258676866 0
      vertex -37.12254248593737 33.51946313073118 0
      vertex -37.12254248593737 33.51946313073118 4
    endloop
  endfacet
  facet normal 0.8191520442890265 -0.5735764363509964 0
    outer loop
      vertex -37.1725939313876 33.447982258676866 0
      vertex -37.12254248593737 33.51946313073118 4
      vertex -37.1725939313876 33.447982258676866 4
    endloop
  endfacet
  facet normal 0.7986355100472666 0.6018150231520831 0
    outer loop
      vertex -37.12254248593737 0.4805368692688159 0
      vertex -37.12254248593737 0.4805368692688159 4
      vertex -37.070026884016805 0.4108463116858534 0
    endloop
  endfacet
  facet normal 0.7986355100472666 0.6018150231520831 0
    outer loop
      vertex -37.12254248593737 0.4805368692688159 4
      vertex -37.070026884016805 0.4108463116858534 4
      vertex -37.070026884016805 0.4108463116858534 0
    endloop
  endfacet
  facet normal 0 0 -1
    outer loop
      vertex -37.12254248593737 3.4194631307311827 0
      vertex -37.12254248593737 30.580536869268812 0
      vertex -37.070026884016805 30.510846311685853 0
    endloop
  endfacet
  facet normal 0.7986355100472666 -0.6018150231520831 0
    outer loop
      vertex -37.12254248593737 3.4194631307311827 0
      vertex -37.070026884016805 3.489153688314145 0
      vertex -37.070026884016805 3.489153688314145 4
    endloop
  endfacet
  facet normal 0.7986355100472666 -0.6018150231520831 0
    outer loop
      vertex -37.12254248593737 3.4194631307311827 0
      vertex -37.070026884016805 3.489153688314145 4
      vertex -37.12254248593737 3.4194631307311827 4
    endloop
  endfacet
  facet normal 0 0 -1
    outer loop
      vertex -37.12254248593737 3.4194631307311827 0
      vertex -37.070026884016805 30.510846311685853 0
      vertex -37.070026884016805 3.489153688314145 0
    endloop
  endfacet
  facet normal 0 0 1
    outer loop
      vertex -37.12254248593737 3.4194631307311827 4
      vertex -37.070026884016805 3.489153688314145 4
      vertex -37.12254248593737 30.580536869268812 4
    endloop
  endfacet
  facet normal 0.798635510047252 0.6018150231521028 0
    outer loop
      vertex -37.12254248593737 30.580536869268812 0
      vertex -37.12254248593737 30.580536869268812 4
      vertex -37.070026884016805 30.510846311685853 0
    endloop
  endfacet
  facet normal 0 0 1
    outer loop
      vertex -37.12254248593737 30.580536869268812 4
      vertex -37.070026884016805 3.489153688314145 4
      vertex -37.070026884016805 30.510846311685853 4
    endloop
  endfacet
  facet normal 0.798635510047252 0.6018150231521028 0
    outer loop
      vertex -37.12254248593737 30.580536869268812 4
      vertex -37.070026884016805 30.510846311685853 4
      vertex -37.070026884016805 30.510846311685853 0
    endloop
  endfacet
  facet normal 0.798635510047252 -0.6018150231521028 0
    outer loop
      vertex -37.12254248593737 33.51946313073118 0
      vertex -37.070026884016805 33.58915368831414 0
      vertex -37.070026884016805 33.58915368831414 4
    endloop
  endfacet
  facet normal 0.798635510047252 -0.6018150231521028 0
    outer loop
      vertex -37.12254248593737 33.51946313073118 0
      vertex -37.070026884016805 33.58915368831414 4
      vertex -37.12254248593737 33.51946313073118 4
    endloop
  endfacet
  facet normal 0.7771459614569641 0.6293203910498459 0
    outer loop
      vertex -37.070026884016805 0.4108463116858534 0
      vertex -37.070026884016805 0.4108463116858534 4
      vertex -37.015111107797445 0.3430309757836518 0
    endloop
  endfacet
  facet normal 0.7771459614569641 0.6293203910498459 0
    outer loop
      vertex -37.070026884016805 0.4108463116858534 4
      vertex -37.015111107797445 0.3430309757836518 4
      vertex -37.015111107797445 0.3430309757836518 0
    endloop
  endfacet
  facet normal 0 0 -1
    outer loop
      vertex -37.070026884016805 3.489153688314145 0
      vertex -37.070026884016805 30.510846311685853 0
      vertex -37.015111107797445 30.44303097578365 0
    endloop
  endfacet
  facet normal 0.7771459614569641 -0.6293203910498459 0
    outer loop
      vertex -37.070026884016805 3.489153688314145 0
      vertex -37.015111107797445 3.5569690242163468 0
      vertex -37.015111107797445 3.5569690242163468 4
    endloop
  endfacet
  facet normal 0.7771459614569641 -0.6293203910498459 0
    outer loop
      vertex -37.070026884016805 3.489153688314145 0
      vertex -37.015111107797445 3.5569690242163468 4
      vertex -37.070026884016805 3.489153688314145 4
    endloop
  endfacet
  facet normal 0 0 -1
    outer loop
      vertex -37.070026884016805 3.489153688314145 0
      vertex -37.015111107797445 30.44303097578365 0
      vertex -37.015111107797445 3.5569690242163468 0
    endloop
  endfacet
  facet normal 0 0 1
    outer loop
      vertex -37.070026884016805 3.489153688314145 4
      vertex -37.015111107797445 3.5569690242163468 4
      vertex -37.070026884016805 30.510846311685853 4
    endloop
  endfacet
  facet normal 0.7771459614569721 0.629320391049836 0
    outer loop
      vertex -37.070026884016805 30.510846311685853 0
      vertex -37.070026884016805 30.510846311685853 4
      vertex -37.015111107797445 30.44303097578365 0
    endloop
  endfacet
  facet normal 0 0 1
    outer loop
      vertex -37.070026884016805 30.510846311685853 4
      vertex -37.015111107797445 3.5569690242163468 4
      vertex -37.015111107797445 30.44303097578365 4
    endloop
  endfacet
  facet normal 0.7771459614569721 0.629320391049836 0
    outer loop
      vertex -37.070026884016805 30.510846311685853 4
      vertex -37.015111107797445 30.44303097578365 4
      vertex -37.015111107797445 30.44303097578365 0
    endloop
  endfacet
  facet normal 0.7771459614569721 -0.629320391049836 0
    outer loop
      vertex -37.070026884016805 33.58915368831414 0
      vertex -37.015111107797445 33.656969024216345 0
      vertex -37.015111107797445 33.656969024216345 4
    endloop
  endfacet
  facet normal 0.7771459614569721 -0.629320391049836 0
    outer loop
      vertex -37.070026884016805 33.58915368831414 0
      vertex -37.015111107797445 33.656969024216345 4
      vertex -37.070026884016805 33.58915368831414 4
    endloop
  endfacet
  facet normal 0.7547095802228053 0.6560590289904691 0
    outer loop
      vertex -37.015111107797445 0.3430309757836518 0
      vertex -37.015111107797445 0.3430309757836518 4
      vertex -36.95786206369349 0.27717348410285325 0
    endloop
  endfacet
  facet normal 0.7547095802228053 0.6560590289904691 0
    outer loop
      vertex -37.015111107797445 0.3430309757836518 4
      vertex -36.95786206369349 0.27717348410285325 4
      vertex -36.95786206369349 0.27717348410285325 0
    endloop
  endfacet
  facet normal 0 0 -1
    outer loop
      vertex -37.015111107797445 3.5569690242163468 0
      vertex -37.015111107797445 30.44303097578365 0
      vertex -36.95786206369349 30.377173484102855 0
    endloop
  endfacet
  facet normal 0.7547095802228053 -0.6560590289904691 0
    outer loop
      vertex -37.015111107797445 3.5569690242163468 0
      vertex -36.95786206369349 3.6228265158971453 0
      vertex -36.95786206369349 3.6228265158971453 4
    endloop
  endfacet
  facet normal 0.7547095802228053 -0.6560590289904691 0
    outer loop
      vertex -37.015111107797445 3.5569690242163468 0
      vertex -36.95786206369349 3.6228265158971453 4
      vertex -37.015111107797445 3.5569690242163468 4
    endloop
  endfacet
  facet normal 0 0 -1
    outer loop
      vertex -37.015111107797445 3.5569690242163468 0
      vertex -36.95786206369349 30.377173484102855 0
      vertex -36.95786206369349 3.6228265158971453 0
    endloop
  endfacet
  facet normal 0 0 1
    outer loop
      vertex -37.015111107797445 3.5569690242163468 4
      vertex -36.95786206369349 3.6228265158971453 4
      vertex -37.015111107797445 30.44303097578365 4
    endloop
  endfacet
  facet normal 0.7547095802227878 0.6560590289904892 0
    outer loop
      vertex -37.015111107797445 30.44303097578365 0
      vertex -37.015111107797445 30.44303097578365 4
      vertex -36.95786206369349 30.377173484102855 0
    endloop
  endfacet
  facet normal 0 0 1
    outer loop
      vertex -37.015111107797445 30.44303097578365 4
      vertex -36.95786206369349 3.6228265158971453 4
      vertex -36.95786206369349 30.377173484102855 4
    endloop
  endfacet
  facet normal 0.7547095802227878 0.6560590289904892 0
    outer loop
      vertex -37.015111107797445 30.44303097578365 4
      vertex -36.95786206369349 30.377173484102855 4
      vertex -36.95786206369349 30.377173484102855 0
    endloop
  endfacet
  facet normal 0.7547095802227878 -0.6560590289904892 0
    outer loop
      vertex -37.015111107797445 33.656969024216345 0
      vertex -36.95786206369349 33.72282651589714 0
      vertex -36.95786206369349 33.72282651589714 4
    endloop
  endfacet
  facet normal 0.7547095802227878 -0.6560590289904892 0
    outer loop
      vertex -37.015111107797445 33.656969024216345 0
      vertex -36.95786206369349 33.72282651589714 4
      vertex -37.015111107797445 33.656969024216345 4
    endloop
  endfacet
  facet normal 0.7313537016191368 0.6819983600625344 0
    outer loop
      vertex -36.95786206369349 0.27717348410285325 0
      vertex -36.95786206369349 0.27717348410285325 4
      vertex -36.89834950084663 0.21335407385250704 0
    endloop
  endfacet
  facet normal 0.7313537016191368 0.6819983600625344 0
    outer loop
      vertex -36.95786206369349 0.27717348410285325 4
      vertex -36.89834950084663 0.21335407385250704 4
      vertex -36.89834950084663 0.21335407385250704 0
    endloop
  endfacet
  facet normal 0 0 -1
    outer loop
      vertex -36.95786206369349 3.6228265158971453 0
      vertex -36.95786206369349 30.377173484102855 0
      vertex -36.89834950084663 30.3133540738525 0
    endloop
  endfacet
  facet normal 0.7313537016191368 -0.6819983600625344 0
    outer loop
      vertex -36.95786206369349 3.6228265158971453 0
      vertex -36.89834950084663 3.6866459261474915 0
      vertex -36.89834950084663 3.6866459261474915 4
    endloop
  endfacet
  facet normal 0.7313537016191368 -0.6819983600625344 0
    outer loop
      vertex -36.95786206369349 3.6228265158971453 0
      vertex -36.89834950084663 3.6866459261474915 4
      vertex -36.95786206369349 3.6228265158971453 4
    endloop
  endfacet
  facet normal 0 0 -1
    outer loop
      vertex -36.95786206369349 3.6228265158971453 0
      vertex -36.89834950084663 30.3133540738525 0
      vertex -36.89834950084663 3.6866459261474915 0
    endloop
  endfacet
  facet normal 0 0 1
    outer loop
      vertex -36.95786206369349 3.6228265158971453 4
      vertex -36.89834950084663 3.6866459261474915 4
      vertex -36.95786206369349 30.377173484102855 4
    endloop
  endfacet
  facet normal 0.7313537016191749 0.6819983600624939 0
    outer loop
      vertex -36.95786206369349 30.377173484102855 0
      vertex -36.95786206369349 30.377173484102855 4
      vertex -36.89834950084663 30.3133540738525 0
    endloop
  endfacet
  facet normal 0 0 1
    outer loop
      vertex -36.95786206369349 30.377173484102855 4
      vertex -36.89834950084663 3.6866459261474915 4
      vertex -36.89834950084663 30.3133540738525 4
    endloop
  endfacet
  facet normal 0.7313537016191749 0.6819983600624939 0
    outer loop
      vertex -36.95786206369349 30.377173484102855 4
      vertex -36.89834950084663 30.3133540738525 4
      vertex -36.89834950084663 30.3133540738525 0
    endloop
  endfacet
  facet normal 0.7313537016191749 -0.6819983600624939 0
    outer loop
      vertex -36.95786206369349 33.72282651589714 0
      vertex -36.89834950084663 33.78664592614749 0
      vertex -36.89834950084663 33.78664592614749 4
    endloop
  endfacet
  facet normal 0.7313537016191749 -0.6819983600624939 0
    outer loop
      vertex -36.95786206369349 33.72282651589714 0
      vertex -36.89834950084663 33.78664592614749 4
      vertex -36.95786206369349 33.72282651589714 4
    endloop
  endfacet
  facet normal 0.7071067811865781 0.707106781186517 0
    outer loop
      vertex -36.89834950084663 0.21335407385250704 0
      vertex -36.89834950084663 0.21335407385250704 4
      vertex -36.8366459261475 0.15165049915337114 0
    endloop
  endfacet
  facet normal 0.7071067811865781 0.707106781186517 0
    outer loop
      vertex -36.89834950084663 0.21335407385250704 4
      vertex -36.8366459261475 0.15165049915337114 4
      vertex -36.8366459261475 0.15165049915337114 0
    endloop
  endfacet
  facet normal 0 0 -1
    outer loop
      vertex -36.89834950084663 3.6866459261474915 0
      vertex -36.89834950084663 30.3133540738525 0
      vertex -36.8366459261475 30.25165049915337 0
    endloop
  endfacet
  facet normal 0.7071067811865781 -0.707106781186517 0
    outer loop
      vertex -36.89834950084663 3.6866459261474915 0
      vertex -36.8366459261475 3.7483495008466274 0
      vertex -36.8366459261475 3.7483495008466274 4
    endloop
  endfacet
  facet normal 0.7071067811865781 -0.707106781186517 0
    outer loop
      vertex -36.89834950084663 3.6866459261474915 0
      vertex -36.8366459261475 3.7483495008466274 4
      vertex -36.89834950084663 3.6866459261474915 4
    endloop
  endfacet
  facet normal 0 0 -1
    outer loop
      vertex -36.89834950084663 3.6866459261474915 0
      vertex -36.8366459261475 30.25165049915337 0
      vertex -36.8366459261475 3.7483495008466274 0
    endloop
  endfacet
  facet normal 0 0 1
    outer loop
      vertex -36.89834950084663 3.6866459261474915 4
      vertex -36.8366459261475 3.7483495008466274 4
      vertex -36.89834950084663 30.3133540738525 4
    endloop
  endfacet
  facet normal 0.7071067811865476 0.7071067811865476 0
    outer loop
      vertex -36.89834950084663 30.3133540738525 0
      vertex -36.89834950084663 30.3133540738525 4
      vertex -36.8366459261475 30.25165049915337 0
    endloop
  endfacet
  facet normal 0 0 1
    outer loop
      vertex -36.89834950084663 30.3133540738525 4
      vertex -36.8366459261475 3.7483495008466274 4
      vertex -36.8366459261475 30.25165049915337 4
    endloop
  endfacet
  facet normal 0.7071067811865476 0.7071067811865476 0
    outer loop
      vertex -36.89834950084663 30.3133540738525 4
      vertex -36.8366459261475 30.25165049915337 4
      vertex -36.8366459261475 30.25165049915337 0
    endloop
  endfacet
  facet normal 0.7071067811865476 -0.7071067811865476 0
    outer loop
      vertex -36.89834950084663 33.78664592614749 0
      vertex -36.8366459261475 33.84834950084662 0
      vertex -36.8366459261475 33.84834950084662 4
    endloop
  endfacet
  facet normal 0.7071067811865476 -0.7071067811865476 0
    outer loop
      vertex -36.89834950084663 33.78664592614749 0
      vertex -36.8366459261475 33.84834950084662 4
      vertex -36.89834950084663 33.78664592614749 4
    endloop
  endfacet
  facet normal 0.6819983600624612 0.7313537016192052 0
    outer loop
      vertex -36.8366459261475 0.15165049915337114 0
      vertex -36.8366459261475 0.15165049915337114 4
      vertex -36.772826515897144 0.09213793630651423 0
    endloop
  endfacet
  facet normal 0.6819983600624612 0.7313537016192052 0
    outer loop
      vertex -36.8366459261475 0.15165049915337114 4
      vertex -36.772826515897144 0.09213793630651423 4
      vertex -36.772826515897144 0.09213793630651423 0
    endloop
  endfacet
  facet normal 0 0 -1
    outer loop
      vertex -36.8366459261475 3.7483495008466274 0
      vertex -36.8366459261475 30.25165049915337 0
      vertex -36.772826515897144 30.19213793630651 0
    endloop
  endfacet
  facet normal 0.6819983600624612 -0.7313537016192052 0
    outer loop
      vertex -36.8366459261475 3.7483495008466274 0
      vertex -36.772826515897144 3.8078620636934843 0
      vertex -36.772826515897144 3.8078620636934843 4
    endloop
  endfacet
  facet normal 0.6819983600624612 -0.7313537016192052 0
    outer loop
      vertex -36.8366459261475 3.7483495008466274 0
      vertex -36.772826515897144 3.8078620636934843 4
      vertex -36.8366459261475 3.7483495008466274 4
    endloop
  endfacet
  facet normal 0 0 -1
    outer loop
      vertex -36.8366459261475 3.7483495008466274 0
      vertex -36.772826515897144 30.19213793630651 0
      vertex -36.772826515897144 3.8078620636934843 0
    endloop
  endfacet
  facet normal 0 0 1
    outer loop
      vertex -36.8366459261475 3.7483495008466274 4
      vertex -36.772826515897144 3.8078620636934843 4
      vertex -36.8366459261475 30.25165049915337 4
    endloop
  endfacet
  facet normal 0.6819983600624939 0.7313537016191749 0
    outer loop
      vertex -36.8366459261475 30.25165049915337 0
      vertex -36.8366459261475 30.25165049915337 4
      vertex -36.772826515897144 30.19213793630651 0
    endloop
  endfacet
  facet normal 0 0 1
    outer loop
      vertex -36.8366459261475 30.25165049915337 4
      vertex -36.772826515897144 3.8078620636934843 4
      vertex -36.772826515897144 30.19213793630651 4
    endloop
  endfacet
  facet normal 0.6819983600624939 0.7313537016191749 0
    outer loop
      vertex -36.8366459261475 30.25165049915337 4
      vertex -36.772826515897144 30.19213793630651 4
      vertex -36.772826515897144 30.19213793630651 0
    endloop
  endfacet
  facet normal 0.6819983600624939 -0.7313537016191749 0
    outer loop
      vertex -36.8366459261475 33.84834950084662 0
      vertex -36.772826515897144 33.907862063693486 0
      vertex -36.772826515897144 33.907862063693486 4
    endloop
  endfacet
  facet normal 0.6819983600624939 -0.7313537016191749 0
    outer loop
      vertex -36.8366459261475 33.84834950084662 0
      vertex -36.772826515897144 33.907862063693486 4
      vertex -36.8366459261475 33.84834950084662 4
    endloop
  endfacet
  facet normal 0.6560590289905239 0.7547095802227575 0
    outer loop
      vertex -36.772826515897144 0.09213793630651423 0
      vertex -36.772826515897144 0.09213793630651423 4
      vertex -36.70696902421635 0.03488889220255409 0
    endloop
  endfacet
  facet normal 0.6560590289905239 0.7547095802227575 0
    outer loop
      vertex -36.772826515897144 0.09213793630651423 4
      vertex -36.70696902421635 0.03488889220255409 4
      vertex -36.70696902421635 0.03488889220255409 0
    endloop
  endfacet
  facet normal 0 0 -1
    outer loop
      vertex -36.772826515897144 3.8078620636934843 0
      vertex -36.772826515897144 30.19213793630651 0
      vertex -36.70696902421635 30.134888892202554 0
    endloop
  endfacet
  facet normal 0.6560590289905239 -0.7547095802227575 0
    outer loop
      vertex -36.772826515897144 3.8078620636934843 0
      vertex -36.70696902421635 3.8651111077974445 0
      vertex -36.70696902421635 3.8651111077974445 4
    endloop
  endfacet
  facet normal 0.6560590289905239 -0.7547095802227575 0
    outer loop
      vertex -36.772826515897144 3.8078620636934843 0
      vertex -36.70696902421635 3.8651111077974445 4
      vertex -36.772826515897144 3.8078620636934843 4
    endloop
  endfacet
  facet normal 0 0 -1
    outer loop
      vertex -36.772826515897144 3.8078620636934843 0
      vertex -36.70696902421635 30.134888892202554 0
      vertex -36.70696902421635 3.8651111077974445 0
    endloop
  endfacet
  facet normal 0 0 1
    outer loop
      vertex -36.772826515897144 3.8078620636934843 4
      vertex -36.70696902421635 3.8651111077974445 4
      vertex -36.772826515897144 30.19213793630651 4
    endloop
  endfacet
  facet normal 0.6560590289904892 0.7547095802227878 0
    outer loop
      vertex -36.772826515897144 30.19213793630651 0
      vertex -36.772826515897144 30.19213793630651 4
      vertex -36.70696902421635 30.134888892202554 0
    endloop
  endfacet
  facet normal 0 0 1
    outer loop
      vertex -36.772826515897144 30.19213793630651 4
      vertex -36.70696902421635 3.8651111077974445 4
      vertex -36.70696902421635 30.134888892202554 4
    endloop
  endfacet
  facet normal 0.6560590289904892 0.7547095802227878 0
    outer loop
      vertex -36.772826515897144 30.19213793630651 4
      vertex -36.70696902421635 30.134888892202554 4
      vertex -36.70696902421635 30.134888892202554 0
    endloop
  endfacet
  facet normal 0.6560590289904892 -0.7547095802227878 0
    outer loop
      vertex -36.772826515897144 33.907862063693486 0
      vertex -36.70696902421635 33.96511110779744 0
      vertex -36.70696902421635 33.96511110779744 4
    endloop
  endfacet
  facet normal 0.6560590289904892 -0.7547095802227878 0
    outer loop
      vertex -36.772826515897144 33.907862063693486 0
      vertex -36.70696902421635 33.96511110779744 4
      vertex -36.772826515897144 33.907862063693486 4
    endloop
  endfacet
  facet normal 0.6293203910498297 0.7771459614569771 0
    outer loop
      vertex -36.70696902421635 0.03488889220255409 0
      vertex -36.70696902421635 0.03488889220255409 4
      vertex -36.639153688314146 -0.02002688401680519 0
    endloop
  endfacet
  facet normal 0.6293203910498297 0.7771459614569771 0
    outer loop
      vertex -36.70696902421635 0.03488889220255409 4
      vertex -36.639153688314146 -0.02002688401680519 4
      vertex -36.639153688314146 -0.02002688401680519 0
    endloop
  endfacet
  facet normal 0 0 -1
    outer loop
      vertex -36.70696902421635 3.8651111077974445 0
      vertex -36.70696902421635 30.134888892202554 0
      vertex -36.639153688314146 30.079973115983194 0
    endloop
  endfacet
  facet normal 0.629320391049836 -0.7771459614569721 0
    outer loop
      vertex -36.70696902421635 3.8651111077974445 0
      vertex -36.639153688314146 3.9200268840168047 0
      vertex -36.639153688314146 3.9200268840168047 4
    endloop
  endfacet
  facet normal 0.629320391049836 -0.7771459614569721 0
    outer loop
      vertex -36.70696902421635 3.8651111077974445 0
      vertex -36.639153688314146 3.9200268840168047 4
      vertex -36.70696902421635 3.8651111077974445 4
    endloop
  endfacet
  facet normal 0 0 -1
    outer loop
      vertex -36.70696902421635 3.8651111077974445 0
      vertex -36.639153688314146 30.079973115983194 0
      vertex -36.639153688314146 3.9200268840168047 0
    endloop
  endfacet
  facet normal 0 0 1
    outer loop
      vertex -36.70696902421635 3.8651111077974445 4
      vertex -36.639153688314146 3.9200268840168047 4
      vertex -36.70696902421635 30.134888892202554 4
    endloop
  endfacet
  facet normal 0.629320391049836 0.7771459614569721 0
    outer loop
      vertex -36.70696902421635 30.134888892202554 0
      vertex -36.70696902421635 30.134888892202554 4
      vertex -36.639153688314146 30.079973115983194 0
    endloop
  endfacet
  facet normal 0 0 1
    outer loop
      vertex -36.70696902421635 30.134888892202554 4
      vertex -36.639153688314146 3.9200268840168047 4
      vertex -36.639153688314146 30.079973115983194 4
    endloop
  endfacet
  facet normal 0.629320391049836 0.7771459614569721 0
    outer loop
      vertex -36.70696902421635 30.134888892202554 4
      vertex -36.639153688314146 30.079973115983194 4
      vertex -36.639153688314146 30.079973115983194 0
    endloop
  endfacet
  facet normal 0.629320391049836 -0.7771459614569721 0
    outer loop
      vertex -36.70696902421635 33.96511110779744 0
      vertex -36.639153688314146 34.0200268840168 0
      vertex -36.639153688314146 34.0200268840168 4
    endloop
  endfacet
  facet normal 0.629320391049836 -0.7771459614569721 0
    outer loop
      vertex -36.70696902421635 33.96511110779744 0
      vertex -36.639153688314146 34.0200268840168 4
      vertex -36.70696902421635 33.96511110779744 4
    endloop
  endfacet
  facet normal 0.6018150231520702 0.7986355100472764 0
    outer loop
      vertex -36.639153688314146 -0.02002688401680519 0
      vertex -36.639153688314146 -0.02002688401680519 4
      vertex -36.56946313073119 -0.0725424859373689 0
    endloop
  endfacet
  facet normal 0.6018150231520702 0.7986355100472764 0
    outer loop
      vertex -36.639153688314146 -0.02002688401680519 4
      vertex -36.56946313073119 -0.0725424859373689 4
      vertex -36.56946313073119 -0.0725424859373689 0
    endloop
  endfacet
  facet normal 0 0 -1
    outer loop
      vertex -36.639153688314146 3.9200268840168047 0
      vertex -36.639153688314146 30.079973115983194 0
      vertex -36.56946313073119 30.027457514062625 0
    endloop
  endfacet
  facet normal 0.6018150231520637 -0.7986355100472812 0
    outer loop
      vertex -36.639153688314146 3.9200268840168047 0
      vertex -36.56946313073119 3.9725424859373675 0
      vertex -36.56946313073119 3.9725424859373675 4
    endloop
  endfacet
  facet normal 0.6018150231520637 -0.7986355100472812 0
    outer loop
      vertex -36.639153688314146 3.9200268840168047 0
      vertex -36.56946313073119 3.9725424859373675 4
      vertex -36.639153688314146 3.9200268840168047 4
    endloop
  endfacet
  facet normal 0 0 -1
    outer loop
      vertex -36.639153688314146 3.9200268840168047 0
      vertex -36.56946313073119 30.027457514062625 0
      vertex -36.56946313073119 3.9725424859373675 0
    endloop
  endfacet
  facet normal 0 0 1
    outer loop
      vertex -36.639153688314146 3.9200268840168047 4
      vertex -36.56946313073119 3.9725424859373675 4
      vertex -36.639153688314146 30.079973115983194 4
    endloop
  endfacet
  facet normal 0.6018150231521028 0.798635510047252 0
    outer loop
      vertex -36.639153688314146 30.079973115983194 0
      vertex -36.639153688314146 30.079973115983194 4
      vertex -36.56946313073119 30.027457514062625 0
    endloop
  endfacet
  facet normal 0 0 1
    outer loop
      vertex -36.639153688314146 30.079973115983194 4
      vertex -36.56946313073119 3.9725424859373675 4
      vertex -36.56946313073119 30.027457514062625 4
    endloop
  endfacet
  facet normal 0.6018150231521028 0.798635510047252 0
    outer loop
      vertex -36.639153688314146 30.079973115983194 4
      vertex -36.56946313073119 30.027457514062625 4
      vertex -36.56946313073119 30.027457514062625 0
    endloop
  endfacet
  facet normal 0.6018150231521028 -0.798635510047252 0
    outer loop
      vertex -36.639153688314146 34.0200268840168 0
      vertex -36.56946313073119 34.07254248593737 0
      vertex -36.56946313073119 34.07254248593737 4
    endloop
  endfacet
  facet normal 0.6018150231521028 -0.798635510047252 0
    outer loop
      vertex -36.639153688314146 34.0200268840168 0
      vertex -36.56946313073119 34.07254248593737 4
      vertex -36.639153688314146 34.0200268840168 4
    endloop
  endfacet
  facet normal 0.5735764363510442 0.8191520442889931 0
    outer loop
      vertex -36.56946313073119 -0.0725424859373689 0
      vertex -36.56946313073119 -0.0725424859373689 4
      vertex -36.49798225867687 -0.12259393138760455 0
    endloop
  endfacet
  facet normal 0.5735764363510442 0.8191520442889931 0
    outer loop
      vertex -36.56946313073119 -0.0725424859373689 4
      vertex -36.49798225867687 -0.12259393138760455 4
      vertex -36.49798225867687 -0.12259393138760455 0
    endloop
  endfacet
  facet normal 0 0 -1
    outer loop
      vertex -36.56946313073119 3.9725424859373675 0
      vertex -36.56946313073119 30.027457514062625 0
      vertex -36.49798225867687 29.977406068612396 0
    endloop
  endfacet
  facet normal 0.5735764363510509 -0.8191520442889882 0
    outer loop
      vertex -36.56946313073119 3.9725424859373675 0
      vertex -36.49798225867687 4.022593931387604 0
      vertex -36.49798225867687 4.022593931387604 4
    endloop
  endfacet
  facet normal 0.5735764363510509 -0.8191520442889882 0
    outer loop
      vertex -36.56946313073119 3.9725424859373675 0
      vertex -36.49798225867687 4.022593931387604 4
      vertex -36.56946313073119 3.9725424859373675 4
    endloop
  endfacet
  facet normal 0 0 -1
    outer loop
      vertex -36.56946313073119 3.9725424859373675 0
      vertex -36.49798225867687 29.977406068612396 0
      vertex -36.49798225867687 4.022593931387604 0
    endloop
  endfacet
  facet normal 0 0 1
    outer loop
      vertex -36.56946313073119 3.9725424859373675 4
      vertex -36.49798225867687 4.022593931387604 4
      vertex -36.56946313073119 30.027457514062625 4
    endloop
  endfacet
  facet normal 0.5735764363509964 0.8191520442890265 0
    outer loop
      vertex -36.56946313073119 30.027457514062625 0
      vertex -36.56946313073119 30.027457514062625 4
      vertex -36.49798225867687 29.977406068612396 0
    endloop
  endfacet
  facet normal 0 0 1
    outer loop
      vertex -36.56946313073119 30.027457514062625 4
      vertex -36.49798225867687 4.022593931387604 4
      vertex -36.49798225867687 29.977406068612396 4
    endloop
  endfacet
  facet normal 0.5735764363509964 0.8191520442890265 0
    outer loop
      vertex -36.56946313073119 30.027457514062625 4
      vertex -36.49798225867687 29.977406068612396 4
      vertex -36.49798225867687 29.977406068612396 0
    endloop
  endfacet
  facet normal 0.5735764363509964 -0.8191520442890265 0
    outer loop
      vertex -36.56946313073119 34.07254248593737 0
      vertex -36.49798225867687 34.1225939313876 0
      vertex -36.49798225867687 34.1225939313876 4
    endloop
  endfacet
  facet normal 0.5735764363509964 -0.8191520442890265 0
    outer loop
      vertex -36.56946313073119 34.07254248593737 0
      vertex -36.49798225867687 34.1225939313876 4
      vertex -36.56946313073119 34.07254248593737 4
    endloop
  endfacet
  facet normal 0.5446390350150352 0.8386705679454187 0
    outer loop
      vertex -36.49798225867687 -0.12259393138760455 0
      vertex -36.49798225867687 -0.12259393138760455 4
      vertex -36.424798160583016 -0.170120240391066 0
    endloop
  endfacet
  facet normal 0.5446390350150352 0.8386705679454187 0
    outer loop
      vertex -36.49798225867687 -0.12259393138760455 4
      vertex -36.424798160583016 -0.170120240391066 4
      vertex -36.424798160583016 -0.170120240391066 0
    endloop
  endfacet
  facet normal 0 0 -1
    outer loop
      vertex -36.49798225867687 4.022593931387604 0
      vertex -36.49798225867687 29.977406068612396 0
      vertex -36.424798160583016 29.92987975960893 0
    endloop
  endfacet
  facet normal 0.5446390350150281 -0.8386705679454234 0
    outer loop
      vertex -36.49798225867687 4.022593931387604 0
      vertex -36.424798160583016 4.070120240391065 0
      vertex -36.424798160583016 4.070120240391065 4
    endloop
  endfacet
  facet normal 0.5446390350150281 -0.8386705679454234 0
    outer loop
      vertex -36.49798225867687 4.022593931387604 0
      vertex -36.424798160583016 4.070120240391065 4
      vertex -36.49798225867687 4.022593931387604 4
    endloop
  endfacet
  facet normal 0 0 -1
    outer loop
      vertex -36.49798225867687 4.022593931387604 0
      vertex -36.424798160583016 29.92987975960893 0
      vertex -36.424798160583016 4.070120240391065 0
    endloop
  endfacet
  facet normal 0 0 1
    outer loop
      vertex -36.49798225867687 4.022593931387604 4
      vertex -36.424798160583016 4.070120240391065 4
      vertex -36.49798225867687 29.977406068612396 4
    endloop
  endfacet
  facet normal 0.544639035015071 0.8386705679453955 0
    outer loop
      vertex -36.49798225867687 29.977406068612396 0
      vertex -36.49798225867687 29.977406068612396 4
      vertex -36.424798160583016 29.92987975960893 0
    endloop
  endfacet
  facet normal 0 0 1
    outer loop
      vertex -36.49798225867687 29.977406068612396 4
      vertex -36.424798160583016 4.070120240391065 4
      vertex -36.424798160583016 29.92987975960893 4
    endloop
  endfacet
  facet normal 0.544639035015071 0.8386705679453955 0
    outer loop
      vertex -36.49798225867687 29.977406068612396 4
      vertex -36.424798160583016 29.92987975960893 4
      vertex -36.424798160583016 29.92987975960893 0
    endloop
  endfacet
  facet normal 0.544639035015071 -0.8386705679453955 0
    outer loop
      vertex -36.49798225867687 34.1225939313876 0
      vertex -36.424798160583016 34.170120240391064 0
      vertex -36.424798160583016 34.170120240391064 4
    endloop
  endfacet
  facet normal 0.544639035015071 -0.8386705679453955 0
    outer loop
      vertex -36.49798225867687 34.1225939313876 0
      vertex -36.424798160583016 34.170120240391064 4
      vertex -36.49798225867687 34.1225939313876 4
    endloop
  endfacet
  facet normal 0.5150380749100371 0.8571673007021227 0
    outer loop
      vertex -36.424798160583016 -0.170120240391066 0
      vertex -36.424798160583016 -0.170120240391066 4
      vertex -36.35 -0.2150635094610971 0
    endloop
  endfacet
  facet normal 0.5150380749100371 0.8571673007021227 0
    outer loop
      vertex -36.424798160583016 -0.170120240391066 4
      vertex -36.35 -0.2150635094610971 4
      vertex -36.35 -0.2150635094610971 0
    endloop
  endfacet
  facet normal 0 0 -1
    outer loop
      vertex -36.424798160583016 4.070120240391065 0
      vertex -36.424798160583016 29.92987975960893 0
      vertex -36.35 29.884936490538898 0
    endloop
  endfacet
  facet normal 0.5150380749100295 -0.8571673007021271 0
    outer loop
      vertex -36.424798160583016 4.070120240391065 0
      vertex -36.35 4.115063509461095 0
      vertex -36.35 4.115063509461095 4
    endloop
  endfacet
  facet normal 0.5150380749100295 -0.8571673007021271 0
    outer loop
      vertex -36.424798160583016 4.070120240391065 0
      vertex -36.35 4.115063509461095 4
      vertex -36.424798160583016 4.070120240391065 4
    endloop
  endfacet
  facet normal 0 0 -1
    outer loop
      vertex -36.424798160583016 4.070120240391065 0
      vertex -36.35 29.884936490538898 0
      vertex -36.35 4.115063509461095 0
    endloop
  endfacet
  facet normal 0 0 1
    outer loop
      vertex -36.424798160583016 4.070120240391065 4
      vertex -36.35 4.115063509461095 4
      vertex -36.424798160583016 29.92987975960893 4
    endloop
  endfacet
  facet normal 0.5150380749100444 0.8571673007021181 0
    outer loop
      vertex -36.424798160583016 29.92987975960893 0
      vertex -36.424798160583016 29.92987975960893 4
      vertex -36.35 29.884936490538898 0
    endloop
  endfacet
  facet normal 0 0 1
    outer loop
      vertex -36.424798160583016 29.92987975960893 4
      vertex -36.35 4.115063509461095 4
      vertex -36.35 29.884936490538898 4
    endloop
  endfacet
  facet normal 0.5150380749100444 0.8571673007021181 0
    outer loop
      vertex -36.424798160583016 29.92987975960893 4
      vertex -36.35 29.884936490538898 4
      vertex -36.35 29.884936490538898 0
    endloop
  endfacet
  facet normal 0.5150380749100444 -0.8571673007021181 0
    outer loop
      vertex -36.424798160583016 34.170120240391064 0
      vertex -36.35 34.215063509461096 0
      vertex -36.35 34.215063509461096 4
    endloop
  endfacet
  facet normal 0.5150380749100444 -0.8571673007021181 0
    outer loop
      vertex -36.424798160583016 34.170120240391064 0
      vertex -36.35 34.215063509461096 4
      vertex -36.424798160583016 34.170120240391064 4
    endloop
  endfacet
  facet normal 0.484809620246324 0.874619707139403 0
    outer loop
      vertex -36.35 -0.2150635094610971 0
      vertex -36.35 -0.2150635094610971 4
      vertex -36.273678906964726 -0.25736898214731774 0
    endloop
  endfacet
  facet normal 0.484809620246324 0.874619707139403 0
    outer loop
      vertex -36.35 -0.2150635094610971 4
      vertex -36.273678906964726 -0.25736898214731774 4
      vertex -36.273678906964726 -0.25736898214731774 0
    endloop
  endfacet
  facet normal 0 0 -1
    outer loop
      vertex -36.35 4.115063509461095 0
      vertex -36.35 29.884936490538898 0
      vertex -36.273678906964726 29.842631017852682 0
    endloop
  endfacet
  facet normal 0.4848096202463318 -0.8746197071393986 0
    outer loop
      vertex -36.35 4.115063509461095 0
      vertex -36.273678906964726 4.157368982147316 0
      vertex -36.273678906964726 4.157368982147316 4
    endloop
  endfacet
  facet normal 0.4848096202463318 -0.8746197071393986 0
    outer loop
      vertex -36.35 4.115063509461095 0
      vertex -36.273678906964726 4.157368982147316 4
      vertex -36.35 4.115063509461095 4
    endloop
  endfacet
  facet normal 0 0 -1
    outer loop
      vertex -36.35 4.115063509461095 0
      vertex -36.273678906964726 29.842631017852682 0
      vertex -36.273678906964726 4.157368982147316 0
    endloop
  endfacet
  facet normal 0 0 1
    outer loop
      vertex -36.35 4.115063509461095 4
      vertex -36.273678906964726 4.157368982147316 4
      vertex -36.35 29.884936490538898 4
    endloop
  endfacet
  facet normal 0.4848096202462851 0.8746197071394245 0
    outer loop
      vertex -36.35 29.884936490538898 0
      vertex -36.35 29.884936490538898 4
      vertex -36.273678906964726 29.842631017852682 0
    endloop
  endfacet
  facet normal 0 0 1
    outer loop
      vertex -36.35 29.884936490538898 4
      vertex -36.273678906964726 4.157368982147316 4
      vertex -36.273678906964726 29.842631017852682 4
    endloop
  endfacet
  facet normal 0.4848096202462851 0.8746197071394245 0
    outer loop
      vertex -36.35 29.884936490538898 4
      vertex -36.273678906964726 29.842631017852682 4
      vertex -36.273678906964726 29.842631017852682 0
    endloop
  endfacet
  facet normal 0.4848096202462851 -0.8746197071394245 0
    outer loop
      vertex -36.35 34.215063509461096 0
      vertex -36.273678906964726 34.25736898214731 0
      vertex -36.273678906964726 34.25736898214731 4
    endloop
  endfacet
  facet normal 0.4848096202462851 -0.8746197071394245 0
    outer loop
      vertex -36.35 34.215063509461096 0
      vertex -36.273678906964726 34.25736898214731 4
      vertex -36.35 34.215063509461096 4
    endloop
  endfacet
  facet normal 0.45399049973956435 0.8910065241883589 0
    outer loop
      vertex -36.273678906964726 -0.25736898214731774 0
      vertex -36.273678906964726 -0.25736898214731774 4
      vertex -36.195927866972696 -0.2969851157479182 0
    endloop
  endfacet
  facet normal 0.45399049973956435 0.8910065241883589 0
    outer loop
      vertex -36.273678906964726 -0.25736898214731774 4
      vertex -36.195927866972696 -0.2969851157479182 4
      vertex -36.195927866972696 -0.2969851157479182 0
    endloop
  endfacet
  facet normal 0 0 -1
    outer loop
      vertex -36.273678906964726 4.157368982147316 0
      vertex -36.273678906964726 29.842631017852682 0
      vertex -36.195927866972696 29.80301488425208 0
    endloop
  endfacet
  facet normal 0.45399049973957245 -0.8910065241883548 0
    outer loop
      vertex -36.273678906964726 4.157368982147316 0
      vertex -36.195927866972696 4.196985115747918 0
      vertex -36.195927866972696 4.196985115747918 4
    endloop
  endfacet
  facet normal 0.45399049973957245 -0.8910065241883548 0
    outer loop
      vertex -36.273678906964726 4.157368982147316 0
      vertex -36.195927866972696 4.196985115747918 4
      vertex -36.273678906964726 4.157368982147316 4
    endloop
  endfacet
  facet normal 0 0 -1
    outer loop
      vertex -36.273678906964726 4.157368982147316 0
      vertex -36.195927866972696 29.80301488425208 0
      vertex -36.195927866972696 4.196985115747918 0
    endloop
  endfacet
  facet normal 0 0 1
    outer loop
      vertex -36.273678906964726 4.157368982147316 4
      vertex -36.195927866972696 4.196985115747918 4
      vertex -36.273678906964726 29.842631017852682 4
    endloop
  endfacet
  facet normal 0.45399049973958855 0.8910065241883465 0
    outer loop
      vertex -36.273678906964726 29.842631017852682 0
      vertex -36.273678906964726 29.842631017852682 4
      vertex -36.195927866972696 29.80301488425208 0
    endloop
  endfacet
  facet normal 0 0 1
    outer loop
      vertex -36.273678906964726 29.842631017852682 4
      vertex -36.195927866972696 4.196985115747918 4
      vertex -36.195927866972696 29.80301488425208 4
    endloop
  endfacet
  facet normal 0.45399049973958855 0.8910065241883465 0
    outer loop
      vertex -36.273678906964726 29.842631017852682 4
      vertex -36.195927866972696 29.80301488425208 4
      vertex -36.195927866972696 29.80301488425208 0
    endloop
  endfacet
  facet normal 0.45399049973958855 -0.8910065241883465 0
    outer loop
      vertex -36.273678906964726 34.25736898214731 0
      vertex -36.195927866972696 34.296985115747916 0
      vertex -36.195927866972696 34.296985115747916 4
    endloop
  endfacet
  facet normal 0.45399049973958855 -0.8910065241883465 0
    outer loop
      vertex -36.273678906964726 34.25736898214731 0
      vertex -36.195927866972696 34.296985115747916 4
      vertex -36.273678906964726 34.25736898214731 4
    endloop
  endfacet
  facet normal 0.42261826174068867 0.9063077870366549 0
    outer loop
      vertex -36.195927866972696 -0.2969851157479182 0
      vertex -36.195927866972696 -0.2969851157479182 4
      vertex -36.1168416076895 -0.3338636441065024 0
    endloop
  endfacet
  facet normal 0.42261826174068867 0.9063077870366549 0
    outer loop
      vertex -36.195927866972696 -0.2969851157479182 4
      vertex -36.1168416076895 -0.3338636441065024 4
      vertex -36.1168416076895 -0.3338636441065024 0
    endloop
  endfacet
  facet normal 0 0 -1
    outer loop
      vertex -36.195927866972696 4.196985115747918 0
      vertex -36.195927866972696 29.80301488425208 0
      vertex -36.1168416076895 29.766136355893494 0
    endloop
  endfacet
  facet normal 0.42261826174068035 -0.9063077870366588 0
    outer loop
      vertex -36.195927866972696 4.196985115747918 0
      vertex -36.1168416076895 4.233863644106501 0
      vertex -36.1168416076895 4.233863644106501 4
    endloop
  endfacet
  facet normal 0.42261826174068035 -0.9063077870366588 0
    outer loop
      vertex -36.195927866972696 4.196985115747918 0
      vertex -36.1168416076895 4.233863644106501 4
      vertex -36.195927866972696 4.196985115747918 4
    endloop
  endfacet
  facet normal 0 0 -1
    outer loop
      vertex -36.195927866972696 4.196985115747918 0
      vertex -36.1168416076895 29.766136355893494 0
      vertex -36.1168416076895 4.233863644106501 0
    endloop
  endfacet
  facet normal 0 0 1
    outer loop
      vertex -36.195927866972696 4.196985115747918 4
      vertex -36.1168416076895 4.233863644106501 4
      vertex -36.195927866972696 29.80301488425208 4
    endloop
  endfacet
  facet normal 0.42261826174069705 0.906307787036651 0
    outer loop
      vertex -36.195927866972696 29.80301488425208 0
      vertex -36.195927866972696 29.80301488425208 4
      vertex -36.1168416076895 29.766136355893494 0
    endloop
  endfacet
  facet normal 0 0 1
    outer loop
      vertex -36.195927866972696 29.80301488425208 4
      vertex -36.1168416076895 4.233863644106501 4
      vertex -36.1168416076895 29.766136355893494 4
    endloop
  endfacet
  facet normal 0.42261826174069705 0.906307787036651 0
    outer loop
      vertex -36.195927866972696 29.80301488425208 4
      vertex -36.1168416076895 29.766136355893494 4
      vertex -36.1168416076895 29.766136355893494 0
    endloop
  endfacet
  facet normal 0.42261826174069705 -0.906307787036651 0
    outer loop
      vertex -36.195927866972696 34.296985115747916 0
      vertex -36.1168416076895 34.3338636441065 0
      vertex -36.1168416076895 34.3338636441065 4
    endloop
  endfacet
  facet normal 0.42261826174069705 -0.906307787036651 0
    outer loop
      vertex -36.195927866972696 34.296985115747916 0
      vertex -36.1168416076895 34.3338636441065 4
      vertex -36.195927866972696 34.296985115747916 4
    endloop
  endfacet
  facet normal 0.39073112848930047 0.920504853452429 0
    outer loop
      vertex -36.1168416076895 -0.3338636441065024 0
      vertex -36.1168416076895 -0.3338636441065024 4
      vertex -36.036516483539785 -0.3679596364169697 0
    endloop
  endfacet
  facet normal 0.39073112848930047 0.920504853452429 0
    outer loop
      vertex -36.1168416076895 -0.3338636441065024 4
      vertex -36.036516483539785 -0.3679596364169697 4
      vertex -36.036516483539785 -0.3679596364169697 0
    endloop
  endfacet
  facet normal 0 0 -1
    outer loop
      vertex -36.1168416076895 4.233863644106501 0
      vertex -36.1168416076895 29.766136355893494 0
      vertex -36.036516483539785 29.73204036358303 0
    endloop
  endfacet
  facet normal 0.39073112848930047 -0.920504853452429 0
    outer loop
      vertex -36.1168416076895 4.233863644106501 0
      vertex -36.036516483539785 4.267959636416968 0
      vertex -36.036516483539785 4.267959636416968 4
    endloop
  endfacet
  facet normal 0.39073112848930047 -0.920504853452429 0
    outer loop
      vertex -36.1168416076895 4.233863644106501 0
      vertex -36.036516483539785 4.267959636416968 4
      vertex -36.1168416076895 4.233863644106501 4
    endloop
  endfacet
  facet normal 0 0 -1
    outer loop
      vertex -36.1168416076895 4.233863644106501 0
      vertex -36.036516483539785 29.73204036358303 0
      vertex -36.036516483539785 4.267959636416968 0
    endloop
  endfacet
  facet normal 0 0 1
    outer loop
      vertex -36.1168416076895 4.233863644106501 4
      vertex -36.036516483539785 4.267959636416968 4
      vertex -36.1168416076895 29.766136355893494 4
    endloop
  endfacet
  facet normal 0.3907311284892487 0.9205048534524509 0
    outer loop
      vertex -36.1168416076895 29.766136355893494 0
      vertex -36.1168416076895 29.766136355893494 4
      vertex -36.036516483539785 29.73204036358303 0
    endloop
  endfacet
  facet normal 0 0 1
    outer loop
      vertex -36.1168416076895 29.766136355893494 4
      vertex -36.036516483539785 4.267959636416968 4
      vertex -36.036516483539785 29.73204036358303 4
    endloop
  endfacet
  facet normal 0.3907311284892487 0.9205048534524509 0
    outer loop
      vertex -36.1168416076895 29.766136355893494 4
      vertex -36.036516483539785 29.73204036358303 4
      vertex -36.036516483539785 29.73204036358303 0
    endloop
  endfacet
  facet normal 0.3907311284892487 -0.9205048534524509 0
    outer loop
      vertex -36.1168416076895 34.3338636441065 0
      vertex -36.036516483539785 34.36795963641696 0
      vertex -36.036516483539785 34.36795963641696 4
    endloop
  endfacet
  facet normal 0.3907311284892487 -0.9205048534524509 0
    outer loop
      vertex -36.1168416076895 34.3338636441065 0
      vertex -36.036516483539785 34.36795963641696 4
      vertex -36.1168416076895 34.3338636441065 4
    endloop
  endfacet
  facet normal 0.35836794954529133 0.9335804264972052 0
    outer loop
      vertex -36.036516483539785 -0.3679596364169697 0
      vertex -36.036516483539785 -0.3679596364169697 4
      vertex -35.955050358314175 -0.399231551964772 0
    endloop
  endfacet
  facet normal 0.35836794954529133 0.9335804264972052 0
    outer loop
      vertex -36.036516483539785 -0.3679596364169697 4
      vertex -35.955050358314175 -0.399231551964772 4
      vertex -35.955050358314175 -0.399231551964772 0
    endloop
  endfacet
  facet normal 0 0 -1
    outer loop
      vertex -36.036516483539785 4.267959636416968 0
      vertex -36.036516483539785 29.73204036358303 0
      vertex -35.955050358314175 29.700768448035227 0
    endloop
  endfacet
  facet normal 0.35836794954528245 -0.9335804264972085 0
    outer loop
      vertex -36.036516483539785 4.267959636416968 0
      vertex -35.955050358314175 4.29923155196477 0
      vertex -35.955050358314175 4.29923155196477 4
    endloop
  endfacet
  facet normal 0.35836794954528245 -0.9335804264972085 0
    outer loop
      vertex -36.036516483539785 4.267959636416968 0
      vertex -35.955050358314175 4.29923155196477 4
      vertex -36.036516483539785 4.267959636416968 4
    endloop
  endfacet
  facet normal 0 0 -1
    outer loop
      vertex -36.036516483539785 4.267959636416968 0
      vertex -35.955050358314175 29.700768448035227 0
      vertex -35.955050358314175 4.29923155196477 0
    endloop
  endfacet
  facet normal 0 0 1
    outer loop
      vertex -36.036516483539785 4.267959636416968 4
      vertex -35.955050358314175 4.29923155196477 4
      vertex -36.036516483539785 29.73204036358303 4
    endloop
  endfacet
  facet normal 0.358367949545318 0.933580426497195 0
    outer loop
      vertex -36.036516483539785 29.73204036358303 0
      vertex -36.036516483539785 29.73204036358303 4
      vertex -35.955050358314175 29.700768448035227 0
    endloop
  endfacet
  facet normal 0 0 1
    outer loop
      vertex -36.036516483539785 29.73204036358303 4
      vertex -35.955050358314175 4.29923155196477 4
      vertex -35.955050358314175 29.700768448035227 4
    endloop
  endfacet
  facet normal 0.358367949545318 0.933580426497195 0
    outer loop
      vertex -36.036516483539785 29.73204036358303 4
      vertex -35.955050358314175 29.700768448035227 4
      vertex -35.955050358314175 29.700768448035227 0
    endloop
  endfacet
  facet normal 0.358367949545318 -0.933580426497195 0
    outer loop
      vertex -36.036516483539785 34.36795963641696 0
      vertex -35.955050358314175 34.39923155196477 0
      vertex -35.955050358314175 34.39923155196477 4
    endloop
  endfacet
  facet normal 0.358367949545318 -0.933580426497195 0
    outer loop
      vertex -36.036516483539785 34.36795963641696 0
      vertex -35.955050358314175 34.39923155196477 4
      vertex -36.036516483539785 34.36795963641696 4
    endloop
  endfacet
  facet normal 0.3255681544571611 0.9455185755993154 0
    outer loop
      vertex -35.955050358314175 -0.399231551964772 0
      vertex -35.955050358314175 -0.399231551964772 4
      vertex -35.87254248593737 -0.4276412907378848 0
    endloop
  endfacet
  facet normal 0.3255681544571611 0.9455185755993154 0
    outer loop
      vertex -35.955050358314175 -0.399231551964772 4
      vertex -35.87254248593737 -0.4276412907378848 4
      vertex -35.87254248593737 -0.4276412907378848 0
    endloop
  endfacet
  facet normal 0 0 -1
    outer loop
      vertex -35.955050358314175 4.29923155196477 0
      vertex -35.955050358314175 29.700768448035227 0
      vertex -35.87254248593737 29.672358709262113 0
    endloop
  endfacet
  facet normal 0.3255681544571702 -0.9455185755993122 0
    outer loop
      vertex -35.955050358314175 4.29923155196477 0
      vertex -35.87254248593737 4.327641290737883 0
      vertex -35.87254248593737 4.327641290737883 4
    endloop
  endfacet
  facet normal 0.3255681544571702 -0.9455185755993122 0
    outer loop
      vertex -35.955050358314175 4.29923155196477 0
      vertex -35.87254248593737 4.327641290737883 4
      vertex -35.955050358314175 4.29923155196477 4
    endloop
  endfacet
  facet normal 0 0 -1
    outer loop
      vertex -35.955050358314175 4.29923155196477 0
      vertex -35.87254248593737 29.672358709262113 0
      vertex -35.87254248593737 4.327641290737883 0
    endloop
  endfacet
  facet normal 0 0 1
    outer loop
      vertex -35.955050358314175 4.29923155196477 4
      vertex -35.87254248593737 4.327641290737883 4
      vertex -35.955050358314175 29.700768448035227 4
    endloop
  endfacet
  facet normal 0.3255681544571702 0.9455185755993122 0
    outer loop
      vertex -35.955050358314175 29.700768448035227 0
      vertex -35.955050358314175 29.700768448035227 4
      vertex -35.87254248593737 29.672358709262113 0
    endloop
  endfacet
  facet normal 0 0 1
    outer loop
      vertex -35.955050358314175 29.700768448035227 4
      vertex -35.87254248593737 4.327641290737883 4
      vertex -35.87254248593737 29.672358709262113 4
    endloop
  endfacet
  facet normal 0.3255681544571702 0.9455185755993122 0
    outer loop
      vertex -35.955050358314175 29.700768448035227 4
      vertex -35.87254248593737 29.672358709262113 4
      vertex -35.87254248593737 29.672358709262113 0
    endloop
  endfacet
  facet normal 0.3255681544571702 -0.9455185755993122 0
    outer loop
      vertex -35.955050358314175 34.39923155196477 0
      vertex -35.87254248593737 34.42764129073788 0
      vertex -35.87254248593737 34.42764129073788 4
    endloop
  endfacet
  facet normal 0.3255681544571702 -0.9455185755993122 0
    outer loop
      vertex -35.955050358314175 34.39923155196477 0
      vertex -35.87254248593737 34.42764129073788 4
      vertex -35.955050358314175 34.39923155196477 4
    endloop
  endfacet
  facet normal 0.29237170472272994 0.9563047559630375 0
    outer loop
      vertex -35.87254248593737 -0.4276412907378848 0
      vertex -35.87254248593737 -0.4276412907378848 4
      vertex -35.7890933895425 -0.45315423984579795 0
    endloop
  endfacet
  facet normal 0.29237170472272994 0.9563047559630375 0
    outer loop
      vertex -35.87254248593737 -0.4276412907378848 4
      vertex -35.7890933895425 -0.45315423984579795 4
      vertex -35.7890933895425 -0.45315423984579795 0
    endloop
  endfacet
  facet normal 0 0 -1
    outer loop
      vertex -35.87254248593737 4.327641290737883 0
      vertex -35.87254248593737 29.672358709262113 0
      vertex -35.7890933895425 29.6468457601542 0
    endloop
  endfacet
  facet normal 0.29237170472272994 -0.9563047559630375 0
    outer loop
      vertex -35.87254248593737 4.327641290737883 0
      vertex -35.7890933895425 4.3531542398457965 0
      vertex -35.7890933895425 4.3531542398457965 4
    endloop
  endfacet
  facet normal 0.29237170472272994 -0.9563047559630375 0
    outer loop
      vertex -35.87254248593737 4.327641290737883 0
      vertex -35.7890933895425 4.3531542398457965 4
      vertex -35.87254248593737 4.327641290737883 4
    endloop
  endfacet
  facet normal 0 0 -1
    outer loop
      vertex -35.87254248593737 4.327641290737883 0
      vertex -35.7890933895425 29.6468457601542 0
      vertex -35.7890933895425 4.3531542398457965 0
    endloop
  endfacet
  facet normal 0 0 1
    outer loop
      vertex -35.87254248593737 4.327641290737883 4
      vertex -35.7890933895425 4.3531542398457965 4
      vertex -35.87254248593737 29.672358709262113 4
    endloop
  endfacet
  facet normal 0.29237170472272994 0.9563047559630375 0
    outer loop
      vertex -35.87254248593737 29.672358709262113 0
      vertex -35.87254248593737 29.672358709262113 4
      vertex -35.7890933895425 29.6468457601542 0
    endloop
  endfacet
  facet normal 0 0 1
    outer loop
      vertex -35.87254248593737 29.672358709262113 4
      vertex -35.7890933895425 4.3531542398457965 4
      vertex -35.7890933895425 29.6468457601542 4
    endloop
  endfacet
  facet normal 0.29237170472272994 0.9563047559630375 0
    outer loop
      vertex -35.87254248593737 29.672358709262113 4
      vertex -35.7890933895425 29.6468457601542 4
      vertex -35.7890933895425 29.6468457601542 0
    endloop
  endfacet
  facet normal 0.29237170472272994 -0.9563047559630375 0
    outer loop
      vertex -35.87254248593737 34.42764129073788 0
      vertex -35.7890933895425 34.453154239845794 0
      vertex -35.7890933895425 34.453154239845794 4
    endloop
  endfacet
  facet normal 0.29237170472272994 -0.9563047559630375 0
    outer loop
      vertex -35.87254248593737 34.42764129073788 0
      vertex -35.7890933895425 34.453154239845794 4
      vertex -35.87254248593737 34.42764129073788 4
    endloop
  endfacet
  facet normal 0.2588190451025246 0.9659258262890672 0
    outer loop
      vertex -35.7890933895425 -0.45315423984579795 0
      vertex -35.7890933895425 -0.45315423984579795 4
      vertex -35.70480473899917 -0.4757393156899923 0
    endloop
  endfacet
  facet normal 0.2588190451025246 0.9659258262890672 0
    outer loop
      vertex -35.7890933895425 -0.45315423984579795 4
      vertex -35.70480473899917 -0.4757393156899923 4
      vertex -35.70480473899917 -0.4757393156899923 0
    endloop
  endfacet
  facet normal 0 0 -1
    outer loop
      vertex -35.7890933895425 4.3531542398457965 0
      vertex -35.7890933895425 29.6468457601542 0
      vertex -35.70480473899917 29.62426068431001 0
    endloop
  endfacet
  facet normal 0.2588190451025246 -0.9659258262890672 0
    outer loop
      vertex -35.7890933895425 4.3531542398457965 0
      vertex -35.70480473899917 4.375739315689991 0
      vertex -35.70480473899917 4.375739315689991 4
    endloop
  endfacet
  facet normal 0.2588190451025246 -0.9659258262890672 0
    outer loop
      vertex -35.7890933895425 4.3531542398457965 0
      vertex -35.70480473899917 4.375739315689991 4
      vertex -35.7890933895425 4.3531542398457965 4
    endloop
  endfacet
  facet normal 0 0 -1
    outer loop
      vertex -35.7890933895425 4.3531542398457965 0
      vertex -35.70480473899917 29.62426068431001 0
      vertex -35.70480473899917 4.375739315689991 0
    endloop
  endfacet
  facet normal 0 0 1
    outer loop
      vertex -35.7890933895425 4.3531542398457965 4
      vertex -35.70480473899917 4.375739315689991 4
      vertex -35.7890933895425 29.6468457601542 4
    endloop
  endfacet
  facet normal 0.25881904510248666 0.9659258262890773 0
    outer loop
      vertex -35.7890933895425 29.6468457601542 0
      vertex -35.7890933895425 29.6468457601542 4
      vertex -35.70480473899917 29.62426068431001 0
    endloop
  endfacet
  facet normal 0 0 1
    outer loop
      vertex -35.7890933895425 29.6468457601542 4
      vertex -35.70480473899917 4.375739315689991 4
      vertex -35.70480473899917 29.62426068431001 4
    endloop
  endfacet
  facet normal 0.25881904510248666 0.9659258262890773 0
    outer loop
      vertex -35.7890933895425 29.6468457601542 4
      vertex -35.70480473899917 29.62426068431001 4
      vertex -35.70480473899917 29.62426068431001 0
    endloop
  endfacet
  facet normal 0.25881904510248666 -0.9659258262890773 0
    outer loop
      vertex -35.7890933895425 34.453154239845794 0
      vertex -35.70480473899917 34.475739315689985 0
      vertex -35.70480473899917 34.475739315689985 4
    endloop
  endfacet
  facet normal 0.25881904510248666 -0.9659258262890773 0
    outer loop
      vertex -35.7890933895425 34.453154239845794 0
      vertex -35.70480473899917 34.475739315689985 4
      vertex -35.7890933895425 34.453154239845794 4
    endloop
  endfacet
  facet normal 0.22495105434385107 0.9743700647852385 0
    outer loop
      vertex -35.70480473899917 -0.4757393156899923 0
      vertex -35.70480473899917 -0.4757393156899923 4
      vertex -35.6197792270444 -0.49536900183451493 0
    endloop
  endfacet
  facet normal 0.22495105434385107 0.9743700647852385 0
    outer loop
      vertex -35.70480473899917 -0.4757393156899923 4
      vertex -35.6197792270444 -0.49536900183451493 4
      vertex -35.6197792270444 -0.49536900183451493 0
    endloop
  endfacet
  facet normal 0 0 -1
    outer loop
      vertex -35.70480473899917 4.375739315689991 0
      vertex -35.70480473899917 29.62426068431001 0
      vertex -35.6197792270444 29.604630998165483 0
    endloop
  endfacet
  facet normal 0.22495105434385107 -0.9743700647852385 0
    outer loop
      vertex -35.70480473899917 4.375739315689991 0
      vertex -35.6197792270444 4.3953690018345135 0
      vertex -35.6197792270444 4.3953690018345135 4
    endloop
  endfacet
  facet normal 0.22495105434385107 -0.9743700647852385 0
    outer loop
      vertex -35.70480473899917 4.375739315689991 0
      vertex -35.6197792270444 4.3953690018345135 4
      vertex -35.70480473899917 4.375739315689991 4
    endloop
  endfacet
  facet normal 0 0 -1
    outer loop
      vertex -35.70480473899917 4.375739315689991 0
      vertex -35.6197792270444 29.604630998165483 0
      vertex -35.6197792270444 4.3953690018345135 0
    endloop
  endfacet
  facet normal 0 0 1
    outer loop
      vertex -35.70480473899917 4.375739315689991 4
      vertex -35.6197792270444 4.3953690018345135 4
      vertex -35.70480473899917 29.62426068431001 4
    endloop
  endfacet
  facet normal 0.22495105434388973 0.9743700647852296 0
    outer loop
      vertex -35.70480473899917 29.62426068431001 0
      vertex -35.70480473899917 29.62426068431001 4
      vertex -35.6197792270444 29.604630998165483 0
    endloop
  endfacet
  facet normal 0 0 1
    outer loop
      vertex -35.70480473899917 29.62426068431001 4
      vertex -35.6197792270444 4.3953690018345135 4
      vertex -35.6197792270444 29.604630998165483 4
    endloop
  endfacet
  facet normal 0.22495105434388973 0.9743700647852296 0
    outer loop
      vertex -35.70480473899917 29.62426068431001 4
      vertex -35.6197792270444 29.604630998165483 4
      vertex -35.6197792270444 29.604630998165483 0
    endloop
  endfacet
  facet normal 0.22495105434388973 -0.9743700647852296 0
    outer loop
      vertex -35.70480473899917 34.475739315689985 0
      vertex -35.6197792270444 34.49536900183451 0
      vertex -35.6197792270444 34.49536900183451 4
    endloop
  endfacet
  facet normal 0.22495105434388973 -0.9743700647852296 0
    outer loop
      vertex -35.70480473899917 34.475739315689985 0
      vertex -35.6197792270444 34.49536900183451 4
      vertex -35.70480473899917 34.475739315689985 4
    endloop
  endfacet
  facet normal 0.19080899537654897 0.9816271834476631 0
    outer loop
      vertex -35.6197792270444 -0.49536900183451493 0
      vertex -35.6197792270444 -0.49536900183451493 4
      vertex -35.53412044416733 -0.5120193825305206 0
    endloop
  endfacet
  facet normal 0.19080899537654897 0.9816271834476631 0
    outer loop
      vertex -35.6197792270444 -0.49536900183451493 4
      vertex -35.53412044416733 -0.5120193825305206 4
      vertex -35.53412044416733 -0.5120193825305206 0
    endloop
  endfacet
  facet normal 0 0 -1
    outer loop
      vertex -35.6197792270444 4.3953690018345135 0
      vertex -35.6197792270444 29.604630998165483 0
      vertex -35.53412044416733 29.587980617469476 0
    endloop
  endfacet
  facet normal 0.1908089953765588 -0.9816271834476613 0
    outer loop
      vertex -35.6197792270444 4.3953690018345135 0
      vertex -35.53412044416733 4.41201938253052 0
      vertex -35.53412044416733 4.41201938253052 4
    endloop
  endfacet
  facet normal 0.1908089953765588 -0.9816271834476613 0
    outer loop
      vertex -35.6197792270444 4.3953690018345135 0
      vertex -35.53412044416733 4.41201938253052 4
      vertex -35.6197792270444 4.3953690018345135 4
    endloop
  endfacet
  facet normal 0 0 -1
    outer loop
      vertex -35.6197792270444 4.3953690018345135 0
      vertex -35.53412044416733 29.587980617469476 0
      vertex -35.53412044416733 4.41201938253052 0
    endloop
  endfacet
  facet normal 0 0 1
    outer loop
      vertex -35.6197792270444 4.3953690018345135 4
      vertex -35.53412044416733 4.41201938253052 4
      vertex -35.6197792270444 29.604630998165483 4
    endloop
  endfacet
  facet normal 0.1908089953765588 0.9816271834476613 0
    outer loop
      vertex -35.6197792270444 29.604630998165483 0
      vertex -35.6197792270444 29.604630998165483 4
      vertex -35.53412044416733 29.587980617469476 0
    endloop
  endfacet
  facet normal 0 0 1
    outer loop
      vertex -35.6197792270444 29.604630998165483 4
      vertex -35.53412044416733 4.41201938253052 4
      vertex -35.53412044416733 29.587980617469476 4
    endloop
  endfacet
  facet normal 0.1908089953765588 0.9816271834476613 0
    outer loop
      vertex -35.6197792270444 29.604630998165483 4
      vertex -35.53412044416733 29.587980617469476 4
      vertex -35.53412044416733 29.587980617469476 0
    endloop
  endfacet
  facet normal 0.1908089953765588 -0.9816271834476613 0
    outer loop
      vertex -35.6197792270444 34.49536900183451 0
      vertex -35.53412044416733 34.51201938253052 0
      vertex -35.53412044416733 34.51201938253052 4
    endloop
  endfacet
  facet normal 0.1908089953765588 -0.9816271834476613 0
    outer loop
      vertex -35.6197792270444 34.49536900183451 0
      vertex -35.53412044416733 34.51201938253052 4
      vertex -35.6197792270444 34.49536900183451 4
    endloop
  endfacet
  facet normal 0.15643446504022884 0.9876883405951381 0
    outer loop
      vertex -35.53412044416733 -0.5120193825305206 0
      vertex -35.53412044416733 -0.5120193825305206 4
      vertex -35.44793275240016 -0.5256701718539265 0
    endloop
  endfacet
  facet normal 0.15643446504022884 0.9876883405951381 0
    outer loop
      vertex -35.53412044416733 -0.5120193825305206 4
      vertex -35.44793275240016 -0.5256701718539265 4
      vertex -35.44793275240016 -0.5256701718539265 0
    endloop
  endfacet
  facet normal 0 0 -1
    outer loop
      vertex -35.53412044416733 4.41201938253052 0
      vertex -35.53412044416733 29.587980617469476 0
      vertex -35.44793275240016 29.57432982814607 0
    endloop
  endfacet
  facet normal 0.1564344650402189 -0.9876883405951397 0
    outer loop
      vertex -35.53412044416733 4.41201938253052 0
      vertex -35.44793275240016 4.425670171853925 0
      vertex -35.44793275240016 4.425670171853925 4
    endloop
  endfacet
  facet normal 0.1564344650402189 -0.9876883405951397 0
    outer loop
      vertex -35.53412044416733 4.41201938253052 0
      vertex -35.44793275240016 4.425670171853925 4
      vertex -35.53412044416733 4.41201938253052 4
    endloop
  endfacet
  facet normal 0 0 -1
    outer loop
      vertex -35.53412044416733 4.41201938253052 0
      vertex -35.44793275240016 29.57432982814607 0
      vertex -35.44793275240016 4.425670171853925 0
    endloop
  endfacet
  facet normal 0 0 1
    outer loop
      vertex -35.53412044416733 4.41201938253052 4
      vertex -35.44793275240016 4.425670171853925 4
      vertex -35.53412044416733 29.587980617469476 4
    endloop
  endfacet
  facet normal 0.15643446504023878 0.9876883405951365 0
    outer loop
      vertex -35.53412044416733 29.587980617469476 0
      vertex -35.53412044416733 29.587980617469476 4
      vertex -35.44793275240016 29.57432982814607 0
    endloop
  endfacet
  facet normal 0 0 1
    outer loop
      vertex -35.53412044416733 29.587980617469476 4
      vertex -35.44793275240016 4.425670171853925 4
      vertex -35.44793275240016 29.57432982814607 4
    endloop
  endfacet
  facet normal 0.15643446504023878 0.9876883405951365 0
    outer loop
      vertex -35.53412044416733 29.587980617469476 4
      vertex -35.44793275240016 29.57432982814607 4
      vertex -35.44793275240016 29.57432982814607 0
    endloop
  endfacet
  facet normal 0.15643446504023878 -0.9876883405951365 0
    outer loop
      vertex -35.53412044416733 34.51201938253052 0
      vertex -35.44793275240016 34.525670171853925 0
      vertex -35.44793275240016 34.525670171853925 4
    endloop
  endfacet
  facet normal 0.15643446504023878 -0.9876883405951365 0
    outer loop
      vertex -35.53412044416733 34.51201938253052 0
      vertex -35.44793275240016 34.525670171853925 4
      vertex -35.53412044416733 34.51201938253052 4
    endloop
  endfacet
  facet normal 0.12186934340514702 0.992546151641322 0
    outer loop
      vertex -35.44793275240016 -0.5256701718539265 0
      vertex -35.44793275240016 -0.5256701718539265 4
      vertex -35.36132115816913 -0.536304738420684 0
    endloop
  endfacet
  facet normal 0.12186934340514702 0.992546151641322 0
    outer loop
      vertex -35.44793275240016 -0.5256701718539265 4
      vertex -35.36132115816913 -0.536304738420684 4
      vertex -35.36132115816913 -0.536304738420684 0
    endloop
  endfacet
  facet normal 0 0 -1
    outer loop
      vertex -35.44793275240016 4.425670171853925 0
      vertex -35.44793275240016 29.57432982814607 0
      vertex -35.36132115816913 29.563695261579312 0
    endloop
  endfacet
  facet normal 0.12186934340514702 -0.992546151641322 0
    outer loop
      vertex -35.44793275240016 4.425670171853925 0
      vertex -35.36132115816913 4.436304738420683 0
      vertex -35.36132115816913 4.436304738420683 4
    endloop
  endfacet
  facet normal 0.12186934340514702 -0.992546151641322 0
    outer loop
      vertex -35.44793275240016 4.425670171853925 0
      vertex -35.36132115816913 4.436304738420683 4
      vertex -35.44793275240016 4.425670171853925 4
    endloop
  endfacet
  facet normal 0 0 -1
    outer loop
      vertex -35.44793275240016 4.425670171853925 0
      vertex -35.36132115816913 29.563695261579312 0
      vertex -35.36132115816913 4.436304738420683 0
    endloop
  endfacet
  facet normal 0 0 1
    outer loop
      vertex -35.44793275240016 4.425670171853925 4
      vertex -35.36132115816913 4.436304738420683 4
      vertex -35.44793275240016 29.57432982814607 4
    endloop
  endfacet
  facet normal 0.12186934340514702 0.992546151641322 0
    outer loop
      vertex -35.44793275240016 29.57432982814607 0
      vertex -35.44793275240016 29.57432982814607 4
      vertex -35.36132115816913 29.563695261579312 0
    endloop
  endfacet
  facet normal 0 0 1
    outer loop
      vertex -35.44793275240016 29.57432982814607 4
      vertex -35.36132115816913 4.436304738420683 4
      vertex -35.36132115816913 29.563695261579312 4
    endloop
  endfacet
  facet normal 0.12186934340514702 0.992546151641322 0
    outer loop
      vertex -35.44793275240016 29.57432982814607 4
      vertex -35.36132115816913 29.563695261579312 4
      vertex -35.36132115816913 29.563695261579312 0
    endloop
  endfacet
  facet normal 0.12186934340514702 -0.992546151641322 0
    outer loop
      vertex -35.44793275240016 34.525670171853925 0
      vertex -35.36132115816913 34.53630473842068 0
      vertex -35.36132115816913 34.53630473842068 4
    endloop
  endfacet
  facet normal 0.12186934340514702 -0.992546151641322 0
    outer loop
      vertex -35.44793275240016 34.525670171853925 0
      vertex -35.36132115816913 34.53630473842068 4
      vertex -35.44793275240016 34.525670171853925 4
    endloop
  endfacet
  facet normal 0.08715574274765692 0.9961946980917457 0
    outer loop
      vertex -35.36132115816913 -0.536304738420684 0
      vertex -35.36132115816913 -0.536304738420684 4
      vertex -35.27439118436031 -0.5439101256495613 0
    endloop
  endfacet
  facet normal 0.08715574274765692 0.9961946980917457 0
    outer loop
      vertex -35.36132115816913 -0.536304738420684 4
      vertex -35.27439118436031 -0.5439101256495613 4
      vertex -35.27439118436031 -0.5439101256495613 0
    endloop
  endfacet
  facet normal 0 0 -1
    outer loop
      vertex -35.36132115816913 4.436304738420683 0
      vertex -35.36132115816913 29.563695261579312 0
      vertex -35.27439118436031 29.556089874350434 0
    endloop
  endfacet
  facet normal 0.0871557427476468 -0.9961946980917464 0
    outer loop
      vertex -35.36132115816913 4.436304738420683 0
      vertex -35.27439118436031 4.443910125649559 0
      vertex -35.27439118436031 4.443910125649559 4
    endloop
  endfacet
  facet normal 0.0871557427476468 -0.9961946980917464 0
    outer loop
      vertex -35.36132115816913 4.436304738420683 0
      vertex -35.27439118436031 4.443910125649559 4
      vertex -35.36132115816913 4.436304738420683 4
    endloop
  endfacet
  facet normal 0 0 -1
    outer loop
      vertex -35.36132115816913 4.436304738420683 0
      vertex -35.27439118436031 29.556089874350434 0
      vertex -35.27439118436031 4.443910125649559 0
    endloop
  endfacet
  facet normal 0 0 1
    outer loop
      vertex -35.36132115816913 4.436304738420683 4
      vertex -35.27439118436031 4.443910125649559 4
      vertex -35.36132115816913 29.563695261579312 4
    endloop
  endfacet
  facet normal 0.087155742747667 0.9961946980917448 0
    outer loop
      vertex -35.36132115816913 29.563695261579312 0
      vertex -35.36132115816913 29.563695261579312 4
      vertex -35.27439118436031 29.556089874350434 0
    endloop
  endfacet
  facet normal 0 0 1
    outer loop
      vertex -35.36132115816913 29.563695261579312 4
      vertex -35.27439118436031 4.443910125649559 4
      vertex -35.27439118436031 29.556089874350434 4
    endloop
  endfacet
  facet normal 0.087155742747667 0.9961946980917448 0
    outer loop
      vertex -35.36132115816913 29.563695261579312 4
      vertex -35.27439118436031 29.556089874350434 4
      vertex -35.27439118436031 29.556089874350434 0
    endloop
  endfacet
  facet normal 0.087155742747667 -0.9961946980917448 0
    outer loop
      vertex -35.36132115816913 34.53630473842068 0
      vertex -35.27439118436031 34.54391012564956 0
      vertex -35.27439118436031 34.54391012564956 4
    endloop
  endfacet
  facet normal 0.087155742747667 -0.9961946980917448 0
    outer loop
      vertex -35.36132115816913 34.53630473842068 0
      vertex -35.27439118436031 34.54391012564956 4
      vertex -35.36132115816913 34.53630473842068 4
    endloop
  endfacet
  facet normal 0 0 -1
    outer loop
      vertex -35.36132115816913 34.53630473842068 0
      vertex -30.1 42 0
      vertex 15.976645435244164 42 0
    endloop
  endfacet
  facet normal 0 0 -1
    outer loop
      vertex -35.36132115816913 34.53630473842068 0
      vertex 14.348962483654407 39.45302767375822 0
      vertex -35.27439118436031 34.54391012564956 0
    endloop
  endfacet
  facet normal 0 0 -1
    outer loop
      vertex -35.36132115816913 34.53630473842068 0
      vertex 15.976645435244164 42 0
      vertex 14.348962483654407 39.45302767375822 0
    endloop
  endfacet
  facet normal 0.05233595624294662 0.9986295347545737 0
    outer loop
      vertex -35.27439118436031 -0.5439101256495613 0
      vertex -35.27439118436031 -0.5439101256495613 4
      vertex -35.18724874175626 -0.54847706754774 0
    endloop
  endfacet
  facet normal 0.05233595624294662 0.9986295347545737 0
    outer loop
      vertex -35.27439118436031 -0.5439101256495613 4
      vertex -35.18724874175626 -0.54847706754774 4
      vertex -35.18724874175626 -0.54847706754774 0
    endloop
  endfacet
  facet normal 0 0 -1
    outer loop
      vertex -35.27439118436031 4.443910125649559 0
      vertex -35.27439118436031 29.556089874350434 0
      vertex -35.18724874175626 29.551522932452258 0
    endloop
  endfacet
  facet normal 0.05233595624295677 -0.9986295347545732 0
    outer loop
      vertex -35.27439118436031 4.443910125649559 0
      vertex -35.18724874175626 4.4484770675477385 0
      vertex -35.18724874175626 4.4484770675477385 4
    endloop
  endfacet
  facet normal 0.05233595624295677 -0.9986295347545732 0
    outer loop
      vertex -35.27439118436031 4.443910125649559 0
      vertex -35.18724874175626 4.4484770675477385 4
      vertex -35.27439118436031 4.443910125649559 4
    endloop
  endfacet
  facet normal 0 0 -1
    outer loop
      vertex -35.27439118436031 4.443910125649559 0
      vertex -35.18724874175626 29.551522932452258 0
      vertex -35.18724874175626 4.4484770675477385 0
    endloop
  endfacet
  facet normal 0 0 1
    outer loop
      vertex -35.27439118436031 4.443910125649559 4
      vertex -35.18724874175626 4.4484770675477385 4
      vertex -35.27439118436031 29.556089874350434 4
    endloop
  endfacet
  facet normal 0.05233595624291616 0.9986295347545753 0
    outer loop
      vertex -35.27439118436031 29.556089874350434 0
      vertex -35.27439118436031 29.556089874350434 4
      vertex -35.18724874175626 29.551522932452258 0
    endloop
  endfacet
  facet normal 0 0 1
    outer loop
      vertex -35.27439118436031 29.556089874350434 4
      vertex -35.18724874175626 4.4484770675477385 4
      vertex -35.18724874175626 29.551522932452258 4
    endloop
  endfacet
  facet normal 0.05233595624291616 0.9986295347545753 0
    outer loop
      vertex -35.27439118436031 29.556089874350434 4
      vertex -35.18724874175626 29.551522932452258 4
      vertex -35.18724874175626 29.551522932452258 0
    endloop
  endfacet
  facet normal 0.05233595624291616 -0.9986295347545753 0
    outer loop
      vertex -35.27439118436031 34.54391012564956 0
      vertex -35.18724874175626 34.548477067547736 0
      vertex -35.18724874175626 34.548477067547736 4
    endloop
  endfacet
  facet normal 0.05233595624291616 -0.9986295347545753 0
    outer loop
      vertex -35.27439118436031 34.54391012564956 0
      vertex -35.18724874175626 34.548477067547736 4
      vertex -35.27439118436031 34.54391012564956 4
    endloop
  endfacet
  facet normal 0 0 -1
    outer loop
      vertex -35.27439118436031 34.54391012564956 0
      vertex 14.348962483654407 39.45302767375822 0
      vertex 40.1 42 0
    endloop
  endfacet
  facet normal 0 0 -1
    outer loop
      vertex -35.27439118436031 34.54391012564956 0
      vertex 40.1 42 0
      vertex -35.18724874175626 34.548477067547736 0
    endloop
  endfacet
  facet normal 0.017452406437283928 0.9998476951563912 0
    outer loop
      vertex -35.18724874175626 -0.54847706754774 0
      vertex -35.18724874175626 -0.54847706754774 4
      vertex -35.1 -0.5500000000000007 0
    endloop
  endfacet
  facet normal 0.017452406437283928 0.9998476951563912 0
    outer loop
      vertex -35.18724874175626 -0.54847706754774 4
      vertex -35.1 -0.5500000000000007 4
      vertex -35.1 -0.5500000000000007 0
    endloop
  endfacet
  facet normal 0 0 -1
    outer loop
      vertex -35.18724874175626 4.4484770675477385 0
      vertex -35.18724874175626 29.551522932452258 0
      vertex -35.1 29.549999999999997 0
    endloop
  endfacet
  facet normal 0.017452406437283928 -0.9998476951563912 0
    outer loop
      vertex -35.18724874175626 4.4484770675477385 0
      vertex -35.1 4.449999999999999 0
      vertex -35.1 4.449999999999999 4
    endloop
  endfacet
  facet normal 0.017452406437283928 -0.9998476951563912 0
    outer loop
      vertex -35.18724874175626 4.4484770675477385 0
      vertex -35.1 4.449999999999999 4
      vertex -35.18724874175626 4.4484770675477385 4
    endloop
  endfacet
  facet normal 0 0 -1
    outer loop
      vertex -35.18724874175626 4.4484770675477385 0
      vertex -35.1 29.549999999999997 0
      vertex -35.1 4.449999999999999 0
    endloop
  endfacet
  facet normal 0 0 1
    outer loop
      vertex -35.18724874175626 4.4484770675477385 4
      vertex -35.1 4.449999999999999 4
      vertex -35.18724874175626 29.551522932452258 4
    endloop
  endfacet
  facet normal 0.017452406437283928 0.9998476951563912 0
    outer loop
      vertex -35.18724874175626 29.551522932452258 0
      vertex -35.18724874175626 29.551522932452258 4
      vertex -35.1 29.549999999999997 0
    endloop
  endfacet
  facet normal 0 0 1
    outer loop
      vertex -35.18724874175626 29.551522932452258 4
      vertex -35.1 4.449999999999999 4
      vertex -35.1 29.549999999999997 4
    endloop
  endfacet
  facet normal 0.017452406437283928 0.9998476951563912 0
    outer loop
      vertex -35.18724874175626 29.551522932452258 4
      vertex -35.1 29.549999999999997 4
      vertex -35.1 29.549999999999997 0
    endloop
  endfacet
  facet normal 0.017452406437283928 -0.9998476951563912 0
    outer loop
      vertex -35.18724874175626 34.548477067547736 0
      vertex -35.1 34.55 0
      vertex -35.1 34.55 4
    endloop
  endfacet
  facet normal 0.017452406437283928 -0.9998476951563912 0
    outer loop
      vertex -35.18724874175626 34.548477067547736 0
      vertex -35.1 34.55 4
      vertex -35.18724874175626 34.548477067547736 4
    endloop
  endfacet
  facet normal 0 0 -1
    outer loop
      vertex -35.18724874175626 34.548477067547736 0
      vertex 40.1 42 0
      vertex -35.1 34.55 0
    endloop
  endfacet
  facet normal -0.017452406437283928 0.9998476951563912 0
    outer loop
      vertex -35.1 -0.5500000000000007 0
      vertex -35.1 -0.5500000000000007 4
      vertex -35.012751258243746 -0.54847706754774 0
    endloop
  endfacet
  facet normal -0.017452406437283928 0.9998476951563912 0
    outer loop
      vertex -35.1 -0.5500000000000007 4
      vertex -35.012751258243746 -0.54847706754774 4
      vertex -35.012751258243746 -0.54847706754774 0
    endloop
  endfacet
  facet normal 0 0 -1
    outer loop
      vertex -35.1 4.449999999999999 0
      vertex -35.1 29.549999999999997 0
      vertex -35.012751258243746 29.551522932452258 0
    endloop
  endfacet
  facet normal -0.017452406437283928 -0.9998476951563912 0
    outer loop
      vertex -35.1 4.449999999999999 0
      vertex -35.012751258243746 4.4484770675477385 0
      vertex -35.012751258243746 4.4484770675477385 4
    endloop
  endfacet
  facet normal -0.017452406437283928 -0.9998476951563912 0
    outer loop
      vertex -35.1 4.449999999999999 0
      vertex -35.012751258243746 4.4484770675477385 4
      vertex -35.1 4.449999999999999 4
    endloop
  endfacet
  facet normal 0 0 -1
    outer loop
      vertex -35.1 4.449999999999999 0
      vertex -35.012751258243746 29.551522932452258 0
      vertex -35.012751258243746 4.4484770675477385 0
    endloop
  endfacet
  facet normal 0 0 1
    outer loop
      vertex -35.1 4.449999999999999 4
      vertex -35.012751258243746 4.4484770675477385 4
      vertex -35.1 29.549999999999997 4
    endloop
  endfacet
  facet normal -0.017452406437283928 0.9998476951563912 0
    outer loop
      vertex -35.1 29.549999999999997 0
      vertex -35.1 29.549999999999997 4
      vertex -35.012751258243746 29.551522932452258 0
    endloop
  endfacet
  facet normal 0 0 1
    outer loop
      vertex -35.1 29.549999999999997 4
      vertex -35.012751258243746 4.4484770675477385 4
      vertex -35.012751258243746 29.551522932452258 4
    endloop
  endfacet
  facet normal -0.017452406437283928 0.9998476951563912 0
    outer loop
      vertex -35.1 29.549999999999997 4
      vertex -35.012751258243746 29.551522932452258 4
      vertex -35.012751258243746 29.551522932452258 0
    endloop
  endfacet
  facet normal -0.017452406437283928 -0.9998476951563912 0
    outer loop
      vertex -35.1 34.55 0
      vertex -35.012751258243746 34.548477067547736 0
      vertex -35.012751258243746 34.548477067547736 4
    endloop
  endfacet
  facet normal -0.017452406437283928 -0.9998476951563912 0
    outer loop
      vertex -35.1 34.55 0
      vertex -35.012751258243746 34.548477067547736 4
      vertex -35.1 34.55 4
    endloop
  endfacet
  facet normal 0 0 -1
    outer loop
      vertex -35.1 34.55 0
      vertex 40.1 42 0
      vertex -35.012751258243746 34.548477067547736 0
    endloop
  endfacet
  facet normal -0.05233595624294662 0.9986295347545737 0
    outer loop
      vertex -35.012751258243746 -0.54847706754774 0
      vertex -35.012751258243746 -0.54847706754774 4
      vertex -34.92560881563969 -0.5439101256495613 0
    endloop
  endfacet
  facet normal -0.05233595624294662 0.9986295347545737 0
    outer loop
      vertex -35.012751258243746 -0.54847706754774 4
      vertex -34.92560881563969 -0.5439101256495613 4
      vertex -34.92560881563969 -0.5439101256495613 0
    endloop
  endfacet
  facet normal 0 0 -1
    outer loop
      vertex -35.012751258243746 4.4484770675477385 0
      vertex -35.012751258243746 29.551522932452258 0
      vertex -34.92560881563969 29.556089874350434 0
    endloop
  endfacet
  facet normal -0.05233595624295677 -0.9986295347545732 0
    outer loop
      vertex -35.012751258243746 4.4484770675477385 0
      vertex -34.92560881563969 4.443910125649559 0
      vertex -34.92560881563969 4.443910125649559 4
    endloop
  endfacet
  facet normal -0.05233595624295677 -0.9986295347545732 0
    outer loop
      vertex -35.012751258243746 4.4484770675477385 0
      vertex -34.92560881563969 4.443910125649559 4
      vertex -35.012751258243746 4.4484770675477385 4
    endloop
  endfacet
  facet normal 0 0 -1
    outer loop
      vertex -35.012751258243746 4.4484770675477385 0
      vertex -34.92560881563969 29.556089874350434 0
      vertex -34.92560881563969 4.443910125649559 0
    endloop
  endfacet
  facet normal 0 0 1
    outer loop
      vertex -35.012751258243746 4.4484770675477385 4
      vertex -34.92560881563969 4.443910125649559 4
      vertex -35.012751258243746 29.551522932452258 4
    endloop
  endfacet
  facet normal -0.05233595624291616 0.9986295347545753 0
    outer loop
      vertex -35.012751258243746 29.551522932452258 0
      vertex -35.012751258243746 29.551522932452258 4
      vertex -34.92560881563969 29.556089874350434 0
    endloop
  endfacet
  facet normal 0 0 1
    outer loop
      vertex -35.012751258243746 29.551522932452258 4
      vertex -34.92560881563969 4.443910125649559 4
      vertex -34.92560881563969 29.556089874350434 4
    endloop
  endfacet
  facet normal -0.05233595624291616 0.9986295347545753 0
    outer loop
      vertex -35.012751258243746 29.551522932452258 4
      vertex -34.92560881563969 29.556089874350434 4
      vertex -34.92560881563969 29.556089874350434 0
    endloop
  endfacet
  facet normal -0.05233595624291616 -0.9986295347545753 0
    outer loop
      vertex -35.012751258243746 34.548477067547736 0
      vertex -34.92560881563969 34.54391012564956 0
      vertex -34.92560881563969 34.54391012564956 4
    endloop
  endfacet
  facet normal -0.05233595624291616 -0.9986295347545753 0
    outer loop
      vertex -35.012751258243746 34.548477067547736 0
      vertex -34.92560881563969 34.54391012564956 4
      vertex -35.012751258243746 34.548477067547736 4
    endloop
  endfacet
  facet normal 0 0 -1
    outer loop
      vertex -35.012751258243746 34.548477067547736 0
      vertex 40.1 42 0
      vertex -34.92560881563969 34.54391012564956 0
    endloop
  endfacet
  facet normal -0.08715574274765692 0.9961946980917457 0
    outer loop
      vertex -34.92560881563969 -0.5439101256495613 0
      vertex -34.92560881563969 -0.5439101256495613 4
      vertex -34.83867884183087 -0.536304738420684 0
    endloop
  endfacet
  facet normal -0.08715574274765692 0.9961946980917457 0
    outer loop
      vertex -34.92560881563969 -0.5439101256495613 4
      vertex -34.83867884183087 -0.536304738420684 4
      vertex -34.83867884183087 -0.536304738420684 0
    endloop
  endfacet
  facet normal 0 0 -1
    outer loop
      vertex -34.92560881563969 4.443910125649559 0
      vertex -34.92560881563969 29.556089874350434 0
      vertex -34.83867884183087 29.563695261579312 0
    endloop
  endfacet
  facet normal -0.0871557427476468 -0.9961946980917464 0
    outer loop
      vertex -34.92560881563969 4.443910125649559 0
      vertex -34.83867884183087 4.436304738420683 0
      vertex -34.83867884183087 4.436304738420683 4
    endloop
  endfacet
  facet normal -0.0871557427476468 -0.9961946980917464 0
    outer loop
      vertex -34.92560881563969 4.443910125649559 0
      vertex -34.83867884183087 4.436304738420683 4
      vertex -34.92560881563969 4.443910125649559 4
    endloop
  endfacet
  facet normal 0 0 -1
    outer loop
      vertex -34.92560881563969 4.443910125649559 0
      vertex -34.83867884183087 29.563695261579312 0
      vertex -34.83867884183087 4.436304738420683 0
    endloop
  endfacet
  facet normal 0 0 1
    outer loop
      vertex -34.92560881563969 4.443910125649559 4
      vertex -34.83867884183087 4.436304738420683 4
      vertex -34.92560881563969 29.556089874350434 4
    endloop
  endfacet
  facet normal -0.087155742747667 0.9961946980917448 0
    outer loop
      vertex -34.92560881563969 29.556089874350434 0
      vertex -34.92560881563969 29.556089874350434 4
      vertex -34.83867884183087 29.563695261579312 0
    endloop
  endfacet
  facet normal 0 0 1
    outer loop
      vertex -34.92560881563969 29.556089874350434 4
      vertex -34.83867884183087 4.436304738420683 4
      vertex -34.83867884183087 29.563695261579312 4
    endloop
  endfacet
  facet normal -0.087155742747667 0.9961946980917448 0
    outer loop
      vertex -34.92560881563969 29.556089874350434 4
      vertex -34.83867884183087 29.563695261579312 4
      vertex -34.83867884183087 29.563695261579312 0
    endloop
  endfacet
  facet normal -0.087155742747667 -0.9961946980917448 0
    outer loop
      vertex -34.92560881563969 34.54391012564956 0
      vertex -34.83867884183087 34.53630473842068 0
      vertex -34.83867884183087 34.53630473842068 4
    endloop
  endfacet
  facet normal -0.087155742747667 -0.9961946980917448 0
    outer loop
      vertex -34.92560881563969 34.54391012564956 0
      vertex -34.83867884183087 34.53630473842068 4
      vertex -34.92560881563969 34.54391012564956 4
    endloop
  endfacet
  facet normal 0 0 -1
    outer loop
      vertex -34.92560881563969 34.54391012564956 0
      vertex 40.1 42 0
      vertex -34.83867884183087 34.53630473842068 0
    endloop
  endfacet
  facet normal -0.12186934340514702 0.992546151641322 0
    outer loop
      vertex -34.83867884183087 -0.536304738420684 0
      vertex -34.83867884183087 -0.536304738420684 4
      vertex -34.75206724759984 -0.5256701718539265 0
    endloop
  endfacet
  facet normal -0.12186934340514702 0.992546151641322 0
    outer loop
      vertex -34.83867884183087 -0.536304738420684 4
      vertex -34.75206724759984 -0.5256701718539265 4
      vertex -34.75206724759984 -0.5256701718539265 0
    endloop
  endfacet
  facet normal 0 0 -1
    outer loop
      vertex -34.83867884183087 4.436304738420683 0
      vertex -34.83867884183087 29.563695261579312 0
      vertex -34.75206724759984 29.57432982814607 0
    endloop
  endfacet
  facet normal -0.12186934340514702 -0.992546151641322 0
    outer loop
      vertex -34.83867884183087 4.436304738420683 0
      vertex -34.75206724759984 4.425670171853925 0
      vertex -34.75206724759984 4.425670171853925 4
    endloop
  endfacet
  facet normal -0.12186934340514702 -0.992546151641322 0
    outer loop
      vertex -34.83867884183087 4.436304738420683 0
      vertex -34.75206724759984 4.425670171853925 4
      vertex -34.83867884183087 4.436304738420683 4
    endloop
  endfacet
  facet normal 0 0 -1
    outer loop
      vertex -34.83867884183087 4.436304738420683 0
      vertex -34.75206724759984 29.57432982814607 0
      vertex -34.75206724759984 4.425670171853925 0
    endloop
  endfacet
  facet normal 0 0 1
    outer loop
      vertex -34.83867884183087 4.436304738420683 4
      vertex -34.75206724759984 4.425670171853925 4
      vertex -34.83867884183087 29.563695261579312 4
    endloop
  endfacet
  facet normal -0.12186934340514702 0.992546151641322 0
    outer loop
      vertex -34.83867884183087 29.563695261579312 0
      vertex -34.83867884183087 29.563695261579312 4
      vertex -34.75206724759984 29.57432982814607 0
    endloop
  endfacet
  facet normal 0 0 1
    outer loop
      vertex -34.83867884183087 29.563695261579312 4
      vertex -34.75206724759984 4.425670171853925 4
      vertex -34.75206724759984 29.57432982814607 4
    endloop
  endfacet
  facet normal -0.12186934340514702 0.992546151641322 0
    outer loop
      vertex -34.83867884183087 29.563695261579312 4
      vertex -34.75206724759984 29.57432982814607 4
      vertex -34.75206724759984 29.57432982814607 0
    endloop
  endfacet
  facet normal -0.12186934340514702 -0.992546151641322 0
    outer loop
      vertex -34.83867884183087 34.53630473842068 0
      vertex -34.75206724759984 34.525670171853925 0
      vertex -34.75206724759984 34.525670171853925 4
    endloop
  endfacet
  facet normal -0.12186934340514702 -0.992546151641322 0
    outer loop
      vertex -34.83867884183087 34.53630473842068 0
      vertex -34.75206724759984 34.525670171853925 4
      vertex -34.83867884183087 34.53630473842068 4
    endloop
  endfacet
  facet normal 0 0 -1
    outer loop
      vertex -34.83867884183087 34.53630473842068 0
      vertex 40.1 42 0
      vertex -34.75206724759984 34.525670171853925 0
    endloop
  endfacet
  facet normal -0.15643446504022884 0.9876883405951381 0
    outer loop
      vertex -34.75206724759984 -0.5256701718539265 0
      vertex -34.75206724759984 -0.5256701718539265 4
      vertex -34.665879555832674 -0.5120193825305206 0
    endloop
  endfacet
  facet normal -0.15643446504022884 0.9876883405951381 0
    outer loop
      vertex -34.75206724759984 -0.5256701718539265 4
      vertex -34.665879555832674 -0.5120193825305206 4
      vertex -34.665879555832674 -0.5120193825305206 0
    endloop
  endfacet
  facet normal 0 0 -1
    outer loop
      vertex -34.75206724759984 4.425670171853925 0
      vertex -34.75206724759984 29.57432982814607 0
      vertex -34.665879555832674 29.587980617469476 0
    endloop
  endfacet
  facet normal -0.1564344650402189 -0.9876883405951397 0
    outer loop
      vertex -34.75206724759984 4.425670171853925 0
      vertex -34.665879555832674 4.41201938253052 0
      vertex -34.665879555832674 4.41201938253052 4
    endloop
  endfacet
  facet normal -0.1564344650402189 -0.9876883405951397 0
    outer loop
      vertex -34.75206724759984 4.425670171853925 0
      vertex -34.665879555832674 4.41201938253052 4
      vertex -34.75206724759984 4.425670171853925 4
    endloop
  endfacet
  facet normal 0 0 -1
    outer loop
      vertex -34.75206724759984 4.425670171853925 0
      vertex -34.665879555832674 29.587980617469476 0
      vertex -34.665879555832674 4.41201938253052 0
    endloop
  endfacet
  facet normal 0 0 1
    outer loop
      vertex -34.75206724759984 4.425670171853925 4
      vertex -34.665879555832674 4.41201938253052 4
      vertex -34.75206724759984 29.57432982814607 4
    endloop
  endfacet
  facet normal -0.15643446504023878 0.9876883405951365 0
    outer loop
      vertex -34.75206724759984 29.57432982814607 0
      vertex -34.75206724759984 29.57432982814607 4
      vertex -34.665879555832674 29.587980617469476 0
    endloop
  endfacet
  facet normal 0 0 1
    outer loop
      vertex -34.75206724759984 29.57432982814607 4
      vertex -34.665879555832674 4.41201938253052 4
      vertex -34.665879555832674 29.587980617469476 4
    endloop
  endfacet
  facet normal -0.15643446504023878 0.9876883405951365 0
    outer loop
      vertex -34.75206724759984 29.57432982814607 4
      vertex -34.665879555832674 29.587980617469476 4
      vertex -34.665879555832674 29.587980617469476 0
    endloop
  endfacet
  facet normal -0.15643446504023878 -0.9876883405951365 0
    outer loop
      vertex -34.75206724759984 34.525670171853925 0
      vertex -34.665879555832674 34.51201938253052 0
      vertex -34.665879555832674 34.51201938253052 4
    endloop
  endfacet
  facet normal -0.15643446504023878 -0.9876883405951365 0
    outer loop
      vertex -34.75206724759984 34.525670171853925 0
      vertex -34.665879555832674 34.51201938253052 4
      vertex -34.75206724759984 34.525670171853925 4
    endloop
  endfacet
  facet normal 0 0 -1
    outer loop
      vertex -34.75206724759984 34.525670171853925 0
      vertex 40.1 42 0
      vertex -34.665879555832674 34.51201938253052 0
    endloop
  endfacet
  facet normal -0.19080899537654897 0.9816271834476631 0
    outer loop
      vertex -34.665879555832674 -0.5120193825305206 0
      vertex -34.665879555832674 -0.5120193825305206 4
      vertex -34.580220772955606 -0.49536900183451493 0
    endloop
  endfacet
  facet normal -0.19080899537654897 0.9816271834476631 0
    outer loop
      vertex -34.665879555832674 -0.5120193825305206 4
      vertex -34.580220772955606 -0.49536900183451493 4
      vertex -34.580220772955606 -0.49536900183451493 0
    endloop
  endfacet
  facet normal 0 0 -1
    outer loop
      vertex -34.665879555832674 4.41201938253052 0
      vertex -34.665879555832674 29.587980617469476 0
      vertex -34.580220772955606 29.604630998165483 0
    endloop
  endfacet
  facet normal -0.1908089953765588 -0.9816271834476613 0
    outer loop
      vertex -34.665879555832674 4.41201938253052 0
      vertex -34.580220772955606 4.3953690018345135 0
      vertex -34.580220772955606 4.3953690018345135 4
    endloop
  endfacet
  facet normal -0.1908089953765588 -0.9816271834476613 0
    outer loop
      vertex -34.665879555832674 4.41201938253052 0
      vertex -34.580220772955606 4.3953690018345135 4
      vertex -34.665879555832674 4.41201938253052 4
    endloop
  endfacet
  facet normal 0 0 -1
    outer loop
      vertex -34.665879555832674 4.41201938253052 0
      vertex -34.580220772955606 29.604630998165483 0
      vertex -34.580220772955606 4.3953690018345135 0
    endloop
  endfacet
  facet normal 0 0 1
    outer loop
      vertex -34.665879555832674 4.41201938253052 4
      vertex -34.580220772955606 4.3953690018345135 4
      vertex -34.665879555832674 29.587980617469476 4
    endloop
  endfacet
  facet normal -0.1908089953765588 0.9816271834476613 0
    outer loop
      vertex -34.665879555832674 29.587980617469476 0
      vertex -34.665879555832674 29.587980617469476 4
      vertex -34.580220772955606 29.604630998165483 0
    endloop
  endfacet
  facet normal 0 0 1
    outer loop
      vertex -34.665879555832674 29.587980617469476 4
      vertex -34.580220772955606 4.3953690018345135 4
      vertex -34.580220772955606 29.604630998165483 4
    endloop
  endfacet
  facet normal -0.1908089953765588 0.9816271834476613 0
    outer loop
      vertex -34.665879555832674 29.587980617469476 4
      vertex -34.580220772955606 29.604630998165483 4
      vertex -34.580220772955606 29.604630998165483 0
    endloop
  endfacet
  facet normal -0.1908089953765588 -0.9816271834476613 0
    outer loop
      vertex -34.665879555832674 34.51201938253052 0
      vertex -34.580220772955606 34.49536900183451 0
      vertex -34.580220772955606 34.49536900183451 4
    endloop
  endfacet
  facet normal -0.1908089953765588 -0.9816271834476613 0
    outer loop
      vertex -34.665879555832674 34.51201938253052 0
      vertex -34.580220772955606 34.49536900183451 4
      vertex -34.665879555832674 34.51201938253052 4
    endloop
  endfacet
  facet normal 0 0 -1
    outer loop
      vertex -34.665879555832674 34.51201938253052 0
      vertex 40.1 42 0
      vertex -34.580220772955606 34.49536900183451 0
    endloop
  endfacet
  facet normal -0.22495105434385107 0.9743700647852385 0
    outer loop
      vertex -34.580220772955606 -0.49536900183451493 0
      vertex -34.580220772955606 -0.49536900183451493 4
      vertex -34.49519526100083 -0.4757393156899923 0
    endloop
  endfacet
  facet normal -0.22495105434385107 0.9743700647852385 0
    outer loop
      vertex -34.580220772955606 -0.49536900183451493 4
      vertex -34.49519526100083 -0.4757393156899923 4
      vertex -34.49519526100083 -0.4757393156899923 0
    endloop
  endfacet
  facet normal 0 0 -1
    outer loop
      vertex -34.580220772955606 4.3953690018345135 0
      vertex -34.580220772955606 29.604630998165483 0
      vertex -34.49519526100083 29.62426068431001 0
    endloop
  endfacet
  facet normal -0.22495105434385107 -0.9743700647852385 0
    outer loop
      vertex -34.580220772955606 4.3953690018345135 0
      vertex -34.49519526100083 4.375739315689991 0
      vertex -34.49519526100083 4.375739315689991 4
    endloop
  endfacet
  facet normal -0.22495105434385107 -0.9743700647852385 0
    outer loop
      vertex -34.580220772955606 4.3953690018345135 0
      vertex -34.49519526100083 4.375739315689991 4
      vertex -34.580220772955606 4.3953690018345135 4
    endloop
  endfacet
  facet normal 0 0 -1
    outer loop
      vertex -34.580220772955606 4.3953690018345135 0
      vertex -34.49519526100083 29.62426068431001 0
      vertex -34.49519526100083 4.375739315689991 0
    endloop
  endfacet
  facet normal 0 0 1
    outer loop
      vertex -34.580220772955606 4.3953690018345135 4
      vertex -34.49519526100083 4.375739315689991 4
      vertex -34.580220772955606 29.604630998165483 4
    endloop
  endfacet
  facet normal -0.22495105434388973 0.9743700647852296 0
    outer loop
      vertex -34.580220772955606 29.604630998165483 0
      vertex -34.580220772955606 29.604630998165483 4
      vertex -34.49519526100083 29.62426068431001 0
    endloop
  endfacet
  facet normal 0 0 1
    outer loop
      vertex -34.580220772955606 29.604630998165483 4
      vertex -34.49519526100083 4.375739315689991 4
      vertex -34.49519526100083 29.62426068431001 4
    endloop
  endfacet
  facet normal -0.22495105434388973 0.9743700647852296 0
    outer loop
      vertex -34.580220772955606 29.604630998165483 4
      vertex -34.49519526100083 29.62426068431001 4
      vertex -34.49519526100083 29.62426068431001 0
    endloop
  endfacet
  facet normal -0.22495105434388973 -0.9743700647852296 0
    outer loop
      vertex -34.580220772955606 34.49536900183451 0
      vertex -34.49519526100083 34.475739315689985 0
      vertex -34.49519526100083 34.475739315689985 4
    endloop
  endfacet
  facet normal -0.22495105434388973 -0.9743700647852296 0
    outer loop
      vertex -34.580220772955606 34.49536900183451 0
      vertex -34.49519526100083 34.475739315689985 4
      vertex -34.580220772955606 34.49536900183451 4
    endloop
  endfacet
  facet normal 0 0 -1
    outer loop
      vertex -34.580220772955606 34.49536900183451 0
      vertex 40.1 42 0
      vertex -34.49519526100083 34.475739315689985 0
    endloop
  endfacet
  facet normal -0.2588190451025246 0.9659258262890672 0
    outer loop
      vertex -34.49519526100083 -0.4757393156899923 0
      vertex -34.49519526100083 -0.4757393156899923 4
      vertex -34.4109066104575 -0.45315423984579795 0
    endloop
  endfacet
  facet normal -0.2588190451025246 0.9659258262890672 0
    outer loop
      vertex -34.49519526100083 -0.4757393156899923 4
      vertex -34.4109066104575 -0.45315423984579795 4
      vertex -34.4109066104575 -0.45315423984579795 0
    endloop
  endfacet
  facet normal 0 0 -1
    outer loop
      vertex -34.49519526100083 4.375739315689991 0
      vertex -34.49519526100083 29.62426068431001 0
      vertex -34.4109066104575 29.6468457601542 0
    endloop
  endfacet
  facet normal -0.2588190451025246 -0.9659258262890672 0
    outer loop
      vertex -34.49519526100083 4.375739315689991 0
      vertex -34.4109066104575 4.3531542398457965 0
      vertex -34.4109066104575 4.3531542398457965 4
    endloop
  endfacet
  facet normal -0.2588190451025246 -0.9659258262890672 0
    outer loop
      vertex -34.49519526100083 4.375739315689991 0
      vertex -34.4109066104575 4.3531542398457965 4
      vertex -34.49519526100083 4.375739315689991 4
    endloop
  endfacet
  facet normal 0 0 -1
    outer loop
      vertex -34.49519526100083 4.375739315689991 0
      vertex -34.4109066104575 29.6468457601542 0
      vertex -34.4109066104575 4.3531542398457965 0
    endloop
  endfacet
  facet normal 0 0 1
    outer loop
      vertex -34.49519526100083 4.375739315689991 4
      vertex -34.4109066104575 4.3531542398457965 4
      vertex -34.49519526100083 29.62426068431001 4
    endloop
  endfacet
  facet normal -0.25881904510248666 0.9659258262890773 0
    outer loop
      vertex -34.49519526100083 29.62426068431001 0
      vertex -34.49519526100083 29.62426068431001 4
      vertex -34.4109066104575 29.6468457601542 0
    endloop
  endfacet
  facet normal 0 0 1
    outer loop
      vertex -34.49519526100083 29.62426068431001 4
      vertex -34.4109066104575 4.3531542398457965 4
      vertex -34.4109066104575 29.6468457601542 4
    endloop
  endfacet
  facet normal -0.25881904510248666 0.9659258262890773 0
    outer loop
      vertex -34.49519526100083 29.62426068431001 4
      vertex -34.4109066104575 29.6468457601542 4
      vertex -34.4109066104575 29.6468457601542 0
    endloop
  endfacet
  facet normal -0.25881904510248666 -0.9659258262890773 0
    outer loop
      vertex -34.49519526100083 34.475739315689985 0
      vertex -34.4109066104575 34.453154239845794 0
      vertex -34.4109066104575 34.453154239845794 4
    endloop
  endfacet
  facet normal -0.25881904510248666 -0.9659258262890773 0
    outer loop
      vertex -34.49519526100083 34.475739315689985 0
      vertex -34.4109066104575 34.453154239845794 4
      vertex -34.49519526100083 34.475739315689985 4
    endloop
  endfacet
  facet normal 0 0 -1
    outer loop
      vertex -34.49519526100083 34.475739315689985 0
      vertex 40.1 42 0
      vertex -34.4109066104575 34.453154239845794 0
    endloop
  endfacet
  facet normal -0.29237170472272994 0.9563047559630375 0
    outer loop
      vertex -34.4109066104575 -0.45315423984579795 0
      vertex -34.4109066104575 -0.45315423984579795 4
      vertex -34.32745751406263 -0.4276412907378848 0
    endloop
  endfacet
  facet normal -0.29237170472272994 0.9563047559630375 0
    outer loop
      vertex -34.4109066104575 -0.45315423984579795 4
      vertex -34.32745751406263 -0.4276412907378848 4
      vertex -34.32745751406263 -0.4276412907378848 0
    endloop
  endfacet
  facet normal 0 0 -1
    outer loop
      vertex -34.4109066104575 4.3531542398457965 0
      vertex -34.4109066104575 29.6468457601542 0
      vertex -34.32745751406263 29.672358709262113 0
    endloop
  endfacet
  facet normal -0.29237170472272994 -0.9563047559630375 0
    outer loop
      vertex -34.4109066104575 4.3531542398457965 0
      vertex -34.32745751406263 4.327641290737883 0
      vertex -34.32745751406263 4.327641290737883 4
    endloop
  endfacet
  facet normal -0.29237170472272994 -0.9563047559630375 0
    outer loop
      vertex -34.4109066104575 4.3531542398457965 0
      vertex -34.32745751406263 4.327641290737883 4
      vertex -34.4109066104575 4.3531542398457965 4
    endloop
  endfacet
  facet normal 0 0 -1
    outer loop
      vertex -34.4109066104575 4.3531542398457965 0
      vertex -34.32745751406263 29.672358709262113 0
      vertex -34.32745751406263 4.327641290737883 0
    endloop
  endfacet
  facet normal 0 0 1
    outer loop
      vertex -34.4109066104575 4.3531542398457965 4
      vertex -34.32745751406263 4.327641290737883 4
      vertex -34.4109066104575 29.6468457601542 4
    endloop
  endfacet
  facet normal -0.29237170472272994 0.9563047559630375 0
    outer loop
      vertex -34.4109066104575 29.6468457601542 0
      vertex -34.4109066104575 29.6468457601542 4
      vertex -34.32745751406263 29.672358709262113 0
    endloop
  endfacet
  facet normal 0 0 1
    outer loop
      vertex -34.4109066104575 29.6468457601542 4
      vertex -34.32745751406263 4.327641290737883 4
      vertex -34.32745751406263 29.672358709262113 4
    endloop
  endfacet
  facet normal -0.29237170472272994 0.9563047559630375 0
    outer loop
      vertex -34.4109066104575 29.6468457601542 4
      vertex -34.32745751406263 29.672358709262113 4
      vertex -34.32745751406263 29.672358709262113 0
    endloop
  endfacet
  facet normal -0.29237170472272994 -0.9563047559630375 0
    outer loop
      vertex -34.4109066104575 34.453154239845794 0
      vertex -34.32745751406263 34.42764129073788 0
      vertex -34.32745751406263 34.42764129073788 4
    endloop
  endfacet
  facet normal -0.29237170472272994 -0.9563047559630375 0
    outer loop
      vertex -34.4109066104575 34.453154239845794 0
      vertex -34.32745751406263 34.42764129073788 4
      vertex -34.4109066104575 34.453154239845794 4
    endloop
  endfacet
  facet normal 0 0 -1
    outer loop
      vertex -34.4109066104575 34.453154239845794 0
      vertex 40.1 42 0
      vertex -34.32745751406263 34.42764129073788 0
    endloop
  endfacet
  facet normal -0.3255681544571611 0.9455185755993154 0
    outer loop
      vertex -34.32745751406263 -0.4276412907378848 0
      vertex -34.32745751406263 -0.4276412907378848 4
      vertex -34.24494964168583 -0.399231551964772 0
    endloop
  endfacet
  facet normal -0.3255681544571611 0.9455185755993154 0
    outer loop
      vertex -34.32745751406263 -0.4276412907378848 4
      vertex -34.24494964168583 -0.399231551964772 4
      vertex -34.24494964168583 -0.399231551964772 0
    endloop
  endfacet
  facet normal 0 0 -1
    outer loop
      vertex -34.32745751406263 4.327641290737883 0
      vertex -34.32745751406263 29.672358709262113 0
      vertex -34.24494964168583 29.700768448035227 0
    endloop
  endfacet
  facet normal -0.3255681544571702 -0.9455185755993122 0
    outer loop
      vertex -34.32745751406263 4.327641290737883 0
      vertex -34.24494964168583 4.29923155196477 0
      vertex -34.24494964168583 4.29923155196477 4
    endloop
  endfacet
  facet normal -0.3255681544571702 -0.9455185755993122 0
    outer loop
      vertex -34.32745751406263 4.327641290737883 0
      vertex -34.24494964168583 4.29923155196477 4
      vertex -34.32745751406263 4.327641290737883 4
    endloop
  endfacet
  facet normal 0 0 -1
    outer loop
      vertex -34.32745751406263 4.327641290737883 0
      vertex -34.24494964168583 29.700768448035227 0
      vertex -34.24494964168583 4.29923155196477 0
    endloop
  endfacet
  facet normal 0 0 1
    outer loop
      vertex -34.32745751406263 4.327641290737883 4
      vertex -34.24494964168583 4.29923155196477 4
      vertex -34.32745751406263 29.672358709262113 4
    endloop
  endfacet
  facet normal -0.3255681544571702 0.9455185755993122 0
    outer loop
      vertex -34.32745751406263 29.672358709262113 0
      vertex -34.32745751406263 29.672358709262113 4
      vertex -34.24494964168583 29.700768448035227 0
    endloop
  endfacet
  facet normal 0 0 1
    outer loop
      vertex -34.32745751406263 29.672358709262113 4
      vertex -34.24494964168583 4.29923155196477 4
      vertex -34.24494964168583 29.700768448035227 4
    endloop
  endfacet
  facet normal -0.3255681544571702 0.9455185755993122 0
    outer loop
      vertex -34.32745751406263 29.672358709262113 4
      vertex -34.24494964168583 29.700768448035227 4
      vertex -34.24494964168583 29.700768448035227 0
    endloop
  endfacet
  facet normal -0.3255681544571702 -0.9455185755993122 0
    outer loop
      vertex -34.32745751406263 34.42764129073788 0
      vertex -34.24494964168583 34.39923155196477 0
      vertex -34.24494964168583 34.39923155196477 4
    endloop
  endfacet
  facet normal -0.3255681544571702 -0.9455185755993122 0
    outer loop
      vertex -34.32745751406263 34.42764129073788 0
      vertex -34.24494964168583 34.39923155196477 4
      vertex -34.32745751406263 34.42764129073788 4
    endloop
  endfacet
  facet normal 0 0 -1
    outer loop
      vertex -34.32745751406263 34.42764129073788 0
      vertex 40.1 42 0
      vertex -34.24494964168583 34.39923155196477 0
    endloop
  endfacet
  facet normal -0.35836794954529133 0.9335804264972052 0
    outer loop
      vertex -34.24494964168583 -0.399231551964772 0
      vertex -34.24494964168583 -0.399231551964772 4
      vertex -34.16348351646022 -0.3679596364169697 0
    endloop
  endfacet
  facet normal -0.35836794954529133 0.9335804264972052 0
    outer loop
      vertex -34.24494964168583 -0.399231551964772 4
      vertex -34.16348351646022 -0.3679596364169697 4
      vertex -34.16348351646022 -0.3679596364169697 0
    endloop
  endfacet
  facet normal 0 0 -1
    outer loop
      vertex -34.24494964168583 4.29923155196477 0
      vertex -34.24494964168583 29.700768448035227 0
      vertex -34.16348351646022 29.73204036358303 0
    endloop
  endfacet
  facet normal -0.35836794954528245 -0.9335804264972085 0
    outer loop
      vertex -34.24494964168583 4.29923155196477 0
      vertex -34.16348351646022 4.267959636416968 0
      vertex -34.16348351646022 4.267959636416968 4
    endloop
  endfacet
  facet normal -0.35836794954528245 -0.9335804264972085 0
    outer loop
      vertex -34.24494964168583 4.29923155196477 0
      vertex -34.16348351646022 4.267959636416968 4
      vertex -34.24494964168583 4.29923155196477 4
    endloop
  endfacet
  facet normal 0 0 -1
    outer loop
      vertex -34.24494964168583 4.29923155196477 0
      vertex -34.16348351646022 29.73204036358303 0
      vertex -34.16348351646022 4.267959636416968 0
    endloop
  endfacet
  facet normal 0 0 1
    outer loop
      vertex -34.24494964168583 4.29923155196477 4
      vertex -34.16348351646022 4.267959636416968 4
      vertex -34.24494964168583 29.700768448035227 4
    endloop
  endfacet
  facet normal -0.358367949545318 0.933580426497195 0
    outer loop
      vertex -34.24494964168583 29.700768448035227 0
      vertex -34.24494964168583 29.700768448035227 4
      vertex -34.16348351646022 29.73204036358303 0
    endloop
  endfacet
  facet normal 0 0 1
    outer loop
      vertex -34.24494964168583 29.700768448035227 4
      vertex -34.16348351646022 4.267959636416968 4
      vertex -34.16348351646022 29.73204036358303 4
    endloop
  endfacet
  facet normal -0.358367949545318 0.933580426497195 0
    outer loop
      vertex -34.24494964168583 29.700768448035227 4
      vertex -34.16348351646022 29.73204036358303 4
      vertex -34.16348351646022 29.73204036358303 0
    endloop
  endfacet
  facet normal -0.358367949545318 -0.933580426497195 0
    outer loop
      vertex -34.24494964168583 34.39923155196477 0
      vertex -34.16348351646022 34.36795963641696 0
      vertex -34.16348351646022 34.36795963641696 4
    endloop
  endfacet
  facet normal -0.358367949545318 -0.933580426497195 0
    outer loop
      vertex -34.24494964168583 34.39923155196477 0
      vertex -34.16348351646022 34.36795963641696 4
      vertex -34.24494964168583 34.39923155196477 4
    endloop
  endfacet
  facet normal 0 0 -1
    outer loop
      vertex -34.24494964168583 34.39923155196477 0
      vertex 40.1 42 0
      vertex -34.16348351646022 34.36795963641696 0
    endloop
  endfacet
  facet normal -0.39073112848930047 0.920504853452429 0
    outer loop
      vertex -34.16348351646022 -0.3679596364169697 0
      vertex -34.16348351646022 -0.3679596364169697 4
      vertex -34.0831583923105 -0.3338636441065024 0
    endloop
  endfacet
  facet normal -0.39073112848930047 0.920504853452429 0
    outer loop
      vertex -34.16348351646022 -0.3679596364169697 4
      vertex -34.0831583923105 -0.3338636441065024 4
      vertex -34.0831583923105 -0.3338636441065024 0
    endloop
  endfacet
  facet normal 0 0 -1
    outer loop
      vertex -34.16348351646022 4.267959636416968 0
      vertex -34.16348351646022 29.73204036358303 0
      vertex -34.0831583923105 29.766136355893494 0
    endloop
  endfacet
  facet normal -0.39073112848930047 -0.920504853452429 0
    outer loop
      vertex -34.16348351646022 4.267959636416968 0
      vertex -34.0831583923105 4.233863644106501 0
      vertex -34.0831583923105 4.233863644106501 4
    endloop
  endfacet
  facet normal -0.39073112848930047 -0.920504853452429 0
    outer loop
      vertex -34.16348351646022 4.267959636416968 0
      vertex -34.0831583923105 4.233863644106501 4
      vertex -34.16348351646022 4.267959636416968 4
    endloop
  endfacet
  facet normal 0 0 -1
    outer loop
      vertex -34.16348351646022 4.267959636416968 0
      vertex -34.0831583923105 29.766136355893494 0
      vertex -34.0831583923105 4.233863644106501 0
    endloop
  endfacet
  facet normal 0 0 1
    outer loop
      vertex -34.16348351646022 4.267959636416968 4
      vertex -34.0831583923105 4.233863644106501 4
      vertex -34.16348351646022 29.73204036358303 4
    endloop
  endfacet
  facet normal -0.3907311284892487 0.9205048534524509 0
    outer loop
      vertex -34.16348351646022 29.73204036358303 0
      vertex -34.16348351646022 29.73204036358303 4
      vertex -34.0831583923105 29.766136355893494 0
    endloop
  endfacet
  facet normal 0 0 1
    outer loop
      vertex -34.16348351646022 29.73204036358303 4
      vertex -34.0831583923105 4.233863644106501 4
      vertex -34.0831583923105 29.766136355893494 4
    endloop
  endfacet
  facet normal -0.3907311284892487 0.9205048534524509 0
    outer loop
      vertex -34.16348351646022 29.73204036358303 4
      vertex -34.0831583923105 29.766136355893494 4
      vertex -34.0831583923105 29.766136355893494 0
    endloop
  endfacet
  facet normal -0.3907311284892487 -0.9205048534524509 0
    outer loop
      vertex -34.16348351646022 34.36795963641696 0
      vertex -34.0831583923105 34.3338636441065 0
      vertex -34.0831583923105 34.3338636441065 4
    endloop
  endfacet
  facet normal -0.3907311284892487 -0.9205048534524509 0
    outer loop
      vertex -34.16348351646022 34.36795963641696 0
      vertex -34.0831583923105 34.3338636441065 4
      vertex -34.16348351646022 34.36795963641696 4
    endloop
  endfacet
  facet normal 0 0 -1
    outer loop
      vertex -34.16348351646022 34.36795963641696 0
      vertex 40.1 42 0
      vertex -34.0831583923105 34.3338636441065 0
    endloop
  endfacet
  facet normal -0.42261826174068867 0.9063077870366549 0
    outer loop
      vertex -34.0831583923105 -0.3338636441065024 0
      vertex -34.0831583923105 -0.3338636441065024 4
      vertex -34.00407213302731 -0.2969851157479182 0
    endloop
  endfacet
  facet normal -0.42261826174068867 0.9063077870366549 0
    outer loop
      vertex -34.0831583923105 -0.3338636441065024 4
      vertex -34.00407213302731 -0.2969851157479182 4
      vertex -34.00407213302731 -0.2969851157479182 0
    endloop
  endfacet
  facet normal 0 0 -1
    outer loop
      vertex -34.0831583923105 4.233863644106501 0
      vertex -34.0831583923105 29.766136355893494 0
      vertex -34.00407213302731 29.80301488425208 0
    endloop
  endfacet
  facet normal -0.42261826174068035 -0.9063077870366588 0
    outer loop
      vertex -34.0831583923105 4.233863644106501 0
      vertex -34.00407213302731 4.196985115747918 0
      vertex -34.00407213302731 4.196985115747918 4
    endloop
  endfacet
  facet normal -0.42261826174068035 -0.9063077870366588 0
    outer loop
      vertex -34.0831583923105 4.233863644106501 0
      vertex -34.00407213302731 4.196985115747918 4
      vertex -34.0831583923105 4.233863644106501 4
    endloop
  endfacet
  facet normal 0 0 -1
    outer loop
      vertex -34.0831583923105 4.233863644106501 0
      vertex -34.00407213302731 29.80301488425208 0
      vertex -34.00407213302731 4.196985115747918 0
    endloop
  endfacet
  facet normal 0 0 1
    outer loop
      vertex -34.0831583923105 4.233863644106501 4
      vertex -34.00407213302731 4.196985115747918 4
      vertex -34.0831583923105 29.766136355893494 4
    endloop
  endfacet
  facet normal -0.42261826174069705 0.906307787036651 0
    outer loop
      vertex -34.0831583923105 29.766136355893494 0
      vertex -34.0831583923105 29.766136355893494 4
      vertex -34.00407213302731 29.80301488425208 0
    endloop
  endfacet
  facet normal 0 0 1
    outer loop
      vertex -34.0831583923105 29.766136355893494 4
      vertex -34.00407213302731 4.196985115747918 4
      vertex -34.00407213302731 29.80301488425208 4
    endloop
  endfacet
  facet normal -0.42261826174069705 0.906307787036651 0
    outer loop
      vertex -34.0831583923105 29.766136355893494 4
      vertex -34.00407213302731 29.80301488425208 4
      vertex -34.00407213302731 29.80301488425208 0
    endloop
  endfacet
  facet normal -0.42261826174069705 -0.906307787036651 0
    outer loop
      vertex -34.0831583923105 34.3338636441065 0
      vertex -34.00407213302731 34.296985115747916 0
      vertex -34.00407213302731 34.296985115747916 4
    endloop
  endfacet
  facet normal -0.42261826174069705 -0.906307787036651 0
    outer loop
      vertex -34.0831583923105 34.3338636441065 0
      vertex -34.00407213302731 34.296985115747916 4
      vertex -34.0831583923105 34.3338636441065 4
    endloop
  endfacet
  facet normal 0 0 -1
    outer loop
      vertex -34.0831583923105 34.3338636441065 0
      vertex 40.1 42 0
      vertex -34.00407213302731 34.296985115747916 0
    endloop
  endfacet
  facet normal -0.45399049973956435 0.8910065241883589 0
    outer loop
      vertex -34.00407213302731 -0.2969851157479182 0
      vertex -34.00407213302731 -0.2969851157479182 4
      vertex -33.92632109303528 -0.25736898214731774 0
    endloop
  endfacet
  facet normal -0.45399049973956435 0.8910065241883589 0
    outer loop
      vertex -34.00407213302731 -0.2969851157479182 4
      vertex -33.92632109303528 -0.25736898214731774 4
      vertex -33.92632109303528 -0.25736898214731774 0
    endloop
  endfacet
  facet normal 0 0 -1
    outer loop
      vertex -34.00407213302731 4.196985115747918 0
      vertex -34.00407213302731 29.80301488425208 0
      vertex -33.92632109303528 29.842631017852682 0
    endloop
  endfacet
  facet normal -0.45399049973957245 -0.8910065241883548 0
    outer loop
      vertex -34.00407213302731 4.196985115747918 0
      vertex -33.92632109303528 4.157368982147316 0
      vertex -33.92632109303528 4.157368982147316 4
    endloop
  endfacet
  facet normal -0.45399049973957245 -0.8910065241883548 0
    outer loop
      vertex -34.00407213302731 4.196985115747918 0
      vertex -33.92632109303528 4.157368982147316 4
      vertex -34.00407213302731 4.196985115747918 4
    endloop
  endfacet
  facet normal 0 0 -1
    outer loop
      vertex -34.00407213302731 4.196985115747918 0
      vertex -33.92632109303528 29.842631017852682 0
      vertex -33.92632109303528 4.157368982147316 0
    endloop
  endfacet
  facet normal 0 0 1
    outer loop
      vertex -34.00407213302731 4.196985115747918 4
      vertex -33.92632109303528 4.157368982147316 4
      vertex -34.00407213302731 29.80301488425208 4
    endloop
  endfacet
  facet normal -0.45399049973958855 0.8910065241883465 0
    outer loop
      vertex -34.00407213302731 29.80301488425208 0
      vertex -34.00407213302731 29.80301488425208 4
      vertex -33.92632109303528 29.842631017852682 0
    endloop
  endfacet
  facet normal 0 0 1
    outer loop
      vertex -34.00407213302731 29.80301488425208 4
      vertex -33.92632109303528 4.157368982147316 4
      vertex -33.92632109303528 29.842631017852682 4
    endloop
  endfacet
  facet normal -0.45399049973958855 0.8910065241883465 0
    outer loop
      vertex -34.00407213302731 29.80301488425208 4
      vertex -33.92632109303528 29.842631017852682 4
      vertex -33.92632109303528 29.842631017852682 0
    endloop
  endfacet
  facet normal -0.45399049973958855 -0.8910065241883465 0
    outer loop
      vertex -34.00407213302731 34.296985115747916 0
      vertex -33.92632109303528 34.25736898214731 0
      vertex -33.92632109303528 34.25736898214731 4
    endloop
  endfacet
  facet normal -0.45399049973958855 -0.8910065241883465 0
    outer loop
      vertex -34.00407213302731 34.296985115747916 0
      vertex -33.92632109303528 34.25736898214731 4
      vertex -34.00407213302731 34.296985115747916 4
    endloop
  endfacet
  facet normal 0 0 -1
    outer loop
      vertex -34.00407213302731 34.296985115747916 0
      vertex 40.1 42 0
      vertex -33.92632109303528 34.25736898214731 0
    endloop
  endfacet
  facet normal -0.484809620246324 0.874619707139403 0
    outer loop
      vertex -33.92632109303528 -0.25736898214731774 0
      vertex -33.92632109303528 -0.25736898214731774 4
      vertex -33.85 -0.2150635094610971 0
    endloop
  endfacet
  facet normal -0.484809620246324 0.874619707139403 0
    outer loop
      vertex -33.92632109303528 -0.25736898214731774 4
      vertex -33.85 -0.2150635094610971 4
      vertex -33.85 -0.2150635094610971 0
    endloop
  endfacet
  facet normal 0 0 -1
    outer loop
      vertex -33.92632109303528 4.157368982147316 0
      vertex -33.92632109303528 29.842631017852682 0
      vertex -33.85 29.884936490538898 0
    endloop
  endfacet
  facet normal -0.4848096202463318 -0.8746197071393986 0
    outer loop
      vertex -33.92632109303528 4.157368982147316 0
      vertex -33.85 4.115063509461095 0
      vertex -33.85 4.115063509461095 4
    endloop
  endfacet
  facet normal -0.4848096202463318 -0.8746197071393986 0
    outer loop
      vertex -33.92632109303528 4.157368982147316 0
      vertex -33.85 4.115063509461095 4
      vertex -33.92632109303528 4.157368982147316 4
    endloop
  endfacet
  facet normal 0 0 -1
    outer loop
      vertex -33.92632109303528 4.157368982147316 0
      vertex -33.85 29.884936490538898 0
      vertex -33.85 4.115063509461095 0
    endloop
  endfacet
  facet normal 0 0 1
    outer loop
      vertex -33.92632109303528 4.157368982147316 4
      vertex -33.85 4.115063509461095 4
      vertex -33.92632109303528 29.842631017852682 4
    endloop
  endfacet
  facet normal -0.4848096202462851 0.8746197071394245 0
    outer loop
      vertex -33.92632109303528 29.842631017852682 0
      vertex -33.92632109303528 29.842631017852682 4
      vertex -33.85 29.884936490538898 0
    endloop
  endfacet
  facet normal 0 0 1
    outer loop
      vertex -33.92632109303528 29.842631017852682 4
      vertex -33.85 4.115063509461095 4
      vertex -33.85 29.884936490538898 4
    endloop
  endfacet
  facet normal -0.4848096202462851 0.8746197071394245 0
    outer loop
      vertex -33.92632109303528 29.842631017852682 4
      vertex -33.85 29.884936490538898 4
      vertex -33.85 29.884936490538898 0
    endloop
  endfacet
  facet normal -0.4848096202462851 -0.8746197071394245 0
    outer loop
      vertex -33.92632109303528 34.25736898214731 0
      vertex -33.85 34.215063509461096 0
      vertex -33.85 34.215063509461096 4
    endloop
  endfacet
  facet normal -0.4848096202462851 -0.8746197071394245 0
    outer loop
      vertex -33.92632109303528 34.25736898214731 0
      vertex -33.85 34.215063509461096 4
      vertex -33.92632109303528 34.25736898214731 4
    endloop
  endfacet
  facet normal 0 0 -1
    outer loop
      vertex -33.92632109303528 34.25736898214731 0
      vertex 40.1 42 0
      vertex -33.85 34.215063509461096 0
    endloop
  endfacet
  facet normal -0.5150380749100371 0.8571673007021227 0
    outer loop
      vertex -33.85 -0.2150635094610971 0
      vertex -33.85 -0.2150635094610971 4
      vertex -33.77520183941699 -0.170120240391066 0
    endloop
  endfacet
  facet normal 0 0 -1
    outer loop
      vertex -33.85 -0.2150635094610971 0
      vertex -33.77520183941699 -0.170120240391066 0
      vertex 40.1 42 0
    endloop
  endfacet
  facet normal -0.5150380749100371 0.8571673007021227 0
    outer loop
      vertex -33.85 -0.2150635094610971 4
      vertex -33.77520183941699 -0.170120240391066 4
      vertex -33.77520183941699 -0.170120240391066 0
    endloop
  endfacet
  facet normal 0 0 -1
    outer loop
      vertex -33.85 4.115063509461095 0
      vertex -33.85 29.884936490538898 0
      vertex -33.77520183941699 29.92987975960893 0
    endloop
  endfacet
  facet normal -0.5150380749100295 -0.8571673007021271 0
    outer loop
      vertex -33.85 4.115063509461095 0
      vertex -33.77520183941699 4.070120240391065 0
      vertex -33.77520183941699 4.070120240391065 4
    endloop
  endfacet
  facet normal -0.5150380749100295 -0.8571673007021271 0
    outer loop
      vertex -33.85 4.115063509461095 0
      vertex -33.77520183941699 4.070120240391065 4
      vertex -33.85 4.115063509461095 4
    endloop
  endfacet
  facet normal 0 0 -1
    outer loop
      vertex -33.85 4.115063509461095 0
      vertex -33.77520183941699 29.92987975960893 0
      vertex -33.77520183941699 4.070120240391065 0
    endloop
  endfacet
  facet normal 0 0 1
    outer loop
      vertex -33.85 4.115063509461095 4
      vertex -33.77520183941699 4.070120240391065 4
      vertex -33.85 29.884936490538898 4
    endloop
  endfacet
  facet normal -0.5150380749100444 0.8571673007021181 0
    outer loop
      vertex -33.85 29.884936490538898 0
      vertex -33.85 29.884936490538898 4
      vertex -33.77520183941699 29.92987975960893 0
    endloop
  endfacet
  facet normal 0 0 1
    outer loop
      vertex -33.85 29.884936490538898 4
      vertex -33.77520183941699 4.070120240391065 4
      vertex -33.77520183941699 29.92987975960893 4
    endloop
  endfacet
  facet normal -0.5150380749100444 0.8571673007021181 0
    outer loop
      vertex -33.85 29.884936490538898 4
      vertex -33.77520183941699 29.92987975960893 4
      vertex -33.77520183941699 29.92987975960893 0
    endloop
  endfacet
  facet normal -0.5150380749100444 -0.8571673007021181 0
    outer loop
      vertex -33.85 34.215063509461096 0
      vertex -33.77520183941699 34.170120240391064 0
      vertex -33.77520183941699 34.170120240391064 4
    endloop
  endfacet
  facet normal -0.5150380749100444 -0.8571673007021181 0
    outer loop
      vertex -33.85 34.215063509461096 0
      vertex -33.77520183941699 34.170120240391064 4
      vertex -33.85 34.215063509461096 4
    endloop
  endfacet
  facet normal 0 0 -1
    outer loop
      vertex -33.85 34.215063509461096 0
      vertex 40.1 42 0
      vertex -33.77520183941699 34.170120240391064 0
    endloop
  endfacet
  facet normal -0.5446390350150352 0.8386705679454187 0
    outer loop
      vertex -33.77520183941699 -0.170120240391066 0
      vertex -33.77520183941699 -0.170120240391066 4
      vertex -33.70201774132313 -0.12259393138760455 0
    endloop
  endfacet
  facet normal 0 0 -1
    outer loop
      vertex -33.77520183941699 -0.170120240391066 0
      vertex -33.70201774132313 -0.12259393138760455 0
      vertex 40.1 42 0
    endloop
  endfacet
  facet normal -0.5446390350150352 0.8386705679454187 0
    outer loop
      vertex -33.77520183941699 -0.170120240391066 4
      vertex -33.70201774132313 -0.12259393138760455 4
      vertex -33.70201774132313 -0.12259393138760455 0
    endloop
  endfacet
  facet normal 0 0 -1
    outer loop
      vertex -33.77520183941699 4.070120240391065 0
      vertex -33.77520183941699 29.92987975960893 0
      vertex -33.70201774132313 29.977406068612396 0
    endloop
  endfacet
  facet normal -0.5446390350150281 -0.8386705679454234 0
    outer loop
      vertex -33.77520183941699 4.070120240391065 0
      vertex -33.70201774132313 4.022593931387604 0
      vertex -33.70201774132313 4.022593931387604 4
    endloop
  endfacet
  facet normal -0.5446390350150281 -0.8386705679454234 0
    outer loop
      vertex -33.77520183941699 4.070120240391065 0
      vertex -33.70201774132313 4.022593931387604 4
      vertex -33.77520183941699 4.070120240391065 4
    endloop
  endfacet
  facet normal 0 0 -1
    outer loop
      vertex -33.77520183941699 4.070120240391065 0
      vertex -33.70201774132313 29.977406068612396 0
      vertex -33.70201774132313 4.022593931387604 0
    endloop
  endfacet
  facet normal 0 0 1
    outer loop
      vertex -33.77520183941699 4.070120240391065 4
      vertex -33.70201774132313 4.022593931387604 4
      vertex -33.77520183941699 29.92987975960893 4
    endloop
  endfacet
  facet normal -0.544639035015071 0.8386705679453955 0
    outer loop
      vertex -33.77520183941699 29.92987975960893 0
      vertex -33.77520183941699 29.92987975960893 4
      vertex -33.70201774132313 29.977406068612396 0
    endloop
  endfacet
  facet normal 0 0 1
    outer loop
      vertex -33.77520183941699 29.92987975960893 4
      vertex -33.70201774132313 4.022593931387604 4
      vertex -33.70201774132313 29.977406068612396 4
    endloop
  endfacet
  facet normal -0.544639035015071 0.8386705679453955 0
    outer loop
      vertex -33.77520183941699 29.92987975960893 4
      vertex -33.70201774132313 29.977406068612396 4
      vertex -33.70201774132313 29.977406068612396 0
    endloop
  endfacet
  facet normal -0.544639035015071 -0.8386705679453955 0
    outer loop
      vertex -33.77520183941699 34.170120240391064 0
      vertex -33.70201774132313 34.1225939313876 0
      vertex -33.70201774132313 34.1225939313876 4
    endloop
  endfacet
  facet normal -0.544639035015071 -0.8386705679453955 0
    outer loop
      vertex -33.77520183941699 34.170120240391064 0
      vertex -33.70201774132313 34.1225939313876 4
      vertex -33.77520183941699 34.170120240391064 4
    endloop
  endfacet
  facet normal 0 0 -1
    outer loop
      vertex -33.77520183941699 34.170120240391064 0
      vertex 40.1 42 0
      vertex -33.70201774132313 34.1225939313876 0
    endloop
  endfacet
  facet normal -0.5735764363510442 0.8191520442889931 0
    outer loop
      vertex -33.70201774132313 -0.12259393138760455 0
      vertex -33.70201774132313 -0.12259393138760455 4
      vertex -33.630536869268816 -0.0725424859373689 0
    endloop
  endfacet
  facet normal 0 0 -1
    outer loop
      vertex -33.70201774132313 -0.12259393138760455 0
      vertex -33.630536869268816 -0.0725424859373689 0
      vertex 40.1 42 0
    endloop
  endfacet
  facet normal -0.5735764363510442 0.8191520442889931 0
    outer loop
      vertex -33.70201774132313 -0.12259393138760455 4
      vertex -33.630536869268816 -0.0725424859373689 4
      vertex -33.630536869268816 -0.0725424859373689 0
    endloop
  endfacet
  facet normal 0 0 -1
    outer loop
      vertex -33.70201774132313 4.022593931387604 0
      vertex -33.70201774132313 29.977406068612396 0
      vertex -33.630536869268816 30.027457514062625 0
    endloop
  endfacet
  facet normal -0.5735764363510509 -0.8191520442889882 0
    outer loop
      vertex -33.70201774132313 4.022593931387604 0
      vertex -33.630536869268816 3.9725424859373675 0
      vertex -33.630536869268816 3.9725424859373675 4
    endloop
  endfacet
  facet normal -0.5735764363510509 -0.8191520442889882 0
    outer loop
      vertex -33.70201774132313 4.022593931387604 0
      vertex -33.630536869268816 3.9725424859373675 4
      vertex -33.70201774132313 4.022593931387604 4
    endloop
  endfacet
  facet normal 0 0 -1
    outer loop
      vertex -33.70201774132313 4.022593931387604 0
      vertex -33.630536869268816 30.027457514062625 0
      vertex -33.630536869268816 3.9725424859373675 0
    endloop
  endfacet
  facet normal 0 0 1
    outer loop
      vertex -33.70201774132313 4.022593931387604 4
      vertex -33.630536869268816 3.9725424859373675 4
      vertex -33.70201774132313 29.977406068612396 4
    endloop
  endfacet
  facet normal -0.5735764363509964 0.8191520442890265 0
    outer loop
      vertex -33.70201774132313 29.977406068612396 0
      vertex -33.70201774132313 29.977406068612396 4
      vertex -33.630536869268816 30.027457514062625 0
    endloop
  endfacet
  facet normal 0 0 1
    outer loop
      vertex -33.70201774132313 29.977406068612396 4
      vertex -33.630536869268816 3.9725424859373675 4
      vertex -33.630536869268816 30.027457514062625 4
    endloop
  endfacet
  facet normal -0.5735764363509964 0.8191520442890265 0
    outer loop
      vertex -33.70201774132313 29.977406068612396 4
      vertex -33.630536869268816 30.027457514062625 4
      vertex -33.630536869268816 30.027457514062625 0
    endloop
  endfacet
  facet normal -0.5735764363509964 -0.8191520442890265 0
    outer loop
      vertex -33.70201774132313 34.1225939313876 0
      vertex -33.630536869268816 34.07254248593737 0
      vertex -33.630536869268816 34.07254248593737 4
    endloop
  endfacet
  facet normal -0.5735764363509964 -0.8191520442890265 0
    outer loop
      vertex -33.70201774132313 34.1225939313876 0
      vertex -33.630536869268816 34.07254248593737 4
      vertex -33.70201774132313 34.1225939313876 4
    endloop
  endfacet
  facet normal 0 0 -1
    outer loop
      vertex -33.70201774132313 34.1225939313876 0
      vertex 40.1 42 0
      vertex -33.630536869268816 34.07254248593737 0
    endloop
  endfacet
  facet normal -0.6018150231520702 0.7986355100472764 0
    outer loop
      vertex -33.630536869268816 -0.0725424859373689 0
      vertex -33.630536869268816 -0.0725424859373689 4
      vertex -33.56084631168586 -0.02002688401680519 0
    endloop
  endfacet
  facet normal 0 0 -1
    outer loop
      vertex -33.630536869268816 -0.0725424859373689 0
      vertex -33.56084631168586 -0.02002688401680519 0
      vertex 40.1 42 0
    endloop
  endfacet
  facet normal -0.6018150231520702 0.7986355100472764 0
    outer loop
      vertex -33.630536869268816 -0.0725424859373689 4
      vertex -33.56084631168586 -0.02002688401680519 4
      vertex -33.56084631168586 -0.02002688401680519 0
    endloop
  endfacet
  facet normal 0 0 -1
    outer loop
      vertex -33.630536869268816 3.9725424859373675 0
      vertex -33.630536869268816 30.027457514062625 0
      vertex -33.56084631168586 30.079973115983194 0
    endloop
  endfacet
  facet normal -0.6018150231520637 -0.7986355100472812 0
    outer loop
      vertex -33.630536869268816 3.9725424859373675 0
      vertex -33.56084631168586 3.9200268840168047 0
      vertex -33.56084631168586 3.9200268840168047 4
    endloop
  endfacet
  facet normal -0.6018150231520637 -0.7986355100472812 0
    outer loop
      vertex -33.630536869268816 3.9725424859373675 0
      vertex -33.56084631168586 3.9200268840168047 4
      vertex -33.630536869268816 3.9725424859373675 4
    endloop
  endfacet
  facet normal 0 0 -1
    outer loop
      vertex -33.630536869268816 3.9725424859373675 0
      vertex -33.56084631168586 30.079973115983194 0
      vertex -33.56084631168586 3.9200268840168047 0
    endloop
  endfacet
  facet normal 0 0 1
    outer loop
      vertex -33.630536869268816 3.9725424859373675 4
      vertex -33.56084631168586 3.9200268840168047 4
      vertex -33.630536869268816 30.027457514062625 4
    endloop
  endfacet
  facet normal -0.6018150231521028 0.798635510047252 0
    outer loop
      vertex -33.630536869268816 30.027457514062625 0
      vertex -33.630536869268816 30.027457514062625 4
      vertex -33.56084631168586 30.079973115983194 0
    endloop
  endfacet
  facet normal 0 0 1
    outer loop
      vertex -33.630536869268816 30.027457514062625 4
      vertex -33.56084631168586 3.9200268840168047 4
      vertex -33.56084631168586 30.079973115983194 4
    endloop
  endfacet
  facet normal -0.6018150231521028 0.798635510047252 0
    outer loop
      vertex -33.630536869268816 30.027457514062625 4
      vertex -33.56084631168586 30.079973115983194 4
      vertex -33.56084631168586 30.079973115983194 0
    endloop
  endfacet
  facet normal -0.6018150231521028 -0.798635510047252 0
    outer loop
      vertex -33.630536869268816 34.07254248593737 0
      vertex -33.56084631168586 34.0200268840168 0
      vertex -33.56084631168586 34.0200268840168 4
    endloop
  endfacet
  facet normal -0.6018150231521028 -0.798635510047252 0
    outer loop
      vertex -33.630536869268816 34.07254248593737 0
      vertex -33.56084631168586 34.0200268840168 4
      vertex -33.630536869268816 34.07254248593737 4
    endloop
  endfacet
  facet normal 0 0 -1
    outer loop
      vertex -33.630536869268816 34.07254248593737 0
      vertex 40.1 42 0
      vertex -33.56084631168586 34.0200268840168 0
    endloop
  endfacet
  facet normal -0.6293203910498297 0.7771459614569771 0
    outer loop
      vertex -33.56084631168586 -0.02002688401680519 0
      vertex -33.56084631168586 -0.02002688401680519 4
      vertex -33.493030975783654 0.03488889220255409 0
    endloop
  endfacet
  facet normal 0 0 -1
    outer loop
      vertex -33.56084631168586 -0.02002688401680519 0
      vertex -33.493030975783654 0.03488889220255409 0
      vertex 40.1 42 0
    endloop
  endfacet
  facet normal -0.6293203910498297 0.7771459614569771 0
    outer loop
      vertex -33.56084631168586 -0.02002688401680519 4
      vertex -33.493030975783654 0.03488889220255409 4
      vertex -33.493030975783654 0.03488889220255409 0
    endloop
  endfacet
  facet normal 0 0 -1
    outer loop
      vertex -33.56084631168586 3.9200268840168047 0
      vertex -33.56084631168586 30.079973115983194 0
      vertex -33.493030975783654 30.134888892202554 0
    endloop
  endfacet
  facet normal -0.629320391049836 -0.7771459614569721 0
    outer loop
      vertex -33.56084631168586 3.9200268840168047 0
      vertex -33.493030975783654 3.8651111077974445 0
      vertex -33.493030975783654 3.8651111077974445 4
    endloop
  endfacet
  facet normal -0.629320391049836 -0.7771459614569721 0
    outer loop
      vertex -33.56084631168586 3.9200268840168047 0
      vertex -33.493030975783654 3.8651111077974445 4
      vertex -33.56084631168586 3.9200268840168047 4
    endloop
  endfacet
  facet normal 0 0 -1
    outer loop
      vertex -33.56084631168586 3.9200268840168047 0
      vertex -33.493030975783654 30.134888892202554 0
      vertex -33.493030975783654 3.8651111077974445 0
    endloop
  endfacet
  facet normal 0 0 1
    outer loop
      vertex -33.56084631168586 3.9200268840168047 4
      vertex -33.493030975783654 3.8651111077974445 4
      vertex -33.56084631168586 30.079973115983194 4
    endloop
  endfacet
  facet normal -0.629320391049836 0.7771459614569721 0
    outer loop
      vertex -33.56084631168586 30.079973115983194 0
      vertex -33.56084631168586 30.079973115983194 4
      vertex -33.493030975783654 30.134888892202554 0
    endloop
  endfacet
  facet normal 0 0 1
    outer loop
      vertex -33.56084631168586 30.079973115983194 4
      vertex -33.493030975783654 3.8651111077974445 4
      vertex -33.493030975783654 30.134888892202554 4
    endloop
  endfacet
  facet normal -0.629320391049836 0.7771459614569721 0
    outer loop
      vertex -33.56084631168586 30.079973115983194 4
      vertex -33.493030975783654 30.134888892202554 4
      vertex -33.493030975783654 30.134888892202554 0
    endloop
  endfacet
  facet normal -0.629320391049836 -0.7771459614569721 0
    outer loop
      vertex -33.56084631168586 34.0200268840168 0
      vertex -33.493030975783654 33.96511110779744 0
      vertex -33.493030975783654 33.96511110779744 4
    endloop
  endfacet
  facet normal -0.629320391049836 -0.7771459614569721 0
    outer loop
      vertex -33.56084631168586 34.0200268840168 0
      vertex -33.493030975783654 33.96511110779744 4
      vertex -33.56084631168586 34.0200268840168 4
    endloop
  endfacet
  facet normal 0 0 -1
    outer loop
      vertex -33.56084631168586 34.0200268840168 0
      vertex 40.1 42 0
      vertex -33.493030975783654 33.96511110779744 0
    endloop
  endfacet
  facet normal -0.6560590289904836 0.7547095802227926 0
    outer loop
      vertex -33.493030975783654 0.03488889220255409 0
      vertex -33.493030975783654 0.03488889220255409 4
      vertex -33.42717348410285 0.09213793630651423 0
    endloop
  endfacet
  facet normal 0 0 -1
    outer loop
      vertex -33.493030975783654 0.03488889220255409 0
      vertex -33.42717348410285 0.09213793630651423 0
      vertex 40.1 42 0
    endloop
  endfacet
  facet normal -0.6560590289904836 0.7547095802227926 0
    outer loop
      vertex -33.493030975783654 0.03488889220255409 4
      vertex -33.42717348410285 0.09213793630651423 4
      vertex -33.42717348410285 0.09213793630651423 0
    endloop
  endfacet
  facet normal 0 0 -1
    outer loop
      vertex -33.493030975783654 3.8651111077974445 0
      vertex -33.493030975783654 30.134888892202554 0
      vertex -33.42717348410285 30.19213793630651 0
    endloop
  endfacet
  facet normal -0.6560590289904836 -0.7547095802227926 0
    outer loop
      vertex -33.493030975783654 3.8651111077974445 0
      vertex -33.42717348410285 3.8078620636934843 0
      vertex -33.42717348410285 3.8078620636934843 4
    endloop
  endfacet
  facet normal -0.6560590289904836 -0.7547095802227926 0
    outer loop
      vertex -33.493030975783654 3.8651111077974445 0
      vertex -33.42717348410285 3.8078620636934843 4
      vertex -33.493030975783654 3.8651111077974445 4
    endloop
  endfacet
  facet normal 0 0 -1
    outer loop
      vertex -33.493030975783654 3.8651111077974445 0
      vertex -33.42717348410285 30.19213793630651 0
      vertex -24.97 23.57 0
    endloop
  endfacet
  facet normal 0 0 -1
    outer loop
      vertex -33.493030975783654 3.8651111077974445 0
      vertex -24.97 23.57 0
      vertex -24.943099392564523 23.29687354917742 0
    endloop
  endfacet
  facet normal 0 0 -1
    outer loop
      vertex -33.493030975783654 3.8651111077974445 0
      vertex -24.943099392564523 23.29687354917742 0
      vertex -24.863431345515803 23.034243194688873 0
    endloop
  endfacet
  facet normal 0 0 -1
    outer loop
      vertex -33.493030975783654 3.8651111077974445 0
      vertex -24.863431345515803 23.034243194688873 0
      vertex -24.734057457223564 22.792201673772556 0
    endloop
  endfacet
  facet normal 0 0 -1
    outer loop
      vertex -33.493030975783654 3.8651111077974445 0
      vertex -24.734057457223564 22.792201673772556 0
      vertex -24.55994949366117 22.580050506338832 0
    endloop
  endfacet
  facet normal 0 0 -1
    outer loop
      vertex -33.493030975783654 3.8651111077974445 0
      vertex -24.55994949366117 22.580050506338832 0
      vertex -24.347798326227444 22.405942542776437 0
    endloop
  endfacet
  facet normal 0 0 -1
    outer loop
      vertex -33.493030975783654 3.8651111077974445 0
      vertex -24.347798326227444 22.405942542776437 0
      vertex -24.105756805311128 22.276568654484198 0
    endloop
  endfacet
  facet normal 0 0 -1
    outer loop
      vertex -33.493030975783654 3.8651111077974445 0
      vertex -24.105756805311128 22.276568654484198 0
      vertex -23.84312645082258 22.196900607435477 0
    endloop
  endfacet
  facet normal 0 0 -1
    outer loop
      vertex -33.493030975783654 3.8651111077974445 0
      vertex -23.84312645082258 22.196900607435477 0
      vertex -23.57 22.17 0
    endloop
  endfacet
  facet normal 0 0 -1
    outer loop
      vertex -33.493030975783654 3.8651111077974445 0
      vertex -23.57 22.17 0
      vertex -23.29687354917742 22.196900607435477 0
    endloop
  endfacet
  facet normal 0 0 -1
    outer loop
      vertex -33.493030975783654 3.8651111077974445 0
      vertex -23.29687354917742 22.196900607435477 0
      vertex -23.034243194688873 22.276568654484198 0
    endloop
  endfacet
  facet normal 0 0 -1
    outer loop
      vertex -33.493030975783654 3.8651111077974445 0
      vertex -23.034243194688873 22.276568654484198 0
      vertex -22.792201673772556 22.405942542776437 0
    endloop
  endfacet
  facet normal 0 0 -1
    outer loop
      vertex -33.493030975783654 3.8651111077974445 0
      vertex -22.792201673772556 22.405942542776437 0
      vertex -22.580050506338832 22.580050506338832 0
    endloop
  endfacet
  facet normal 0 0 -1
    outer loop
      vertex -33.493030975783654 3.8651111077974445 0
      vertex -22.580050506338832 22.580050506338832 0
      vertex -22.405942542776437 22.792201673772556 0
    endloop
  endfacet
  facet normal 0 0 -1
    outer loop
      vertex -33.493030975783654 3.8651111077974445 0
      vertex -22.405942542776437 22.792201673772556 0
      vertex 40.1 42 0
    endloop
  endfacet
  facet normal 0 0 -1
    outer loop
      vertex -33.493030975783654 3.8651111077974445 0
      vertex 40.1 42 0
      vertex -33.42717348410285 3.8078620636934843 0
    endloop
  endfacet
  facet normal 0 0 1
    outer loop
      vertex -33.493030975783654 3.8651111077974445 4
      vertex -33.42717348410285 3.8078620636934843 4
      vertex -33.493030975783654 30.134888892202554 4
    endloop
  endfacet
  facet normal -0.6560590289904489 0.7547095802228229 0
    outer loop
      vertex -33.493030975783654 30.134888892202554 0
      vertex -33.493030975783654 30.134888892202554 4
      vertex -33.42717348410285 30.19213793630651 0
    endloop
  endfacet
  facet normal 0 0 1
    outer loop
      vertex -33.493030975783654 30.134888892202554 4
      vertex -33.42717348410285 3.8078620636934843 4
      vertex -33.42717348410285 30.19213793630651 4
    endloop
  endfacet
  facet normal -0.6560590289904489 0.7547095802228229 0
    outer loop
      vertex -33.493030975783654 30.134888892202554 4
      vertex -33.42717348410285 30.19213793630651 4
      vertex -33.42717348410285 30.19213793630651 0
    endloop
  endfacet
  facet normal -0.6560590289904489 -0.7547095802228229 0
    outer loop
      vertex -33.493030975783654 33.96511110779744 0
      vertex -33.42717348410285 33.907862063693486 0
      vertex -33.42717348410285 33.907862063693486 4
    endloop
  endfacet
  facet normal -0.6560590289904489 -0.7547095802228229 0
    outer loop
      vertex -33.493030975783654 33.96511110779744 0
      vertex -33.42717348410285 33.907862063693486 4
      vertex -33.493030975783654 33.96511110779744 4
    endloop
  endfacet
  facet normal 0 0 -1
    outer loop
      vertex -33.493030975783654 33.96511110779744 0
      vertex 40.1 42 0
      vertex -33.42717348410285 33.907862063693486 0
    endloop
  endfacet
  facet normal -0.6819983600625019 0.7313537016191675 0
    outer loop
      vertex -33.42717348410285 0.09213793630651423 0
      vertex -33.42717348410285 0.09213793630651423 4
      vertex -33.363354073852506 0.15165049915337114 0
    endloop
  endfacet
  facet normal 0 0 -1
    outer loop
      vertex -33.42717348410285 0.09213793630651423 0
      vertex -33.363354073852506 0.15165049915337114 0
      vertex 40.1 42 0
    endloop
  endfacet
  facet normal -0.6819983600625019 0.7313537016191675 0
    outer loop
      vertex -33.42717348410285 0.09213793630651423 4
      vertex -33.363354073852506 0.15165049915337114 4
      vertex -33.363354073852506 0.15165049915337114 0
    endloop
  endfacet
  facet normal -0.6819983600625019 -0.7313537016191675 0
    outer loop
      vertex -33.42717348410285 3.8078620636934843 0
      vertex -33.363354073852506 3.7483495008466274 0
      vertex -33.363354073852506 3.7483495008466274 4
    endloop
  endfacet
  facet normal -0.6819983600625019 -0.7313537016191675 0
    outer loop
      vertex -33.42717348410285 3.8078620636934843 0
      vertex -33.363354073852506 3.7483495008466274 4
      vertex -33.42717348410285 3.8078620636934843 4
    endloop
  endfacet
  facet normal 0 0 -1
    outer loop
      vertex -33.42717348410285 3.8078620636934843 0
      vertex 40.1 42 0
      vertex -33.363354073852506 3.7483495008466274 0
    endloop
  endfacet
  facet normal 0 0 1
    outer loop
      vertex -33.42717348410285 3.8078620636934843 4
      vertex -33.363354073852506 3.7483495008466274 4
      vertex -33.42717348410285 30.19213793630651 4
    endloop
  endfacet
  facet normal -0.6819983600625344 0.7313537016191368 0
    outer loop
      vertex -33.42717348410285 30.19213793630651 0
      vertex -33.42717348410285 30.19213793630651 4
      vertex -33.363354073852506 30.25165049915337 0
    endloop
  endfacet
  facet normal 0 0 -1
    outer loop
      vertex -33.42717348410285 30.19213793630651 0
      vertex -33.363354073852506 30.25165049915337 0
      vertex 40.1 42 0
    endloop
  endfacet
  facet normal 0 0 -1
    outer loop
      vertex -33.42717348410285 30.19213793630651 0
      vertex -24.943099392564523 23.84312645082258 0
      vertex -24.97 23.57 0
    endloop
  endfacet
  facet normal 0 0 -1
    outer loop
      vertex -33.42717348410285 30.19213793630651 0
      vertex -24.863431345515803 24.105756805311128 0
      vertex -24.943099392564523 23.84312645082258 0
    endloop
  endfacet
  facet normal 0 0 -1
    outer loop
      vertex -33.42717348410285 30.19213793630651 0
      vertex -24.734057457223564 24.347798326227444 0
      vertex -24.863431345515803 24.105756805311128 0
    endloop
  endfacet
  facet normal 0 0 -1
    outer loop
      vertex -33.42717348410285 30.19213793630651 0
      vertex -24.55994949366117 24.55994949366117 0
      vertex -24.734057457223564 24.347798326227444 0
    endloop
  endfacet
  facet normal 0 0 -1
    outer loop
      vertex -33.42717348410285 30.19213793630651 0
      vertex -24.347798326227444 24.734057457223564 0
      vertex -24.55994949366117 24.55994949366117 0
    endloop
  endfacet
  facet normal 0 0 -1
    outer loop
      vertex -33.42717348410285 30.19213793630651 0
      vertex -24.105756805311128 24.863431345515803 0
      vertex -24.347798326227444 24.734057457223564 0
    endloop
  endfacet
  facet normal 0 0 -1
    outer loop
      vertex -33.42717348410285 30.19213793630651 0
      vertex -23.84312645082258 24.943099392564523 0
      vertex -24.105756805311128 24.863431345515803 0
    endloop
  endfacet
  facet normal 0 0 -1
    outer loop
      vertex -33.42717348410285 30.19213793630651 0
      vertex 40.1 42 0
      vertex -23.84312645082258 24.943099392564523 0
    endloop
  endfacet
  facet normal 0 0 1
    outer loop
      vertex -33.42717348410285 30.19213793630651 4
      vertex -33.363354073852506 3.7483495008466274 4
      vertex -33.363354073852506 30.25165049915337 4
    endloop
  endfacet
  facet normal -0.6819983600625344 0.7313537016191368 0
    outer loop
      vertex -33.42717348410285 30.19213793630651 4
      vertex -33.363354073852506 30.25165049915337 4
      vertex -33.363354073852506 30.25165049915337 0
    endloop
  endfacet
  facet normal -0.6819983600625344 -0.7313537016191368 0
    outer loop
      vertex -33.42717348410285 33.907862063693486 0
      vertex -33.363354073852506 33.84834950084662 0
      vertex -33.363354073852506 33.84834950084662 4
    endloop
  endfacet
  facet normal -0.6819983600625344 -0.7313537016191368 0
    outer loop
      vertex -33.42717348410285 33.907862063693486 0
      vertex -33.363354073852506 33.84834950084662 4
      vertex -33.42717348410285 33.907862063693486 4
    endloop
  endfacet
  facet normal 0 0 -1
    outer loop
      vertex -33.42717348410285 33.907862063693486 0
      vertex 40.1 42 0
      vertex -33.363354073852506 33.84834950084662 0
    endloop
  endfacet
  facet normal -0.7071067811865781 0.707106781186517 0
    outer loop
      vertex -33.363354073852506 0.15165049915337114 0
      vertex -33.363354073852506 0.15165049915337114 4
      vertex -33.301650499153375 0.21335407385250704 0
    endloop
  endfacet
  facet normal 0 0 -1
    outer loop
      vertex -33.363354073852506 0.15165049915337114 0
      vertex -33.301650499153375 0.21335407385250704 0
      vertex 40.1 42 0
    endloop
  endfacet
  facet normal -0.7071067811865781 0.707106781186517 0
    outer loop
      vertex -33.363354073852506 0.15165049915337114 4
      vertex -33.301650499153375 0.21335407385250704 4
      vertex -33.301650499153375 0.21335407385250704 0
    endloop
  endfacet
  facet normal -0.7071067811865781 -0.707106781186517 0
    outer loop
      vertex -33.363354073852506 3.7483495008466274 0
      vertex -33.301650499153375 3.6866459261474915 0
      vertex -33.301650499153375 3.6866459261474915 4
    endloop
  endfacet
  facet normal -0.7071067811865781 -0.707106781186517 0
    outer loop
      vertex -33.363354073852506 3.7483495008466274 0
      vertex -33.301650499153375 3.6866459261474915 4
      vertex -33.363354073852506 3.7483495008466274 4
    endloop
  endfacet
  facet normal 0 0 -1
    outer loop
      vertex -33.363354073852506 3.7483495008466274 0
      vertex 40.1 42 0
      vertex -33.301650499153375 3.6866459261474915 0
    endloop
  endfacet
  facet normal 0 0 1
    outer loop
      vertex -33.363354073852506 3.7483495008466274 4
      vertex -33.301650499153375 3.6866459261474915 4
      vertex -33.363354073852506 30.25165049915337 4
    endloop
  endfacet
  facet normal -0.7071067811865476 0.7071067811865476 0
    outer loop
      vertex -33.363354073852506 30.25165049915337 0
      vertex -33.363354073852506 30.25165049915337 4
      vertex -33.301650499153375 30.3133540738525 0
    endloop
  endfacet
  facet normal 0 0 -1
    outer loop
      vertex -33.363354073852506 30.25165049915337 0
      vertex -33.301650499153375 30.3133540738525 0
      vertex 40.1 42 0
    endloop
  endfacet
  facet normal 0 0 1
    outer loop
      vertex -33.363354073852506 30.25165049915337 4
      vertex -33.301650499153375 3.6866459261474915 4
      vertex -33.301650499153375 30.3133540738525 4
    endloop
  endfacet
  facet normal -0.7071067811865476 0.7071067811865476 0
    outer loop
      vertex -33.363354073852506 30.25165049915337 4
      vertex -33.301650499153375 30.3133540738525 4
      vertex -33.301650499153375 30.3133540738525 0
    endloop
  endfacet
  facet normal -0.7071067811865476 -0.7071067811865476 0
    outer loop
      vertex -33.363354073852506 33.84834950084662 0
      vertex -33.301650499153375 33.78664592614749 0
      vertex -33.301650499153375 33.78664592614749 4
    endloop
  endfacet
  facet normal -0.7071067811865476 -0.7071067811865476 0
    outer loop
      vertex -33.363354073852506 33.84834950084662 0
      vertex -33.301650499153375 33.78664592614749 4
      vertex -33.363354073852506 33.84834950084662 4
    endloop
  endfacet
  facet normal 0 0 -1
    outer loop
      vertex -33.363354073852506 33.84834950084662 0
      vertex 40.1 42 0
      vertex -33.301650499153375 33.78664592614749 0
    endloop
  endfacet
  facet normal -0.7313537016191776 0.6819983600624909 0
    outer loop
      vertex -33.301650499153375 0.21335407385250704 0
      vertex -33.301650499153375 0.21335407385250704 4
      vertex -33.24213793630652 0.27717348410285325 0
    endloop
  endfacet
  facet normal 0 0 -1
    outer loop
      vertex -33.301650499153375 0.21335407385250704 0
      vertex -33.24213793630652 0.27717348410285325 0
      vertex 40.1 42 0
    endloop
  endfacet
  facet normal -0.7313537016191776 0.6819983600624909 0
    outer loop
      vertex -33.301650499153375 0.21335407385250704 4
      vertex -33.24213793630652 0.27717348410285325 4
      vertex -33.24213793630652 0.27717348410285325 0
    endloop
  endfacet
  facet normal -0.7313537016191776 -0.6819983600624909 0
    outer loop
      vertex -33.301650499153375 3.6866459261474915 0
      vertex -33.24213793630652 3.6228265158971453 0
      vertex -33.24213793630652 3.6228265158971453 4
    endloop
  endfacet
  facet normal -0.7313537016191776 -0.6819983600624909 0
    outer loop
      vertex -33.301650499153375 3.6866459261474915 0
      vertex -33.24213793630652 3.6228265158971453 4
      vertex -33.301650499153375 3.6866459261474915 4
    endloop
  endfacet
  facet normal 0 0 -1
    outer loop
      vertex -33.301650499153375 3.6866459261474915 0
      vertex 40.1 42 0
      vertex -33.24213793630652 3.6228265158971453 0
    endloop
  endfacet
  facet normal 0 0 1
    outer loop
      vertex -33.301650499153375 3.6866459261474915 4
      vertex -33.24213793630652 3.6228265158971453 4
      vertex -33.301650499153375 30.3133540738525 4
    endloop
  endfacet
  facet normal -0.7313537016192153 0.6819983600624503 0
    outer loop
      vertex -33.301650499153375 30.3133540738525 0
      vertex -33.301650499153375 30.3133540738525 4
      vertex -33.24213793630652 30.377173484102855 0
    endloop
  endfacet
  facet normal 0 0 -1
    outer loop
      vertex -33.301650499153375 30.3133540738525 0
      vertex -33.24213793630652 30.377173484102855 0
      vertex 40.1 42 0
    endloop
  endfacet
  facet normal 0 0 1
    outer loop
      vertex -33.301650499153375 30.3133540738525 4
      vertex -33.24213793630652 3.6228265158971453 4
      vertex -33.24213793630652 30.377173484102855 4
    endloop
  endfacet
  facet normal -0.7313537016192153 0.6819983600624503 0
    outer loop
      vertex -33.301650499153375 30.3133540738525 4
      vertex -33.24213793630652 30.377173484102855 4
      vertex -33.24213793630652 30.377173484102855 0
    endloop
  endfacet
  facet normal -0.7313537016192153 -0.6819983600624503 0
    outer loop
      vertex -33.301650499153375 33.78664592614749 0
      vertex -33.24213793630652 33.72282651589714 0
      vertex -33.24213793630652 33.72282651589714 4
    endloop
  endfacet
  facet normal -0.7313537016192153 -0.6819983600624503 0
    outer loop
      vertex -33.301650499153375 33.78664592614749 0
      vertex -33.24213793630652 33.72282651589714 4
      vertex -33.301650499153375 33.78664592614749 4
    endloop
  endfacet
  facet normal 0 0 -1
    outer loop
      vertex -33.301650499153375 33.78664592614749 0
      vertex 40.1 42 0
      vertex -33.24213793630652 33.72282651589714 0
    endloop
  endfacet
  facet normal -0.7547095802227649 0.6560590289905154 0
    outer loop
      vertex -33.24213793630652 0.27717348410285325 0
      vertex -33.24213793630652 0.27717348410285325 4
      vertex -33.18488889220256 0.3430309757836518 0
    endloop
  endfacet
  facet normal 0 0 -1
    outer loop
      vertex -33.24213793630652 0.27717348410285325 0
      vertex -33.18488889220256 0.3430309757836518 0
      vertex 40.1 42 0
    endloop
  endfacet
  facet normal -0.7547095802227649 0.6560590289905154 0
    outer loop
      vertex -33.24213793630652 0.27717348410285325 4
      vertex -33.18488889220256 0.3430309757836518 4
      vertex -33.18488889220256 0.3430309757836518 0
    endloop
  endfacet
  facet normal 0 0 1
    outer loop
      vertex -33.24213793630652 0.27717348410285325 4
      vertex -30.1 -8 4
      vertex -33.18488889220256 0.3430309757836518 4
    endloop
  endfacet
  facet normal -0.7547095802227649 -0.6560590289905154 0
    outer loop
      vertex -33.24213793630652 3.6228265158971453 0
      vertex -33.18488889220256 3.5569690242163468 0
      vertex -33.18488889220256 3.5569690242163468 4
    endloop
  endfacet
  facet normal -0.7547095802227649 -0.6560590289905154 0
    outer loop
      vertex -33.24213793630652 3.6228265158971453 0
      vertex -33.18488889220256 3.5569690242163468 4
      vertex -33.24213793630652 3.6228265158971453 4
    endloop
  endfacet
  facet normal 0 0 -1
    outer loop
      vertex -33.24213793630652 3.6228265158971453 0
      vertex 40.1 42 0
      vertex -33.18488889220256 3.5569690242163468 0
    endloop
  endfacet
  facet normal 0 0 1
    outer loop
      vertex -33.24213793630652 3.6228265158971453 4
      vertex -33.18488889220256 3.5569690242163468 4
      vertex -33.24213793630652 30.377173484102855 4
    endloop
  endfacet
  facet normal -0.7547095802227474 0.6560590289905356 0
    outer loop
      vertex -33.24213793630652 30.377173484102855 0
      vertex -33.24213793630652 30.377173484102855 4
      vertex -33.18488889220256 30.44303097578365 0
    endloop
  endfacet
  facet normal 0 0 -1
    outer loop
      vertex -33.24213793630652 30.377173484102855 0
      vertex -33.18488889220256 30.44303097578365 0
      vertex 40.1 42 0
    endloop
  endfacet
  facet normal 0 0 1
    outer loop
      vertex -33.24213793630652 30.377173484102855 4
      vertex -33.18488889220256 3.5569690242163468 4
      vertex -33.1299731159832 3.489153688314145 4
    endloop
  endfacet
  facet normal -0.7547095802227474 0.6560590289905356 0
    outer loop
      vertex -33.24213793630652 30.377173484102855 4
      vertex -33.18488889220256 30.44303097578365 4
      vertex -33.18488889220256 30.44303097578365 0
    endloop
  endfacet
  facet normal 0 0 1
    outer loop
      vertex -33.24213793630652 30.377173484102855 4
      vertex -33.1299731159832 3.489153688314145 4
      vertex -33.07745751406263 3.4194631307311827 4
    endloop
  endfacet
  facet normal 0 0 1
    outer loop
      vertex -33.24213793630652 30.377173484102855 4
      vertex -33.07745751406263 3.4194631307311827 4
      vertex -33.0274060686124 3.3479822586768666 4
    endloop
  endfacet
  facet normal 0 0 1
    outer loop
      vertex -33.24213793630652 30.377173484102855 4
      vertex -33.0274060686124 3.3479822586768666 4
      vertex -32.979879759608934 3.2747981605830105 4
    endloop
  endfacet
  facet normal 0 0 1
    outer loop
      vertex -33.24213793630652 30.377173484102855 4
      vertex -32.979879759608934 3.2747981605830105 4
      vertex -32.9349364905389 3.1999999999999993 4
    endloop
  endfacet
  facet normal 0 0 1
    outer loop
      vertex -33.24213793630652 30.377173484102855 4
      vertex -32.9349364905389 3.1999999999999993 4
      vertex -32.892631017852686 3.1236789069647273 4
    endloop
  endfacet
  facet normal 0 0 1
    outer loop
      vertex -33.24213793630652 30.377173484102855 4
      vertex -32.892631017852686 3.1236789069647273 4
      vertex -32.85301488425208 3.0459278669726935 4
    endloop
  endfacet
  facet normal 0 0 1
    outer loop
      vertex -33.24213793630652 30.377173484102855 4
      vertex -32.85301488425208 3.0459278669726935 4
      vertex -32.8161363558935 2.9668416076894992 4
    endloop
  endfacet
  facet normal 0 0 1
    outer loop
      vertex -33.24213793630652 30.377173484102855 4
      vertex -32.8161363558935 2.9668416076894992 4
      vertex -32.782040363583036 2.886516483539779 4
    endloop
  endfacet
  facet normal 0 0 1
    outer loop
      vertex -33.24213793630652 30.377173484102855 4
      vertex -32.782040363583036 2.886516483539779 4
      vertex -32.75076844803523 2.805050358314171 4
    endloop
  endfacet
  facet normal 0 0 1
    outer loop
      vertex -33.24213793630652 30.377173484102855 4
      vertex -32.75076844803523 2.805050358314171 4
      vertex -32.72235870926212 2.7225424859373675 4
    endloop
  endfacet
  facet normal 0 0 1
    outer loop
      vertex -33.24213793630652 30.377173484102855 4
      vertex -32.72235870926212 2.7225424859373675 4
      vertex -32.696845760154204 2.639093389542497 4
    endloop
  endfacet
  facet normal 0 0 1
    outer loop
      vertex -33.24213793630652 30.377173484102855 4
      vertex -32.696845760154204 2.639093389542497 4
      vertex -32.67426068431001 2.5548047389991684 4
    endloop
  endfacet
  facet normal 0 0 1
    outer loop
      vertex -33.24213793630652 30.377173484102855 4
      vertex -32.67426068431001 2.5548047389991684 4
      vertex -32.65463099816549 2.4697792270443983 4
    endloop
  endfacet
  facet normal 0 0 1
    outer loop
      vertex -33.24213793630652 30.377173484102855 4
      vertex -32.65463099816549 2.4697792270443983 4
      vertex -32.63798061746948 2.3841204441673245 4
    endloop
  endfacet
  facet normal 0 0 1
    outer loop
      vertex -33.24213793630652 30.377173484102855 4
      vertex -32.63798061746948 2.3841204441673245 4
      vertex -32.624329828146074 2.297932752400163 4
    endloop
  endfacet
  facet normal 0 0 1
    outer loop
      vertex -33.24213793630652 30.377173484102855 4
      vertex -32.624329828146074 2.297932752400163 4
      vertex -30.1 -8 4
    endloop
  endfacet
  facet normal 0 0 1
    outer loop
      vertex -33.24213793630652 30.377173484102855 4
      vertex -30.1 -8 4
      vertex -33.18488889220256 30.44303097578365 4
    endloop
  endfacet
  facet normal -0.7547095802227474 -0.6560590289905356 0
    outer loop
      vertex -33.24213793630652 33.72282651589714 0
      vertex -33.18488889220256 33.656969024216345 0
      vertex -33.18488889220256 33.656969024216345 4
    endloop
  endfacet
  facet normal -0.7547095802227474 -0.6560590289905356 0
    outer loop
      vertex -33.24213793630652 33.72282651589714 0
      vertex -33.18488889220256 33.656969024216345 4
      vertex -33.24213793630652 33.72282651589714 4
    endloop
  endfacet
  facet normal 0 0 -1
    outer loop
      vertex -33.24213793630652 33.72282651589714 0
      vertex 40.1 42 0
      vertex -33.18488889220256 33.656969024216345 0
    endloop
  endfacet
  facet normal -0.7771459614569641 0.6293203910498459 0
    outer loop
      vertex -33.18488889220256 0.3430309757836518 0
      vertex -33.18488889220256 0.3430309757836518 4
      vertex -33.1299731159832 0.4108463116858534 0
    endloop
  endfacet
  facet normal 0 0 -1
    outer loop
      vertex -33.18488889220256 0.3430309757836518 0
      vertex -33.1299731159832 0.4108463116858534 0
      vertex 40.1 42 0
    endloop
  endfacet
  facet normal -0.7771459614569641 0.6293203910498459 0
    outer loop
      vertex -33.18488889220256 0.3430309757836518 4
      vertex -33.1299731159832 0.4108463116858534 4
      vertex -33.1299731159832 0.4108463116858534 0
    endloop
  endfacet
  facet normal 0 0 1
    outer loop
      vertex -33.18488889220256 0.3430309757836518 4
      vertex -30.1 -8 4
      vertex -33.1299731159832 0.4108463116858534 4
    endloop
  endfacet
  facet normal -0.7771459614569641 -0.6293203910498459 0
    outer loop
      vertex -33.18488889220256 3.5569690242163468 0
      vertex -33.1299731159832 3.489153688314145 0
      vertex -33.1299731159832 3.489153688314145 4
    endloop
  endfacet
  facet normal -0.7771459614569641 -0.6293203910498459 0
    outer loop
      vertex -33.18488889220256 3.5569690242163468 0
      vertex -33.1299731159832 3.489153688314145 4
      vertex -33.18488889220256 3.5569690242163468 4
    endloop
  endfacet
  facet normal 0 0 -1
    outer loop
      vertex -33.18488889220256 3.5569690242163468 0
      vertex 40.1 42 0
      vertex -33.1299731159832 3.489153688314145 0
    endloop
  endfacet
  facet normal -0.7771459614569721 0.629320391049836 0
    outer loop
      vertex -33.18488889220256 30.44303097578365 0
      vertex -33.18488889220256 30.44303097578365 4
      vertex -33.1299731159832 30.510846311685853 0
    endloop
  endfacet
  facet normal 0 0 -1
    outer loop
      vertex -33.18488889220256 30.44303097578365 0
      vertex -33.1299731159832 30.510846311685853 0
      vertex 40.1 42 0
    endloop
  endfacet
  facet normal -0.7771459614569721 0.629320391049836 0
    outer loop
      vertex -33.18488889220256 30.44303097578365 4
      vertex -33.1299731159832 30.510846311685853 4
      vertex -33.1299731159832 30.510846311685853 0
    endloop
  endfacet
  facet normal 0 0 1
    outer loop
      vertex -33.18488889220256 30.44303097578365 4
      vertex -30.1 -8 4
      vertex -33.1299731159832 30.510846311685853 4
    endloop
  endfacet
  facet normal -0.7771459614569721 -0.629320391049836 0
    outer loop
      vertex -33.18488889220256 33.656969024216345 0
      vertex -33.1299731159832 33.58915368831414 0
      vertex -33.1299731159832 33.58915368831414 4
    endloop
  endfacet
  facet normal -0.7771459614569721 -0.629320391049836 0
    outer loop
      vertex -33.18488889220256 33.656969024216345 0
      vertex -33.1299731159832 33.58915368831414 4
      vertex -33.18488889220256 33.656969024216345 4
    endloop
  endfacet
  facet normal 0 0 -1
    outer loop
      vertex -33.18488889220256 33.656969024216345 0
      vertex 40.1 42 0
      vertex -33.1299731159832 33.58915368831414 0
    endloop
  endfacet
  facet normal 0 0 1
    outer loop
      vertex -33.18488889220256 33.656969024216345 4
      vertex -33.1299731159832 33.58915368831414 4
      vertex -30.1 29.956804518122894 4
    endloop
  endfacet
  facet normal -0.7986355100472666 0.6018150231520831 0
    outer loop
      vertex -33.1299731159832 0.4108463116858534 0
      vertex -33.1299731159832 0.4108463116858534 4
      vertex -33.07745751406263 0.4805368692688159 0
    endloop
  endfacet
  facet normal 0 0 -1
    outer loop
      vertex -33.1299731159832 0.4108463116858534 0
      vertex -33.07745751406263 0.4805368692688159 0
      vertex 40.1 42 0
    endloop
  endfacet
  facet normal -0.7986355100472666 0.6018150231520831 0
    outer loop
      vertex -33.1299731159832 0.4108463116858534 4
      vertex -33.07745751406263 0.4805368692688159 4
      vertex -33.07745751406263 0.4805368692688159 0
    endloop
  endfacet
  facet normal 0 0 1
    outer loop
      vertex -33.1299731159832 0.4108463116858534 4
      vertex -30.1 -8 4
      vertex -33.07745751406263 0.4805368692688159 4
    endloop
  endfacet
  facet normal -0.7986355100472666 -0.6018150231520831 0
    outer loop
      vertex -33.1299731159832 3.489153688314145 0
      vertex -33.07745751406263 3.4194631307311827 0
      vertex -33.07745751406263 3.4194631307311827 4
    endloop
  endfacet
  facet normal -0.7986355100472666 -0.6018150231520831 0
    outer loop
      vertex -33.1299731159832 3.489153688314145 0
      vertex -33.07745751406263 3.4194631307311827 4
      vertex -33.1299731159832 3.489153688314145 4
    endloop
  endfacet
  facet normal 0 0 -1
    outer loop
      vertex -33.1299731159832 3.489153688314145 0
      vertex 40.1 42 0
      vertex -33.07745751406263 3.4194631307311827 0
    endloop
  endfacet
  facet normal -0.798635510047252 0.6018150231521028 0
    outer loop
      vertex -33.1299731159832 30.510846311685853 0
      vertex -33.1299731159832 30.510846311685853 4
      vertex -33.07745751406263 30.580536869268812 0
    endloop
  endfacet
  facet normal 0 0 -1
    outer loop
      vertex -33.1299731159832 30.510846311685853 0
      vertex -33.07745751406263 30.580536869268812 0
      vertex 40.1 42 0
    endloop
  endfacet
  facet normal -0.798635510047252 0.6018150231521028 0
    outer loop
      vertex -33.1299731159832 30.510846311685853 4
      vertex -33.07745751406263 30.580536869268812 4
      vertex -33.07745751406263 30.580536869268812 0
    endloop
  endfacet
  facet normal 0 0 1
    outer loop
      vertex -33.1299731159832 30.510846311685853 4
      vertex -30.1 -8 4
      vertex -33.07745751406263 30.580536869268812 4
    endloop
  endfacet
  facet normal -0.798635510047252 -0.6018150231521028 0
    outer loop
      vertex -33.1299731159832 33.58915368831414 0
      vertex -33.07745751406263 33.51946313073118 0
      vertex -33.07745751406263 33.51946313073118 4
    endloop
  endfacet
  facet normal -0.798635510047252 -0.6018150231521028 0
    outer loop
      vertex -33.1299731159832 33.58915368831414 0
      vertex -33.07745751406263 33.51946313073118 4
      vertex -33.1299731159832 33.58915368831414 4
    endloop
  endfacet
  facet normal 0 0 -1
    outer loop
      vertex -33.1299731159832 33.58915368831414 0
      vertex 40.1 42 0
      vertex -33.07745751406263 33.51946313073118 0
    endloop
  endfacet
  facet normal 0 0 1
    outer loop
      vertex -33.1299731159832 33.58915368831414 4
      vertex -33.07745751406263 33.51946313073118 4
      vertex -30.1 29.956804518122894 4
    endloop
  endfacet
  facet normal -0.8191520442890265 0.5735764363509964 0
    outer loop
      vertex -33.07745751406263 0.4805368692688159 0
      vertex -33.07745751406263 0.4805368692688159 4
      vertex -33.0274060686124 0.552017741323132 0
    endloop
  endfacet
  facet normal 0 0 -1
    outer loop
      vertex -33.07745751406263 0.4805368692688159 0
      vertex -33.0274060686124 0.552017741323132 0
      vertex 40.1 42 0
    endloop
  endfacet
  facet normal -0.8191520442890265 0.5735764363509964 0
    outer loop
      vertex -33.07745751406263 0.4805368692688159 4
      vertex -33.0274060686124 0.552017741323132 4
      vertex -33.0274060686124 0.552017741323132 0
    endloop
  endfacet
  facet normal 0 0 1
    outer loop
      vertex -33.07745751406263 0.4805368692688159 4
      vertex -30.1 -8 4
      vertex -33.0274060686124 0.552017741323132 4
    endloop
  endfacet
  facet normal -0.8191520442890265 -0.5735764363509964 0
    outer loop
      vertex -33.07745751406263 3.4194631307311827 0
      vertex -33.0274060686124 3.3479822586768666 0
      vertex -33.0274060686124 3.3479822586768666 4
    endloop
  endfacet
  facet normal -0.8191520442890265 -0.5735764363509964 0
    outer loop
      vertex -33.07745751406263 3.4194631307311827 0
      vertex -33.0274060686124 3.3479822586768666 4
      vertex -33.07745751406263 3.4194631307311827 4
    endloop
  endfacet
  facet normal 0 0 -1
    outer loop
      vertex -33.07745751406263 3.4194631307311827 0
      vertex 40.1 42 0
      vertex -33.0274060686124 3.3479822586768666 0
    endloop
  endfacet
  facet normal -0.8191520442890265 0.5735764363509964 0
    outer loop
      vertex -33.07745751406263 30.580536869268812 0
      vertex -33.07745751406263 30.580536869268812 4
      vertex -33.0274060686124 30.652017741323128 0
    endloop
  endfacet
  facet normal 0 0 -1
    outer loop
      vertex -33.07745751406263 30.580536869268812 0
      vertex -33.0274060686124 30.652017741323128 0
      vertex 40.1 42 0
    endloop
  endfacet
  facet normal -0.8191520442890265 0.5735764363509964 0
    outer loop
      vertex -33.07745751406263 30.580536869268812 4
      vertex -33.0274060686124 30.652017741323128 4
      vertex -33.0274060686124 30.652017741323128 0
    endloop
  endfacet
  facet normal 0 0 1
    outer loop
      vertex -33.07745751406263 30.580536869268812 4
      vertex -30.1 -8 4
      vertex -33.0274060686124 30.652017741323128 4
    endloop
  endfacet
  facet normal -0.8191520442890265 -0.5735764363509964 0
    outer loop
      vertex -33.07745751406263 33.51946313073118 0
      vertex -33.0274060686124 33.447982258676866 0
      vertex -33.0274060686124 33.447982258676866 4
    endloop
  endfacet
  facet normal -0.8191520442890265 -0.5735764363509964 0
    outer loop
      vertex -33.07745751406263 33.51946313073118 0
      vertex -33.0274060686124 33.447982258676866 4
      vertex -33.07745751406263 33.51946313073118 4
    endloop
  endfacet
  facet normal 0 0 -1
    outer loop
      vertex -33.07745751406263 33.51946313073118 0
      vertex 40.1 42 0
      vertex -33.0274060686124 33.447982258676866 0
    endloop
  endfacet
  facet normal 0 0 1
    outer loop
      vertex -33.07745751406263 33.51946313073118 4
      vertex -33.0274060686124 33.447982258676866 4
      vertex -30.1 29.956804518122894 4
    endloop
  endfacet
  facet normal -0.8386705679454016 0.5446390350150617 0
    outer loop
      vertex -33.0274060686124 0.552017741323132 0
      vertex -33.0274060686124 0.552017741323132 4
      vertex -32.979879759608934 0.625201839416988 0
    endloop
  endfacet
  facet normal 0 0 -1
    outer loop
      vertex -33.0274060686124 0.552017741323132 0
      vertex -32.979879759608934 0.625201839416988 0
      vertex 40.1 42 0
    endloop
  endfacet
  facet normal -0.8386705679454016 0.5446390350150617 0
    outer loop
      vertex -33.0274060686124 0.552017741323132 4
      vertex -32.979879759608934 0.625201839416988 4
      vertex -32.979879759608934 0.625201839416988 0
    endloop
  endfacet
  facet normal 0 0 1
    outer loop
      vertex -33.0274060686124 0.552017741323132 4
      vertex -30.1 -8 4
      vertex -32.979879759608934 0.625201839416988 4
    endloop
  endfacet
  facet normal -0.8386705679454016 -0.5446390350150617 0
    outer loop
      vertex -33.0274060686124 3.3479822586768666 0
      vertex -32.979879759608934 3.2747981605830105 0
      vertex -32.979879759608934 3.2747981605830105 4
    endloop
  endfacet
  facet normal -0.8386705679454016 -0.5446390350150617 0
    outer loop
      vertex -33.0274060686124 3.3479822586768666 0
      vertex -32.979879759608934 3.2747981605830105 4
      vertex -33.0274060686124 3.3479822586768666 4
    endloop
  endfacet
  facet normal 0 0 -1
    outer loop
      vertex -33.0274060686124 3.3479822586768666 0
      vertex 40.1 42 0
      vertex -32.979879759608934 3.2747981605830105 0
    endloop
  endfacet
  facet normal -0.8386705679453955 0.544639035015071 0
    outer loop
      vertex -33.0274060686124 30.652017741323128 0
      vertex -33.0274060686124 30.652017741323128 4
      vertex -32.979879759608934 30.725201839416982 0
    endloop
  endfacet
  facet normal 0 0 -1
    outer loop
      vertex -33.0274060686124 30.652017741323128 0
      vertex -32.979879759608934 30.725201839416982 0
      vertex 40.1 42 0
    endloop
  endfacet
  facet normal -0.8386705679453955 0.544639035015071 0
    outer loop
      vertex -33.0274060686124 30.652017741323128 4
      vertex -32.979879759608934 30.725201839416982 4
      vertex -32.979879759608934 30.725201839416982 0
    endloop
  endfacet
  facet normal 0 0 1
    outer loop
      vertex -33.0274060686124 30.652017741323128 4
      vertex -30.1 -8 4
      vertex -32.979879759608934 30.725201839416982 4
    endloop
  endfacet
  facet normal -0.8386705679453955 -0.544639035015071 0
    outer loop
      vertex -33.0274060686124 33.447982258676866 0
      vertex -32.979879759608934 33.37479816058301 0
      vertex -32.979879759608934 33.37479816058301 4
    endloop
  endfacet
  facet normal -0.8386705679453955 -0.544639035015071 0
    outer loop
      vertex -33.0274060686124 33.447982258676866 0
      vertex -32.979879759608934 33.37479816058301 4
      vertex -33.0274060686124 33.447982258676866 4
    endloop
  endfacet
  facet normal 0 0 -1
    outer loop
      vertex -33.0274060686124 33.447982258676866 0
      vertex 40.1 42 0
      vertex -32.979879759608934 33.37479816058301 0
    endloop
  endfacet
  facet normal 0 0 1
    outer loop
      vertex -33.0274060686124 33.447982258676866 4
      vertex -32.979879759608934 33.37479816058301 4
      vertex -30.1 29.956804518122894 4
    endloop
  endfacet
  facet normal -0.8571673007021073 0.5150380749100625 0
    outer loop
      vertex -32.979879759608934 0.625201839416988 0
      vertex -32.979879759608934 0.625201839416988 4
      vertex -32.9349364905389 0.6999999999999993 0
    endloop
  endfacet
  facet normal 0 0 -1
    outer loop
      vertex -32.979879759608934 0.625201839416988 0
      vertex -32.9349364905389 0.6999999999999993 0
      vertex 40.1 42 0
    endloop
  endfacet
  facet normal -0.8571673007021073 0.5150380749100625 0
    outer loop
      vertex -32.979879759608934 0.625201839416988 4
      vertex -32.9349364905389 0.6999999999999993 4
      vertex -32.9349364905389 0.6999999999999993 0
    endloop
  endfacet
  facet normal 0 0 1
    outer loop
      vertex -32.979879759608934 0.625201839416988 4
      vertex -30.1 -8 4
      vertex -32.9349364905389 0.6999999999999993 4
    endloop
  endfacet
  facet normal -0.8571673007021073 -0.5150380749100625 0
    outer loop
      vertex -32.979879759608934 3.2747981605830105 0
      vertex -32.9349364905389 3.1999999999999993 0
      vertex -32.9349364905389 3.1999999999999993 4
    endloop
  endfacet
  facet normal -0.8571673007021073 -0.5150380749100625 0
    outer loop
      vertex -32.979879759608934 3.2747981605830105 0
      vertex -32.9349364905389 3.1999999999999993 4
      vertex -32.979879759608934 3.2747981605830105 4
    endloop
  endfacet
  facet normal 0 0 -1
    outer loop
      vertex -32.979879759608934 3.2747981605830105 0
      vertex 40.1 42 0
      vertex -32.9349364905389 3.1999999999999993 0
    endloop
  endfacet
  facet normal -0.8571673007021181 0.5150380749100444 0
    outer loop
      vertex -32.979879759608934 30.725201839416982 0
      vertex -32.979879759608934 30.725201839416982 4
      vertex -32.9349364905389 30.799999999999997 0
    endloop
  endfacet
  facet normal 0 0 -1
    outer loop
      vertex -32.979879759608934 30.725201839416982 0
      vertex -32.9349364905389 30.799999999999997 0
      vertex 40.1 42 0
    endloop
  endfacet
  facet normal -0.8571673007021181 0.5150380749100444 0
    outer loop
      vertex -32.979879759608934 30.725201839416982 4
      vertex -32.9349364905389 30.799999999999997 4
      vertex -32.9349364905389 30.799999999999997 0
    endloop
  endfacet
  facet normal 0 0 1
    outer loop
      vertex -32.979879759608934 30.725201839416982 4
      vertex -30.1 -8 4
      vertex -32.9349364905389 30.799999999999997 4
    endloop
  endfacet
  facet normal -0.8571673007021181 -0.5150380749100444 0
    outer loop
      vertex -32.979879759608934 33.37479816058301 0
      vertex -32.9349364905389 33.3 0
      vertex -32.9349364905389 33.3 4
    endloop
  endfacet
  facet normal -0.8571673007021181 -0.5150380749100444 0
    outer loop
      vertex -32.979879759608934 33.37479816058301 0
      vertex -32.9349364905389 33.3 4
      vertex -32.979879759608934 33.37479816058301 4
    endloop
  endfacet
  facet normal 0 0 -1
    outer loop
      vertex -32.979879759608934 33.37479816058301 0
      vertex 40.1 42 0
      vertex -32.9349364905389 33.3 0
    endloop
  endfacet
  facet normal 0 0 1
    outer loop
      vertex -32.979879759608934 33.37479816058301 4
      vertex -32.9349364905389 33.3 4
      vertex -30.1 29.956804518122894 4
    endloop
  endfacet
  facet normal -0.8746197071394151 0.4848096202463024 0
    outer loop
      vertex -32.9349364905389 0.6999999999999993 0
      vertex -32.9349364905389 0.6999999999999993 4
      vertex -32.892631017852686 0.7763210930352713 0
    endloop
  endfacet
  facet normal 0 0 -1
    outer loop
      vertex -32.9349364905389 0.6999999999999993 0
      vertex -32.892631017852686 0.7763210930352713 0
      vertex 40.1 42 0
    endloop
  endfacet
  facet normal -0.8746197071394151 0.4848096202463024 0
    outer loop
      vertex -32.9349364905389 0.6999999999999993 4
      vertex -32.892631017852686 0.7763210930352713 4
      vertex -32.892631017852686 0.7763210930352713 0
    endloop
  endfacet
  facet normal 0 0 1
    outer loop
      vertex -32.9349364905389 0.6999999999999993 4
      vertex -30.1 -8 4
      vertex -32.892631017852686 0.7763210930352713 4
    endloop
  endfacet
  facet normal -0.8746197071394151 -0.4848096202463024 0
    outer loop
      vertex -32.9349364905389 3.1999999999999993 0
      vertex -32.892631017852686 3.1236789069647273 0
      vertex -32.892631017852686 3.1236789069647273 4
    endloop
  endfacet
  facet normal -0.8746197071394151 -0.4848096202463024 0
    outer loop
      vertex -32.9349364905389 3.1999999999999993 0
      vertex -32.892631017852686 3.1236789069647273 4
      vertex -32.9349364905389 3.1999999999999993 4
    endloop
  endfacet
  facet normal 0 0 -1
    outer loop
      vertex -32.9349364905389 3.1999999999999993 0
      vertex 40.1 42 0
      vertex -32.892631017852686 3.1236789069647273 0
    endloop
  endfacet
  facet normal -0.8746197071394245 0.4848096202462851 0
    outer loop
      vertex -32.9349364905389 30.799999999999997 0
      vertex -32.9349364905389 30.799999999999997 4
      vertex -32.892631017852686 30.876321093035273 0
    endloop
  endfacet
  facet normal 0 0 -1
    outer loop
      vertex -32.9349364905389 30.799999999999997 0
      vertex -32.892631017852686 30.876321093035273 0
      vertex 40.1 42 0
    endloop
  endfacet
  facet normal -0.8746197071394245 0.4848096202462851 0
    outer loop
      vertex -32.9349364905389 30.799999999999997 4
      vertex -32.892631017852686 30.876321093035273 4
      vertex -32.892631017852686 30.876321093035273 0
    endloop
  endfacet
  facet normal 0 0 1
    outer loop
      vertex -32.9349364905389 30.799999999999997 4
      vertex -30.1 -8 4
      vertex -32.892631017852686 30.876321093035273 4
    endloop
  endfacet
  facet normal -0.8746197071394245 -0.4848096202462851 0
    outer loop
      vertex -32.9349364905389 33.3 0
      vertex -32.892631017852686 33.22367890696472 0
      vertex -32.892631017852686 33.22367890696472 4
    endloop
  endfacet
  facet normal -0.8746197071394245 -0.4848096202462851 0
    outer loop
      vertex -32.9349364905389 33.3 0
      vertex -32.892631017852686 33.22367890696472 4
      vertex -32.9349364905389 33.3 4
    endloop
  endfacet
  facet normal 0 0 -1
    outer loop
      vertex -32.9349364905389 33.3 0
      vertex 40.1 42 0
      vertex -32.892631017852686 33.22367890696472 0
    endloop
  endfacet
  facet normal 0 0 1
    outer loop
      vertex -32.9349364905389 33.3 4
      vertex -32.892631017852686 33.22367890696472 4
      vertex -30.1 29.956804518122894 4
    endloop
  endfacet
  facet normal -0.8910065241883549 0.45399049973957206 0
    outer loop
      vertex -32.892631017852686 0.7763210930352713 0
      vertex -32.892631017852686 0.7763210930352713 4
      vertex -32.85301488425208 0.8540721330273051 0
    endloop
  endfacet
  facet normal 0 0 -1
    outer loop
      vertex -32.892631017852686 0.7763210930352713 0
      vertex -32.85301488425208 0.8540721330273051 0
      vertex 40.1 42 0
    endloop
  endfacet
  facet normal -0.8910065241883549 0.45399049973957206 0
    outer loop
      vertex -32.892631017852686 0.7763210930352713 4
      vertex -32.85301488425208 0.8540721330273051 4
      vertex -32.85301488425208 0.8540721330273051 0
    endloop
  endfacet
  facet normal 0 0 1
    outer loop
      vertex -32.892631017852686 0.7763210930352713 4
      vertex -30.1 -8 4
      vertex -32.85301488425208 0.8540721330273051 4
    endloop
  endfacet
  facet normal -0.8910065241883549 -0.45399049973957206 0
    outer loop
      vertex -32.892631017852686 3.1236789069647273 0
      vertex -32.85301488425208 3.0459278669726935 0
      vertex -32.85301488425208 3.0459278669726935 4
    endloop
  endfacet
  facet normal -0.8910065241883549 -0.45399049973957206 0
    outer loop
      vertex -32.892631017852686 3.1236789069647273 0
      vertex -32.85301488425208 3.0459278669726935 4
      vertex -32.892631017852686 3.1236789069647273 4
    endloop
  endfacet
  facet normal 0 0 -1
    outer loop
      vertex -32.892631017852686 3.1236789069647273 0
      vertex 40.1 42 0
      vertex -32.85301488425208 3.0459278669726935 0
    endloop
  endfacet
  facet normal -0.8910065241883465 0.45399049973958855 0
    outer loop
      vertex -32.892631017852686 30.876321093035273 0
      vertex -32.892631017852686 30.876321093035273 4
      vertex -32.85301488425208 30.954072133027303 0
    endloop
  endfacet
  facet normal 0 0 -1
    outer loop
      vertex -32.892631017852686 30.876321093035273 0
      vertex -32.85301488425208 30.954072133027303 0
      vertex 40.1 42 0
    endloop
  endfacet
  facet normal -0.8910065241883465 0.45399049973958855 0
    outer loop
      vertex -32.892631017852686 30.876321093035273 4
      vertex -32.85301488425208 30.954072133027303 4
      vertex -32.85301488425208 30.954072133027303 0
    endloop
  endfacet
  facet normal 0 0 1
    outer loop
      vertex -32.892631017852686 30.876321093035273 4
      vertex -30.1 -8 4
      vertex -32.85301488425208 30.954072133027303 4
    endloop
  endfacet
  facet normal -0.8910065241883465 -0.45399049973958855 0
    outer loop
      vertex -32.892631017852686 33.22367890696472 0
      vertex -32.85301488425208 33.14592786697269 0
      vertex -32.85301488425208 33.14592786697269 4
    endloop
  endfacet
  facet normal -0.8910065241883465 -0.45399049973958855 0
    outer loop
      vertex -32.892631017852686 33.22367890696472 0
      vertex -32.85301488425208 33.14592786697269 4
      vertex -32.892631017852686 33.22367890696472 4
    endloop
  endfacet
  facet normal 0 0 -1
    outer loop
      vertex -32.892631017852686 33.22367890696472 0
      vertex 40.1 42 0
      vertex -32.85301488425208 33.14592786697269 0
    endloop
  endfacet
  facet normal 0 0 1
    outer loop
      vertex -32.892631017852686 33.22367890696472 4
      vertex -32.85301488425208 33.14592786697269 4
      vertex -30.1 29.956804518122894 4
    endloop
  endfacet
  facet normal -0.906307787036651 0.42261826174069705 0
    outer loop
      vertex -32.85301488425208 0.8540721330273051 0
      vertex -32.85301488425208 0.8540721330273051 4
      vertex -32.8161363558935 0.9331583923104994 0
    endloop
  endfacet
  facet normal 0 0 -1
    outer loop
      vertex -32.85301488425208 0.8540721330273051 0
      vertex -32.8161363558935 0.9331583923104994 0
      vertex 40.1 42 0
    endloop
  endfacet
  facet normal -0.906307787036651 0.42261826174069705 0
    outer loop
      vertex -32.85301488425208 0.8540721330273051 4
      vertex -32.8161363558935 0.9331583923104994 4
      vertex -32.8161363558935 0.9331583923104994 0
    endloop
  endfacet
  facet normal 0 0 1
    outer loop
      vertex -32.85301488425208 0.8540721330273051 4
      vertex -30.1 -8 4
      vertex -32.8161363558935 0.9331583923104994 4
    endloop
  endfacet
  facet normal -0.906307787036651 -0.42261826174069705 0
    outer loop
      vertex -32.85301488425208 3.0459278669726935 0
      vertex -32.8161363558935 2.9668416076894992 0
      vertex -32.8161363558935 2.9668416076894992 4
    endloop
  endfacet
  facet normal -0.906307787036651 -0.42261826174069705 0
    outer loop
      vertex -32.85301488425208 3.0459278669726935 0
      vertex -32.8161363558935 2.9668416076894992 4
      vertex -32.85301488425208 3.0459278669726935 4
    endloop
  endfacet
  facet normal 0 0 -1
    outer loop
      vertex -32.85301488425208 3.0459278669726935 0
      vertex 40.1 42 0
      vertex -32.8161363558935 2.9668416076894992 0
    endloop
  endfacet
  facet normal -0.906307787036651 0.42261826174069705 0
    outer loop
      vertex -32.85301488425208 30.954072133027303 0
      vertex -32.85301488425208 30.954072133027303 4
      vertex -32.8161363558935 31.033158392310497 0
    endloop
  endfacet
  facet normal 0 0 -1
    outer loop
      vertex -32.85301488425208 30.954072133027303 0
      vertex -32.8161363558935 31.033158392310497 0
      vertex 40.1 42 0
    endloop
  endfacet
  facet normal -0.906307787036651 0.42261826174069705 0
    outer loop
      vertex -32.85301488425208 30.954072133027303 4
      vertex -32.8161363558935 31.033158392310497 4
      vertex -32.8161363558935 31.033158392310497 0
    endloop
  endfacet
  facet normal 0 0 1
    outer loop
      vertex -32.85301488425208 30.954072133027303 4
      vertex -30.1 -8 4
      vertex -32.8161363558935 31.033158392310497 4
    endloop
  endfacet
  facet normal -0.906307787036651 -0.42261826174069705 0
    outer loop
      vertex -32.85301488425208 33.14592786697269 0
      vertex -32.8161363558935 33.0668416076895 0
      vertex -32.8161363558935 33.0668416076895 4
    endloop
  endfacet
  facet normal -0.906307787036651 -0.42261826174069705 0
    outer loop
      vertex -32.85301488425208 33.14592786697269 0
      vertex -32.8161363558935 33.0668416076895 4
      vertex -32.85301488425208 33.14592786697269 4
    endloop
  endfacet
  facet normal 0 0 -1
    outer loop
      vertex -32.85301488425208 33.14592786697269 0
      vertex 40.1 42 0
      vertex -32.8161363558935 33.0668416076895 0
    endloop
  endfacet
  facet normal 0 0 1
    outer loop
      vertex -32.85301488425208 33.14592786697269 4
      vertex -32.8161363558935 33.0668416076895 4
      vertex -30.1 29.956804518122894 4
    endloop
  endfacet
  facet normal -0.9205048534524573 0.3907311284892341 0
    outer loop
      vertex -32.8161363558935 0.9331583923104994 0
      vertex -32.8161363558935 0.9331583923104994 4
      vertex -32.782040363583036 1.0134835164602194 0
    endloop
  endfacet
  facet normal 0 0 -1
    outer loop
      vertex -32.8161363558935 0.9331583923104994 0
      vertex -32.782040363583036 1.0134835164602194 0
      vertex 40.1 42 0
    endloop
  endfacet
  facet normal -0.9205048534524573 0.3907311284892341 0
    outer loop
      vertex -32.8161363558935 0.9331583923104994 4
      vertex -32.782040363583036 1.0134835164602194 4
      vertex -32.782040363583036 1.0134835164602194 0
    endloop
  endfacet
  facet normal 0 0 1
    outer loop
      vertex -32.8161363558935 0.9331583923104994 4
      vertex -30.1 -8 4
      vertex -32.782040363583036 1.0134835164602194 4
    endloop
  endfacet
  facet normal -0.9205048534524573 -0.3907311284892341 0
    outer loop
      vertex -32.8161363558935 2.9668416076894992 0
      vertex -32.782040363583036 2.886516483539779 0
      vertex -32.782040363583036 2.886516483539779 4
    endloop
  endfacet
  facet normal -0.9205048534524573 -0.3907311284892341 0
    outer loop
      vertex -32.8161363558935 2.9668416076894992 0
      vertex -32.782040363583036 2.886516483539779 4
      vertex -32.8161363558935 2.9668416076894992 4
    endloop
  endfacet
  facet normal 0 0 -1
    outer loop
      vertex -32.8161363558935 2.9668416076894992 0
      vertex 40.1 42 0
      vertex -32.782040363583036 2.886516483539779 0
    endloop
  endfacet
  facet normal -0.9205048534524509 0.3907311284892487 0
    outer loop
      vertex -32.8161363558935 31.033158392310497 0
      vertex -32.8161363558935 31.033158392310497 4
      vertex -32.782040363583036 31.113483516460214 0
    endloop
  endfacet
  facet normal 0 0 -1
    outer loop
      vertex -32.8161363558935 31.033158392310497 0
      vertex -32.782040363583036 31.113483516460214 0
      vertex 40.1 42 0
    endloop
  endfacet
  facet normal -0.9205048534524509 0.3907311284892487 0
    outer loop
      vertex -32.8161363558935 31.033158392310497 4
      vertex -32.782040363583036 31.113483516460214 4
      vertex -32.782040363583036 31.113483516460214 0
    endloop
  endfacet
  facet normal 0 0 1
    outer loop
      vertex -32.8161363558935 31.033158392310497 4
      vertex -30.1 -8 4
      vertex -32.782040363583036 31.113483516460214 4
    endloop
  endfacet
  facet normal -0.9205048534524509 -0.3907311284892487 0
    outer loop
      vertex -32.8161363558935 33.0668416076895 0
      vertex -32.782040363583036 32.98651648353978 0
      vertex -32.782040363583036 32.98651648353978 4
    endloop
  endfacet
  facet normal -0.9205048534524509 -0.3907311284892487 0
    outer loop
      vertex -32.8161363558935 33.0668416076895 0
      vertex -32.782040363583036 32.98651648353978 4
      vertex -32.8161363558935 33.0668416076895 4
    endloop
  endfacet
  facet normal 0 0 -1
    outer loop
      vertex -32.8161363558935 33.0668416076895 0
      vertex 40.1 42 0
      vertex -32.782040363583036 32.98651648353978 0
    endloop
  endfacet
  facet normal 0 0 1
    outer loop
      vertex -32.8161363558935 33.0668416076895 4
      vertex -32.782040363583036 32.98651648353978 4
      vertex -30.1 29.956804518122894 4
    endloop
  endfacet
  facet normal -0.9335804264971923 0.35836794954532475 0
    outer loop
      vertex -32.782040363583036 1.0134835164602194 0
      vertex -32.782040363583036 1.0134835164602194 4
      vertex -32.75076844803523 1.0949496416858278 0
    endloop
  endfacet
  facet normal 0 0 -1
    outer loop
      vertex -32.782040363583036 1.0134835164602194 0
      vertex -32.75076844803523 1.0949496416858278 0
      vertex 40.1 42 0
    endloop
  endfacet
  facet normal -0.9335804264971923 0.35836794954532475 0
    outer loop
      vertex -32.782040363583036 1.0134835164602194 4
      vertex -32.75076844803523 1.0949496416858278 4
      vertex -32.75076844803523 1.0949496416858278 0
    endloop
  endfacet
  facet normal 0 0 1
    outer loop
      vertex -32.782040363583036 1.0134835164602194 4
      vertex -30.1 -8 4
      vertex -32.75076844803523 1.0949496416858278 4
    endloop
  endfacet
  facet normal -0.9335804264971923 -0.35836794954532475 0
    outer loop
      vertex -32.782040363583036 2.886516483539779 0
      vertex -32.75076844803523 2.805050358314171 0
      vertex -32.75076844803523 2.805050358314171 4
    endloop
  endfacet
  facet normal -0.9335804264971923 -0.35836794954532475 0
    outer loop
      vertex -32.782040363583036 2.886516483539779 0
      vertex -32.75076844803523 2.805050358314171 4
      vertex -32.782040363583036 2.886516483539779 4
    endloop
  endfacet
  facet normal 0 0 -1
    outer loop
      vertex -32.782040363583036 2.886516483539779 0
      vertex 40.1 42 0
      vertex -32.75076844803523 2.805050358314171 0
    endloop
  endfacet
  facet normal -0.933580426497195 0.358367949545318 0
    outer loop
      vertex -32.782040363583036 31.113483516460214 0
      vertex -32.782040363583036 31.113483516460214 4
      vertex -32.75076844803523 31.194949641685824 0
    endloop
  endfacet
  facet normal 0 0 -1
    outer loop
      vertex -32.782040363583036 31.113483516460214 0
      vertex -32.75076844803523 31.194949641685824 0
      vertex 40.1 42 0
    endloop
  endfacet
  facet normal -0.933580426497195 0.358367949545318 0
    outer loop
      vertex -32.782040363583036 31.113483516460214 4
      vertex -32.75076844803523 31.194949641685824 4
      vertex -32.75076844803523 31.194949641685824 0
    endloop
  endfacet
  facet normal 0 0 1
    outer loop
      vertex -32.782040363583036 31.113483516460214 4
      vertex -30.1 -8 4
      vertex -32.75076844803523 31.194949641685824 4
    endloop
  endfacet
  facet normal -0.933580426497195 -0.358367949545318 0
    outer loop
      vertex -32.782040363583036 32.98651648353978 0
      vertex -32.75076844803523 32.90505035831417 0
      vertex -32.75076844803523 32.90505035831417 4
    endloop
  endfacet
  facet normal -0.933580426497195 -0.358367949545318 0
    outer loop
      vertex -32.782040363583036 32.98651648353978 0
      vertex -32.75076844803523 32.90505035831417 4
      vertex -32.782040363583036 32.98651648353978 4
    endloop
  endfacet
  facet normal 0 0 -1
    outer loop
      vertex -32.782040363583036 32.98651648353978 0
      vertex 40.1 42 0
      vertex -32.75076844803523 32.90505035831417 0
    endloop
  endfacet
  facet normal 0 0 1
    outer loop
      vertex -32.782040363583036 32.98651648353978 4
      vertex -32.75076844803523 32.90505035831417 4
      vertex -30.1 29.956804518122894 4
    endloop
  endfacet
  facet normal -0.9455185755993144 0.3255681544571639 0
    outer loop
      vertex -32.75076844803523 1.0949496416858278 0
      vertex -32.75076844803523 1.0949496416858278 4
      vertex -32.72235870926212 1.177457514062631 0
    endloop
  endfacet
  facet normal 0 0 -1
    outer loop
      vertex -32.75076844803523 1.0949496416858278 0
      vertex -32.72235870926212 1.177457514062631 0
      vertex 40.1 42 0
    endloop
  endfacet
  facet normal -0.9455185755993144 0.3255681544571639 0
    outer loop
      vertex -32.75076844803523 1.0949496416858278 4
      vertex -32.72235870926212 1.177457514062631 4
      vertex -32.72235870926212 1.177457514062631 0
    endloop
  endfacet
  facet normal 0 0 1
    outer loop
      vertex -32.75076844803523 1.0949496416858278 4
      vertex -30.1 -8 4
      vertex -32.72235870926212 1.177457514062631 4
    endloop
  endfacet
  facet normal -0.9455185755993144 -0.3255681544571639 0
    outer loop
      vertex -32.75076844803523 2.805050358314171 0
      vertex -32.72235870926212 2.7225424859373675 0
      vertex -32.72235870926212 2.7225424859373675 4
    endloop
  endfacet
  facet normal -0.9455185755993144 -0.3255681544571639 0
    outer loop
      vertex -32.75076844803523 2.805050358314171 0
      vertex -32.72235870926212 2.7225424859373675 4
      vertex -32.75076844803523 2.805050358314171 4
    endloop
  endfacet
  facet normal 0 0 -1
    outer loop
      vertex -32.75076844803523 2.805050358314171 0
      vertex 40.1 42 0
      vertex -32.72235870926212 2.7225424859373675 0
    endloop
  endfacet
  facet normal -0.9455185755993122 0.3255681544571702 0
    outer loop
      vertex -32.75076844803523 31.194949641685824 0
      vertex -32.75076844803523 31.194949641685824 4
      vertex -32.72235870926212 31.277457514062625 0
    endloop
  endfacet
  facet normal 0 0 -1
    outer loop
      vertex -32.75076844803523 31.194949641685824 0
      vertex -32.72235870926212 31.277457514062625 0
      vertex 40.1 42 0
    endloop
  endfacet
  facet normal -0.9455185755993122 0.3255681544571702 0
    outer loop
      vertex -32.75076844803523 31.194949641685824 4
      vertex -32.72235870926212 31.277457514062625 4
      vertex -32.72235870926212 31.277457514062625 0
    endloop
  endfacet
  facet normal 0 0 1
    outer loop
      vertex -32.75076844803523 31.194949641685824 4
      vertex -30.1 -8 4
      vertex -32.72235870926212 31.277457514062625 4
    endloop
  endfacet
  facet normal -0.9455185755993122 -0.3255681544571702 0
    outer loop
      vertex -32.75076844803523 32.90505035831417 0
      vertex -32.72235870926212 32.82254248593737 0
      vertex -32.72235870926212 32.82254248593737 4
    endloop
  endfacet
  facet normal -0.9455185755993122 -0.3255681544571702 0
    outer loop
      vertex -32.75076844803523 32.90505035831417 0
      vertex -32.72235870926212 32.82254248593737 4
      vertex -32.75076844803523 32.90505035831417 4
    endloop
  endfacet
  facet normal 0 0 -1
    outer loop
      vertex -32.75076844803523 32.90505035831417 0
      vertex 40.1 42 0
      vertex -32.72235870926212 32.82254248593737 0
    endloop
  endfacet
  facet normal 0 0 1
    outer loop
      vertex -32.75076844803523 32.90505035831417 4
      vertex -32.72235870926212 32.82254248593737 4
      vertex -30.1 29.956804518122894 4
    endloop
  endfacet
  facet normal -0.9563047559630358 0.2923717047227356 0
    outer loop
      vertex -32.72235870926212 1.177457514062631 0
      vertex -32.72235870926212 1.177457514062631 4
      vertex -32.696845760154204 1.2609066104575017 0
    endloop
  endfacet
  facet normal 0 0 -1
    outer loop
      vertex -32.72235870926212 1.177457514062631 0
      vertex -32.696845760154204 1.2609066104575017 0
      vertex 40.1 42 0
    endloop
  endfacet
  facet normal -0.9563047559630358 0.2923717047227356 0
    outer loop
      vertex -32.72235870926212 1.177457514062631 4
      vertex -32.696845760154204 1.2609066104575017 4
      vertex -32.696845760154204 1.2609066104575017 0
    endloop
  endfacet
  facet normal 0 0 1
    outer loop
      vertex -32.72235870926212 1.177457514062631 4
      vertex -30.1 -8 4
      vertex -32.696845760154204 1.2609066104575017 4
    endloop
  endfacet
  facet normal -0.9563047559630358 -0.2923717047227356 0
    outer loop
      vertex -32.72235870926212 2.7225424859373675 0
      vertex -32.696845760154204 2.639093389542497 0
      vertex -32.696845760154204 2.639093389542497 4
    endloop
  endfacet
  facet normal -0.9563047559630358 -0.2923717047227356 0
    outer loop
      vertex -32.72235870926212 2.7225424859373675 0
      vertex -32.696845760154204 2.639093389542497 4
      vertex -32.72235870926212 2.7225424859373675 4
    endloop
  endfacet
  facet normal 0 0 -1
    outer loop
      vertex -32.72235870926212 2.7225424859373675 0
      vertex 40.1 42 0
      vertex -32.696845760154204 2.639093389542497 0
    endloop
  endfacet
  facet normal -0.9563047559630375 0.29237170472272994 0
    outer loop
      vertex -32.72235870926212 31.277457514062625 0
      vertex -32.72235870926212 31.277457514062625 4
      vertex -32.696845760154204 31.360906610457498 0
    endloop
  endfacet
  facet normal 0 0 -1
    outer loop
      vertex -32.72235870926212 31.277457514062625 0
      vertex -32.696845760154204 31.360906610457498 0
      vertex 40.1 42 0
    endloop
  endfacet
  facet normal -0.9563047559630375 0.29237170472272994 0
    outer loop
      vertex -32.72235870926212 31.277457514062625 4
      vertex -32.696845760154204 31.360906610457498 4
      vertex -32.696845760154204 31.360906610457498 0
    endloop
  endfacet
  facet normal 0 0 1
    outer loop
      vertex -32.72235870926212 31.277457514062625 4
      vertex -30.1 -8 4
      vertex -30.1 29.956804518122894 4
    endloop
  endfacet
  facet normal 0 0 1
    outer loop
      vertex -32.72235870926212 31.277457514062625 4
      vertex -30.1 29.956804518122894 4
      vertex -32.696845760154204 31.360906610457498 4
    endloop
  endfacet
  facet normal -0.9563047559630375 -0.29237170472272994 0
    outer loop
      vertex -32.72235870926212 32.82254248593737 0
      vertex -32.696845760154204 32.7390933895425 0
      vertex -32.696845760154204 32.7390933895425 4
    endloop
  endfacet
  facet normal -0.9563047559630375 -0.29237170472272994 0
    outer loop
      vertex -32.72235870926212 32.82254248593737 0
      vertex -32.696845760154204 32.7390933895425 4
      vertex -32.72235870926212 32.82254248593737 4
    endloop
  endfacet
  facet normal 0 0 -1
    outer loop
      vertex -32.72235870926212 32.82254248593737 0
      vertex 40.1 42 0
      vertex -32.696845760154204 32.7390933895425 0
    endloop
  endfacet
  facet normal 0 0 1
    outer loop
      vertex -32.72235870926212 32.82254248593737 4
      vertex -32.696845760154204 32.7390933895425 4
      vertex -30.1 29.956804518122894 4
    endloop
  endfacet
  facet normal -0.9659258262890773 0.25881904510248666 0
    outer loop
      vertex -32.696845760154204 1.2609066104575017 0
      vertex -32.696845760154204 1.2609066104575017 4
      vertex -32.67426068431001 1.3451952610008302 0
    endloop
  endfacet
  facet normal 0 0 -1
    outer loop
      vertex -32.696845760154204 1.2609066104575017 0
      vertex -32.67426068431001 1.3451952610008302 0
      vertex 40.1 42 0
    endloop
  endfacet
  facet normal -0.9659258262890773 0.25881904510248666 0
    outer loop
      vertex -32.696845760154204 1.2609066104575017 4
      vertex -32.67426068431001 1.3451952610008302 4
      vertex -32.67426068431001 1.3451952610008302 0
    endloop
  endfacet
  facet normal 0 0 1
    outer loop
      vertex -32.696845760154204 1.2609066104575017 4
      vertex -30.1 -8 4
      vertex -32.67426068431001 1.3451952610008302 4
    endloop
  endfacet
  facet normal -0.9659258262890773 -0.25881904510248666 0
    outer loop
      vertex -32.696845760154204 2.639093389542497 0
      vertex -32.67426068431001 2.5548047389991684 0
      vertex -32.67426068431001 2.5548047389991684 4
    endloop
  endfacet
  facet normal -0.9659258262890773 -0.25881904510248666 0
    outer loop
      vertex -32.696845760154204 2.639093389542497 0
      vertex -32.67426068431001 2.5548047389991684 4
      vertex -32.696845760154204 2.639093389542497 4
    endloop
  endfacet
  facet normal 0 0 -1
    outer loop
      vertex -32.696845760154204 2.639093389542497 0
      vertex 40.1 42 0
      vertex -32.67426068431001 2.5548047389991684 0
    endloop
  endfacet
  facet normal -0.9659258262890773 0.25881904510248666 0
    outer loop
      vertex -32.696845760154204 31.360906610457498 0
      vertex -32.696845760154204 31.360906610457498 4
      vertex -32.67426068431001 31.445195261000826 0
    endloop
  endfacet
  facet normal 0 0 -1
    outer loop
      vertex -32.696845760154204 31.360906610457498 0
      vertex -32.67426068431001 31.445195261000826 0
      vertex 40.1 42 0
    endloop
  endfacet
  facet normal -0.9659258262890773 0.25881904510248666 0
    outer loop
      vertex -32.696845760154204 31.360906610457498 4
      vertex -32.67426068431001 31.445195261000826 4
      vertex -32.67426068431001 31.445195261000826 0
    endloop
  endfacet
  facet normal 0 0 1
    outer loop
      vertex -32.696845760154204 31.360906610457498 4
      vertex -30.1 29.956804518122894 4
      vertex -32.67426068431001 31.445195261000826 4
    endloop
  endfacet
  facet normal -0.9659258262890773 -0.25881904510248666 0
    outer loop
      vertex -32.696845760154204 32.7390933895425 0
      vertex -32.67426068431001 32.65480473899917 0
      vertex -32.67426068431001 32.65480473899917 4
    endloop
  endfacet
  facet normal -0.9659258262890773 -0.25881904510248666 0
    outer loop
      vertex -32.696845760154204 32.7390933895425 0
      vertex -32.67426068431001 32.65480473899917 4
      vertex -32.696845760154204 32.7390933895425 4
    endloop
  endfacet
  facet normal 0 0 -1
    outer loop
      vertex -32.696845760154204 32.7390933895425 0
      vertex 40.1 42 0
      vertex -32.67426068431001 32.65480473899917 0
    endloop
  endfacet
  facet normal 0 0 1
    outer loop
      vertex -32.696845760154204 32.7390933895425 4
      vertex -32.67426068431001 32.65480473899917 4
      vertex -30.1 29.956804518122894 4
    endloop
  endfacet
  facet normal -0.9743700647852265 0.2249510543439031 0
    outer loop
      vertex -32.67426068431001 1.3451952610008302 0
      vertex -32.67426068431001 1.3451952610008302 4
      vertex -32.65463099816549 1.4302207729556002 0
    endloop
  endfacet
  facet normal 0 0 -1
    outer loop
      vertex -32.67426068431001 1.3451952610008302 0
      vertex -32.65463099816549 1.4302207729556002 0
      vertex 40.1 42 0
    endloop
  endfacet
  facet normal -0.9743700647852265 0.2249510543439031 0
    outer loop
      vertex -32.67426068431001 1.3451952610008302 4
      vertex -32.65463099816549 1.4302207729556002 4
      vertex -32.65463099816549 1.4302207729556002 0
    endloop
  endfacet
  facet normal 0 0 1
    outer loop
      vertex -32.67426068431001 1.3451952610008302 4
      vertex -30.1 -8 4
      vertex -32.65463099816549 1.4302207729556002 4
    endloop
  endfacet
  facet normal -0.9743700647852265 -0.2249510543439031 0
    outer loop
      vertex -32.67426068431001 2.5548047389991684 0
      vertex -32.65463099816549 2.4697792270443983 0
      vertex -32.65463099816549 2.4697792270443983 4
    endloop
  endfacet
  facet normal -0.9743700647852265 -0.2249510543439031 0
    outer loop
      vertex -32.67426068431001 2.5548047389991684 0
      vertex -32.65463099816549 2.4697792270443983 4
      vertex -32.67426068431001 2.5548047389991684 4
    endloop
  endfacet
  facet normal 0 0 -1
    outer loop
      vertex -32.67426068431001 2.5548047389991684 0
      vertex 40.1 42 0
      vertex -32.65463099816549 2.4697792270443983 0
    endloop
  endfacet
  facet normal -0.9743700647852296 0.22495105434388973 0
    outer loop
      vertex -32.67426068431001 31.445195261000826 0
      vertex -32.67426068431001 31.445195261000826 4
      vertex -32.65463099816549 31.5302207729556 0
    endloop
  endfacet
  facet normal 0 0 -1
    outer loop
      vertex -32.67426068431001 31.445195261000826 0
      vertex -32.65463099816549 31.5302207729556 0
      vertex 40.1 42 0
    endloop
  endfacet
  facet normal -0.9743700647852296 0.22495105434388973 0
    outer loop
      vertex -32.67426068431001 31.445195261000826 4
      vertex -32.65463099816549 31.5302207729556 4
      vertex -32.65463099816549 31.5302207729556 0
    endloop
  endfacet
  facet normal 0 0 1
    outer loop
      vertex -32.67426068431001 31.445195261000826 4
      vertex -30.1 29.956804518122894 4
      vertex -32.65463099816549 31.5302207729556 4
    endloop
  endfacet
  facet normal -0.9743700647852296 -0.22495105434388973 0
    outer loop
      vertex -32.67426068431001 32.65480473899917 0
      vertex -32.65463099816549 32.56977922704439 0
      vertex -32.65463099816549 32.56977922704439 4
    endloop
  endfacet
  facet normal -0.9743700647852296 -0.22495105434388973 0
    outer loop
      vertex -32.67426068431001 32.65480473899917 0
      vertex -32.65463099816549 32.56977922704439 4
      vertex -32.67426068431001 32.65480473899917 4
    endloop
  endfacet
  facet normal 0 0 -1
    outer loop
      vertex -32.67426068431001 32.65480473899917 0
      vertex 40.1 42 0
      vertex -32.65463099816549 32.56977922704439 0
    endloop
  endfacet
  facet normal 0 0 1
    outer loop
      vertex -32.67426068431001 32.65480473899917 4
      vertex -32.65463099816549 32.56977922704439 4
      vertex -30.1 29.956804518122894 4
    endloop
  endfacet
  facet normal -0.9816271834476635 0.19080899537654736 0
    outer loop
      vertex -32.65463099816549 1.4302207729556002 0
      vertex -32.65463099816549 1.4302207729556002 4
      vertex -32.63798061746948 1.515879555832674 0
    endloop
  endfacet
  facet normal 0 0 -1
    outer loop
      vertex -32.65463099816549 1.4302207729556002 0
      vertex -32.63798061746948 1.515879555832674 0
      vertex 40.1 42 0
    endloop
  endfacet
  facet normal -0.9816271834476635 0.19080899537654736 0
    outer loop
      vertex -32.65463099816549 1.4302207729556002 4
      vertex -32.63798061746948 1.515879555832674 4
      vertex -32.63798061746948 1.515879555832674 0
    endloop
  endfacet
  facet normal 0 0 1
    outer loop
      vertex -32.65463099816549 1.4302207729556002 4
      vertex -30.1 -8 4
      vertex -32.63798061746948 1.515879555832674 4
    endloop
  endfacet
  facet normal -0.9816271834476635 -0.19080899537654736 0
    outer loop
      vertex -32.65463099816549 2.4697792270443983 0
      vertex -32.63798061746948 2.3841204441673245 0
      vertex -32.63798061746948 2.3841204441673245 4
    endloop
  endfacet
  facet normal -0.9816271834476635 -0.19080899537654736 0
    outer loop
      vertex -32.65463099816549 2.4697792270443983 0
      vertex -32.63798061746948 2.3841204441673245 4
      vertex -32.65463099816549 2.4697792270443983 4
    endloop
  endfacet
  facet normal 0 0 -1
    outer loop
      vertex -32.65463099816549 2.4697792270443983 0
      vertex 40.1 42 0
      vertex -32.63798061746948 2.3841204441673245 0
    endloop
  endfacet
  facet normal -0.9816271834476613 0.1908089953765588 0
    outer loop
      vertex -32.65463099816549 31.5302207729556 0
      vertex -32.65463099816549 31.5302207729556 4
      vertex -32.63798061746948 31.61587955583267 0
    endloop
  endfacet
  facet normal 0 0 -1
    outer loop
      vertex -32.65463099816549 31.5302207729556 0
      vertex -32.63798061746948 31.61587955583267 0
      vertex 40.1 42 0
    endloop
  endfacet
  facet normal -0.9816271834476613 0.1908089953765588 0
    outer loop
      vertex -32.65463099816549 31.5302207729556 4
      vertex -32.63798061746948 31.61587955583267 4
      vertex -32.63798061746948 31.61587955583267 0
    endloop
  endfacet
  facet normal 0 0 1
    outer loop
      vertex -32.65463099816549 31.5302207729556 4
      vertex -30.1 29.956804518122894 4
      vertex -32.63798061746948 31.61587955583267 4
    endloop
  endfacet
  facet normal -0.9816271834476613 -0.1908089953765588 0
    outer loop
      vertex -32.65463099816549 32.56977922704439 0
      vertex -32.63798061746948 32.484120444167324 0
      vertex -32.63798061746948 32.484120444167324 4
    endloop
  endfacet
  facet normal -0.9816271834476613 -0.1908089953765588 0
    outer loop
      vertex -32.65463099816549 32.56977922704439 0
      vertex -32.63798061746948 32.484120444167324 4
      vertex -32.65463099816549 32.56977922704439 4
    endloop
  endfacet
  facet normal 0 0 -1
    outer loop
      vertex -32.65463099816549 32.56977922704439 0
      vertex 40.1 42 0
      vertex -32.63798061746948 32.484120444167324 0
    endloop
  endfacet
  facet normal 0 0 1
    outer loop
      vertex -32.65463099816549 32.56977922704439 4
      vertex -32.63798061746948 32.484120444167324 4
      vertex -30.1 29.956804518122894 4
    endloop
  endfacet
  facet normal -0.9876883405951355 0.15643446504024505 0
    outer loop
      vertex -32.63798061746948 1.515879555832674 0
      vertex -32.63798061746948 1.515879555832674 4
      vertex -32.624329828146074 1.6020672475998357 0
    endloop
  endfacet
  facet normal 0 0 -1
    outer loop
      vertex -32.63798061746948 1.515879555832674 0
      vertex -32.624329828146074 1.6020672475998357 0
      vertex 40.1 42 0
    endloop
  endfacet
  facet normal -0.9876883405951355 0.15643446504024505 0
    outer loop
      vertex -32.63798061746948 1.515879555832674 4
      vertex -32.624329828146074 1.6020672475998357 4
      vertex -32.624329828146074 1.6020672475998357 0
    endloop
  endfacet
  facet normal 0 0 1
    outer loop
      vertex -32.63798061746948 1.515879555832674 4
      vertex -30.1 -8 4
      vertex -32.624329828146074 1.6020672475998357 4
    endloop
  endfacet
  facet normal -0.9876883405951355 -0.15643446504024505 0
    outer loop
      vertex -32.63798061746948 2.3841204441673245 0
      vertex -32.624329828146074 2.297932752400163 0
      vertex -32.624329828146074 2.297932752400163 4
    endloop
  endfacet
  facet normal -0.9876883405951355 -0.15643446504024505 0
    outer loop
      vertex -32.63798061746948 2.3841204441673245 0
      vertex -32.624329828146074 2.297932752400163 4
      vertex -32.63798061746948 2.3841204441673245 4
    endloop
  endfacet
  facet normal 0 0 -1
    outer loop
      vertex -32.63798061746948 2.3841204441673245 0
      vertex 40.1 42 0
      vertex -32.624329828146074 2.297932752400163 0
    endloop
  endfacet
  facet normal -0.9876883405951365 0.15643446504023878 0
    outer loop
      vertex -32.63798061746948 31.61587955583267 0
      vertex -32.63798061746948 31.61587955583267 4
      vertex -32.624329828146074 31.702067247599835 0
    endloop
  endfacet
  facet normal 0 0 -1
    outer loop
      vertex -32.63798061746948 31.61587955583267 0
      vertex -32.624329828146074 31.702067247599835 0
      vertex 40.1 42 0
    endloop
  endfacet
  facet normal -0.9876883405951365 0.15643446504023878 0
    outer loop
      vertex -32.63798061746948 31.61587955583267 4
      vertex -32.624329828146074 31.702067247599835 4
      vertex -32.624329828146074 31.702067247599835 0
    endloop
  endfacet
  facet normal 0 0 1
    outer loop
      vertex -32.63798061746948 31.61587955583267 4
      vertex -30.1 29.956804518122894 4
      vertex -32.624329828146074 31.702067247599835 4
    endloop
  endfacet
  facet normal -0.9876883405951365 -0.15643446504023878 0
    outer loop
      vertex -32.63798061746948 32.484120444167324 0
      vertex -32.624329828146074 32.39793275240016 0
      vertex -32.624329828146074 32.39793275240016 4
    endloop
  endfacet
  facet normal -0.9876883405951365 -0.15643446504023878 0
    outer loop
      vertex -32.63798061746948 32.484120444167324 0
      vertex -32.624329828146074 32.39793275240016 4
      vertex -32.63798061746948 32.484120444167324 4
    endloop
  endfacet
  facet normal 0 0 -1
    outer loop
      vertex -32.63798061746948 32.484120444167324 0
      vertex 40.1 42 0
      vertex -32.624329828146074 32.39793275240016 0
    endloop
  endfacet
  facet normal 0 0 1
    outer loop
      vertex -32.63798061746948 32.484120444167324 4
      vertex -32.624329828146074 32.39793275240016 4
      vertex -30.1 29.956804518122894 4
    endloop
  endfacet
  facet normal -0.992546151641322 0.12186934340514702 0
    outer loop
      vertex -32.624329828146074 1.6020672475998357 0
      vertex -32.624329828146074 1.6020672475998357 4
      vertex -32.613695261579316 1.6886788418308658 0
    endloop
  endfacet
  facet normal 0 0 -1
    outer loop
      vertex -32.624329828146074 1.6020672475998357 0
      vertex -32.613695261579316 1.6886788418308658 0
      vertex 40.1 42 0
    endloop
  endfacet
  facet normal -0.992546151641322 0.12186934340514702 0
    outer loop
      vertex -32.624329828146074 1.6020672475998357 4
      vertex -32.613695261579316 1.6886788418308658 4
      vertex -32.613695261579316 1.6886788418308658 0
    endloop
  endfacet
  facet normal 0 0 1
    outer loop
      vertex -32.624329828146074 1.6020672475998357 4
      vertex -30.1 -8 4
      vertex -32.613695261579316 1.6886788418308658 4
    endloop
  endfacet
  facet normal -0.992546151641322 -0.12186934340514702 0
    outer loop
      vertex -32.624329828146074 2.297932752400163 0
      vertex -32.613695261579316 2.2113211581691328 0
      vertex -32.613695261579316 2.2113211581691328 4
    endloop
  endfacet
  facet normal -0.992546151641322 -0.12186934340514702 0
    outer loop
      vertex -32.624329828146074 2.297932752400163 0
      vertex -32.613695261579316 2.2113211581691328 4
      vertex -32.624329828146074 2.297932752400163 4
    endloop
  endfacet
  facet normal 0 0 -1
    outer loop
      vertex -32.624329828146074 2.297932752400163 0
      vertex 40.1 42 0
      vertex -32.613695261579316 2.2113211581691328 0
    endloop
  endfacet
  facet normal 0 0 1
    outer loop
      vertex -32.624329828146074 2.297932752400163 4
      vertex -32.613695261579316 2.2113211581691328 4
      vertex -30.1 -8 4
    endloop
  endfacet
  facet normal -0.992546151641322 0.12186934340514702 0
    outer loop
      vertex -32.624329828146074 31.702067247599835 0
      vertex -32.624329828146074 31.702067247599835 4
      vertex -32.613695261579316 31.788678841830865 0
    endloop
  endfacet
  facet normal 0 0 -1
    outer loop
      vertex -32.624329828146074 31.702067247599835 0
      vertex -32.613695261579316 31.788678841830865 0
      vertex 40.1 42 0
    endloop
  endfacet
  facet normal -0.992546151641322 0.12186934340514702 0
    outer loop
      vertex -32.624329828146074 31.702067247599835 4
      vertex -32.613695261579316 31.788678841830865 4
      vertex -32.613695261579316 31.788678841830865 0
    endloop
  endfacet
  facet normal 0 0 1
    outer loop
      vertex -32.624329828146074 31.702067247599835 4
      vertex -30.1 29.956804518122894 4
      vertex -32.613695261579316 31.788678841830865 4
    endloop
  endfacet
  facet normal -0.992546151641322 -0.12186934340514702 0
    outer loop
      vertex -32.624329828146074 32.39793275240016 0
      vertex -32.613695261579316 32.31132115816913 0
      vertex -32.613695261579316 32.31132115816913 4
    endloop
  endfacet
  facet normal -0.992546151641322 -0.12186934340514702 0
    outer loop
      vertex -32.624329828146074 32.39793275240016 0
      vertex -32.613695261579316 32.31132115816913 4
      vertex -32.624329828146074 32.39793275240016 4
    endloop
  endfacet
  facet normal 0 0 -1
    outer loop
      vertex -32.624329828146074 32.39793275240016 0
      vertex 40.1 42 0
      vertex -32.613695261579316 32.31132115816913 0
    endloop
  endfacet
  facet normal 0 0 1
    outer loop
      vertex -32.624329828146074 32.39793275240016 4
      vertex -32.613695261579316 32.31132115816913 4
      vertex -30.1 29.956804518122894 4
    endloop
  endfacet
  facet normal -0.9961946980917447 0.08715574274766878 0
    outer loop
      vertex -32.613695261579316 1.6886788418308658 0
      vertex -32.613695261579316 1.6886788418308658 4
      vertex -32.60608987435044 1.7756088156396856 0
    endloop
  endfacet
  facet normal 0 0 -1
    outer loop
      vertex -32.613695261579316 1.6886788418308658 0
      vertex -32.60608987435044 1.7756088156396856 0
      vertex 40.1 42 0
    endloop
  endfacet
  facet normal -0.9961946980917447 0.08715574274766878 0
    outer loop
      vertex -32.613695261579316 1.6886788418308658 4
      vertex -32.60608987435044 1.7756088156396856 4
      vertex -32.60608987435044 1.7756088156396856 0
    endloop
  endfacet
  facet normal 0 0 1
    outer loop
      vertex -32.613695261579316 1.6886788418308658 4
      vertex -30.1 -8 4
      vertex -32.60608987435044 1.7756088156396856 4
    endloop
  endfacet
  facet normal -0.9961946980917447 -0.08715574274766878 0
    outer loop
      vertex -32.613695261579316 2.2113211581691328 0
      vertex -32.60608987435044 2.124391184360313 0
      vertex -32.60608987435044 2.124391184360313 4
    endloop
  endfacet
  facet normal -0.9961946980917447 -0.08715574274766878 0
    outer loop
      vertex -32.613695261579316 2.2113211581691328 0
      vertex -32.60608987435044 2.124391184360313 4
      vertex -32.613695261579316 2.2113211581691328 4
    endloop
  endfacet
  facet normal 0 0 -1
    outer loop
      vertex -32.613695261579316 2.2113211581691328 0
      vertex 40.1 42 0
      vertex -32.60608987435044 2.124391184360313 0
    endloop
  endfacet
  facet normal 0 0 1
    outer loop
      vertex -32.613695261579316 2.2113211581691328 4
      vertex -32.60608987435044 2.124391184360313 4
      vertex -30.1 -8 4
    endloop
  endfacet
  facet normal -0.9961946980917448 0.087155742747667 0
    outer loop
      vertex -32.613695261579316 31.788678841830865 0
      vertex -32.613695261579316 31.788678841830865 4
      vertex -32.60608987435044 31.875608815639687 0
    endloop
  endfacet
  facet normal 0 0 -1
    outer loop
      vertex -32.613695261579316 31.788678841830865 0
      vertex -32.60608987435044 31.875608815639687 0
      vertex 40.1 42 0
    endloop
  endfacet
  facet normal -0.9961946980917448 0.087155742747667 0
    outer loop
      vertex -32.613695261579316 31.788678841830865 4
      vertex -32.60608987435044 31.875608815639687 4
      vertex -32.60608987435044 31.875608815639687 0
    endloop
  endfacet
  facet normal 0 0 1
    outer loop
      vertex -32.613695261579316 31.788678841830865 4
      vertex -30.1 29.956804518122894 4
      vertex -32.60608987435044 31.875608815639687 4
    endloop
  endfacet
  facet normal -0.9961946980917448 -0.087155742747667 0
    outer loop
      vertex -32.613695261579316 32.31132115816913 0
      vertex -32.60608987435044 32.22439118436031 0
      vertex -32.60608987435044 32.22439118436031 4
    endloop
  endfacet
  facet normal -0.9961946980917448 -0.087155742747667 0
    outer loop
      vertex -32.613695261579316 32.31132115816913 0
      vertex -32.60608987435044 32.22439118436031 4
      vertex -32.613695261579316 32.31132115816913 4
    endloop
  endfacet
  facet normal 0 0 -1
    outer loop
      vertex -32.613695261579316 32.31132115816913 0
      vertex 40.1 42 0
      vertex -32.60608987435044 32.22439118436031 0
    endloop
  endfacet
  facet normal 0 0 1
    outer loop
      vertex -32.613695261579316 32.31132115816913 4
      vertex -32.60608987435044 32.22439118436031 4
      vertex -30.1 29.956804518122894 4
    endloop
  endfacet
  facet normal -0.9986295347545755 0.05233595624291191 0
    outer loop
      vertex -32.60608987435044 1.7756088156396856 0
      vertex -32.60608987435044 1.7756088156396856 4
      vertex -32.60152293245226 1.8627512582437475 0
    endloop
  endfacet
  facet normal 0 0 -1
    outer loop
      vertex -32.60608987435044 1.7756088156396856 0
      vertex -32.60152293245226 1.8627512582437475 0
      vertex 40.1 42 0
    endloop
  endfacet
  facet normal -0.9986295347545755 0.05233595624291191 0
    outer loop
      vertex -32.60608987435044 1.7756088156396856 4
      vertex -32.60152293245226 1.8627512582437475 4
      vertex -32.60152293245226 1.8627512582437475 0
    endloop
  endfacet
  facet normal 0 0 1
    outer loop
      vertex -32.60608987435044 1.7756088156396856 4
      vertex -30.1 -8 4
      vertex -32.60152293245226 1.8627512582437475 4
    endloop
  endfacet
  facet normal -0.9986295347545755 -0.05233595624291191 0
    outer loop
      vertex -32.60608987435044 2.124391184360313 0
      vertex -32.60152293245226 2.037248741756251 0
      vertex -32.60152293245226 2.037248741756251 4
    endloop
  endfacet
  facet normal -0.9986295347545755 -0.05233595624291191 0
    outer loop
      vertex -32.60608987435044 2.124391184360313 0
      vertex -32.60152293245226 2.037248741756251 4
      vertex -32.60608987435044 2.124391184360313 4
    endloop
  endfacet
  facet normal 0 0 -1
    outer loop
      vertex -32.60608987435044 2.124391184360313 0
      vertex 40.1 42 0
      vertex -32.60152293245226 2.037248741756251 0
    endloop
  endfacet
  facet normal 0 0 1
    outer loop
      vertex -32.60608987435044 2.124391184360313 4
      vertex -32.60152293245226 2.037248741756251 4
      vertex -30.1 -8 4
    endloop
  endfacet
  facet normal -0.9986295347545753 0.05233595624291616 0
    outer loop
      vertex -32.60608987435044 31.875608815639687 0
      vertex -32.60608987435044 31.875608815639687 4
      vertex -32.60152293245226 31.962751258243742 0
    endloop
  endfacet
  facet normal 0 0 -1
    outer loop
      vertex -32.60608987435044 31.875608815639687 0
      vertex -32.60152293245226 31.962751258243742 0
      vertex 40.1 42 0
    endloop
  endfacet
  facet normal -0.9986295347545753 0.05233595624291616 0
    outer loop
      vertex -32.60608987435044 31.875608815639687 4
      vertex -32.60152293245226 31.962751258243742 4
      vertex -32.60152293245226 31.962751258243742 0
    endloop
  endfacet
  facet normal 0 0 1
    outer loop
      vertex -32.60608987435044 31.875608815639687 4
      vertex -30.1 29.956804518122894 4
      vertex -32.60152293245226 31.962751258243742 4
    endloop
  endfacet
  facet normal -0.9986295347545753 -0.05233595624291616 0
    outer loop
      vertex -32.60608987435044 32.22439118436031 0
      vertex -32.60152293245226 32.13724874175625 0
      vertex -32.60152293245226 32.13724874175625 4
    endloop
  endfacet
  facet normal -0.9986295347545753 -0.05233595624291616 0
    outer loop
      vertex -32.60608987435044 32.22439118436031 0
      vertex -32.60152293245226 32.13724874175625 4
      vertex -32.60608987435044 32.22439118436031 4
    endloop
  endfacet
  facet normal 0 0 -1
    outer loop
      vertex -32.60608987435044 32.22439118436031 0
      vertex 40.1 42 0
      vertex -32.60152293245226 32.13724874175625 0
    endloop
  endfacet
  facet normal 0 0 1
    outer loop
      vertex -32.60608987435044 32.22439118436031 4
      vertex -32.60152293245226 32.13724874175625 4
      vertex -30.1 29.956804518122894 4
    endloop
  endfacet
  facet normal -0.9998476951563912 0.017452406437284636 0
    outer loop
      vertex -32.60152293245226 1.8627512582437475 0
      vertex -32.60152293245226 1.8627512582437475 4
      vertex -32.6 1.9499999999999993 0
    endloop
  endfacet
  facet normal 0 0 -1
    outer loop
      vertex -32.60152293245226 1.8627512582437475 0
      vertex -32.6 1.9499999999999993 0
      vertex 40.1 42 0
    endloop
  endfacet
  facet normal -0.9998476951563912 0.017452406437284636 0
    outer loop
      vertex -32.60152293245226 1.8627512582437475 4
      vertex -32.6 1.9499999999999993 4
      vertex -32.6 1.9499999999999993 0
    endloop
  endfacet
  facet normal 0 0 1
    outer loop
      vertex -32.60152293245226 1.8627512582437475 4
      vertex -30.1 -8 4
      vertex -32.6 1.9499999999999993 4
    endloop
  endfacet
  facet normal -0.9998476951563912 -0.017452406437284636 0
    outer loop
      vertex -32.60152293245226 2.037248741756251 0
      vertex -32.6 1.9499999999999993 0
      vertex -32.6 1.9499999999999993 4
    endloop
  endfacet
  facet normal -0.9998476951563912 -0.017452406437284636 0
    outer loop
      vertex -32.60152293245226 2.037248741756251 0
      vertex -32.6 1.9499999999999993 4
      vertex -32.60152293245226 2.037248741756251 4
    endloop
  endfacet
  facet normal 0 0 -1
    outer loop
      vertex -32.60152293245226 2.037248741756251 0
      vertex 40.1 42 0
      vertex -32.6 1.9499999999999993 0
    endloop
  endfacet
  facet normal 0 0 1
    outer loop
      vertex -32.60152293245226 2.037248741756251 4
      vertex -32.6 1.9499999999999993 4
      vertex -30.1 -8 4
    endloop
  endfacet
  facet normal -0.9998476951563912 0.017452406437283928 0
    outer loop
      vertex -32.60152293245226 31.962751258243742 0
      vertex -32.60152293245226 31.962751258243742 4
      vertex -32.6 32.05 0
    endloop
  endfacet
  facet normal 0 0 -1
    outer loop
      vertex -32.60152293245226 31.962751258243742 0
      vertex -32.6 32.05 0
      vertex 40.1 42 0
    endloop
  endfacet
  facet normal -0.9998476951563912 0.017452406437283928 0
    outer loop
      vertex -32.60152293245226 31.962751258243742 4
      vertex -32.6 32.05 4
      vertex -32.6 32.05 0
    endloop
  endfacet
  facet normal 0 0 1
    outer loop
      vertex -32.60152293245226 31.962751258243742 4
      vertex -30.1 29.956804518122894 4
      vertex -32.6 32.05 4
    endloop
  endfacet
  facet normal -0.9998476951563912 -0.017452406437283928 0
    outer loop
      vertex -32.60152293245226 32.13724874175625 0
      vertex -32.6 32.05 0
      vertex -32.6 32.05 4
    endloop
  endfacet
  facet normal -0.9998476951563912 -0.017452406437283928 0
    outer loop
      vertex -32.60152293245226 32.13724874175625 0
      vertex -32.6 32.05 4
      vertex -32.60152293245226 32.13724874175625 4
    endloop
  endfacet
  facet normal 0 0 -1
    outer loop
      vertex -32.60152293245226 32.13724874175625 0
      vertex 40.1 42 0
      vertex -32.6 32.05 0
    endloop
  endfacet
  facet normal 0 0 1
    outer loop
      vertex -32.60152293245226 32.13724874175625 4
      vertex -32.6 32.05 4
      vertex -30.1 29.956804518122894 4
    endloop
  endfacet
  facet normal -1 0 0
    outer loop
      vertex -30.1 -30.1 0
      vertex -30.1 -30.1 3
      vertex -30.1 -8 0
    endloop
  endfacet
  facet normal 0 0 -1
    outer loop
      vertex -30.1 -30.1 0
      vertex -30.1 -8 0
      vertex -15.97664543524416 -8 0
    endloop
  endfacet
  facet normal 0 0 -1
    outer loop
      vertex -30.1 -30.1 0
      vertex -24.97 -23.57 0
      vertex -24.943099392564523 -23.84312645082258 0
    endloop
  endfacet
  facet normal 0 0 -1
    outer loop
      vertex -30.1 -30.1 0
      vertex -24.943099392564523 -23.84312645082258 0
      vertex -24.863431345515803 -24.105756805311128 0
    endloop
  endfacet
  facet normal 0 0 -1
    outer loop
      vertex -30.1 -30.1 0
      vertex -24.943099392564523 -23.29687354917742 0
      vertex -24.97 -23.57 0
    endloop
  endfacet
  facet normal 0 0 -1
    outer loop
      vertex -30.1 -30.1 0
      vertex -24.863431345515803 -24.105756805311128 0
      vertex -24.734057457223564 -24.347798326227444 0
    endloop
  endfacet
  facet normal 0 0 -1
    outer loop
      vertex -30.1 -30.1 0
      vertex -24.863431345515803 -23.034243194688873 0
      vertex -24.943099392564523 -23.29687354917742 0
    endloop
  endfacet
  facet normal 0 0 -1
    outer loop
      vertex -30.1 -30.1 0
      vertex -24.734057457223564 -24.347798326227444 0
      vertex -24.55994949366117 -24.55994949366117 0
    endloop
  endfacet
  facet normal 0 0 -1
    outer loop
      vertex -30.1 -30.1 0
      vertex -24.734057457223564 -22.792201673772556 0
      vertex -24.863431345515803 -23.034243194688873 0
    endloop
  endfacet
  facet normal 0 0 -1
    outer loop
      vertex -30.1 -30.1 0
      vertex -24.55994949366117 -24.55994949366117 0
      vertex -24.347798326227444 -24.734057457223564 0
    endloop
  endfacet
  facet normal 0 0 -1
    outer loop
      vertex -30.1 -30.1 0
      vertex -24.347798326227444 -24.734057457223564 0
      vertex -24.105756805311128 -24.863431345515803 0
    endloop
  endfacet
  facet normal 0 0 -1
    outer loop
      vertex -30.1 -30.1 0
      vertex -24.105756805311128 -24.863431345515803 0
      vertex -23.84312645082258 -24.943099392564523 0
    endloop
  endfacet
  facet normal 0 0 -1
    outer loop
      vertex -30.1 -30.1 0
      vertex -23.84312645082258 -24.943099392564523 0
      vertex -23.57 -24.97 0
    endloop
  endfacet
  facet normal 0 0 -1
    outer loop
      vertex -30.1 -30.1 0
      vertex -23.57 -24.97 0
      vertex 30.1 -30.1 0
    endloop
  endfacet
  facet normal 0 0 -1
    outer loop
      vertex -30.1 -30.1 0
      vertex -15.97664543524416 -8 0
      vertex -24.734057457223564 -22.792201673772556 0
    endloop
  endfacet
  facet normal 0 -1 0
    outer loop
      vertex -30.1 -30.1 0
      vertex 30.1 -30.1 0
      vertex -30.1 -30.1 3
    endloop
  endfacet
  facet normal -1 0 0
    outer loop
      vertex -30.1 -30.1 3
      vertex -30.1 -30.1 10
      vertex -30.1 64.1 10
    endloop
  endfacet
  facet normal -1 0 0
    outer loop
      vertex -30.1 -30.1 3
      vertex -30.1 -8 3
      vertex -30.1 -8 0
    endloop
  endfacet
  facet normal -1 0 0
    outer loop
      vertex -30.1 -30.1 3
      vertex -30.1 -8 4
      vertex -30.1 -8 3
    endloop
  endfacet
  facet normal -1 0 0
    outer loop
      vertex -30.1 -30.1 3
      vertex -30.1 64.1 10
      vertex -30.1 -8 4
    endloop
  endfacet
  facet normal 0 -1 0
    outer loop
      vertex -30.1 -30.1 3
      vertex 30.1 -30.1 0
      vertex 30.1 -30.1 3
    endloop
  endfacet
  facet normal 0 -1 0
    outer loop
      vertex -30.1 -30.1 3
      vertex 30.1 -30.1 3
      vertex 30.1 -30.1 10
    endloop
  endfacet
  facet normal 0 -1 0
    outer loop
      vertex -30.1 -30.1 3
      vertex 30.1 -30.1 10
      vertex -30.1 -30.1 10
    endloop
  endfacet
  facet normal 0 0 1
    outer loop
      vertex -30.1 -30.1 10
      vertex -28.5 -28.5 10
      vertex -28.5 62.5 10
    endloop
  endfacet
  facet normal 0 0 1
    outer loop
      vertex -30.1 -30.1 10
      vertex -28.5 62.5 10
      vertex -30.1 64.1 10
    endloop
  endfacet
  facet normal 0 0 1
    outer loop
      vertex -30.1 -30.1 10
      vertex 28.5 -28.5 10
      vertex -28.5 -28.5 10
    endloop
  endfacet
  facet normal 0 0 1
    outer loop
      vertex -30.1 -30.1 10
      vertex 30.1 -30.1 10
      vertex 28.5 -28.5 10
    endloop
  endfacet
  facet normal 0 0 -1
    outer loop
      vertex -30.1 -8 0
      vertex 33.24213793630651 0.27717348410285325 0
      vertex -15.97664543524416 -8 0
    endloop
  endfacet
  facet normal -1 0 0
    outer loop
      vertex -30.1 -8 4
      vertex -30.1 64.1 10
      vertex -30.1 29.956804518122894 4
    endloop
  endfacet
  facet normal -1 0 0
    outer loop
      vertex -30.1 29.956804518122894 4
      vertex -30.1 64.1 10
      vertex -30.1 42 4
    endloop
  endfacet
  facet normal -1 0 0
    outer loop
      vertex -30.1 42 0
      vertex -30.1 42 3
      vertex -30.1 64.1 0
    endloop
  endfacet
  facet normal 0 0 -1
    outer loop
      vertex -30.1 42 0
      vertex -30.1 64.1 0
      vertex 15.976645435244164 42 0
    endloop
  endfacet
  facet normal -1 0 0
    outer loop
      vertex -30.1 42 3
      vertex -30.1 42 4
      vertex -30.1 64.1 3
    endloop
  endfacet
  facet normal -1 0 0
    outer loop
      vertex -30.1 42 3
      vertex -30.1 64.1 3
      vertex -30.1 64.1 0
    endloop
  endfacet
  facet normal -1 0 0
    outer loop
      vertex -30.1 42 4
      vertex -30.1 64.1 10
      vertex -30.1 64.1 3
    endloop
  endfacet
  facet normal 0 1 0
    outer loop
      vertex -30.1 64.1 0
      vertex -30.1 64.1 3
      vertex 30.1 64.1 3
    endloop
  endfacet
  facet normal 0 0 -1
    outer loop
      vertex -30.1 64.1 0
      vertex 30.1 64.1 0
      vertex 15.976645435244164 42 0
    endloop
  endfacet
  facet normal 0 1 0
    outer loop
      vertex -30.1 64.1 0
      vertex 30.1 64.1 3
      vertex 30.1 64.1 0
    endloop
  endfacet
  facet normal 0 1 0
    outer loop
      vertex -30.1 64.1 3
      vertex -30.1 64.1 10
      vertex 30.1 64.1 3
    endloop
  endfacet
  facet normal 0 0 1
    outer loop
      vertex -30.1 64.1 10
      vertex -28.5 62.5 10
      vertex 30.1 64.1 10
    endloop
  endfacet
  facet normal 0 1 0
    outer loop
      vertex -30.1 64.1 10
      vertex 30.1 64.1 10
      vertex 30.1 64.1 3
    endloop
  endfacet
  facet normal 0 1 0
    outer loop
      vertex -28.5 -28.5 4
      vertex -28.5 -28.5 10
      vertex 28.5 -28.5 4
    endloop
  endfacet
  facet normal 1 0 0
    outer loop
      vertex -28.5 -28.5 4
      vertex -28.5 62.5 4
      vertex -28.5 62.5 10
    endloop
  endfacet
  facet normal 1 0 0
    outer loop
      vertex -28.5 -28.5 4
      vertex -28.5 62.5 10
      vertex -28.5 -28.5 10
    endloop
  endfacet
  facet normal 0 0 1
    outer loop
      vertex -28.5 -28.5 4
      vertex -27.57 -23.57 4
      vertex -27.493141121612922 -22.78963871193549 4
    endloop
  endfacet
  facet normal 0 0 1
    outer loop
      vertex -28.5 -28.5 4
      vertex -27.57 23.57 4
      vertex -28.5 62.5 4
    endloop
  endfacet
  facet normal 0 0 1
    outer loop
      vertex -28.5 -28.5 4
      vertex -27.493141121612922 -24.350361288064512 4
      vertex -27.57 -23.57 4
    endloop
  endfacet
  facet normal 0 0 1
    outer loop
      vertex -28.5 -28.5 4
      vertex -27.493141121612922 -22.78963871193549 4
      vertex -22.78963871193549 19.64685887838708 4
    endloop
  endfacet
  facet normal 0 0 1
    outer loop
      vertex -28.5 -28.5 4
      vertex -27.493141121612922 22.78963871193549 4
      vertex -27.57 23.57 4
    endloop
  endfacet
  facet normal 0 0 1
    outer loop
      vertex -28.5 -28.5 4
      vertex -27.265518130045148 -25.10073372946036 4
      vertex -27.493141121612922 -24.350361288064512 4
    endloop
  endfacet
  facet normal 0 0 1
    outer loop
      vertex -28.5 -28.5 4
      vertex -27.265518130045148 22.039266270539642 4
      vertex -27.493141121612922 22.78963871193549 4
    endloop
  endfacet
  facet normal 0 0 1
    outer loop
      vertex -28.5 -28.5 4
      vertex -26.89587844921018 -25.79228093207841 4
      vertex -27.265518130045148 -25.10073372946036 4
    endloop
  endfacet
  facet normal 0 0 1
    outer loop
      vertex -28.5 -28.5 4
      vertex -26.89587844921018 21.34771906792159 4
      vertex -27.265518130045148 22.039266270539642 4
    endloop
  endfacet
  facet normal 0 0 1
    outer loop
      vertex -28.5 -28.5 4
      vertex -26.398427124746192 -26.398427124746192 4
      vertex -26.89587844921018 -25.79228093207841 4
    endloop
  endfacet
  facet normal 0 0 1
    outer loop
      vertex -28.5 -28.5 4
      vertex -26.398427124746192 20.74157287525381 4
      vertex -26.89587844921018 21.34771906792159 4
    endloop
  endfacet
  facet normal 0 0 1
    outer loop
      vertex -28.5 -28.5 4
      vertex -25.79228093207841 -26.89587844921018 4
      vertex -26.398427124746192 -26.398427124746192 4
    endloop
  endfacet
  facet normal 0 0 1
    outer loop
      vertex -28.5 -28.5 4
      vertex -25.79228093207841 20.24412155078982 4
      vertex -26.398427124746192 20.74157287525381 4
    endloop
  endfacet
  facet normal 0 0 1
    outer loop
      vertex -28.5 -28.5 4
      vertex -25.10073372946036 -27.265518130045148 4
      vertex -25.79228093207841 -26.89587844921018 4
    endloop
  endfacet
  facet normal 0 0 1
    outer loop
      vertex -28.5 -28.5 4
      vertex -25.10073372946036 19.874481869954852 4
      vertex -25.79228093207841 20.24412155078982 4
    endloop
  endfacet
  facet normal 0 0 1
    outer loop
      vertex -28.5 -28.5 4
      vertex -24.350361288064512 -27.493141121612922 4
      vertex -25.10073372946036 -27.265518130045148 4
    endloop
  endfacet
  facet normal 0 0 1
    outer loop
      vertex -28.5 -28.5 4
      vertex -24.350361288064512 19.64685887838708 4
      vertex -25.10073372946036 19.874481869954852 4
    endloop
  endfacet
  facet normal 0 0 1
    outer loop
      vertex -28.5 -28.5 4
      vertex -23.57 -27.57 4
      vertex -24.350361288064512 -27.493141121612922 4
    endloop
  endfacet
  facet normal 0 0 1
    outer loop
      vertex -28.5 -28.5 4
      vertex -23.57 19.57 4
      vertex -24.350361288064512 19.64685887838708 4
    endloop
  endfacet
  facet normal 0 0 1
    outer loop
      vertex -28.5 -28.5 4
      vertex -22.78963871193549 19.64685887838708 4
      vertex -23.57 19.57 4
    endloop
  endfacet
  facet normal 0 0 1
    outer loop
      vertex -28.5 -28.5 4
      vertex 19.64685887838708 -24.350361288064512 4
      vertex -23.57 -27.57 4
    endloop
  endfacet
  facet normal 0 0 1
    outer loop
      vertex -28.5 -28.5 4
      vertex 19.874481869954852 -25.10073372946036 4
      vertex 19.64685887838708 -24.350361288064512 4
    endloop
  endfacet
  facet normal 0 0 1
    outer loop
      vertex -28.5 -28.5 4
      vertex 20.24412155078982 -25.79228093207841 4
      vertex 19.874481869954852 -25.10073372946036 4
    endloop
  endfacet
  facet normal 0 0 1
    outer loop
      vertex -28.5 -28.5 4
      vertex 20.74157287525381 -26.398427124746192 4
      vertex 20.24412155078982 -25.79228093207841 4
    endloop
  endfacet
  facet normal 0 0 1
    outer loop
      vertex -28.5 -28.5 4
      vertex 21.34771906792159 -26.89587844921018 4
      vertex 20.74157287525381 -26.398427124746192 4
    endloop
  endfacet
  facet normal 0 0 1
    outer loop
      vertex -28.5 -28.5 4
      vertex 22.039266270539642 -27.265518130045148 4
      vertex 21.34771906792159 -26.89587844921018 4
    endloop
  endfacet
  facet normal 0 0 1
    outer loop
      vertex -28.5 -28.5 4
      vertex 22.78963871193549 -27.493141121612922 4
      vertex 22.039266270539642 -27.265518130045148 4
    endloop
  endfacet
  facet normal 0 0 1
    outer loop
      vertex -28.5 -28.5 4
      vertex 23.57 -27.57 4
      vertex 22.78963871193549 -27.493141121612922 4
    endloop
  endfacet
  facet normal 0 0 1
    outer loop
      vertex -28.5 -28.5 4
      vertex 28.5 -28.5 4
      vertex 23.57 -27.57 4
    endloop
  endfacet
  facet normal 0 1 0
    outer loop
      vertex -28.5 -28.5 10
      vertex 28.5 -28.5 10
      vertex 28.5 -28.5 4
    endloop
  endfacet
  facet normal 0 0 1
    outer loop
      vertex -28.5 62.5 4
      vertex -27.57 23.57 4
      vertex -27.493141121612922 24.350361288064512 4
    endloop
  endfacet
  facet normal 0 0 1
    outer loop
      vertex -28.5 62.5 4
      vertex -27.493141121612922 24.350361288064512 4
      vertex -27.265518130045148 25.10073372946036 4
    endloop
  endfacet
  facet normal 0 0 1
    outer loop
      vertex -28.5 62.5 4
      vertex -27.265518130045148 25.10073372946036 4
      vertex -26.89587844921018 25.79228093207841 4
    endloop
  endfacet
  facet normal 0 0 1
    outer loop
      vertex -28.5 62.5 4
      vertex -26.89587844921018 25.79228093207841 4
      vertex -26.398427124746192 26.398427124746192 4
    endloop
  endfacet
  facet normal 0 0 1
    outer loop
      vertex -28.5 62.5 4
      vertex -26.398427124746192 26.398427124746192 4
      vertex -25.79228093207841 26.89587844921018 4
    endloop
  endfacet
  facet normal 0 0 1
    outer loop
      vertex -28.5 62.5 4
      vertex -25.79228093207841 26.89587844921018 4
      vertex -25.10073372946036 27.265518130045148 4
    endloop
  endfacet
  facet normal 0 0 1
    outer loop
      vertex -28.5 62.5 4
      vertex -25.10073372946036 27.265518130045148 4
      vertex -24.350361288064512 27.493141121612922 4
    endloop
  endfacet
  facet normal 0 0 1
    outer loop
      vertex -28.5 62.5 4
      vertex -24.350361288064512 27.493141121612922 4
      vertex -23.57 27.57 4
    endloop
  endfacet
  facet normal 0 0 1
    outer loop
      vertex -28.5 62.5 4
      vertex -23.57 27.57 4
      vertex -22.78963871193549 27.493141121612922 4
    endloop
  endfacet
  facet normal 0 0 1
    outer loop
      vertex -28.5 62.5 4
      vertex -22.78963871193549 27.493141121612922 4
      vertex 28.5 62.5 4
    endloop
  endfacet
  facet normal 0 -1 0
    outer loop
      vertex -28.5 62.5 4
      vertex 28.5 62.5 4
      vertex 28.5 62.5 10
    endloop
  endfacet
  facet normal 0 -1 0
    outer loop
      vertex -28.5 62.5 4
      vertex 28.5 62.5 10
      vertex -28.5 62.5 10
    endloop
  endfacet
  facet normal 0 0 1
    outer loop
      vertex -28.5 62.5 10
      vertex 28.5 62.5 10
      vertex 30.1 64.1 10
    endloop
  endfacet
  facet normal -0.9951847266721968 0.09801714032956084 0
    outer loop
      vertex -27.57 -23.57 4
      vertex -27.57 -23.57 9
      vertex -27.493141121612922 -22.78963871193549 9
    endloop
  endfacet
  facet normal -0.9951847266721968 -0.09801714032956084 0
    outer loop
      vertex -27.57 -23.57 4
      vertex -27.493141121612922 -24.350361288064512 4
      vertex -27.57 -23.57 9
    endloop
  endfacet
  facet normal -0.9951847266721968 0.09801714032956084 0
    outer loop
      vertex -27.57 -23.57 4
      vertex -27.493141121612922 -22.78963871193549 9
      vertex -27.493141121612922 -22.78963871193549 4
    endloop
  endfacet
  facet normal -0.9951847266721968 -0.09801714032956084 0
    outer loop
      vertex -27.57 -23.57 9
      vertex -27.493141121612922 -24.350361288064512 4
      vertex -27.493141121612922 -24.350361288064512 9
    endloop
  endfacet
  facet normal 0 0 1
    outer loop
      vertex -27.57 -23.57 9
      vertex -27.493141121612922 -24.350361288064512 9
      vertex -27.493141121612922 -22.78963871193549 9
    endloop
  endfacet
  facet normal -0.9951847266721968 0.09801714032956084 0
    outer loop
      vertex -27.57 23.57 4
      vertex -27.57 23.57 9
      vertex -27.493141121612922 24.350361288064512 9
    endloop
  endfacet
  facet normal -0.9951847266721968 -0.09801714032956084 0
    outer loop
      vertex -27.57 23.57 4
      vertex -27.493141121612922 22.78963871193549 4
      vertex -27.57 23.57 9
    endloop
  endfacet
  facet normal -0.9951847266721968 0.09801714032956084 0
    outer loop
      vertex -27.57 23.57 4
      vertex -27.493141121612922 24.350361288064512 9
      vertex -27.493141121612922 24.350361288064512 4
    endloop
  endfacet
  facet normal -0.9951847266721968 -0.09801714032956084 0
    outer loop
      vertex -27.57 23.57 9
      vertex -27.493141121612922 22.78963871193549 4
      vertex -27.493141121612922 22.78963871193549 9
    endloop
  endfacet
  facet normal 0 0 1
    outer loop
      vertex -27.57 23.57 9
      vertex -27.493141121612922 22.78963871193549 9
      vertex -27.493141121612922 24.350361288064512 9
    endloop
  endfacet
  facet normal -0.9569403357322093 -0.2902846772544611 0
    outer loop
      vertex -27.493141121612922 -24.350361288064512 4
      vertex -27.265518130045148 -25.10073372946036 4
      vertex -27.493141121612922 -24.350361288064512 9
    endloop
  endfacet
  facet normal -0.9569403357322093 -0.2902846772544611 0
    outer loop
      vertex -27.493141121612922 -24.350361288064512 9
      vertex -27.265518130045148 -25.10073372946036 4
      vertex -27.265518130045148 -25.10073372946036 9
    endloop
  endfacet
  facet normal 0 0 1
    outer loop
      vertex -27.493141121612922 -24.350361288064512 9
      vertex -27.265518130045148 -25.10073372946036 9
      vertex -27.493141121612922 -22.78963871193549 9
    endloop
  endfacet
  facet normal -0.9569403357322093 0.2902846772544611 0
    outer loop
      vertex -27.493141121612922 -22.78963871193549 4
      vertex -27.493141121612922 -22.78963871193549 9
      vertex -27.265518130045148 -22.039266270539642 9
    endloop
  endfacet
  facet normal 0 0 1
    outer loop
      vertex -27.493141121612922 -22.78963871193549 4
      vertex -27.265518130045148 -22.039266270539642 4
      vertex -22.78963871193549 19.64685887838708 4
    endloop
  endfacet
  facet normal -0.9569403357322093 0.2902846772544611 0
    outer loop
      vertex -27.493141121612922 -22.78963871193549 4
      vertex -27.265518130045148 -22.039266270539642 9
      vertex -27.265518130045148 -22.039266270539642 4
    endloop
  endfacet
  facet normal 0 0 1
    outer loop
      vertex -27.493141121612922 -22.78963871193549 9
      vertex -27.265518130045148 -25.10073372946036 9
      vertex -27.265518130045148 -22.039266270539642 9
    endloop
  endfacet
  facet normal -0.9569403357322093 -0.2902846772544611 0
    outer loop
      vertex -27.493141121612922 22.78963871193549 4
      vertex -27.265518130045148 22.039266270539642 4
      vertex -27.493141121612922 22.78963871193549 9
    endloop
  endfacet
  facet normal -0.9569403357322093 -0.2902846772544611 0
    outer loop
      vertex -27.493141121612922 22.78963871193549 9
      vertex -27.265518130045148 22.039266270539642 4
      vertex -27.265518130045148 22.039266270539642 9
    endloop
  endfacet
  facet normal 0 0 1
    outer loop
      vertex -27.493141121612922 22.78963871193549 9
      vertex -27.265518130045148 22.039266270539642 9
      vertex -27.493141121612922 24.350361288064512 9
    endloop
  endfacet
  facet normal -0.9569403357322093 0.2902846772544611 0
    outer loop
      vertex -27.493141121612922 24.350361288064512 4
      vertex -27.493141121612922 24.350361288064512 9
      vertex -27.265518130045148 25.10073372946036 9
    endloop
  endfacet
  facet normal -0.9569403357322093 0.2902846772544611 0
    outer loop
      vertex -27.493141121612922 24.350361288064512 4
      vertex -27.265518130045148 25.10073372946036 9
      vertex -27.265518130045148 25.10073372946036 4
    endloop
  endfacet
  facet normal 0 0 1
    outer loop
      vertex -27.493141121612922 24.350361288064512 9
      vertex -27.265518130045148 22.039266270539642 9
      vertex -27.265518130045148 25.10073372946036 9
    endloop
  endfacet
  facet normal -0.881921264348354 -0.4713967368259996 0
    outer loop
      vertex -27.265518130045148 -25.10073372946036 4
      vertex -26.89587844921018 -25.79228093207841 4
      vertex -27.265518130045148 -25.10073372946036 9
    endloop
  endfacet
  facet normal -0.881921264348354 -0.4713967368259996 0
    outer loop
      vertex -27.265518130045148 -25.10073372946036 9
      vertex -26.89587844921018 -25.79228093207841 4
      vertex -26.89587844921018 -25.79228093207841 9
    endloop
  endfacet
  facet normal 0 0 1
    outer loop
      vertex -27.265518130045148 -25.10073372946036 9
      vertex -26.89587844921018 -25.79228093207841 9
      vertex -27.265518130045148 -22.039266270539642 9
    endloop
  endfacet
  facet normal -0.881921264348354 0.4713967368259996 0
    outer loop
      vertex -27.265518130045148 -22.039266270539642 4
      vertex -27.265518130045148 -22.039266270539642 9
      vertex -26.89587844921018 -21.34771906792159 9
    endloop
  endfacet
  facet normal 0 0 1
    outer loop
      vertex -27.265518130045148 -22.039266270539642 4
      vertex -26.89587844921018 -21.34771906792159 4
      vertex -22.78963871193549 19.64685887838708 4
    endloop
  endfacet
  facet normal -0.881921264348354 0.4713967368259996 0
    outer loop
      vertex -27.265518130045148 -22.039266270539642 4
      vertex -26.89587844921018 -21.34771906792159 9
      vertex -26.89587844921018 -21.34771906792159 4
    endloop
  endfacet
  facet normal 0 0 1
    outer loop
      vertex -27.265518130045148 -22.039266270539642 9
      vertex -26.89587844921018 -25.79228093207841 9
      vertex -26.89587844921018 -21.34771906792159 9
    endloop
  endfacet
  facet normal -0.881921264348354 -0.4713967368259996 0
    outer loop
      vertex -27.265518130045148 22.039266270539642 4
      vertex -26.89587844921018 21.34771906792159 4
      vertex -27.265518130045148 22.039266270539642 9
    endloop
  endfacet
  facet normal -0.881921264348354 -0.4713967368259996 0
    outer loop
      vertex -27.265518130045148 22.039266270539642 9
      vertex -26.89587844921018 21.34771906792159 4
      vertex -26.89587844921018 21.34771906792159 9
    endloop
  endfacet
  facet normal 0 0 1
    outer loop
      vertex -27.265518130045148 22.039266270539642 9
      vertex -26.89587844921018 21.34771906792159 9
      vertex -27.265518130045148 25.10073372946036 9
    endloop
  endfacet
  facet normal -0.881921264348354 0.4713967368259996 0
    outer loop
      vertex -27.265518130045148 25.10073372946036 4
      vertex -27.265518130045148 25.10073372946036 9
      vertex -26.89587844921018 25.79228093207841 9
    endloop
  endfacet
  facet normal -0.881921264348354 0.4713967368259996 0
    outer loop
      vertex -27.265518130045148 25.10073372946036 4
      vertex -26.89587844921018 25.79228093207841 9
      vertex -26.89587844921018 25.79228093207841 4
    endloop
  endfacet
  facet normal 0 0 1
    outer loop
      vertex -27.265518130045148 25.10073372946036 9
      vertex -26.89587844921018 21.34771906792159 9
      vertex -26.89587844921018 25.79228093207841 9
    endloop
  endfacet
  facet normal -0.7730104533627397 -0.6343932841636423 0
    outer loop
      vertex -26.89587844921018 -25.79228093207841 4
      vertex -26.398427124746192 -26.398427124746192 4
      vertex -26.89587844921018 -25.79228093207841 9
    endloop
  endfacet
  facet normal -0.7730104533627397 -0.6343932841636423 0
    outer loop
      vertex -26.89587844921018 -25.79228093207841 9
      vertex -26.398427124746192 -26.398427124746192 4
      vertex -26.398427124746192 -26.398427124746192 9
    endloop
  endfacet
  facet normal 0 0 1
    outer loop
      vertex -26.89587844921018 -25.79228093207841 9
      vertex -26.398427124746192 -26.398427124746192 9
      vertex -26.89587844921018 -21.34771906792159 9
    endloop
  endfacet
  facet normal -0.7730104533627397 0.6343932841636423 0
    outer loop
      vertex -26.89587844921018 -21.34771906792159 4
      vertex -26.89587844921018 -21.34771906792159 9
      vertex -26.398427124746192 -20.74157287525381 9
    endloop
  endfacet
  facet normal 0 0 1
    outer loop
      vertex -26.89587844921018 -21.34771906792159 4
      vertex -26.398427124746192 -20.74157287525381 4
      vertex -22.78963871193549 19.64685887838708 4
    endloop
  endfacet
  facet normal -0.7730104533627397 0.6343932841636423 0
    outer loop
      vertex -26.89587844921018 -21.34771906792159 4
      vertex -26.398427124746192 -20.74157287525381 9
      vertex -26.398427124746192 -20.74157287525381 4
    endloop
  endfacet
  facet normal 0 0 1
    outer loop
      vertex -26.89587844921018 -21.34771906792159 9
      vertex -26.398427124746192 -26.398427124746192 9
      vertex -26.398427124746192 -20.74157287525381 9
    endloop
  endfacet
  facet normal -0.7730104533627397 -0.6343932841636423 0
    outer loop
      vertex -26.89587844921018 21.34771906792159 4
      vertex -26.398427124746192 20.74157287525381 4
      vertex -26.89587844921018 21.34771906792159 9
    endloop
  endfacet
  facet normal -0.7730104533627397 -0.6343932841636423 0
    outer loop
      vertex -26.89587844921018 21.34771906792159 9
      vertex -26.398427124746192 20.74157287525381 4
      vertex -26.398427124746192 20.74157287525381 9
    endloop
  endfacet
  facet normal 0 0 1
    outer loop
      vertex -26.89587844921018 21.34771906792159 9
      vertex -26.398427124746192 20.74157287525381 9
      vertex -26.89587844921018 25.79228093207841 9
    endloop
  endfacet
  facet normal -0.7730104533627397 0.6343932841636423 0
    outer loop
      vertex -26.89587844921018 25.79228093207841 4
      vertex -26.89587844921018 25.79228093207841 9
      vertex -26.398427124746192 26.398427124746192 9
    endloop
  endfacet
  facet normal -0.7730104533627397 0.6343932841636423 0
    outer loop
      vertex -26.89587844921018 25.79228093207841 4
      vertex -26.398427124746192 26.398427124746192 9
      vertex -26.398427124746192 26.398427124746192 4
    endloop
  endfacet
  facet normal 0 0 1
    outer loop
      vertex -26.89587844921018 25.79228093207841 9
      vertex -26.398427124746192 20.74157287525381 9
      vertex -26.398427124746192 26.398427124746192 9
    endloop
  endfacet
  facet normal -0.6343932841636423 -0.7730104533627397 0
    outer loop
      vertex -26.398427124746192 -26.398427124746192 4
      vertex -25.79228093207841 -26.89587844921018 4
      vertex -25.79228093207841 -26.89587844921018 9
    endloop
  endfacet
  facet normal -0.6343932841636423 -0.7730104533627397 0
    outer loop
      vertex -26.398427124746192 -26.398427124746192 4
      vertex -25.79228093207841 -26.89587844921018 9
      vertex -26.398427124746192 -26.398427124746192 9
    endloop
  endfacet
  facet normal 0 0 1
    outer loop
      vertex -26.398427124746192 -26.398427124746192 9
      vertex -25.79228093207841 -26.89587844921018 9
      vertex -26.398427124746192 -20.74157287525381 9
    endloop
  endfacet
  facet normal -0.6343932841636423 0.7730104533627397 0
    outer loop
      vertex -26.398427124746192 -20.74157287525381 4
      vertex -26.398427124746192 -20.74157287525381 9
      vertex -25.79228093207841 -20.24412155078982 4
    endloop
  endfacet
  facet normal 0 0 1
    outer loop
      vertex -26.398427124746192 -20.74157287525381 4
      vertex -25.79228093207841 -20.24412155078982 4
      vertex -22.78963871193549 19.64685887838708 4
    endloop
  endfacet
  facet normal 0 0 1
    outer loop
      vertex -26.398427124746192 -20.74157287525381 9
      vertex -25.79228093207841 -26.89587844921018 9
      vertex -25.79228093207841 -20.24412155078982 9
    endloop
  endfacet
  facet normal -0.6343932841636423 0.7730104533627397 0
    outer loop
      vertex -26.398427124746192 -20.74157287525381 9
      vertex -25.79228093207841 -20.24412155078982 9
      vertex -25.79228093207841 -20.24412155078982 4
    endloop
  endfacet
  facet normal -0.6343932841636423 -0.7730104533627397 0
    outer loop
      vertex -26.398427124746192 20.74157287525381 4
      vertex -25.79228093207841 20.24412155078982 4
      vertex -25.79228093207841 20.24412155078982 9
    endloop
  endfacet
  facet normal -0.6343932841636423 -0.7730104533627397 0
    outer loop
      vertex -26.398427124746192 20.74157287525381 4
      vertex -25.79228093207841 20.24412155078982 9
      vertex -26.398427124746192 20.74157287525381 9
    endloop
  endfacet
  facet normal 0 0 1
    outer loop
      vertex -26.398427124746192 20.74157287525381 9
      vertex -25.79228093207841 20.24412155078982 9
      vertex -26.398427124746192 26.398427124746192 9
    endloop
  endfacet
  facet normal -0.6343932841636423 0.7730104533627397 0
    outer loop
      vertex -26.398427124746192 26.398427124746192 4
      vertex -26.398427124746192 26.398427124746192 9
      vertex -25.79228093207841 26.89587844921018 4
    endloop
  endfacet
  facet normal 0 0 1
    outer loop
      vertex -26.398427124746192 26.398427124746192 9
      vertex -25.79228093207841 20.24412155078982 9
      vertex -25.79228093207841 26.89587844921018 9
    endloop
  endfacet
  facet normal -0.6343932841636423 0.7730104533627397 0
    outer loop
      vertex -26.398427124746192 26.398427124746192 9
      vertex -25.79228093207841 26.89587844921018 9
      vertex -25.79228093207841 26.89587844921018 4
    endloop
  endfacet
  facet normal -0.4713967368259996 -0.881921264348354 0
    outer loop
      vertex -25.79228093207841 -26.89587844921018 4
      vertex -25.10073372946036 -27.265518130045148 4
      vertex -25.10073372946036 -27.265518130045148 9
    endloop
  endfacet
  facet normal -0.4713967368259996 -0.881921264348354 0
    outer loop
      vertex -25.79228093207841 -26.89587844921018 4
      vertex -25.10073372946036 -27.265518130045148 9
      vertex -25.79228093207841 -26.89587844921018 9
    endloop
  endfacet
  facet normal 0 0 1
    outer loop
      vertex -25.79228093207841 -26.89587844921018 9
      vertex -25.10073372946036 -27.265518130045148 9
      vertex -25.79228093207841 -20.24412155078982 9
    endloop
  endfacet
  facet normal -0.4713967368259996 0.881921264348354 0
    outer loop
      vertex -25.79228093207841 -20.24412155078982 4
      vertex -25.79228093207841 -20.24412155078982 9
      vertex -25.10073372946036 -19.874481869954852 4
    endloop
  endfacet
  facet normal 0 0 1
    outer loop
      vertex -25.79228093207841 -20.24412155078982 4
      vertex -25.10073372946036 -19.874481869954852 4
      vertex -22.78963871193549 19.64685887838708 4
    endloop
  endfacet
  facet normal 0 0 1
    outer loop
      vertex -25.79228093207841 -20.24412155078982 9
      vertex -25.10073372946036 -27.265518130045148 9
      vertex -25.10073372946036 -19.874481869954852 9
    endloop
  endfacet
  facet normal -0.4713967368259996 0.881921264348354 0
    outer loop
      vertex -25.79228093207841 -20.24412155078982 9
      vertex -25.10073372946036 -19.874481869954852 9
      vertex -25.10073372946036 -19.874481869954852 4
    endloop
  endfacet
  facet normal -0.4713967368259996 -0.881921264348354 0
    outer loop
      vertex -25.79228093207841 20.24412155078982 4
      vertex -25.10073372946036 19.874481869954852 4
      vertex -25.10073372946036 19.874481869954852 9
    endloop
  endfacet
  facet normal -0.4713967368259996 -0.881921264348354 0
    outer loop
      vertex -25.79228093207841 20.24412155078982 4
      vertex -25.10073372946036 19.874481869954852 9
      vertex -25.79228093207841 20.24412155078982 9
    endloop
  endfacet
  facet normal 0 0 1
    outer loop
      vertex -25.79228093207841 20.24412155078982 9
      vertex -25.10073372946036 19.874481869954852 9
      vertex -25.79228093207841 26.89587844921018 9
    endloop
  endfacet
  facet normal -0.4713967368259996 0.881921264348354 0
    outer loop
      vertex -25.79228093207841 26.89587844921018 4
      vertex -25.79228093207841 26.89587844921018 9
      vertex -25.10073372946036 27.265518130045148 4
    endloop
  endfacet
  facet normal 0 0 1
    outer loop
      vertex -25.79228093207841 26.89587844921018 9
      vertex -25.10073372946036 19.874481869954852 9
      vertex -25.10073372946036 27.265518130045148 9
    endloop
  endfacet
  facet normal -0.4713967368259996 0.881921264348354 0
    outer loop
      vertex -25.79228093207841 26.89587844921018 9
      vertex -25.10073372946036 27.265518130045148 9
      vertex -25.10073372946036 27.265518130045148 4
    endloop
  endfacet
  facet normal -0.2902846772544611 -0.9569403357322093 0
    outer loop
      vertex -25.10073372946036 -27.265518130045148 4
      vertex -24.350361288064512 -27.493141121612922 4
      vertex -24.350361288064512 -27.493141121612922 9
    endloop
  endfacet
  facet normal -0.2902846772544611 -0.9569403357322093 0
    outer loop
      vertex -25.10073372946036 -27.265518130045148 4
      vertex -24.350361288064512 -27.493141121612922 9
      vertex -25.10073372946036 -27.265518130045148 9
    endloop
  endfacet
  facet normal 0 0 1
    outer loop
      vertex -25.10073372946036 -27.265518130045148 9
      vertex -24.97 -23.57 9
      vertex -25.10073372946036 -19.874481869954852 9
    endloop
  endfacet
  facet normal 0 0 1
    outer loop
      vertex -25.10073372946036 -27.265518130045148 9
      vertex -24.943099392564523 -23.84312645082258 9
      vertex -24.97 -23.57 9
    endloop
  endfacet
  facet normal 0 0 1
    outer loop
      vertex -25.10073372946036 -27.265518130045148 9
      vertex -24.863431345515803 -24.105756805311128 9
      vertex -24.943099392564523 -23.84312645082258 9
    endloop
  endfacet
  facet normal 0 0 1
    outer loop
      vertex -25.10073372946036 -27.265518130045148 9
      vertex -24.734057457223564 -24.347798326227444 9
      vertex -24.863431345515803 -24.105756805311128 9
    endloop
  endfacet
  facet normal 0 0 1
    outer loop
      vertex -25.10073372946036 -27.265518130045148 9
      vertex -24.350361288064512 -27.493141121612922 9
      vertex -24.734057457223564 -24.347798326227444 9
    endloop
  endfacet
  facet normal -0.2902846772544611 0.9569403357322093 0
    outer loop
      vertex -25.10073372946036 -19.874481869954852 4
      vertex -25.10073372946036 -19.874481869954852 9
      vertex -24.350361288064512 -19.64685887838708 4
    endloop
  endfacet
  facet normal 0 0 1
    outer loop
      vertex -25.10073372946036 -19.874481869954852 4
      vertex -24.350361288064512 -19.64685887838708 4
      vertex -22.78963871193549 19.64685887838708 4
    endloop
  endfacet
  facet normal 0 0 1
    outer loop
      vertex -25.10073372946036 -19.874481869954852 9
      vertex -24.97 -23.57 9
      vertex -24.943099392564523 -23.29687354917742 9
    endloop
  endfacet
  facet normal 0 0 1
    outer loop
      vertex -25.10073372946036 -19.874481869954852 9
      vertex -24.943099392564523 -23.29687354917742 9
      vertex -24.863431345515803 -23.034243194688873 9
    endloop
  endfacet
  facet normal 0 0 1
    outer loop
      vertex -25.10073372946036 -19.874481869954852 9
      vertex -24.863431345515803 -23.034243194688873 9
      vertex -24.734057457223564 -22.792201673772556 9
    endloop
  endfacet
  facet normal 0 0 1
    outer loop
      vertex -25.10073372946036 -19.874481869954852 9
      vertex -24.734057457223564 -22.792201673772556 9
      vertex -24.55994949366117 -22.580050506338832 9
    endloop
  endfacet
  facet normal 0 0 1
    outer loop
      vertex -25.10073372946036 -19.874481869954852 9
      vertex -24.55994949366117 -22.580050506338832 9
      vertex -24.347798326227444 -22.405942542776437 9
    endloop
  endfacet
  facet normal -0.2902846772544611 0.9569403357322093 0
    outer loop
      vertex -25.10073372946036 -19.874481869954852 9
      vertex -24.350361288064512 -19.64685887838708 9
      vertex -24.350361288064512 -19.64685887838708 4
    endloop
  endfacet
  facet normal 0 0 1
    outer loop
      vertex -25.10073372946036 -19.874481869954852 9
      vertex -24.347798326227444 -22.405942542776437 9
      vertex -24.350361288064512 -19.64685887838708 9
    endloop
  endfacet
  facet normal -0.2902846772544611 -0.9569403357322093 0
    outer loop
      vertex -25.10073372946036 19.874481869954852 4
      vertex -24.350361288064512 19.64685887838708 4
      vertex -24.350361288064512 19.64685887838708 9
    endloop
  endfacet
  facet normal -0.2902846772544611 -0.9569403357322093 0
    outer loop
      vertex -25.10073372946036 19.874481869954852 4
      vertex -24.350361288064512 19.64685887838708 9
      vertex -25.10073372946036 19.874481869954852 9
    endloop
  endfacet
  facet normal 0 0 1
    outer loop
      vertex -25.10073372946036 19.874481869954852 9
      vertex -24.97 23.57 9
      vertex -25.10073372946036 27.265518130045148 9
    endloop
  endfacet
  facet normal 0 0 1
    outer loop
      vertex -25.10073372946036 19.874481869954852 9
      vertex -24.943099392564523 23.29687354917742 9
      vertex -24.97 23.57 9
    endloop
  endfacet
  facet normal 0 0 1
    outer loop
      vertex -25.10073372946036 19.874481869954852 9
      vertex -24.863431345515803 23.034243194688873 9
      vertex -24.943099392564523 23.29687354917742 9
    endloop
  endfacet
  facet normal 0 0 1
    outer loop
      vertex -25.10073372946036 19.874481869954852 9
      vertex -24.734057457223564 22.792201673772556 9
      vertex -24.863431345515803 23.034243194688873 9
    endloop
  endfacet
  facet normal 0 0 1
    outer loop
      vertex -25.10073372946036 19.874481869954852 9
      vertex -24.350361288064512 19.64685887838708 9
      vertex -24.734057457223564 22.792201673772556 9
    endloop
  endfacet
  facet normal -0.2902846772544611 0.9569403357322093 0
    outer loop
      vertex -25.10073372946036 27.265518130045148 4
      vertex -25.10073372946036 27.265518130045148 9
      vertex -24.350361288064512 27.493141121612922 4
    endloop
  endfacet
  facet normal 0 0 1
    outer loop
      vertex -25.10073372946036 27.265518130045148 9
      vertex -24.97 23.57 9
      vertex -24.943099392564523 23.84312645082258 9
    endloop
  endfacet
  facet normal 0 0 1
    outer loop
      vertex -25.10073372946036 27.265518130045148 9
      vertex -24.943099392564523 23.84312645082258 9
      vertex -24.863431345515803 24.105756805311128 9
    endloop
  endfacet
  facet normal 0 0 1
    outer loop
      vertex -25.10073372946036 27.265518130045148 9
      vertex -24.863431345515803 24.105756805311128 9
      vertex -24.734057457223564 24.347798326227444 9
    endloop
  endfacet
  facet normal 0 0 1
    outer loop
      vertex -25.10073372946036 27.265518130045148 9
      vertex -24.734057457223564 24.347798326227444 9
      vertex -24.55994949366117 24.55994949366117 9
    endloop
  endfacet
  facet normal 0 0 1
    outer loop
      vertex -25.10073372946036 27.265518130045148 9
      vertex -24.55994949366117 24.55994949366117 9
      vertex -24.347798326227444 24.734057457223564 9
    endloop
  endfacet
  facet normal -0.2902846772544611 0.9569403357322093 0
    outer loop
      vertex -25.10073372946036 27.265518130045148 9
      vertex -24.350361288064512 27.493141121612922 9
      vertex -24.350361288064512 27.493141121612922 4
    endloop
  endfacet
  facet normal 0 0 1
    outer loop
      vertex -25.10073372946036 27.265518130045148 9
      vertex -24.347798326227444 24.734057457223564 9
      vertex -24.350361288064512 27.493141121612922 9
    endloop
  endfacet
  facet normal 0.9951847266721976 0.09801714032955393 0
    outer loop
      vertex -24.97 -23.57 0
      vertex -24.97 -23.57 4
      vertex -24.943099392564523 -23.84312645082258 0
    endloop
  endfacet
  facet normal 0.9951847266721976 -0.09801714032955393 0
    outer loop
      vertex -24.97 -23.57 0
      vertex -24.943099392564523 -23.29687354917742 0
      vertex -24.943099392564523 -23.29687354917742 4
    endloop
  endfacet
  facet normal 0.9951847266721976 -0.09801714032955393 0
    outer loop
      vertex -24.97 -23.57 0
      vertex -24.943099392564523 -23.29687354917742 4
      vertex -24.97 -23.57 4
    endloop
  endfacet
  facet normal 0.9951847266721976 0.09801714032955393 0
    outer loop
      vertex -24.97 -23.57 4
      vertex -24.97 -23.57 9
      vertex -24.943099392564523 -23.84312645082258 4
    endloop
  endfacet
  facet normal 0.9951847266721976 0.09801714032955393 0
    outer loop
      vertex -24.97 -23.57 4
      vertex -24.943099392564523 -23.84312645082258 4
      vertex -24.943099392564523 -23.84312645082258 0
    endloop
  endfacet
  facet normal 0.9951847266721976 -0.09801714032955393 0
    outer loop
      vertex -24.97 -23.57 4
      vertex -24.943099392564523 -23.29687354917742 4
      vertex -24.943099392564523 -23.29687354917742 9
    endloop
  endfacet
  facet normal 0.9951847266721976 -0.09801714032955393 0
    outer loop
      vertex -24.97 -23.57 4
      vertex -24.943099392564523 -23.29687354917742 9
      vertex -24.97 -23.57 9
    endloop
  endfacet
  facet normal 0.9951847266721976 0.09801714032955393 0
    outer loop
      vertex -24.97 -23.57 9
      vertex -24.943099392564523 -23.84312645082258 9
      vertex -24.943099392564523 -23.84312645082258 4
    endloop
  endfacet
  facet normal 0.9951847266721976 0.09801714032955393 0
    outer loop
      vertex -24.97 23.57 0
      vertex -24.97 23.57 4
      vertex -24.943099392564523 23.29687354917742 0
    endloop
  endfacet
  facet normal 0.9951847266721976 -0.09801714032955393 0
    outer loop
      vertex -24.97 23.57 0
      vertex -24.943099392564523 23.84312645082258 0
      vertex -24.943099392564523 23.84312645082258 4
    endloop
  endfacet
  facet normal 0.9951847266721976 -0.09801714032955393 0
    outer loop
      vertex -24.97 23.57 0
      vertex -24.943099392564523 23.84312645082258 4
      vertex -24.97 23.57 4
    endloop
  endfacet
  facet normal 0.9951847266721976 0.09801714032955393 0
    outer loop
      vertex -24.97 23.57 4
      vertex -24.97 23.57 9
      vertex -24.943099392564523 23.29687354917742 4
    endloop
  endfacet
  facet normal 0.9951847266721976 0.09801714032955393 0
    outer loop
      vertex -24.97 23.57 4
      vertex -24.943099392564523 23.29687354917742 4
      vertex -24.943099392564523 23.29687354917742 0
    endloop
  endfacet
  facet normal 0.9951847266721976 -0.09801714032955393 0
    outer loop
      vertex -24.97 23.57 4
      vertex -24.943099392564523 23.84312645082258 4
      vertex -24.943099392564523 23.84312645082258 9
    endloop
  endfacet
  facet normal 0.9951847266721976 -0.09801714032955393 0
    outer loop
      vertex -24.97 23.57 4
      vertex -24.943099392564523 23.84312645082258 9
      vertex -24.97 23.57 9
    endloop
  endfacet
  facet normal 0.9951847266721976 0.09801714032955393 0
    outer loop
      vertex -24.97 23.57 9
      vertex -24.943099392564523 23.29687354917742 9
      vertex -24.943099392564523 23.29687354917742 4
    endloop
  endfacet
  facet normal 0.9569403357322098 0.29028467725445894 0
    outer loop
      vertex -24.943099392564523 -23.84312645082258 0
      vertex -24.943099392564523 -23.84312645082258 4
      vertex -24.863431345515803 -24.105756805311128 0
    endloop
  endfacet
  facet normal 0.9569403357322098 0.290284677254459 0
    outer loop
      vertex -24.943099392564523 -23.84312645082258 4
      vertex -24.943099392564523 -23.84312645082258 9
      vertex -24.863431345515803 -24.105756805311128 4
    endloop
  endfacet
  facet normal 0.9569403357322098 0.29028467725445894 0
    outer loop
      vertex -24.943099392564523 -23.84312645082258 4
      vertex -24.863431345515803 -24.105756805311128 4
      vertex -24.863431345515803 -24.105756805311128 0
    endloop
  endfacet
  facet normal 0.9569403357322098 0.290284677254459 0
    outer loop
      vertex -24.943099392564523 -23.84312645082258 9
      vertex -24.863431345515803 -24.105756805311128 9
      vertex -24.863431345515803 -24.105756805311128 4
    endloop
  endfacet
  facet normal 0.9569403357322098 -0.29028467725445894 0
    outer loop
      vertex -24.943099392564523 -23.29687354917742 0
      vertex -24.863431345515803 -23.034243194688873 0
      vertex -24.863431345515803 -23.034243194688873 4
    endloop
  endfacet
  facet normal 0.9569403357322098 -0.29028467725445894 0
    outer loop
      vertex -24.943099392564523 -23.29687354917742 0
      vertex -24.863431345515803 -23.034243194688873 4
      vertex -24.943099392564523 -23.29687354917742 4
    endloop
  endfacet
  facet normal 0.9569403357322098 -0.290284677254459 0
    outer loop
      vertex -24.943099392564523 -23.29687354917742 4
      vertex -24.863431345515803 -23.034243194688873 4
      vertex -24.863431345515803 -23.034243194688873 9
    endloop
  endfacet
  facet normal 0.9569403357322098 -0.290284677254459 0
    outer loop
      vertex -24.943099392564523 -23.29687354917742 4
      vertex -24.863431345515803 -23.034243194688873 9
      vertex -24.943099392564523 -23.29687354917742 9
    endloop
  endfacet
  facet normal 0.9569403357322098 0.29028467725445894 0
    outer loop
      vertex -24.943099392564523 23.29687354917742 0
      vertex -24.943099392564523 23.29687354917742 4
      vertex -24.863431345515803 23.034243194688873 0
    endloop
  endfacet
  facet normal 0.9569403357322098 0.290284677254459 0
    outer loop
      vertex -24.943099392564523 23.29687354917742 4
      vertex -24.943099392564523 23.29687354917742 9
      vertex -24.863431345515803 23.034243194688873 4
    endloop
  endfacet
  facet normal 0.9569403357322098 0.29028467725445894 0
    outer loop
      vertex -24.943099392564523 23.29687354917742 4
      vertex -24.863431345515803 23.034243194688873 4
      vertex -24.863431345515803 23.034243194688873 0
    endloop
  endfacet
  facet normal 0.9569403357322098 0.290284677254459 0
    outer loop
      vertex -24.943099392564523 23.29687354917742 9
      vertex -24.863431345515803 23.034243194688873 9
      vertex -24.863431345515803 23.034243194688873 4
    endloop
  endfacet
  facet normal 0.9569403357322098 -0.29028467725445894 0
    outer loop
      vertex -24.943099392564523 23.84312645082258 0
      vertex -24.863431345515803 24.105756805311128 0
      vertex -24.863431345515803 24.105756805311128 4
    endloop
  endfacet
  facet normal 0.9569403357322098 -0.29028467725445894 0
    outer loop
      vertex -24.943099392564523 23.84312645082258 0
      vertex -24.863431345515803 24.105756805311128 4
      vertex -24.943099392564523 23.84312645082258 4
    endloop
  endfacet
  facet normal 0.9569403357322098 -0.290284677254459 0
    outer loop
      vertex -24.943099392564523 23.84312645082258 4
      vertex -24.863431345515803 24.105756805311128 4
      vertex -24.863431345515803 24.105756805311128 9
    endloop
  endfacet
  facet normal 0.9569403357322098 -0.290284677254459 0
    outer loop
      vertex -24.943099392564523 23.84312645082258 4
      vertex -24.863431345515803 24.105756805311128 9
      vertex -24.943099392564523 23.84312645082258 9
    endloop
  endfacet
  facet normal 0.8819212643483532 0.4713967368260015 0
    outer loop
      vertex -24.863431345515803 -24.105756805311128 0
      vertex -24.863431345515803 -24.105756805311128 4
      vertex -24.734057457223564 -24.347798326227444 0
    endloop
  endfacet
  facet normal 0.8819212643483529 0.47139673682600136 0
    outer loop
      vertex -24.863431345515803 -24.105756805311128 4
      vertex -24.863431345515803 -24.105756805311128 9
      vertex -24.734057457223564 -24.347798326227444 4
    endloop
  endfacet
  facet normal 0.8819212643483532 0.4713967368260015 0
    outer loop
      vertex -24.863431345515803 -24.105756805311128 4
      vertex -24.734057457223564 -24.347798326227444 4
      vertex -24.734057457223564 -24.347798326227444 0
    endloop
  endfacet
  facet normal 0.8819212643483529 0.47139673682600136 0
    outer loop
      vertex -24.863431345515803 -24.105756805311128 9
      vertex -24.734057457223564 -24.347798326227444 9
      vertex -24.734057457223564 -24.347798326227444 4
    endloop
  endfacet
  facet normal 0.8819212643483532 -0.4713967368260015 0
    outer loop
      vertex -24.863431345515803 -23.034243194688873 0
      vertex -24.734057457223564 -22.792201673772556 0
      vertex -24.734057457223564 -22.792201673772556 4
    endloop
  endfacet
  facet normal 0.8819212643483532 -0.4713967368260015 0
    outer loop
      vertex -24.863431345515803 -23.034243194688873 0
      vertex -24.734057457223564 -22.792201673772556 4
      vertex -24.863431345515803 -23.034243194688873 4
    endloop
  endfacet
  facet normal 0.8819212643483529 -0.47139673682600136 0
    outer loop
      vertex -24.863431345515803 -23.034243194688873 4
      vertex -24.734057457223564 -22.792201673772556 4
      vertex -24.734057457223564 -22.792201673772556 9
    endloop
  endfacet
  facet normal 0.8819212643483529 -0.47139673682600136 0
    outer loop
      vertex -24.863431345515803 -23.034243194688873 4
      vertex -24.734057457223564 -22.792201673772556 9
      vertex -24.863431345515803 -23.034243194688873 9
    endloop
  endfacet
  facet normal 0.8819212643483532 0.4713967368260015 0
    outer loop
      vertex -24.863431345515803 23.034243194688873 0
      vertex -24.863431345515803 23.034243194688873 4
      vertex -24.734057457223564 22.792201673772556 0
    endloop
  endfacet
  facet normal 0.8819212643483529 0.47139673682600136 0
    outer loop
      vertex -24.863431345515803 23.034243194688873 4
      vertex -24.863431345515803 23.034243194688873 9
      vertex -24.734057457223564 22.792201673772556 4
    endloop
  endfacet
  facet normal 0.8819212643483532 0.4713967368260015 0
    outer loop
      vertex -24.863431345515803 23.034243194688873 4
      vertex -24.734057457223564 22.792201673772556 4
      vertex -24.734057457223564 22.792201673772556 0
    endloop
  endfacet
  facet normal 0.8819212643483529 0.47139673682600136 0
    outer loop
      vertex -24.863431345515803 23.034243194688873 9
      vertex -24.734057457223564 22.792201673772556 9
      vertex -24.734057457223564 22.792201673772556 4
    endloop
  endfacet
  facet normal 0.8819212643483532 -0.4713967368260015 0
    outer loop
      vertex -24.863431345515803 24.105756805311128 0
      vertex -24.734057457223564 24.347798326227444 0
      vertex -24.734057457223564 24.347798326227444 4
    endloop
  endfacet
  facet normal 0.8819212643483532 -0.4713967368260015 0
    outer loop
      vertex -24.863431345515803 24.105756805311128 0
      vertex -24.734057457223564 24.347798326227444 4
      vertex -24.863431345515803 24.105756805311128 4
    endloop
  endfacet
  facet normal 0.8819212643483529 -0.47139673682600136 0
    outer loop
      vertex -24.863431345515803 24.105756805311128 4
      vertex -24.734057457223564 24.347798326227444 4
      vertex -24.734057457223564 24.347798326227444 9
    endloop
  endfacet
  facet normal 0.8819212643483529 -0.47139673682600136 0
    outer loop
      vertex -24.863431345515803 24.105756805311128 4
      vertex -24.734057457223564 24.347798326227444 9
      vertex -24.863431345515803 24.105756805311128 9
    endloop
  endfacet
  facet normal 0.7730104533627404 0.6343932841636412 0
    outer loop
      vertex -24.734057457223564 -24.347798326227444 0
      vertex -24.734057457223564 -24.347798326227444 4
      vertex -24.55994949366117 -24.55994949366117 0
    endloop
  endfacet
  facet normal 0.7730104533627404 0.6343932841636412 0
    outer loop
      vertex -24.734057457223564 -24.347798326227444 4
      vertex -24.734057457223564 -24.347798326227444 9
      vertex -24.55994949366117 -24.55994949366117 4
    endloop
  endfacet
  facet normal 0.7730104533627404 0.6343932841636412 0
    outer loop
      vertex -24.734057457223564 -24.347798326227444 4
      vertex -24.55994949366117 -24.55994949366117 4
      vertex -24.55994949366117 -24.55994949366117 0
    endloop
  endfacet
  facet normal 0.7730104533627404 0.6343932841636412 0
    outer loop
      vertex -24.734057457223564 -24.347798326227444 9
      vertex -24.55994949366117 -24.55994949366117 9
      vertex -24.55994949366117 -24.55994949366117 4
    endloop
  endfacet
  facet normal 0 0 1
    outer loop
      vertex -24.734057457223564 -24.347798326227444 9
      vertex -24.350361288064512 -27.493141121612922 9
      vertex -24.55994949366117 -24.55994949366117 9
    endloop
  endfacet
  facet normal 0.7730104533627404 -0.6343932841636412 0
    outer loop
      vertex -24.734057457223564 -22.792201673772556 0
      vertex -24.55994949366117 -22.580050506338832 0
      vertex -24.55994949366117 -22.580050506338832 4
    endloop
  endfacet
  facet normal 0.7730104533627404 -0.6343932841636412 0
    outer loop
      vertex -24.734057457223564 -22.792201673772556 0
      vertex -24.55994949366117 -22.580050506338832 4
      vertex -24.734057457223564 -22.792201673772556 4
    endloop
  endfacet
  facet normal 0 0 -1
    outer loop
      vertex -24.734057457223564 -22.792201673772556 0
      vertex -15.97664543524416 -8 0
      vertex -24.55994949366117 -22.580050506338832 0
    endloop
  endfacet
  facet normal 0.7730104533627404 -0.6343932841636412 0
    outer loop
      vertex -24.734057457223564 -22.792201673772556 4
      vertex -24.55994949366117 -22.580050506338832 4
      vertex -24.55994949366117 -22.580050506338832 9
    endloop
  endfacet
  facet normal 0.7730104533627404 -0.6343932841636412 0
    outer loop
      vertex -24.734057457223564 -22.792201673772556 4
      vertex -24.55994949366117 -22.580050506338832 9
      vertex -24.734057457223564 -22.792201673772556 9
    endloop
  endfacet
  facet normal 0.7730104533627404 0.6343932841636412 0
    outer loop
      vertex -24.734057457223564 22.792201673772556 0
      vertex -24.734057457223564 22.792201673772556 4
      vertex -24.55994949366117 22.580050506338832 0
    endloop
  endfacet
  facet normal 0.7730104533627404 0.6343932841636412 0
    outer loop
      vertex -24.734057457223564 22.792201673772556 4
      vertex -24.734057457223564 22.792201673772556 9
      vertex -24.55994949366117 22.580050506338832 4
    endloop
  endfacet
  facet normal 0.7730104533627404 0.6343932841636412 0
    outer loop
      vertex -24.734057457223564 22.792201673772556 4
      vertex -24.55994949366117 22.580050506338832 4
      vertex -24.55994949366117 22.580050506338832 0
    endloop
  endfacet
  facet normal 0.7730104533627404 0.6343932841636412 0
    outer loop
      vertex -24.734057457223564 22.792201673772556 9
      vertex -24.55994949366117 22.580050506338832 9
      vertex -24.55994949366117 22.580050506338832 4
    endloop
  endfacet
  facet normal 0 0 1
    outer loop
      vertex -24.734057457223564 22.792201673772556 9
      vertex -24.350361288064512 19.64685887838708 9
      vertex -24.55994949366117 22.580050506338832 9
    endloop
  endfacet
  facet normal 0.7730104533627404 -0.6343932841636412 0
    outer loop
      vertex -24.734057457223564 24.347798326227444 0
      vertex -24.55994949366117 24.55994949366117 0
      vertex -24.55994949366117 24.55994949366117 4
    endloop
  endfacet
  facet normal 0.7730104533627404 -0.6343932841636412 0
    outer loop
      vertex -24.734057457223564 24.347798326227444 0
      vertex -24.55994949366117 24.55994949366117 4
      vertex -24.734057457223564 24.347798326227444 4
    endloop
  endfacet
  facet normal 0.7730104533627404 -0.6343932841636412 0
    outer loop
      vertex -24.734057457223564 24.347798326227444 4
      vertex -24.55994949366117 24.55994949366117 4
      vertex -24.55994949366117 24.55994949366117 9
    endloop
  endfacet
  facet normal 0.7730104533627404 -0.6343932841636412 0
    outer loop
      vertex -24.734057457223564 24.347798326227444 4
      vertex -24.55994949366117 24.55994949366117 9
      vertex -24.734057457223564 24.347798326227444 9
    endloop
  endfacet
  facet normal 0.6343932841636412 0.7730104533627404 0
    outer loop
      vertex -24.55994949366117 -24.55994949366117 0
      vertex -24.55994949366117 -24.55994949366117 4
      vertex -24.347798326227444 -24.734057457223564 0
    endloop
  endfacet
  facet normal 0.6343932841636412 0.7730104533627404 0
    outer loop
      vertex -24.55994949366117 -24.55994949366117 4
      vertex -24.55994949366117 -24.55994949366117 9
      vertex -24.347798326227444 -24.734057457223564 4
    endloop
  endfacet
  facet normal 0.6343932841636412 0.7730104533627404 0
    outer loop
      vertex -24.55994949366117 -24.55994949366117 4
      vertex -24.347798326227444 -24.734057457223564 4
      vertex -24.347798326227444 -24.734057457223564 0
    endloop
  endfacet
  facet normal 0 0 1
    outer loop
      vertex -24.55994949366117 -24.55994949366117 9
      vertex -24.350361288064512 -27.493141121612922 9
      vertex -24.347798326227444 -24.734057457223564 9
    endloop
  endfacet
  facet normal 0.6343932841636412 0.7730104533627404 0
    outer loop
      vertex -24.55994949366117 -24.55994949366117 9
      vertex -24.347798326227444 -24.734057457223564 9
      vertex -24.347798326227444 -24.734057457223564 4
    endloop
  endfacet
  facet normal 0.6343932841636412 -0.7730104533627404 0
    outer loop
      vertex -24.55994949366117 -22.580050506338832 0
      vertex -24.347798326227444 -22.405942542776437 0
      vertex -24.347798326227444 -22.405942542776437 4
    endloop
  endfacet
  facet normal 0.6343932841636412 -0.7730104533627404 0
    outer loop
      vertex -24.55994949366117 -22.580050506338832 0
      vertex -24.347798326227444 -22.405942542776437 4
      vertex -24.55994949366117 -22.580050506338832 4
    endloop
  endfacet
  facet normal 0 0 -1
    outer loop
      vertex -24.55994949366117 -22.580050506338832 0
      vertex -15.97664543524416 -8 0
      vertex -24.347798326227444 -22.405942542776437 0
    endloop
  endfacet
  facet normal 0.6343932841636412 -0.7730104533627404 0
    outer loop
      vertex -24.55994949366117 -22.580050506338832 4
      vertex -24.347798326227444 -22.405942542776437 4
      vertex -24.347798326227444 -22.405942542776437 9
    endloop
  endfacet
  facet normal 0.6343932841636412 -0.7730104533627404 0
    outer loop
      vertex -24.55994949366117 -22.580050506338832 4
      vertex -24.347798326227444 -22.405942542776437 9
      vertex -24.55994949366117 -22.580050506338832 9
    endloop
  endfacet
  facet normal 0.6343932841636412 0.7730104533627404 0
    outer loop
      vertex -24.55994949366117 22.580050506338832 0
      vertex -24.55994949366117 22.580050506338832 4
      vertex -24.347798326227444 22.405942542776437 0
    endloop
  endfacet
  facet normal 0.6343932841636412 0.7730104533627404 0
    outer loop
      vertex -24.55994949366117 22.580050506338832 4
      vertex -24.55994949366117 22.580050506338832 9
      vertex -24.347798326227444 22.405942542776437 4
    endloop
  endfacet
  facet normal 0.6343932841636412 0.7730104533627404 0
    outer loop
      vertex -24.55994949366117 22.580050506338832 4
      vertex -24.347798326227444 22.405942542776437 4
      vertex -24.347798326227444 22.405942542776437 0
    endloop
  endfacet
  facet normal 0 0 1
    outer loop
      vertex -24.55994949366117 22.580050506338832 9
      vertex -24.350361288064512 19.64685887838708 9
      vertex -24.347798326227444 22.405942542776437 9
    endloop
  endfacet
  facet normal 0.6343932841636412 0.7730104533627404 0
    outer loop
      vertex -24.55994949366117 22.580050506338832 9
      vertex -24.347798326227444 22.405942542776437 9
      vertex -24.347798326227444 22.405942542776437 4
    endloop
  endfacet
  facet normal 0.6343932841636412 -0.7730104533627404 0
    outer loop
      vertex -24.55994949366117 24.55994949366117 0
      vertex -24.347798326227444 24.734057457223564 0
      vertex -24.347798326227444 24.734057457223564 4
    endloop
  endfacet
  facet normal 0.6343932841636412 -0.7730104533627404 0
    outer loop
      vertex -24.55994949366117 24.55994949366117 0
      vertex -24.347798326227444 24.734057457223564 4
      vertex -24.55994949366117 24.55994949366117 4
    endloop
  endfacet
  facet normal 0.6343932841636412 -0.7730104533627404 0
    outer loop
      vertex -24.55994949366117 24.55994949366117 4
      vertex -24.347798326227444 24.734057457223564 4
      vertex -24.347798326227444 24.734057457223564 9
    endloop
  endfacet
  facet normal 0.6343932841636412 -0.7730104533627404 0
    outer loop
      vertex -24.55994949366117 24.55994949366117 4
      vertex -24.347798326227444 24.734057457223564 9
      vertex -24.55994949366117 24.55994949366117 9
    endloop
  endfacet
  facet normal -0.09801714032956084 -0.9951847266721968 0
    outer loop
      vertex -24.350361288064512 -27.493141121612922 4
      vertex -23.57 -27.57 4
      vertex -23.57 -27.57 9
    endloop
  endfacet
  facet normal -0.09801714032956084 -0.9951847266721968 0
    outer loop
      vertex -24.350361288064512 -27.493141121612922 4
      vertex -23.57 -27.57 9
      vertex -24.350361288064512 -27.493141121612922 9
    endloop
  endfacet
  facet normal 0 0 1
    outer loop
      vertex -24.350361288064512 -27.493141121612922 9
      vertex -24.105756805311128 -24.863431345515803 9
      vertex -24.347798326227444 -24.734057457223564 9
    endloop
  endfacet
  facet normal 0 0 1
    outer loop
      vertex -24.350361288064512 -27.493141121612922 9
      vertex -23.84312645082258 -24.943099392564523 9
      vertex -24.105756805311128 -24.863431345515803 9
    endloop
  endfacet
  facet normal 0 0 1
    outer loop
      vertex -24.350361288064512 -27.493141121612922 9
      vertex -23.57 -27.57 9
      vertex -23.84312645082258 -24.943099392564523 9
    endloop
  endfacet
  facet normal -0.09801714032956084 0.9951847266721968 0
    outer loop
      vertex -24.350361288064512 -19.64685887838708 4
      vertex -24.350361288064512 -19.64685887838708 9
      vertex -23.57 -19.57 4
    endloop
  endfacet
  facet normal 0 0 1
    outer loop
      vertex -24.350361288064512 -19.64685887838708 4
      vertex -23.57 -19.57 4
      vertex -22.78963871193549 19.64685887838708 4
    endloop
  endfacet
  facet normal 0 0 1
    outer loop
      vertex -24.350361288064512 -19.64685887838708 9
      vertex -24.347798326227444 -22.405942542776437 9
      vertex -24.105756805311128 -22.276568654484198 9
    endloop
  endfacet
  facet normal 0 0 1
    outer loop
      vertex -24.350361288064512 -19.64685887838708 9
      vertex -24.105756805311128 -22.276568654484198 9
      vertex -23.84312645082258 -22.196900607435477 9
    endloop
  endfacet
  facet normal 0 0 1
    outer loop
      vertex -24.350361288064512 -19.64685887838708 9
      vertex -23.84312645082258 -22.196900607435477 9
      vertex -23.57 -19.57 9
    endloop
  endfacet
  facet normal -0.09801714032956084 0.9951847266721968 0
    outer loop
      vertex -24.350361288064512 -19.64685887838708 9
      vertex -23.57 -19.57 9
      vertex -23.57 -19.57 4
    endloop
  endfacet
  facet normal -0.09801714032956084 -0.9951847266721968 0
    outer loop
      vertex -24.350361288064512 19.64685887838708 4
      vertex -23.57 19.57 4
      vertex -23.57 19.57 9
    endloop
  endfacet
  facet normal -0.09801714032956084 -0.9951847266721968 0
    outer loop
      vertex -24.350361288064512 19.64685887838708 4
      vertex -23.57 19.57 9
      vertex -24.350361288064512 19.64685887838708 9
    endloop
  endfacet
  facet normal 0 0 1
    outer loop
      vertex -24.350361288064512 19.64685887838708 9
      vertex -24.105756805311128 22.276568654484198 9
      vertex -24.347798326227444 22.405942542776437 9
    endloop
  endfacet
  facet normal 0 0 1
    outer loop
      vertex -24.350361288064512 19.64685887838708 9
      vertex -23.84312645082258 22.196900607435477 9
      vertex -24.105756805311128 22.276568654484198 9
    endloop
  endfacet
  facet normal 0 0 1
    outer loop
      vertex -24.350361288064512 19.64685887838708 9
      vertex -23.57 19.57 9
      vertex -23.84312645082258 22.196900607435477 9
    endloop
  endfacet
  facet normal -0.09801714032956084 0.9951847266721968 0
    outer loop
      vertex -24.350361288064512 27.493141121612922 4
      vertex -24.350361288064512 27.493141121612922 9
      vertex -23.57 27.57 4
    endloop
  endfacet
  facet normal 0 0 1
    outer loop
      vertex -24.350361288064512 27.493141121612922 9
      vertex -24.347798326227444 24.734057457223564 9
      vertex -24.105756805311128 24.863431345515803 9
    endloop
  endfacet
  facet normal 0 0 1
    outer loop
      vertex -24.350361288064512 27.493141121612922 9
      vertex -24.105756805311128 24.863431345515803 9
      vertex -23.84312645082258 24.943099392564523 9
    endloop
  endfacet
  facet normal 0 0 1
    outer loop
      vertex -24.350361288064512 27.493141121612922 9
      vertex -23.84312645082258 24.943099392564523 9
      vertex -23.57 27.57 9
    endloop
  endfacet
  facet normal -0.09801714032956084 0.9951847266721968 0
    outer loop
      vertex -24.350361288064512 27.493141121612922 9
      vertex -23.57 27.57 9
      vertex -23.57 27.57 4
    endloop
  endfacet
  facet normal 0.4713967368260015 0.8819212643483532 0
    outer loop
      vertex -24.347798326227444 -24.734057457223564 0
      vertex -24.347798326227444 -24.734057457223564 4
      vertex -24.105756805311128 -24.863431345515803 0
    endloop
  endfacet
  facet normal 0.47139673682600136 0.8819212643483529 0
    outer loop
      vertex -24.347798326227444 -24.734057457223564 4
      vertex -24.347798326227444 -24.734057457223564 9
      vertex -24.105756805311128 -24.863431345515803 4
    endloop
  endfacet
  facet normal 0.4713967368260015 0.8819212643483532 0
    outer loop
      vertex -24.347798326227444 -24.734057457223564 4
      vertex -24.105756805311128 -24.863431345515803 4
      vertex -24.105756805311128 -24.863431345515803 0
    endloop
  endfacet
  facet normal 0.47139673682600136 0.8819212643483529 0
    outer loop
      vertex -24.347798326227444 -24.734057457223564 9
      vertex -24.105756805311128 -24.863431345515803 9
      vertex -24.105756805311128 -24.863431345515803 4
    endloop
  endfacet
  facet normal 0.4713967368260015 -0.8819212643483532 0
    outer loop
      vertex -24.347798326227444 -22.405942542776437 0
      vertex -24.105756805311128 -22.276568654484198 0
      vertex -24.105756805311128 -22.276568654484198 4
    endloop
  endfacet
  facet normal 0.4713967368260015 -0.8819212643483532 0
    outer loop
      vertex -24.347798326227444 -22.405942542776437 0
      vertex -24.105756805311128 -22.276568654484198 4
      vertex -24.347798326227444 -22.405942542776437 4
    endloop
  endfacet
  facet normal 0 0 -1
    outer loop
      vertex -24.347798326227444 -22.405942542776437 0
      vertex -15.97664543524416 -8 0
      vertex -24.105756805311128 -22.276568654484198 0
    endloop
  endfacet
  facet normal 0.47139673682600136 -0.8819212643483529 0
    outer loop
      vertex -24.347798326227444 -22.405942542776437 4
      vertex -24.105756805311128 -22.276568654484198 4
      vertex -24.105756805311128 -22.276568654484198 9
    endloop
  endfacet
  facet normal 0.47139673682600136 -0.8819212643483529 0
    outer loop
      vertex -24.347798326227444 -22.405942542776437 4
      vertex -24.105756805311128 -22.276568654484198 9
      vertex -24.347798326227444 -22.405942542776437 9
    endloop
  endfacet
  facet normal 0.4713967368260015 0.8819212643483532 0
    outer loop
      vertex -24.347798326227444 22.405942542776437 0
      vertex -24.347798326227444 22.405942542776437 4
      vertex -24.105756805311128 22.276568654484198 0
    endloop
  endfacet
  facet normal 0.47139673682600136 0.8819212643483529 0
    outer loop
      vertex -24.347798326227444 22.405942542776437 4
      vertex -24.347798326227444 22.405942542776437 9
      vertex -24.105756805311128 22.276568654484198 4
    endloop
  endfacet
  facet normal 0.4713967368260015 0.8819212643483532 0
    outer loop
      vertex -24.347798326227444 22.405942542776437 4
      vertex -24.105756805311128 22.276568654484198 4
      vertex -24.105756805311128 22.276568654484198 0
    endloop
  endfacet
  facet normal 0.47139673682600136 0.8819212643483529 0
    outer loop
      vertex -24.347798326227444 22.405942542776437 9
      vertex -24.105756805311128 22.276568654484198 9
      vertex -24.105756805311128 22.276568654484198 4
    endloop
  endfacet
  facet normal 0.4713967368260015 -0.8819212643483532 0
    outer loop
      vertex -24.347798326227444 24.734057457223564 0
      vertex -24.105756805311128 24.863431345515803 0
      vertex -24.105756805311128 24.863431345515803 4
    endloop
  endfacet
  facet normal 0.4713967368260015 -0.8819212643483532 0
    outer loop
      vertex -24.347798326227444 24.734057457223564 0
      vertex -24.105756805311128 24.863431345515803 4
      vertex -24.347798326227444 24.734057457223564 4
    endloop
  endfacet
  facet normal 0.47139673682600136 -0.8819212643483529 0
    outer loop
      vertex -24.347798326227444 24.734057457223564 4
      vertex -24.105756805311128 24.863431345515803 4
      vertex -24.105756805311128 24.863431345515803 9
    endloop
  endfacet
  facet normal 0.47139673682600136 -0.8819212643483529 0
    outer loop
      vertex -24.347798326227444 24.734057457223564 4
      vertex -24.105756805311128 24.863431345515803 9
      vertex -24.347798326227444 24.734057457223564 9
    endloop
  endfacet
  facet normal 0.29028467725445894 0.9569403357322098 0
    outer loop
      vertex -24.105756805311128 -24.863431345515803 0
      vertex -24.105756805311128 -24.863431345515803 4
      vertex -23.84312645082258 -24.943099392564523 0
    endloop
  endfacet
  facet normal 0.290284677254459 0.9569403357322098 0
    outer loop
      vertex -24.105756805311128 -24.863431345515803 4
      vertex -24.105756805311128 -24.863431345515803 9
      vertex -23.84312645082258 -24.943099392564523 4
    endloop
  endfacet
  facet normal 0.29028467725445894 0.9569403357322098 0
    outer loop
      vertex -24.105756805311128 -24.863431345515803 4
      vertex -23.84312645082258 -24.943099392564523 4
      vertex -23.84312645082258 -24.943099392564523 0
    endloop
  endfacet
  facet normal 0.290284677254459 0.9569403357322098 0
    outer loop
      vertex -24.105756805311128 -24.863431345515803 9
      vertex -23.84312645082258 -24.943099392564523 9
      vertex -23.84312645082258 -24.943099392564523 4
    endloop
  endfacet
  facet normal 0.29028467725445894 -0.9569403357322098 0
    outer loop
      vertex -24.105756805311128 -22.276568654484198 0
      vertex -23.84312645082258 -22.196900607435477 0
      vertex -23.84312645082258 -22.196900607435477 4
    endloop
  endfacet
  facet normal 0.29028467725445894 -0.9569403357322098 0
    outer loop
      vertex -24.105756805311128 -22.276568654484198 0
      vertex -23.84312645082258 -22.196900607435477 4
      vertex -24.105756805311128 -22.276568654484198 4
    endloop
  endfacet
  facet normal 0 0 -1
    outer loop
      vertex -24.105756805311128 -22.276568654484198 0
      vertex -15.97664543524416 -8 0
      vertex -23.84312645082258 -22.196900607435477 0
    endloop
  endfacet
  facet normal 0.290284677254459 -0.9569403357322098 0
    outer loop
      vertex -24.105756805311128 -22.276568654484198 4
      vertex -23.84312645082258 -22.196900607435477 4
      vertex -23.84312645082258 -22.196900607435477 9
    endloop
  endfacet
  facet normal 0.290284677254459 -0.9569403357322098 0
    outer loop
      vertex -24.105756805311128 -22.276568654484198 4
      vertex -23.84312645082258 -22.196900607435477 9
      vertex -24.105756805311128 -22.276568654484198 9
    endloop
  endfacet
  facet normal 0.29028467725445894 0.9569403357322098 0
    outer loop
      vertex -24.105756805311128 22.276568654484198 0
      vertex -24.105756805311128 22.276568654484198 4
      vertex -23.84312645082258 22.196900607435477 0
    endloop
  endfacet
  facet normal 0.290284677254459 0.9569403357322098 0
    outer loop
      vertex -24.105756805311128 22.276568654484198 4
      vertex -24.105756805311128 22.276568654484198 9
      vertex -23.84312645082258 22.196900607435477 4
    endloop
  endfacet
  facet normal 0.29028467725445894 0.9569403357322098 0
    outer loop
      vertex -24.105756805311128 22.276568654484198 4
      vertex -23.84312645082258 22.196900607435477 4
      vertex -23.84312645082258 22.196900607435477 0
    endloop
  endfacet
  facet normal 0.290284677254459 0.9569403357322098 0
    outer loop
      vertex -24.105756805311128 22.276568654484198 9
      vertex -23.84312645082258 22.196900607435477 9
      vertex -23.84312645082258 22.196900607435477 4
    endloop
  endfacet
  facet normal 0.29028467725445894 -0.9569403357322098 0
    outer loop
      vertex -24.105756805311128 24.863431345515803 0
      vertex -23.84312645082258 24.943099392564523 0
      vertex -23.84312645082258 24.943099392564523 4
    endloop
  endfacet
  facet normal 0.29028467725445894 -0.9569403357322098 0
    outer loop
      vertex -24.105756805311128 24.863431345515803 0
      vertex -23.84312645082258 24.943099392564523 4
      vertex -24.105756805311128 24.863431345515803 4
    endloop
  endfacet
  facet normal 0.290284677254459 -0.9569403357322098 0
    outer loop
      vertex -24.105756805311128 24.863431345515803 4
      vertex -23.84312645082258 24.943099392564523 4
      vertex -23.84312645082258 24.943099392564523 9
    endloop
  endfacet
  facet normal 0.290284677254459 -0.9569403357322098 0
    outer loop
      vertex -24.105756805311128 24.863431345515803 4
      vertex -23.84312645082258 24.943099392564523 9
      vertex -24.105756805311128 24.863431345515803 9
    endloop
  endfacet
  facet normal 0.09801714032955393 0.9951847266721976 0
    outer loop
      vertex -23.84312645082258 -24.943099392564523 0
      vertex -23.84312645082258 -24.943099392564523 4
      vertex -23.57 -24.97 0
    endloop
  endfacet
  facet normal 0.09801714032955393 0.9951847266721976 0
    outer loop
      vertex -23.84312645082258 -24.943099392564523 4
      vertex -23.84312645082258 -24.943099392564523 9
      vertex -23.57 -24.97 4
    endloop
  endfacet
  facet normal 0.09801714032955393 0.9951847266721976 0
    outer loop
      vertex -23.84312645082258 -24.943099392564523 4
      vertex -23.57 -24.97 4
      vertex -23.57 -24.97 0
    endloop
  endfacet
  facet normal 0 0 1
    outer loop
      vertex -23.84312645082258 -24.943099392564523 9
      vertex -23.57 -27.57 9
      vertex -23.57 -24.97 9
    endloop
  endfacet
  facet normal 0.09801714032955393 0.9951847266721976 0
    outer loop
      vertex -23.84312645082258 -24.943099392564523 9
      vertex -23.57 -24.97 9
      vertex -23.57 -24.97 4
    endloop
  endfacet
  facet normal 0.09801714032955393 -0.9951847266721976 0
    outer loop
      vertex -23.84312645082258 -22.196900607435477 0
      vertex -23.57 -22.17 0
      vertex -23.57 -22.17 4
    endloop
  endfacet
  facet normal 0.09801714032955393 -0.9951847266721976 0
    outer loop
      vertex -23.84312645082258 -22.196900607435477 0
      vertex -23.57 -22.17 4
      vertex -23.84312645082258 -22.196900607435477 4
    endloop
  endfacet
  facet normal 0 0 -1
    outer loop
      vertex -23.84312645082258 -22.196900607435477 0
      vertex -15.97664543524416 -8 0
      vertex -23.57 -22.17 0
    endloop
  endfacet
  facet normal 0.09801714032955393 -0.9951847266721976 0
    outer loop
      vertex -23.84312645082258 -22.196900607435477 4
      vertex -23.57 -22.17 4
      vertex -23.57 -22.17 9
    endloop
  endfacet
  facet normal 0.09801714032955393 -0.9951847266721976 0
    outer loop
      vertex -23.84312645082258 -22.196900607435477 4
      vertex -23.57 -22.17 9
      vertex -23.84312645082258 -22.196900607435477 9
    endloop
  endfacet
  facet normal 0 0 1
    outer loop
      vertex -23.84312645082258 -22.196900607435477 9
      vertex -23.57 -22.17 9
      vertex -23.57 -19.57 9
    endloop
  endfacet
  facet normal 0.09801714032955393 0.9951847266721976 0
    outer loop
      vertex -23.84312645082258 22.196900607435477 0
      vertex -23.84312645082258 22.196900607435477 4
      vertex -23.57 22.17 0
    endloop
  endfacet
  facet normal 0.09801714032955393 0.9951847266721976 0
    outer loop
      vertex -23.84312645082258 22.196900607435477 4
      vertex -23.84312645082258 22.196900607435477 9
      vertex -23.57 22.17 4
    endloop
  endfacet
  facet normal 0.09801714032955393 0.9951847266721976 0
    outer loop
      vertex -23.84312645082258 22.196900607435477 4
      vertex -23.57 22.17 4
      vertex -23.57 22.17 0
    endloop
  endfacet
  facet normal 0 0 1
    outer loop
      vertex -23.84312645082258 22.196900607435477 9
      vertex -23.57 19.57 9
      vertex -23.57 22.17 9
    endloop
  endfacet
  facet normal 0.09801714032955393 0.9951847266721976 0
    outer loop
      vertex -23.84312645082258 22.196900607435477 9
      vertex -23.57 22.17 9
      vertex -23.57 22.17 4
    endloop
  endfacet
  facet normal 0.09801714032955393 -0.9951847266721976 0
    outer loop
      vertex -23.84312645082258 24.943099392564523 0
      vertex -23.57 24.97 0
      vertex -23.57 24.97 4
    endloop
  endfacet
  facet normal 0.09801714032955393 -0.9951847266721976 0
    outer loop
      vertex -23.84312645082258 24.943099392564523 0
      vertex -23.57 24.97 4
      vertex -23.84312645082258 24.943099392564523 4
    endloop
  endfacet
  facet normal 0 0 -1
    outer loop
      vertex -23.84312645082258 24.943099392564523 0
      vertex 40.1 42 0
      vertex -23.57 24.97 0
    endloop
  endfacet
  facet normal 0.09801714032955393 -0.9951847266721976 0
    outer loop
      vertex -23.84312645082258 24.943099392564523 4
      vertex -23.57 24.97 4
      vertex -23.57 24.97 9
    endloop
  endfacet
  facet normal 0.09801714032955393 -0.9951847266721976 0
    outer loop
      vertex -23.84312645082258 24.943099392564523 4
      vertex -23.57 24.97 9
      vertex -23.84312645082258 24.943099392564523 9
    endloop
  endfacet
  facet normal 0 0 1
    outer loop
      vertex -23.84312645082258 24.943099392564523 9
      vertex -23.57 24.97 9
      vertex -23.57 27.57 9
    endloop
  endfacet
  facet normal 0.09801714032956084 -0.9951847266721968 0
    outer loop
      vertex -23.57 -27.57 4
      vertex -22.78963871193549 -27.493141121612922 4
      vertex -22.78963871193549 -27.493141121612922 9
    endloop
  endfacet
  facet normal 0.09801714032956084 -0.9951847266721968 0
    outer loop
      vertex -23.57 -27.57 4
      vertex -22.78963871193549 -27.493141121612922 9
      vertex -23.57 -27.57 9
    endloop
  endfacet
  facet normal 0 0 1
    outer loop
      vertex -23.57 -27.57 4
      vertex 19.64685887838708 -24.350361288064512 4
      vertex -22.78963871193549 -27.493141121612922 4
    endloop
  endfacet
  facet normal 0 0 1
    outer loop
      vertex -23.57 -27.57 9
      vertex -23.29687354917742 -24.943099392564523 9
      vertex -23.57 -24.97 9
    endloop
  endfacet
  facet normal 0 0 1
    outer loop
      vertex -23.57 -27.57 9
      vertex -22.78963871193549 -27.493141121612922 9
      vertex -23.29687354917742 -24.943099392564523 9
    endloop
  endfacet
  facet normal -0.09801714032955393 0.9951847266721976 0
    outer loop
      vertex -23.57 -24.97 0
      vertex -23.57 -24.97 4
      vertex -23.29687354917742 -24.943099392564523 0
    endloop
  endfacet
  facet normal 0 0 -1
    outer loop
      vertex -23.57 -24.97 0
      vertex -23.29687354917742 -24.943099392564523 0
      vertex 30.1 -30.1 0
    endloop
  endfacet
  facet normal -0.09801714032955393 0.9951847266721976 0
    outer loop
      vertex -23.57 -24.97 4
      vertex -23.57 -24.97 9
      vertex -23.29687354917742 -24.943099392564523 4
    endloop
  endfacet
  facet normal -0.09801714032955393 0.9951847266721976 0
    outer loop
      vertex -23.57 -24.97 4
      vertex -23.29687354917742 -24.943099392564523 4
      vertex -23.29687354917742 -24.943099392564523 0
    endloop
  endfacet
  facet normal -0.09801714032955393 0.9951847266721976 0
    outer loop
      vertex -23.57 -24.97 9
      vertex -23.29687354917742 -24.943099392564523 9
      vertex -23.29687354917742 -24.943099392564523 4
    endloop
  endfacet
  facet normal -0.09801714032955393 -0.9951847266721976 0
    outer loop
      vertex -23.57 -22.17 0
      vertex -23.29687354917742 -22.196900607435477 0
      vertex -23.29687354917742 -22.196900607435477 4
    endloop
  endfacet
  facet normal -0.09801714032955393 -0.9951847266721976 0
    outer loop
      vertex -23.57 -22.17 0
      vertex -23.29687354917742 -22.196900607435477 4
      vertex -23.57 -22.17 4
    endloop
  endfacet
  facet normal 0 0 -1
    outer loop
      vertex -23.57 -22.17 0
      vertex -15.97664543524416 -8 0
      vertex -23.29687354917742 -22.196900607435477 0
    endloop
  endfacet
  facet normal -0.09801714032955393 -0.9951847266721976 0
    outer loop
      vertex -23.57 -22.17 4
      vertex -23.29687354917742 -22.196900607435477 4
      vertex -23.29687354917742 -22.196900607435477 9
    endloop
  endfacet
  facet normal -0.09801714032955393 -0.9951847266721976 0
    outer loop
      vertex -23.57 -22.17 4
      vertex -23.29687354917742 -22.196900607435477 9
      vertex -23.57 -22.17 9
    endloop
  endfacet
  facet normal 0 0 1
    outer loop
      vertex -23.57 -22.17 9
      vertex -23.29687354917742 -22.196900607435477 9
      vertex -23.57 -19.57 9
    endloop
  endfacet
  facet normal 0.09801714032956084 0.9951847266721968 0
    outer loop
      vertex -23.57 -19.57 4
      vertex -23.57 -19.57 9
      vertex -22.78963871193549 -19.64685887838708 4
    endloop
  endfacet
  facet normal 0 0 1
    outer loop
      vertex -23.57 -19.57 4
      vertex -22.78963871193549 -19.64685887838708 4
      vertex -22.78963871193549 19.64685887838708 4
    endloop
  endfacet
  facet normal 0 0 1
    outer loop
      vertex -23.57 -19.57 9
      vertex -23.29687354917742 -22.196900607435477 9
      vertex -22.78963871193549 -19.64685887838708 9
    endloop
  endfacet
  facet normal 0.09801714032956084 0.9951847266721968 0
    outer loop
      vertex -23.57 -19.57 9
      vertex -22.78963871193549 -19.64685887838708 9
      vertex -22.78963871193549 -19.64685887838708 4
    endloop
  endfacet
  facet normal 0.09801714032956084 -0.9951847266721968 0
    outer loop
      vertex -23.57 19.57 4
      vertex -22.78963871193549 19.64685887838708 4
      vertex -22.78963871193549 19.64685887838708 9
    endloop
  endfacet
  facet normal 0.09801714032956084 -0.9951847266721968 0
    outer loop
      vertex -23.57 19.57 4
      vertex -22.78963871193549 19.64685887838708 9
      vertex -23.57 19.57 9
    endloop
  endfacet
  facet normal 0 0 1
    outer loop
      vertex -23.57 19.57 9
      vertex -23.29687354917742 22.196900607435477 9
      vertex -23.57 22.17 9
    endloop
  endfacet
  facet normal 0 0 1
    outer loop
      vertex -23.57 19.57 9
      vertex -22.78963871193549 19.64685887838708 9
      vertex -23.29687354917742 22.196900607435477 9
    endloop
  endfacet
  facet normal -0.09801714032955393 0.9951847266721976 0
    outer loop
      vertex -23.57 22.17 0
      vertex -23.57 22.17 4
      vertex -23.29687354917742 22.196900607435477 0
    endloop
  endfacet
  facet normal -0.09801714032955393 0.9951847266721976 0
    outer loop
      vertex -23.57 22.17 4
      vertex -23.57 22.17 9
      vertex -23.29687354917742 22.196900607435477 4
    endloop
  endfacet
  facet normal -0.09801714032955393 0.9951847266721976 0
    outer loop
      vertex -23.57 22.17 4
      vertex -23.29687354917742 22.196900607435477 4
      vertex -23.29687354917742 22.196900607435477 0
    endloop
  endfacet
  facet normal -0.09801714032955393 0.9951847266721976 0
    outer loop
      vertex -23.57 22.17 9
      vertex -23.29687354917742 22.196900607435477 9
      vertex -23.29687354917742 22.196900607435477 4
    endloop
  endfacet
  facet normal -0.09801714032955393 -0.9951847266721976 0
    outer loop
      vertex -23.57 24.97 0
      vertex -23.29687354917742 24.943099392564523 0
      vertex -23.29687354917742 24.943099392564523 4
    endloop
  endfacet
  facet normal -0.09801714032955393 -0.9951847266721976 0
    outer loop
      vertex -23.57 24.97 0
      vertex -23.29687354917742 24.943099392564523 4
      vertex -23.57 24.97 4
    endloop
  endfacet
  facet normal 0 0 -1
    outer loop
      vertex -23.57 24.97 0
      vertex 40.1 42 0
      vertex -23.29687354917742 24.943099392564523 0
    endloop
  endfacet
  facet normal -0.09801714032955393 -0.9951847266721976 0
    outer loop
      vertex -23.57 24.97 4
      vertex -23.29687354917742 24.943099392564523 4
      vertex -23.29687354917742 24.943099392564523 9
    endloop
  endfacet
  facet normal -0.09801714032955393 -0.9951847266721976 0
    outer loop
      vertex -23.57 24.97 4
      vertex -23.29687354917742 24.943099392564523 9
      vertex -23.57 24.97 9
    endloop
  endfacet
  facet normal 0 0 1
    outer loop
      vertex -23.57 24.97 9
      vertex -23.29687354917742 24.943099392564523 9
      vertex -23.57 27.57 9
    endloop
  endfacet
  facet normal 0.09801714032956084 0.9951847266721968 0
    outer loop
      vertex -23.57 27.57 4
      vertex -23.57 27.57 9
      vertex -22.78963871193549 27.493141121612922 4
    endloop
  endfacet
  facet normal 0 0 1
    outer loop
      vertex -23.57 27.57 9
      vertex -23.29687354917742 24.943099392564523 9
      vertex -22.78963871193549 27.493141121612922 9
    endloop
  endfacet
  facet normal 0.09801714032956084 0.9951847266721968 0
    outer loop
      vertex -23.57 27.57 9
      vertex -22.78963871193549 27.493141121612922 9
      vertex -22.78963871193549 27.493141121612922 4
    endloop
  endfacet
  facet normal -0.29028467725445894 0.9569403357322098 0
    outer loop
      vertex -23.29687354917742 -24.943099392564523 0
      vertex -23.29687354917742 -24.943099392564523 4
      vertex -23.034243194688873 -24.863431345515803 0
    endloop
  endfacet
  facet normal 0 0 -1
    outer loop
      vertex -23.29687354917742 -24.943099392564523 0
      vertex -23.034243194688873 -24.863431345515803 0
      vertex 30.1 -30.1 0
    endloop
  endfacet
  facet normal -0.290284677254459 0.9569403357322098 0
    outer loop
      vertex -23.29687354917742 -24.943099392564523 4
      vertex -23.29687354917742 -24.943099392564523 9
      vertex -23.034243194688873 -24.863431345515803 4
    endloop
  endfacet
  facet normal -0.29028467725445894 0.9569403357322098 0
    outer loop
      vertex -23.29687354917742 -24.943099392564523 4
      vertex -23.034243194688873 -24.863431345515803 4
      vertex -23.034243194688873 -24.863431345515803 0
    endloop
  endfacet
  facet normal -0.290284677254459 0.9569403357322098 0
    outer loop
      vertex -23.29687354917742 -24.943099392564523 9
      vertex -23.034243194688873 -24.863431345515803 9
      vertex -23.034243194688873 -24.863431345515803 4
    endloop
  endfacet
  facet normal 0 0 1
    outer loop
      vertex -23.29687354917742 -24.943099392564523 9
      vertex -22.78963871193549 -27.493141121612922 9
      vertex -23.034243194688873 -24.863431345515803 9
    endloop
  endfacet
  facet normal -0.29028467725445894 -0.9569403357322098 0
    outer loop
      vertex -23.29687354917742 -22.196900607435477 0
      vertex -23.034243194688873 -22.276568654484198 0
      vertex -23.034243194688873 -22.276568654484198 4
    endloop
  endfacet
  facet normal -0.29028467725445894 -0.9569403357322098 0
    outer loop
      vertex -23.29687354917742 -22.196900607435477 0
      vertex -23.034243194688873 -22.276568654484198 4
      vertex -23.29687354917742 -22.196900607435477 4
    endloop
  endfacet
  facet normal 0 0 -1
    outer loop
      vertex -23.29687354917742 -22.196900607435477 0
      vertex -15.97664543524416 -8 0
      vertex -23.034243194688873 -22.276568654484198 0
    endloop
  endfacet
  facet normal -0.290284677254459 -0.9569403357322098 0
    outer loop
      vertex -23.29687354917742 -22.196900607435477 4
      vertex -23.034243194688873 -22.276568654484198 4
      vertex -23.034243194688873 -22.276568654484198 9
    endloop
  endfacet
  facet normal -0.290284677254459 -0.9569403357322098 0
    outer loop
      vertex -23.29687354917742 -22.196900607435477 4
      vertex -23.034243194688873 -22.276568654484198 9
      vertex -23.29687354917742 -22.196900607435477 9
    endloop
  endfacet
  facet normal 0 0 1
    outer loop
      vertex -23.29687354917742 -22.196900607435477 9
      vertex -23.034243194688873 -22.276568654484198 9
      vertex -22.78963871193549 -19.64685887838708 9
    endloop
  endfacet
  facet normal -0.29028467725445894 0.9569403357322098 0
    outer loop
      vertex -23.29687354917742 22.196900607435477 0
      vertex -23.29687354917742 22.196900607435477 4
      vertex -23.034243194688873 22.276568654484198 0
    endloop
  endfacet
  facet normal -0.290284677254459 0.9569403357322098 0
    outer loop
      vertex -23.29687354917742 22.196900607435477 4
      vertex -23.29687354917742 22.196900607435477 9
      vertex -23.034243194688873 22.276568654484198 4
    endloop
  endfacet
  facet normal -0.29028467725445894 0.9569403357322098 0
    outer loop
      vertex -23.29687354917742 22.196900607435477 4
      vertex -23.034243194688873 22.276568654484198 4
      vertex -23.034243194688873 22.276568654484198 0
    endloop
  endfacet
  facet normal -0.290284677254459 0.9569403357322098 0
    outer loop
      vertex -23.29687354917742 22.196900607435477 9
      vertex -23.034243194688873 22.276568654484198 9
      vertex -23.034243194688873 22.276568654484198 4
    endloop
  endfacet
  facet normal 0 0 1
    outer loop
      vertex -23.29687354917742 22.196900607435477 9
      vertex -22.78963871193549 19.64685887838708 9
      vertex -23.034243194688873 22.276568654484198 9
    endloop
  endfacet
  facet normal -0.29028467725445894 -0.9569403357322098 0
    outer loop
      vertex -23.29687354917742 24.943099392564523 0
      vertex -23.034243194688873 24.863431345515803 0
      vertex -23.034243194688873 24.863431345515803 4
    endloop
  endfacet
  facet normal -0.29028467725445894 -0.9569403357322098 0
    outer loop
      vertex -23.29687354917742 24.943099392564523 0
      vertex -23.034243194688873 24.863431345515803 4
      vertex -23.29687354917742 24.943099392564523 4
    endloop
  endfacet
  facet normal 0 0 -1
    outer loop
      vertex -23.29687354917742 24.943099392564523 0
      vertex 40.1 42 0
      vertex -23.034243194688873 24.863431345515803 0
    endloop
  endfacet
  facet normal -0.290284677254459 -0.9569403357322098 0
    outer loop
      vertex -23.29687354917742 24.943099392564523 4
      vertex -23.034243194688873 24.863431345515803 4
      vertex -23.034243194688873 24.863431345515803 9
    endloop
  endfacet
  facet normal -0.290284677254459 -0.9569403357322098 0
    outer loop
      vertex -23.29687354917742 24.943099392564523 4
      vertex -23.034243194688873 24.863431345515803 9
      vertex -23.29687354917742 24.943099392564523 9
    endloop
  endfacet
  facet normal 0 0 1
    outer loop
      vertex -23.29687354917742 24.943099392564523 9
      vertex -23.034243194688873 24.863431345515803 9
      vertex -22.78963871193549 27.493141121612922 9
    endloop
  endfacet
  facet normal -0.4713967368260015 0.8819212643483532 0
    outer loop
      vertex -23.034243194688873 -24.863431345515803 0
      vertex -23.034243194688873 -24.863431345515803 4
      vertex -22.792201673772556 -24.734057457223564 0
    endloop
  endfacet
  facet normal 0 0 -1
    outer loop
      vertex -23.034243194688873 -24.863431345515803 0
      vertex -22.792201673772556 -24.734057457223564 0
      vertex 30.1 -30.1 0
    endloop
  endfacet
  facet normal -0.47139673682600136 0.8819212643483529 0
    outer loop
      vertex -23.034243194688873 -24.863431345515803 4
      vertex -23.034243194688873 -24.863431345515803 9
      vertex -22.792201673772556 -24.734057457223564 4
    endloop
  endfacet
  facet normal -0.4713967368260015 0.8819212643483532 0
    outer loop
      vertex -23.034243194688873 -24.863431345515803 4
      vertex -22.792201673772556 -24.734057457223564 4
      vertex -22.792201673772556 -24.734057457223564 0
    endloop
  endfacet
  facet normal -0.47139673682600136 0.8819212643483529 0
    outer loop
      vertex -23.034243194688873 -24.863431345515803 9
      vertex -22.792201673772556 -24.734057457223564 9
      vertex -22.792201673772556 -24.734057457223564 4
    endloop
  endfacet
  facet normal 0 0 1
    outer loop
      vertex -23.034243194688873 -24.863431345515803 9
      vertex -22.78963871193549 -27.493141121612922 9
      vertex -22.792201673772556 -24.734057457223564 9
    endloop
  endfacet
  facet normal -0.4713967368260015 -0.8819212643483532 0
    outer loop
      vertex -23.034243194688873 -22.276568654484198 0
      vertex -22.792201673772556 -22.405942542776437 0
      vertex -22.792201673772556 -22.405942542776437 4
    endloop
  endfacet
  facet normal -0.4713967368260015 -0.8819212643483532 0
    outer loop
      vertex -23.034243194688873 -22.276568654484198 0
      vertex -22.792201673772556 -22.405942542776437 4
      vertex -23.034243194688873 -22.276568654484198 4
    endloop
  endfacet
  facet normal 0 0 -1
    outer loop
      vertex -23.034243194688873 -22.276568654484198 0
      vertex -15.97664543524416 -8 0
      vertex -22.792201673772556 -22.405942542776437 0
    endloop
  endfacet
  facet normal -0.47139673682600136 -0.8819212643483529 0
    outer loop
      vertex -23.034243194688873 -22.276568654484198 4
      vertex -22.792201673772556 -22.405942542776437 4
      vertex -22.792201673772556 -22.405942542776437 9
    endloop
  endfacet
  facet normal -0.47139673682600136 -0.8819212643483529 0
    outer loop
      vertex -23.034243194688873 -22.276568654484198 4
      vertex -22.792201673772556 -22.405942542776437 9
      vertex -23.034243194688873 -22.276568654484198 9
    endloop
  endfacet
  facet normal 0 0 1
    outer loop
      vertex -23.034243194688873 -22.276568654484198 9
      vertex -22.792201673772556 -22.405942542776437 9
      vertex -22.78963871193549 -19.64685887838708 9
    endloop
  endfacet
  facet normal -0.4713967368260015 0.8819212643483532 0
    outer loop
      vertex -23.034243194688873 22.276568654484198 0
      vertex -23.034243194688873 22.276568654484198 4
      vertex -22.792201673772556 22.405942542776437 0
    endloop
  endfacet
  facet normal -0.47139673682600136 0.8819212643483529 0
    outer loop
      vertex -23.034243194688873 22.276568654484198 4
      vertex -23.034243194688873 22.276568654484198 9
      vertex -22.792201673772556 22.405942542776437 4
    endloop
  endfacet
  facet normal -0.4713967368260015 0.8819212643483532 0
    outer loop
      vertex -23.034243194688873 22.276568654484198 4
      vertex -22.792201673772556 22.405942542776437 4
      vertex -22.792201673772556 22.405942542776437 0
    endloop
  endfacet
  facet normal -0.47139673682600136 0.8819212643483529 0
    outer loop
      vertex -23.034243194688873 22.276568654484198 9
      vertex -22.792201673772556 22.405942542776437 9
      vertex -22.792201673772556 22.405942542776437 4
    endloop
  endfacet
  facet normal 0 0 1
    outer loop
      vertex -23.034243194688873 22.276568654484198 9
      vertex -22.78963871193549 19.64685887838708 9
      vertex -22.792201673772556 22.405942542776437 9
    endloop
  endfacet
  facet normal -0.4713967368260015 -0.8819212643483532 0
    outer loop
      vertex -23.034243194688873 24.863431345515803 0
      vertex -22.792201673772556 24.734057457223564 0
      vertex -22.792201673772556 24.734057457223564 4
    endloop
  endfacet
  facet normal -0.4713967368260015 -0.8819212643483532 0
    outer loop
      vertex -23.034243194688873 24.863431345515803 0
      vertex -22.792201673772556 24.734057457223564 4
      vertex -23.034243194688873 24.863431345515803 4
    endloop
  endfacet
  facet normal 0 0 -1
    outer loop
      vertex -23.034243194688873 24.863431345515803 0
      vertex 40.1 42 0
      vertex -22.792201673772556 24.734057457223564 0
    endloop
  endfacet
  facet normal -0.47139673682600136 -0.8819212643483529 0
    outer loop
      vertex -23.034243194688873 24.863431345515803 4
      vertex -22.792201673772556 24.734057457223564 4
      vertex -22.792201673772556 24.734057457223564 9
    endloop
  endfacet
  facet normal -0.47139673682600136 -0.8819212643483529 0
    outer loop
      vertex -23.034243194688873 24.863431345515803 4
      vertex -22.792201673772556 24.734057457223564 9
      vertex -23.034243194688873 24.863431345515803 9
    endloop
  endfacet
  facet normal 0 0 1
    outer loop
      vertex -23.034243194688873 24.863431345515803 9
      vertex -22.792201673772556 24.734057457223564 9
      vertex -22.78963871193549 27.493141121612922 9
    endloop
  endfacet
  facet normal -0.6343932841636412 0.7730104533627404 0
    outer loop
      vertex -22.792201673772556 -24.734057457223564 0
      vertex -22.792201673772556 -24.734057457223564 4
      vertex -22.580050506338832 -24.55994949366117 0
    endloop
  endfacet
  facet normal 0 0 -1
    outer loop
      vertex -22.792201673772556 -24.734057457223564 0
      vertex -22.580050506338832 -24.55994949366117 0
      vertex 30.1 -30.1 0
    endloop
  endfacet
  facet normal -0.6343932841636412 0.7730104533627404 0
    outer loop
      vertex -22.792201673772556 -24.734057457223564 4
      vertex -22.792201673772556 -24.734057457223564 9
      vertex -22.580050506338832 -24.55994949366117 4
    endloop
  endfacet
  facet normal -0.6343932841636412 0.7730104533627404 0
    outer loop
      vertex -22.792201673772556 -24.734057457223564 4
      vertex -22.580050506338832 -24.55994949366117 4
      vertex -22.580050506338832 -24.55994949366117 0
    endloop
  endfacet
  facet normal 0 0 1
    outer loop
      vertex -22.792201673772556 -24.734057457223564 9
      vertex -22.78963871193549 -27.493141121612922 9
      vertex -22.039266270539642 -27.265518130045148 9
    endloop
  endfacet
  facet normal -0.6343932841636412 0.7730104533627404 0
    outer loop
      vertex -22.792201673772556 -24.734057457223564 9
      vertex -22.580050506338832 -24.55994949366117 9
      vertex -22.580050506338832 -24.55994949366117 4
    endloop
  endfacet
  facet normal 0 0 1
    outer loop
      vertex -22.792201673772556 -24.734057457223564 9
      vertex -22.039266270539642 -27.265518130045148 9
      vertex -22.580050506338832 -24.55994949366117 9
    endloop
  endfacet
  facet normal -0.6343932841636412 -0.7730104533627404 0
    outer loop
      vertex -22.792201673772556 -22.405942542776437 0
      vertex -22.580050506338832 -22.580050506338832 0
      vertex -22.580050506338832 -22.580050506338832 4
    endloop
  endfacet
  facet normal -0.6343932841636412 -0.7730104533627404 0
    outer loop
      vertex -22.792201673772556 -22.405942542776437 0
      vertex -22.580050506338832 -22.580050506338832 4
      vertex -22.792201673772556 -22.405942542776437 4
    endloop
  endfacet
  facet normal 0 0 -1
    outer loop
      vertex -22.792201673772556 -22.405942542776437 0
      vertex -15.97664543524416 -8 0
      vertex -22.580050506338832 -22.580050506338832 0
    endloop
  endfacet
  facet normal -0.6343932841636412 -0.7730104533627404 0
    outer loop
      vertex -22.792201673772556 -22.405942542776437 4
      vertex -22.580050506338832 -22.580050506338832 4
      vertex -22.580050506338832 -22.580050506338832 9
    endloop
  endfacet
  facet normal -0.6343932841636412 -0.7730104533627404 0
    outer loop
      vertex -22.792201673772556 -22.405942542776437 4
      vertex -22.580050506338832 -22.580050506338832 9
      vertex -22.792201673772556 -22.405942542776437 9
    endloop
  endfacet
  facet normal 0 0 1
    outer loop
      vertex -22.792201673772556 -22.405942542776437 9
      vertex -22.580050506338832 -22.580050506338832 9
      vertex -22.78963871193549 -19.64685887838708 9
    endloop
  endfacet
  facet normal -0.6343932841636412 0.7730104533627404 0
    outer loop
      vertex -22.792201673772556 22.405942542776437 0
      vertex -22.792201673772556 22.405942542776437 4
      vertex -22.580050506338832 22.580050506338832 0
    endloop
  endfacet
  facet normal -0.6343932841636412 0.7730104533627404 0
    outer loop
      vertex -22.792201673772556 22.405942542776437 4
      vertex -22.792201673772556 22.405942542776437 9
      vertex -22.580050506338832 22.580050506338832 4
    endloop
  endfacet
  facet normal -0.6343932841636412 0.7730104533627404 0
    outer loop
      vertex -22.792201673772556 22.405942542776437 4
      vertex -22.580050506338832 22.580050506338832 4
      vertex -22.580050506338832 22.580050506338832 0
    endloop
  endfacet
  facet normal 0 0 1
    outer loop
      vertex -22.792201673772556 22.405942542776437 9
      vertex -22.78963871193549 19.64685887838708 9
      vertex -22.039266270539642 19.874481869954852 9
    endloop
  endfacet
  facet normal -0.6343932841636412 0.7730104533627404 0
    outer loop
      vertex -22.792201673772556 22.405942542776437 9
      vertex -22.580050506338832 22.580050506338832 9
      vertex -22.580050506338832 22.580050506338832 4
    endloop
  endfacet
  facet normal 0 0 1
    outer loop
      vertex -22.792201673772556 22.405942542776437 9
      vertex -22.039266270539642 19.874481869954852 9
      vertex -22.580050506338832 22.580050506338832 9
    endloop
  endfacet
  facet normal -0.6343932841636412 -0.7730104533627404 0
    outer loop
      vertex -22.792201673772556 24.734057457223564 0
      vertex -22.580050506338832 24.55994949366117 0
      vertex -22.580050506338832 24.55994949366117 4
    endloop
  endfacet
  facet normal -0.6343932841636412 -0.7730104533627404 0
    outer loop
      vertex -22.792201673772556 24.734057457223564 0
      vertex -22.580050506338832 24.55994949366117 4
      vertex -22.792201673772556 24.734057457223564 4
    endloop
  endfacet
  facet normal 0 0 -1
    outer loop
      vertex -22.792201673772556 24.734057457223564 0
      vertex 40.1 42 0
      vertex -22.580050506338832 24.55994949366117 0
    endloop
  endfacet
  facet normal -0.6343932841636412 -0.7730104533627404 0
    outer loop
      vertex -22.792201673772556 24.734057457223564 4
      vertex -22.580050506338832 24.55994949366117 4
      vertex -22.580050506338832 24.55994949366117 9
    endloop
  endfacet
  facet normal -0.6343932841636412 -0.7730104533627404 0
    outer loop
      vertex -22.792201673772556 24.734057457223564 4
      vertex -22.580050506338832 24.55994949366117 9
      vertex -22.792201673772556 24.734057457223564 9
    endloop
  endfacet
  facet normal 0 0 1
    outer loop
      vertex -22.792201673772556 24.734057457223564 9
      vertex -22.580050506338832 24.55994949366117 9
      vertex -22.78963871193549 27.493141121612922 9
    endloop
  endfacet
  facet normal 0.2902846772544611 -0.9569403357322093 0
    outer loop
      vertex -22.78963871193549 -27.493141121612922 4
      vertex -22.039266270539642 -27.265518130045148 4
      vertex -22.039266270539642 -27.265518130045148 9
    endloop
  endfacet
  facet normal 0.2902846772544611 -0.9569403357322093 0
    outer loop
      vertex -22.78963871193549 -27.493141121612922 4
      vertex -22.039266270539642 -27.265518130045148 9
      vertex -22.78963871193549 -27.493141121612922 9
    endloop
  endfacet
  facet normal 0 0 1
    outer loop
      vertex -22.78963871193549 -27.493141121612922 4
      vertex 19.64685887838708 -24.350361288064512 4
      vertex -22.039266270539642 -27.265518130045148 4
    endloop
  endfacet
  facet normal 0.2902846772544611 0.9569403357322093 0
    outer loop
      vertex -22.78963871193549 -19.64685887838708 4
      vertex -22.78963871193549 -19.64685887838708 9
      vertex -22.039266270539642 -19.874481869954852 4
    endloop
  endfacet
  facet normal 0 0 1
    outer loop
      vertex -22.78963871193549 -19.64685887838708 4
      vertex -22.039266270539642 -19.874481869954852 4
      vertex 28.5 62.5 4
    endloop
  endfacet
  facet normal 0 0 1
    outer loop
      vertex -22.78963871193549 -19.64685887838708 4
      vertex -22.039266270539642 19.874481869954852 4
      vertex -22.78963871193549 19.64685887838708 4
    endloop
  endfacet
  facet normal 0 0 1
    outer loop
      vertex -22.78963871193549 -19.64685887838708 4
      vertex -21.34771906792159 20.24412155078982 4
      vertex -22.039266270539642 19.874481869954852 4
    endloop
  endfacet
  facet normal 0 0 1
    outer loop
      vertex -22.78963871193549 -19.64685887838708 4
      vertex -20.74157287525381 20.74157287525381 4
      vertex -21.34771906792159 20.24412155078982 4
    endloop
  endfacet
  facet normal 0 0 1
    outer loop
      vertex -22.78963871193549 -19.64685887838708 4
      vertex -20.24412155078982 21.34771906792159 4
      vertex -20.74157287525381 20.74157287525381 4
    endloop
  endfacet
  facet normal 0 0 1
    outer loop
      vertex -22.78963871193549 -19.64685887838708 4
      vertex -19.874481869954852 22.039266270539642 4
      vertex -20.24412155078982 21.34771906792159 4
    endloop
  endfacet
  facet normal 0 0 1
    outer loop
      vertex -22.78963871193549 -19.64685887838708 4
      vertex -19.64685887838708 22.78963871193549 4
      vertex -19.874481869954852 22.039266270539642 4
    endloop
  endfacet
  facet normal 0 0 1
    outer loop
      vertex -22.78963871193549 -19.64685887838708 4
      vertex -19.57 23.57 4
      vertex -19.64685887838708 22.78963871193549 4
    endloop
  endfacet
  facet normal 0 0 1
    outer loop
      vertex -22.78963871193549 -19.64685887838708 4
      vertex 28.5 62.5 4
      vertex -19.57 23.57 4
    endloop
  endfacet
  facet normal 0 0 1
    outer loop
      vertex -22.78963871193549 -19.64685887838708 9
      vertex -22.580050506338832 -22.580050506338832 9
      vertex -22.405942542776437 -22.792201673772556 9
    endloop
  endfacet
  facet normal 0 0 1
    outer loop
      vertex -22.78963871193549 -19.64685887838708 9
      vertex -22.405942542776437 -22.792201673772556 9
      vertex -22.039266270539642 -19.874481869954852 9
    endloop
  endfacet
  facet normal 0.2902846772544611 0.9569403357322093 0
    outer loop
      vertex -22.78963871193549 -19.64685887838708 9
      vertex -22.039266270539642 -19.874481869954852 9
      vertex -22.039266270539642 -19.874481869954852 4
    endloop
  endfacet
  facet normal 0.2902846772544611 -0.9569403357322093 0
    outer loop
      vertex -22.78963871193549 19.64685887838708 4
      vertex -22.039266270539642 19.874481869954852 4
      vertex -22.039266270539642 19.874481869954852 9
    endloop
  endfacet
  facet normal 0.2902846772544611 -0.9569403357322093 0
    outer loop
      vertex -22.78963871193549 19.64685887838708 4
      vertex -22.039266270539642 19.874481869954852 9
      vertex -22.78963871193549 19.64685887838708 9
    endloop
  endfacet
  facet normal 0.2902846772544611 0.9569403357322093 0
    outer loop
      vertex -22.78963871193549 27.493141121612922 4
      vertex -22.78963871193549 27.493141121612922 9
      vertex -22.039266270539642 27.265518130045148 4
    endloop
  endfacet
  facet normal 0 0 1
    outer loop
      vertex -22.78963871193549 27.493141121612922 4
      vertex -22.039266270539642 27.265518130045148 4
      vertex 28.5 62.5 4
    endloop
  endfacet
  facet normal 0 0 1
    outer loop
      vertex -22.78963871193549 27.493141121612922 9
      vertex -22.580050506338832 24.55994949366117 9
      vertex -22.405942542776437 24.347798326227444 9
    endloop
  endfacet
  facet normal 0 0 1
    outer loop
      vertex -22.78963871193549 27.493141121612922 9
      vertex -22.405942542776437 24.347798326227444 9
      vertex -22.039266270539642 27.265518130045148 9
    endloop
  endfacet
  facet normal 0.2902846772544611 0.9569403357322093 0
    outer loop
      vertex -22.78963871193549 27.493141121612922 9
      vertex -22.039266270539642 27.265518130045148 9
      vertex -22.039266270539642 27.265518130045148 4
    endloop
  endfacet
  facet normal -0.7730104533627404 0.6343932841636412 0
    outer loop
      vertex -22.580050506338832 -24.55994949366117 0
      vertex -22.580050506338832 -24.55994949366117 4
      vertex -22.405942542776437 -24.347798326227444 0
    endloop
  endfacet
  facet normal 0 0 -1
    outer loop
      vertex -22.580050506338832 -24.55994949366117 0
      vertex -22.405942542776437 -24.347798326227444 0
      vertex 30.1 -30.1 0
    endloop
  endfacet
  facet normal -0.7730104533627404 0.6343932841636412 0
    outer loop
      vertex -22.580050506338832 -24.55994949366117 4
      vertex -22.580050506338832 -24.55994949366117 9
      vertex -22.405942542776437 -24.347798326227444 4
    endloop
  endfacet
  facet normal -0.7730104533627404 0.6343932841636412 0
    outer loop
      vertex -22.580050506338832 -24.55994949366117 4
      vertex -22.405942542776437 -24.347798326227444 4
      vertex -22.405942542776437 -24.347798326227444 0
    endloop
  endfacet
  facet normal -0.7730104533627404 0.6343932841636412 0
    outer loop
      vertex -22.580050506338832 -24.55994949366117 9
      vertex -22.405942542776437 -24.347798326227444 9
      vertex -22.405942542776437 -24.347798326227444 4
    endloop
  endfacet
  facet normal 0 0 1
    outer loop
      vertex -22.580050506338832 -24.55994949366117 9
      vertex -22.039266270539642 -27.265518130045148 9
      vertex -22.405942542776437 -24.347798326227444 9
    endloop
  endfacet
  facet normal -0.7730104533627404 -0.6343932841636412 0
    outer loop
      vertex -22.580050506338832 -22.580050506338832 0
      vertex -22.405942542776437 -22.792201673772556 0
      vertex -22.405942542776437 -22.792201673772556 4
    endloop
  endfacet
  facet normal -0.7730104533627404 -0.6343932841636412 0
    outer loop
      vertex -22.580050506338832 -22.580050506338832 0
      vertex -22.405942542776437 -22.792201673772556 4
      vertex -22.580050506338832 -22.580050506338832 4
    endloop
  endfacet
  facet normal 0 0 -1
    outer loop
      vertex -22.580050506338832 -22.580050506338832 0
      vertex -15.97664543524416 -8 0
      vertex -22.405942542776437 -22.792201673772556 0
    endloop
  endfacet
  facet normal -0.7730104533627404 -0.6343932841636412 0
    outer loop
      vertex -22.580050506338832 -22.580050506338832 4
      vertex -22.405942542776437 -22.792201673772556 4
      vertex -22.405942542776437 -22.792201673772556 9
    endloop
  endfacet
  facet normal -0.7730104533627404 -0.6343932841636412 0
    outer loop
      vertex -22.580050506338832 -22.580050506338832 4
      vertex -22.405942542776437 -22.792201673772556 9
      vertex -22.580050506338832 -22.580050506338832 9
    endloop
  endfacet
  facet normal -0.7730104533627404 0.6343932841636412 0
    outer loop
      vertex -22.580050506338832 22.580050506338832 0
      vertex -22.580050506338832 22.580050506338832 4
      vertex -22.405942542776437 22.792201673772556 0
    endloop
  endfacet
  facet normal -0.7730104533627404 0.6343932841636412 0
    outer loop
      vertex -22.580050506338832 22.580050506338832 4
      vertex -22.580050506338832 22.580050506338832 9
      vertex -22.405942542776437 22.792201673772556 4
    endloop
  endfacet
  facet normal -0.7730104533627404 0.6343932841636412 0
    outer loop
      vertex -22.580050506338832 22.580050506338832 4
      vertex -22.405942542776437 22.792201673772556 4
      vertex -22.405942542776437 22.792201673772556 0
    endloop
  endfacet
  facet normal -0.7730104533627404 0.6343932841636412 0
    outer loop
      vertex -22.580050506338832 22.580050506338832 9
      vertex -22.405942542776437 22.792201673772556 9
      vertex -22.405942542776437 22.792201673772556 4
    endloop
  endfacet
  facet normal 0 0 1
    outer loop
      vertex -22.580050506338832 22.580050506338832 9
      vertex -22.039266270539642 19.874481869954852 9
      vertex -22.405942542776437 22.792201673772556 9
    endloop
  endfacet
  facet normal -0.7730104533627404 -0.6343932841636412 0
    outer loop
      vertex -22.580050506338832 24.55994949366117 0
      vertex -22.405942542776437 24.347798326227444 0
      vertex -22.405942542776437 24.347798326227444 4
    endloop
  endfacet
  facet normal -0.7730104533627404 -0.6343932841636412 0
    outer loop
      vertex -22.580050506338832 24.55994949366117 0
      vertex -22.405942542776437 24.347798326227444 4
      vertex -22.580050506338832 24.55994949366117 4
    endloop
  endfacet
  facet normal 0 0 -1
    outer loop
      vertex -22.580050506338832 24.55994949366117 0
      vertex 40.1 42 0
      vertex -22.405942542776437 24.347798326227444 0
    endloop
  endfacet
  facet normal -0.7730104533627404 -0.6343932841636412 0
    outer loop
      vertex -22.580050506338832 24.55994949366117 4
      vertex -22.405942542776437 24.347798326227444 4
      vertex -22.405942542776437 24.347798326227444 9
    endloop
  endfacet
  facet normal -0.7730104533627404 -0.6343932841636412 0
    outer loop
      vertex -22.580050506338832 24.55994949366117 4
      vertex -22.405942542776437 24.347798326227444 9
      vertex -22.580050506338832 24.55994949366117 9
    endloop
  endfacet
  facet normal -0.8819212643483532 0.4713967368260015 0
    outer loop
      vertex -22.405942542776437 -24.347798326227444 0
      vertex -22.405942542776437 -24.347798326227444 4
      vertex -22.276568654484198 -24.105756805311128 0
    endloop
  endfacet
  facet normal 0 0 -1
    outer loop
      vertex -22.405942542776437 -24.347798326227444 0
      vertex -22.276568654484198 -24.105756805311128 0
      vertex 30.1 -30.1 0
    endloop
  endfacet
  facet normal -0.8819212643483529 0.47139673682600136 0
    outer loop
      vertex -22.405942542776437 -24.347798326227444 4
      vertex -22.405942542776437 -24.347798326227444 9
      vertex -22.276568654484198 -24.105756805311128 4
    endloop
  endfacet
  facet normal -0.8819212643483532 0.4713967368260015 0
    outer loop
      vertex -22.405942542776437 -24.347798326227444 4
      vertex -22.276568654484198 -24.105756805311128 4
      vertex -22.276568654484198 -24.105756805311128 0
    endloop
  endfacet
  facet normal -0.8819212643483529 0.47139673682600136 0
    outer loop
      vertex -22.405942542776437 -24.347798326227444 9
      vertex -22.276568654484198 -24.105756805311128 9
      vertex -22.276568654484198 -24.105756805311128 4
    endloop
  endfacet
  facet normal 0 0 1
    outer loop
      vertex -22.405942542776437 -24.347798326227444 9
      vertex -22.039266270539642 -27.265518130045148 9
      vertex -22.276568654484198 -24.105756805311128 9
    endloop
  endfacet
  facet normal -0.8819212643483532 -0.4713967368260015 0
    outer loop
      vertex -22.405942542776437 -22.792201673772556 0
      vertex -22.276568654484198 -23.034243194688873 0
      vertex -22.276568654484198 -23.034243194688873 4
    endloop
  endfacet
  facet normal -0.8819212643483532 -0.4713967368260015 0
    outer loop
      vertex -22.405942542776437 -22.792201673772556 0
      vertex -22.276568654484198 -23.034243194688873 4
      vertex -22.405942542776437 -22.792201673772556 4
    endloop
  endfacet
  facet normal 0 0 -1
    outer loop
      vertex -22.405942542776437 -22.792201673772556 0
      vertex -15.97664543524416 -8 0
      vertex -22.276568654484198 -23.034243194688873 0
    endloop
  endfacet
  facet normal -0.8819212643483529 -0.47139673682600136 0
    outer loop
      vertex -22.405942542776437 -22.792201673772556 4
      vertex -22.276568654484198 -23.034243194688873 4
      vertex -22.276568654484198 -23.034243194688873 9
    endloop
  endfacet
  facet normal -0.8819212643483529 -0.47139673682600136 0
    outer loop
      vertex -22.405942542776437 -22.792201673772556 4
      vertex -22.276568654484198 -23.034243194688873 9
      vertex -22.405942542776437 -22.792201673772556 9
    endloop
  endfacet
  facet normal 0 0 1
    outer loop
      vertex -22.405942542776437 -22.792201673772556 9
      vertex -22.276568654484198 -23.034243194688873 9
      vertex -22.039266270539642 -19.874481869954852 9
    endloop
  endfacet
  facet normal -0.8819212643483532 0.4713967368260015 0
    outer loop
      vertex -22.405942542776437 22.792201673772556 0
      vertex -22.405942542776437 22.792201673772556 4
      vertex -22.276568654484198 23.034243194688873 0
    endloop
  endfacet
  facet normal 0 0 -1
    outer loop
      vertex -22.405942542776437 22.792201673772556 0
      vertex -22.276568654484198 23.034243194688873 0
      vertex 40.1 42 0
    endloop
  endfacet
  facet normal -0.8819212643483529 0.47139673682600136 0
    outer loop
      vertex -22.405942542776437 22.792201673772556 4
      vertex -22.405942542776437 22.792201673772556 9
      vertex -22.276568654484198 23.034243194688873 4
    endloop
  endfacet
  facet normal -0.8819212643483532 0.4713967368260015 0
    outer loop
      vertex -22.405942542776437 22.792201673772556 4
      vertex -22.276568654484198 23.034243194688873 4
      vertex -22.276568654484198 23.034243194688873 0
    endloop
  endfacet
  facet normal -0.8819212643483529 0.47139673682600136 0
    outer loop
      vertex -22.405942542776437 22.792201673772556 9
      vertex -22.276568654484198 23.034243194688873 9
      vertex -22.276568654484198 23.034243194688873 4
    endloop
  endfacet
  facet normal 0 0 1
    outer loop
      vertex -22.405942542776437 22.792201673772556 9
      vertex -22.039266270539642 19.874481869954852 9
      vertex -22.276568654484198 23.034243194688873 9
    endloop
  endfacet
  facet normal -0.8819212643483532 -0.4713967368260015 0
    outer loop
      vertex -22.405942542776437 24.347798326227444 0
      vertex -22.276568654484198 24.105756805311128 0
      vertex -22.276568654484198 24.105756805311128 4
    endloop
  endfacet
  facet normal -0.8819212643483532 -0.4713967368260015 0
    outer loop
      vertex -22.405942542776437 24.347798326227444 0
      vertex -22.276568654484198 24.105756805311128 4
      vertex -22.405942542776437 24.347798326227444 4
    endloop
  endfacet
  facet normal 0 0 -1
    outer loop
      vertex -22.405942542776437 24.347798326227444 0
      vertex 40.1 42 0
      vertex -22.276568654484198 24.105756805311128 0
    endloop
  endfacet
  facet normal -0.8819212643483529 -0.47139673682600136 0
    outer loop
      vertex -22.405942542776437 24.347798326227444 4
      vertex -22.276568654484198 24.105756805311128 4
      vertex -22.276568654484198 24.105756805311128 9
    endloop
  endfacet
  facet normal -0.8819212643483529 -0.47139673682600136 0
    outer loop
      vertex -22.405942542776437 24.347798326227444 4
      vertex -22.276568654484198 24.105756805311128 9
      vertex -22.405942542776437 24.347798326227444 9
    endloop
  endfacet
  facet normal 0 0 1
    outer loop
      vertex -22.405942542776437 24.347798326227444 9
      vertex -22.276568654484198 24.105756805311128 9
      vertex -22.039266270539642 27.265518130045148 9
    endloop
  endfacet
  facet normal -0.9569403357322098 0.29028467725445894 0
    outer loop
      vertex -22.276568654484198 -24.105756805311128 0
      vertex -22.276568654484198 -24.105756805311128 4
      vertex -22.196900607435477 -23.84312645082258 0
    endloop
  endfacet
  facet normal 0 0 -1
    outer loop
      vertex -22.276568654484198 -24.105756805311128 0
      vertex -22.196900607435477 -23.84312645082258 0
      vertex 30.1 -30.1 0
    endloop
  endfacet
  facet normal -0.9569403357322098 0.290284677254459 0
    outer loop
      vertex -22.276568654484198 -24.105756805311128 4
      vertex -22.276568654484198 -24.105756805311128 9
      vertex -22.196900607435477 -23.84312645082258 4
    endloop
  endfacet
  facet normal -0.9569403357322098 0.29028467725445894 0
    outer loop
      vertex -22.276568654484198 -24.105756805311128 4
      vertex -22.196900607435477 -23.84312645082258 4
      vertex -22.196900607435477 -23.84312645082258 0
    endloop
  endfacet
  facet normal -0.9569403357322098 0.290284677254459 0
    outer loop
      vertex -22.276568654484198 -24.105756805311128 9
      vertex -22.196900607435477 -23.84312645082258 9
      vertex -22.196900607435477 -23.84312645082258 4
    endloop
  endfacet
  facet normal 0 0 1
    outer loop
      vertex -22.276568654484198 -24.105756805311128 9
      vertex -22.039266270539642 -27.265518130045148 9
      vertex -22.196900607435477 -23.84312645082258 9
    endloop
  endfacet
  facet normal -0.9569403357322098 -0.29028467725445894 0
    outer loop
      vertex -22.276568654484198 -23.034243194688873 0
      vertex -22.196900607435477 -23.29687354917742 0
      vertex -22.196900607435477 -23.29687354917742 4
    endloop
  endfacet
  facet normal -0.9569403357322098 -0.29028467725445894 0
    outer loop
      vertex -22.276568654484198 -23.034243194688873 0
      vertex -22.196900607435477 -23.29687354917742 4
      vertex -22.276568654484198 -23.034243194688873 4
    endloop
  endfacet
  facet normal 0 0 -1
    outer loop
      vertex -22.276568654484198 -23.034243194688873 0
      vertex -15.97664543524416 -8 0
      vertex -22.196900607435477 -23.29687354917742 0
    endloop
  endfacet
  facet normal -0.9569403357322098 -0.290284677254459 0
    outer loop
      vertex -22.276568654484198 -23.034243194688873 4
      vertex -22.196900607435477 -23.29687354917742 4
      vertex -22.196900607435477 -23.29687354917742 9
    endloop
  endfacet
  facet normal -0.9569403357322098 -0.290284677254459 0
    outer loop
      vertex -22.276568654484198 -23.034243194688873 4
      vertex -22.196900607435477 -23.29687354917742 9
      vertex -22.276568654484198 -23.034243194688873 9
    endloop
  endfacet
  facet normal 0 0 1
    outer loop
      vertex -22.276568654484198 -23.034243194688873 9
      vertex -22.196900607435477 -23.29687354917742 9
      vertex -22.039266270539642 -19.874481869954852 9
    endloop
  endfacet
  facet normal -0.9569403357322098 0.29028467725445894 0
    outer loop
      vertex -22.276568654484198 23.034243194688873 0
      vertex -22.276568654484198 23.034243194688873 4
      vertex -22.196900607435477 23.29687354917742 0
    endloop
  endfacet
  facet normal 0 0 -1
    outer loop
      vertex -22.276568654484198 23.034243194688873 0
      vertex -22.196900607435477 23.29687354917742 0
      vertex 40.1 42 0
    endloop
  endfacet
  facet normal -0.9569403357322098 0.290284677254459 0
    outer loop
      vertex -22.276568654484198 23.034243194688873 4
      vertex -22.276568654484198 23.034243194688873 9
      vertex -22.196900607435477 23.29687354917742 4
    endloop
  endfacet
  facet normal -0.9569403357322098 0.29028467725445894 0
    outer loop
      vertex -22.276568654484198 23.034243194688873 4
      vertex -22.196900607435477 23.29687354917742 4
      vertex -22.196900607435477 23.29687354917742 0
    endloop
  endfacet
  facet normal -0.9569403357322098 0.290284677254459 0
    outer loop
      vertex -22.276568654484198 23.034243194688873 9
      vertex -22.196900607435477 23.29687354917742 9
      vertex -22.196900607435477 23.29687354917742 4
    endloop
  endfacet
  facet normal 0 0 1
    outer loop
      vertex -22.276568654484198 23.034243194688873 9
      vertex -22.039266270539642 19.874481869954852 9
      vertex -22.196900607435477 23.29687354917742 9
    endloop
  endfacet
  facet normal -0.9569403357322098 -0.29028467725445894 0
    outer loop
      vertex -22.276568654484198 24.105756805311128 0
      vertex -22.196900607435477 23.84312645082258 0
      vertex -22.196900607435477 23.84312645082258 4
    endloop
  endfacet
  facet normal -0.9569403357322098 -0.29028467725445894 0
    outer loop
      vertex -22.276568654484198 24.105756805311128 0
      vertex -22.196900607435477 23.84312645082258 4
      vertex -22.276568654484198 24.105756805311128 4
    endloop
  endfacet
  facet normal 0 0 -1
    outer loop
      vertex -22.276568654484198 24.105756805311128 0
      vertex 40.1 42 0
      vertex -22.196900607435477 23.84312645082258 0
    endloop
  endfacet
  facet normal -0.9569403357322098 -0.290284677254459 0
    outer loop
      vertex -22.276568654484198 24.105756805311128 4
      vertex -22.196900607435477 23.84312645082258 4
      vertex -22.196900607435477 23.84312645082258 9
    endloop
  endfacet
  facet normal -0.9569403357322098 -0.290284677254459 0
    outer loop
      vertex -22.276568654484198 24.105756805311128 4
      vertex -22.196900607435477 23.84312645082258 9
      vertex -22.276568654484198 24.105756805311128 9
    endloop
  endfacet
  facet normal 0 0 1
    outer loop
      vertex -22.276568654484198 24.105756805311128 9
      vertex -22.196900607435477 23.84312645082258 9
      vertex -22.039266270539642 27.265518130045148 9
    endloop
  endfacet
  facet normal -0.9951847266721976 0.09801714032955393 0
    outer loop
      vertex -22.196900607435477 -23.84312645082258 0
      vertex -22.196900607435477 -23.84312645082258 4
      vertex -22.17 -23.57 0
    endloop
  endfacet
  facet normal 0 0 -1
    outer loop
      vertex -22.196900607435477 -23.84312645082258 0
      vertex -22.17 -23.57 0
      vertex 30.1 -30.1 0
    endloop
  endfacet
  facet normal -0.9951847266721976 0.09801714032955393 0
    outer loop
      vertex -22.196900607435477 -23.84312645082258 4
      vertex -22.196900607435477 -23.84312645082258 9
      vertex -22.17 -23.57 4
    endloop
  endfacet
  facet normal -0.9951847266721976 0.09801714032955393 0
    outer loop
      vertex -22.196900607435477 -23.84312645082258 4
      vertex -22.17 -23.57 4
      vertex -22.17 -23.57 0
    endloop
  endfacet
  facet normal -0.9951847266721976 0.09801714032955393 0
    outer loop
      vertex -22.196900607435477 -23.84312645082258 9
      vertex -22.17 -23.57 9
      vertex -22.17 -23.57 4
    endloop
  endfacet
  facet normal 0 0 1
    outer loop
      vertex -22.196900607435477 -23.84312645082258 9
      vertex -22.039266270539642 -27.265518130045148 9
      vertex -22.17 -23.57 9
    endloop
  endfacet
  facet normal -0.9951847266721976 -0.09801714032955393 0
    outer loop
      vertex -22.196900607435477 -23.29687354917742 0
      vertex -22.17 -23.57 0
      vertex -22.17 -23.57 4
    endloop
  endfacet
  facet normal -0.9951847266721976 -0.09801714032955393 0
    outer loop
      vertex -22.196900607435477 -23.29687354917742 0
      vertex -22.17 -23.57 4
      vertex -22.196900607435477 -23.29687354917742 4
    endloop
  endfacet
  facet normal 0 0 -1
    outer loop
      vertex -22.196900607435477 -23.29687354917742 0
      vertex -15.97664543524416 -8 0
      vertex -22.17 -23.57 0
    endloop
  endfacet
  facet normal -0.9951847266721976 -0.09801714032955393 0
    outer loop
      vertex -22.196900607435477 -23.29687354917742 4
      vertex -22.17 -23.57 4
      vertex -22.17 -23.57 9
    endloop
  endfacet
  facet normal -0.9951847266721976 -0.09801714032955393 0
    outer loop
      vertex -22.196900607435477 -23.29687354917742 4
      vertex -22.17 -23.57 9
      vertex -22.196900607435477 -23.29687354917742 9
    endloop
  endfacet
  facet normal 0 0 1
    outer loop
      vertex -22.196900607435477 -23.29687354917742 9
      vertex -22.17 -23.57 9
      vertex -22.039266270539642 -19.874481869954852 9
    endloop
  endfacet
  facet normal -0.9951847266721976 0.09801714032955393 0
    outer loop
      vertex -22.196900607435477 23.29687354917742 0
      vertex -22.196900607435477 23.29687354917742 4
      vertex -22.17 23.57 0
    endloop
  endfacet
  facet normal 0 0 -1
    outer loop
      vertex -22.196900607435477 23.29687354917742 0
      vertex -22.17 23.57 0
      vertex 40.1 42 0
    endloop
  endfacet
  facet normal -0.9951847266721976 0.09801714032955393 0
    outer loop
      vertex -22.196900607435477 23.29687354917742 4
      vertex -22.196900607435477 23.29687354917742 9
      vertex -22.17 23.57 4
    endloop
  endfacet
  facet normal -0.9951847266721976 0.09801714032955393 0
    outer loop
      vertex -22.196900607435477 23.29687354917742 4
      vertex -22.17 23.57 4
      vertex -22.17 23.57 0
    endloop
  endfacet
  facet normal -0.9951847266721976 0.09801714032955393 0
    outer loop
      vertex -22.196900607435477 23.29687354917742 9
      vertex -22.17 23.57 9
      vertex -22.17 23.57 4
    endloop
  endfacet
  facet normal 0 0 1
    outer loop
      vertex -22.196900607435477 23.29687354917742 9
      vertex -22.039266270539642 19.874481869954852 9
      vertex -22.17 23.57 9
    endloop
  endfacet
  facet normal -0.9951847266721976 -0.09801714032955393 0
    outer loop
      vertex -22.196900607435477 23.84312645082258 0
      vertex -22.17 23.57 0
      vertex -22.17 23.57 4
    endloop
  endfacet
  facet normal -0.9951847266721976 -0.09801714032955393 0
    outer loop
      vertex -22.196900607435477 23.84312645082258 0
      vertex -22.17 23.57 4
      vertex -22.196900607435477 23.84312645082258 4
    endloop
  endfacet
  facet normal 0 0 -1
    outer loop
      vertex -22.196900607435477 23.84312645082258 0
      vertex 40.1 42 0
      vertex -22.17 23.57 0
    endloop
  endfacet
  facet normal -0.9951847266721976 -0.09801714032955393 0
    outer loop
      vertex -22.196900607435477 23.84312645082258 4
      vertex -22.17 23.57 4
      vertex -22.17 23.57 9
    endloop
  endfacet
  facet normal -0.9951847266721976 -0.09801714032955393 0
    outer loop
      vertex -22.196900607435477 23.84312645082258 4
      vertex -22.17 23.57 9
      vertex -22.196900607435477 23.84312645082258 9
    endloop
  endfacet
  facet normal 0 0 1
    outer loop
      vertex -22.196900607435477 23.84312645082258 9
      vertex -22.17 23.57 9
      vertex -22.039266270539642 27.265518130045148 9
    endloop
  endfacet
  facet normal 0 0 -1
    outer loop
      vertex -22.17 -23.57 0
      vertex -15.97664543524416 -8 0
      vertex 30.1 -30.1 0
    endloop
  endfacet
  facet normal 0 0 1
    outer loop
      vertex -22.17 -23.57 9
      vertex -22.039266270539642 -27.265518130045148 9
      vertex -22.039266270539642 -19.874481869954852 9
    endloop
  endfacet
  facet normal 0 0 1
    outer loop
      vertex -22.17 23.57 9
      vertex -22.039266270539642 19.874481869954852 9
      vertex -22.039266270539642 27.265518130045148 9
    endloop
  endfacet
  facet normal 0.4713967368259996 -0.881921264348354 0
    outer loop
      vertex -22.039266270539642 -27.265518130045148 4
      vertex -21.34771906792159 -26.89587844921018 4
      vertex -21.34771906792159 -26.89587844921018 9
    endloop
  endfacet
  facet normal 0.4713967368259996 -0.881921264348354 0
    outer loop
      vertex -22.039266270539642 -27.265518130045148 4
      vertex -21.34771906792159 -26.89587844921018 9
      vertex -22.039266270539642 -27.265518130045148 9
    endloop
  endfacet
  facet normal 0 0 1
    outer loop
      vertex -22.039266270539642 -27.265518130045148 4
      vertex 19.64685887838708 -24.350361288064512 4
      vertex -21.34771906792159 -26.89587844921018 4
    endloop
  endfacet
  facet normal 0 0 1
    outer loop
      vertex -22.039266270539642 -27.265518130045148 9
      vertex -21.34771906792159 -26.89587844921018 9
      vertex -22.039266270539642 -19.874481869954852 9
    endloop
  endfacet
  facet normal 0.4713967368259996 0.881921264348354 0
    outer loop
      vertex -22.039266270539642 -19.874481869954852 4
      vertex -22.039266270539642 -19.874481869954852 9
      vertex -21.34771906792159 -20.24412155078982 4
    endloop
  endfacet
  facet normal 0 0 1
    outer loop
      vertex -22.039266270539642 -19.874481869954852 4
      vertex -21.34771906792159 -20.24412155078982 4
      vertex 19.874481869954852 22.039266270539642 4
    endloop
  endfacet
  facet normal 0 0 1
    outer loop
      vertex -22.039266270539642 -19.874481869954852 4
      vertex 19.57 23.57 4
      vertex 19.64685887838708 24.350361288064512 4
    endloop
  endfacet
  facet normal 0 0 1
    outer loop
      vertex -22.039266270539642 -19.874481869954852 4
      vertex 19.64685887838708 22.78963871193549 4
      vertex 19.57 23.57 4
    endloop
  endfacet
  facet normal 0 0 1
    outer loop
      vertex -22.039266270539642 -19.874481869954852 4
      vertex 19.64685887838708 24.350361288064512 4
      vertex 19.874481869954852 25.10073372946036 4
    endloop
  endfacet
  facet normal 0 0 1
    outer loop
      vertex -22.039266270539642 -19.874481869954852 4
      vertex 19.874481869954852 22.039266270539642 4
      vertex 19.64685887838708 22.78963871193549 4
    endloop
  endfacet
  facet normal 0 0 1
    outer loop
      vertex -22.039266270539642 -19.874481869954852 4
      vertex 19.874481869954852 25.10073372946036 4
      vertex 20.24412155078982 25.79228093207841 4
    endloop
  endfacet
  facet normal 0 0 1
    outer loop
      vertex -22.039266270539642 -19.874481869954852 4
      vertex 20.24412155078982 25.79228093207841 4
      vertex 20.74157287525381 26.398427124746192 4
    endloop
  endfacet
  facet normal 0 0 1
    outer loop
      vertex -22.039266270539642 -19.874481869954852 4
      vertex 20.74157287525381 26.398427124746192 4
      vertex 28.5 62.5 4
    endloop
  endfacet
  facet normal 0 0 1
    outer loop
      vertex -22.039266270539642 -19.874481869954852 9
      vertex -21.34771906792159 -26.89587844921018 9
      vertex -21.34771906792159 -20.24412155078982 9
    endloop
  endfacet
  facet normal 0.4713967368259996 0.881921264348354 0
    outer loop
      vertex -22.039266270539642 -19.874481869954852 9
      vertex -21.34771906792159 -20.24412155078982 9
      vertex -21.34771906792159 -20.24412155078982 4
    endloop
  endfacet
  facet normal 0.4713967368259996 -0.881921264348354 0
    outer loop
      vertex -22.039266270539642 19.874481869954852 4
      vertex -21.34771906792159 20.24412155078982 4
      vertex -21.34771906792159 20.24412155078982 9
    endloop
  endfacet
  facet normal 0.4713967368259996 -0.881921264348354 0
    outer loop
      vertex -22.039266270539642 19.874481869954852 4
      vertex -21.34771906792159 20.24412155078982 9
      vertex -22.039266270539642 19.874481869954852 9
    endloop
  endfacet
  facet normal 0 0 1
    outer loop
      vertex -22.039266270539642 19.874481869954852 9
      vertex -21.34771906792159 20.24412155078982 9
      vertex -22.039266270539642 27.265518130045148 9
    endloop
  endfacet
  facet normal 0.4713967368259996 0.881921264348354 0
    outer loop
      vertex -22.039266270539642 27.265518130045148 4
      vertex -22.039266270539642 27.265518130045148 9
      vertex -21.34771906792159 26.89587844921018 4
    endloop
  endfacet
  facet normal 0 0 1
    outer loop
      vertex -22.039266270539642 27.265518130045148 4
      vertex -21.34771906792159 26.89587844921018 4
      vertex 28.5 62.5 4
    endloop
  endfacet
  facet normal 0 0 1
    outer loop
      vertex -22.039266270539642 27.265518130045148 9
      vertex -21.34771906792159 20.24412155078982 9
      vertex -21.34771906792159 26.89587844921018 9
    endloop
  endfacet
  facet normal 0.4713967368259996 0.881921264348354 0
    outer loop
      vertex -22.039266270539642 27.265518130045148 9
      vertex -21.34771906792159 26.89587844921018 9
      vertex -21.34771906792159 26.89587844921018 4
    endloop
  endfacet
  facet normal 0.6343932841636423 -0.7730104533627397 0
    outer loop
      vertex -21.34771906792159 -26.89587844921018 4
      vertex -20.74157287525381 -26.398427124746192 4
      vertex -20.74157287525381 -26.398427124746192 9
    endloop
  endfacet
  facet normal 0.6343932841636423 -0.7730104533627397 0
    outer loop
      vertex -21.34771906792159 -26.89587844921018 4
      vertex -20.74157287525381 -26.398427124746192 9
      vertex -21.34771906792159 -26.89587844921018 9
    endloop
  endfacet
  facet normal 0 0 1
    outer loop
      vertex -21.34771906792159 -26.89587844921018 4
      vertex 19.64685887838708 -24.350361288064512 4
      vertex -20.74157287525381 -26.398427124746192 4
    endloop
  endfacet
  facet normal 0 0 1
    outer loop
      vertex -21.34771906792159 -26.89587844921018 9
      vertex -20.74157287525381 -26.398427124746192 9
      vertex -21.34771906792159 -20.24412155078982 9
    endloop
  endfacet
  facet normal 0.6343932841636423 0.7730104533627397 0
    outer loop
      vertex -21.34771906792159 -20.24412155078982 4
      vertex -21.34771906792159 -20.24412155078982 9
      vertex -20.74157287525381 -20.74157287525381 4
    endloop
  endfacet
  facet normal 0 0 1
    outer loop
      vertex -21.34771906792159 -20.24412155078982 4
      vertex -20.74157287525381 -20.74157287525381 4
      vertex 20.24412155078982 21.34771906792159 4
    endloop
  endfacet
  facet normal 0 0 1
    outer loop
      vertex -21.34771906792159 -20.24412155078982 4
      vertex 20.24412155078982 21.34771906792159 4
      vertex 19.874481869954852 22.039266270539642 4
    endloop
  endfacet
  facet normal 0 0 1
    outer loop
      vertex -21.34771906792159 -20.24412155078982 9
      vertex -20.74157287525381 -26.398427124746192 9
      vertex -20.74157287525381 -20.74157287525381 9
    endloop
  endfacet
  facet normal 0.6343932841636423 0.7730104533627397 0
    outer loop
      vertex -21.34771906792159 -20.24412155078982 9
      vertex -20.74157287525381 -20.74157287525381 9
      vertex -20.74157287525381 -20.74157287525381 4
    endloop
  endfacet
  facet normal 0.6343932841636423 -0.7730104533627397 0
    outer loop
      vertex -21.34771906792159 20.24412155078982 4
      vertex -20.74157287525381 20.74157287525381 4
      vertex -20.74157287525381 20.74157287525381 9
    endloop
  endfacet
  facet normal 0.6343932841636423 -0.7730104533627397 0
    outer loop
      vertex -21.34771906792159 20.24412155078982 4
      vertex -20.74157287525381 20.74157287525381 9
      vertex -21.34771906792159 20.24412155078982 9
    endloop
  endfacet
  facet normal 0 0 1
    outer loop
      vertex -21.34771906792159 20.24412155078982 9
      vertex -20.74157287525381 20.74157287525381 9
      vertex -21.34771906792159 26.89587844921018 9
    endloop
  endfacet
  facet normal 0.6343932841636423 0.7730104533627397 0
    outer loop
      vertex -21.34771906792159 26.89587844921018 4
      vertex -21.34771906792159 26.89587844921018 9
      vertex -20.74157287525381 26.398427124746192 4
    endloop
  endfacet
  facet normal 0 0 1
    outer loop
      vertex -21.34771906792159 26.89587844921018 4
      vertex -20.74157287525381 26.398427124746192 4
      vertex 28.5 62.5 4
    endloop
  endfacet
  facet normal 0 0 1
    outer loop
      vertex -21.34771906792159 26.89587844921018 9
      vertex -20.74157287525381 20.74157287525381 9
      vertex -20.74157287525381 26.398427124746192 9
    endloop
  endfacet
  facet normal 0.6343932841636423 0.7730104533627397 0
    outer loop
      vertex -21.34771906792159 26.89587844921018 9
      vertex -20.74157287525381 26.398427124746192 9
      vertex -20.74157287525381 26.398427124746192 4
    endloop
  endfacet
  facet normal 0.7730104533627397 -0.6343932841636423 0
    outer loop
      vertex -20.74157287525381 -26.398427124746192 4
      vertex -20.24412155078982 -25.79228093207841 4
      vertex -20.74157287525381 -26.398427124746192 9
    endloop
  endfacet
  facet normal 0 0 1
    outer loop
      vertex -20.74157287525381 -26.398427124746192 4
      vertex 19.64685887838708 -24.350361288064512 4
      vertex -20.24412155078982 -25.79228093207841 4
    endloop
  endfacet
  facet normal 0.7730104533627397 -0.6343932841636423 0
    outer loop
      vertex -20.74157287525381 -26.398427124746192 9
      vertex -20.24412155078982 -25.79228093207841 4
      vertex -20.24412155078982 -25.79228093207841 9
    endloop
  endfacet
  facet normal 0 0 1
    outer loop
      vertex -20.74157287525381 -26.398427124746192 9
      vertex -20.24412155078982 -25.79228093207841 9
      vertex -20.74157287525381 -20.74157287525381 9
    endloop
  endfacet
  facet normal 0.7730104533627397 0.6343932841636423 0
    outer loop
      vertex -20.74157287525381 -20.74157287525381 4
      vertex -20.74157287525381 -20.74157287525381 9
      vertex -20.24412155078982 -21.34771906792159 9
    endloop
  endfacet
  facet normal 0 0 1
    outer loop
      vertex -20.74157287525381 -20.74157287525381 4
      vertex -20.24412155078982 -21.34771906792159 4
      vertex 21.34771906792159 20.24412155078982 4
    endloop
  endfacet
  facet normal 0.7730104533627397 0.6343932841636423 0
    outer loop
      vertex -20.74157287525381 -20.74157287525381 4
      vertex -20.24412155078982 -21.34771906792159 9
      vertex -20.24412155078982 -21.34771906792159 4
    endloop
  endfacet
  facet normal 0 0 1
    outer loop
      vertex -20.74157287525381 -20.74157287525381 4
      vertex 20.74157287525381 20.74157287525381 4
      vertex 20.24412155078982 21.34771906792159 4
    endloop
  endfacet
  facet normal 0 0 1
    outer loop
      vertex -20.74157287525381 -20.74157287525381 4
      vertex 21.34771906792159 20.24412155078982 4
      vertex 20.74157287525381 20.74157287525381 4
    endloop
  endfacet
  facet normal 0 0 1
    outer loop
      vertex -20.74157287525381 -20.74157287525381 9
      vertex -20.24412155078982 -25.79228093207841 9
      vertex -20.24412155078982 -21.34771906792159 9
    endloop
  endfacet
  facet normal 0.7730104533627397 -0.6343932841636423 0
    outer loop
      vertex -20.74157287525381 20.74157287525381 4
      vertex -20.24412155078982 21.34771906792159 4
      vertex -20.74157287525381 20.74157287525381 9
    endloop
  endfacet
  facet normal 0.7730104533627397 -0.6343932841636423 0
    outer loop
      vertex -20.74157287525381 20.74157287525381 9
      vertex -20.24412155078982 21.34771906792159 4
      vertex -20.24412155078982 21.34771906792159 9
    endloop
  endfacet
  facet normal 0 0 1
    outer loop
      vertex -20.74157287525381 20.74157287525381 9
      vertex -20.24412155078982 21.34771906792159 9
      vertex -20.74157287525381 26.398427124746192 9
    endloop
  endfacet
  facet normal 0.7730104533627397 0.6343932841636423 0
    outer loop
      vertex -20.74157287525381 26.398427124746192 4
      vertex -20.74157287525381 26.398427124746192 9
      vertex -20.24412155078982 25.79228093207841 9
    endloop
  endfacet
  facet normal 0 0 1
    outer loop
      vertex -20.74157287525381 26.398427124746192 4
      vertex -20.24412155078982 25.79228093207841 4
      vertex 28.5 62.5 4
    endloop
  endfacet
  facet normal 0.7730104533627397 0.6343932841636423 0
    outer loop
      vertex -20.74157287525381 26.398427124746192 4
      vertex -20.24412155078982 25.79228093207841 9
      vertex -20.24412155078982 25.79228093207841 4
    endloop
  endfacet
  facet normal 0 0 1
    outer loop
      vertex -20.74157287525381 26.398427124746192 9
      vertex -20.24412155078982 21.34771906792159 9
      vertex -20.24412155078982 25.79228093207841 9
    endloop
  endfacet
  facet normal 0.881921264348354 -0.4713967368259996 0
    outer loop
      vertex -20.24412155078982 -25.79228093207841 4
      vertex -19.874481869954852 -25.10073372946036 4
      vertex -20.24412155078982 -25.79228093207841 9
    endloop
  endfacet
  facet normal 0 0 1
    outer loop
      vertex -20.24412155078982 -25.79228093207841 4
      vertex 19.64685887838708 -24.350361288064512 4
      vertex -19.874481869954852 -25.10073372946036 4
    endloop
  endfacet
  facet normal 0.881921264348354 -0.4713967368259996 0
    outer loop
      vertex -20.24412155078982 -25.79228093207841 9
      vertex -19.874481869954852 -25.10073372946036 4
      vertex -19.874481869954852 -25.10073372946036 9
    endloop
  endfacet
  facet normal 0 0 1
    outer loop
      vertex -20.24412155078982 -25.79228093207841 9
      vertex -19.874481869954852 -25.10073372946036 9
      vertex -20.24412155078982 -21.34771906792159 9
    endloop
  endfacet
  facet normal 0.881921264348354 0.4713967368259996 0
    outer loop
      vertex -20.24412155078982 -21.34771906792159 4
      vertex -20.24412155078982 -21.34771906792159 9
      vertex -19.874481869954852 -22.039266270539642 9
    endloop
  endfacet
  facet normal 0 0 1
    outer loop
      vertex -20.24412155078982 -21.34771906792159 4
      vertex -19.874481869954852 -22.039266270539642 4
      vertex 22.039266270539642 19.874481869954852 4
    endloop
  endfacet
  facet normal 0.881921264348354 0.4713967368259996 0
    outer loop
      vertex -20.24412155078982 -21.34771906792159 4
      vertex -19.874481869954852 -22.039266270539642 9
      vertex -19.874481869954852 -22.039266270539642 4
    endloop
  endfacet
  facet normal 0 0 1
    outer loop
      vertex -20.24412155078982 -21.34771906792159 4
      vertex 22.039266270539642 19.874481869954852 4
      vertex 21.34771906792159 20.24412155078982 4
    endloop
  endfacet
  facet normal 0 0 1
    outer loop
      vertex -20.24412155078982 -21.34771906792159 9
      vertex -19.874481869954852 -25.10073372946036 9
      vertex -19.874481869954852 -22.039266270539642 9
    endloop
  endfacet
  facet normal 0.881921264348354 -0.4713967368259996 0
    outer loop
      vertex -20.24412155078982 21.34771906792159 4
      vertex -19.874481869954852 22.039266270539642 4
      vertex -20.24412155078982 21.34771906792159 9
    endloop
  endfacet
  facet normal 0.881921264348354 -0.4713967368259996 0
    outer loop
      vertex -20.24412155078982 21.34771906792159 9
      vertex -19.874481869954852 22.039266270539642 4
      vertex -19.874481869954852 22.039266270539642 9
    endloop
  endfacet
  facet normal 0 0 1
    outer loop
      vertex -20.24412155078982 21.34771906792159 9
      vertex -19.874481869954852 22.039266270539642 9
      vertex -20.24412155078982 25.79228093207841 9
    endloop
  endfacet
  facet normal 0.881921264348354 0.4713967368259996 0
    outer loop
      vertex -20.24412155078982 25.79228093207841 4
      vertex -20.24412155078982 25.79228093207841 9
      vertex -19.874481869954852 25.10073372946036 9
    endloop
  endfacet
  facet normal 0 0 1
    outer loop
      vertex -20.24412155078982 25.79228093207841 4
      vertex -19.874481869954852 25.10073372946036 4
      vertex 28.5 62.5 4
    endloop
  endfacet
  facet normal 0.881921264348354 0.4713967368259996 0
    outer loop
      vertex -20.24412155078982 25.79228093207841 4
      vertex -19.874481869954852 25.10073372946036 9
      vertex -19.874481869954852 25.10073372946036 4
    endloop
  endfacet
  facet normal 0 0 1
    outer loop
      vertex -20.24412155078982 25.79228093207841 9
      vertex -19.874481869954852 22.039266270539642 9
      vertex -19.874481869954852 25.10073372946036 9
    endloop
  endfacet
  facet normal 0.9569403357322093 -0.2902846772544611 0
    outer loop
      vertex -19.874481869954852 -25.10073372946036 4
      vertex -19.64685887838708 -24.350361288064512 4
      vertex -19.874481869954852 -25.10073372946036 9
    endloop
  endfacet
  facet normal 0 0 1
    outer loop
      vertex -19.874481869954852 -25.10073372946036 4
      vertex 19.64685887838708 -24.350361288064512 4
      vertex -19.64685887838708 -24.350361288064512 4
    endloop
  endfacet
  facet normal 0.9569403357322093 -0.2902846772544611 0
    outer loop
      vertex -19.874481869954852 -25.10073372946036 9
      vertex -19.64685887838708 -24.350361288064512 4
      vertex -19.64685887838708 -24.350361288064512 9
    endloop
  endfacet
  facet normal 0 0 1
    outer loop
      vertex -19.874481869954852 -25.10073372946036 9
      vertex -19.64685887838708 -24.350361288064512 9
      vertex -19.874481869954852 -22.039266270539642 9
    endloop
  endfacet
  facet normal 0.9569403357322093 0.2902846772544611 0
    outer loop
      vertex -19.874481869954852 -22.039266270539642 4
      vertex -19.874481869954852 -22.039266270539642 9
      vertex -19.64685887838708 -22.78963871193549 9
    endloop
  endfacet
  facet normal 0 0 1
    outer loop
      vertex -19.874481869954852 -22.039266270539642 4
      vertex -19.64685887838708 -22.78963871193549 4
      vertex 19.874481869954852 -22.039266270539642 4
    endloop
  endfacet
  facet normal 0.9569403357322093 0.2902846772544611 0
    outer loop
      vertex -19.874481869954852 -22.039266270539642 4
      vertex -19.64685887838708 -22.78963871193549 9
      vertex -19.64685887838708 -22.78963871193549 4
    endloop
  endfacet
  facet normal 0 0 1
    outer loop
      vertex -19.874481869954852 -22.039266270539642 4
      vertex 19.874481869954852 -22.039266270539642 4
      vertex 20.24412155078982 -21.34771906792159 4
    endloop
  endfacet
  facet normal 0 0 1
    outer loop
      vertex -19.874481869954852 -22.039266270539642 4
      vertex 20.24412155078982 -21.34771906792159 4
      vertex 20.74157287525381 -20.74157287525381 4
    endloop
  endfacet
  facet normal 0 0 1
    outer loop
      vertex -19.874481869954852 -22.039266270539642 4
      vertex 20.74157287525381 -20.74157287525381 4
      vertex 21.34771906792159 -20.24412155078982 4
    endloop
  endfacet
  facet normal 0 0 1
    outer loop
      vertex -19.874481869954852 -22.039266270539642 4
      vertex 21.34771906792159 -20.24412155078982 4
      vertex 22.039266270539642 -19.874481869954852 4
    endloop
  endfacet
  facet normal 0 0 1
    outer loop
      vertex -19.874481869954852 -22.039266270539642 4
      vertex 22.039266270539642 -19.874481869954852 4
      vertex 22.039266270539642 19.874481869954852 4
    endloop
  endfacet
  facet normal 0 0 1
    outer loop
      vertex -19.874481869954852 -22.039266270539642 9
      vertex -19.64685887838708 -24.350361288064512 9
      vertex -19.64685887838708 -22.78963871193549 9
    endloop
  endfacet
  facet normal 0.9569403357322093 -0.2902846772544611 0
    outer loop
      vertex -19.874481869954852 22.039266270539642 4
      vertex -19.64685887838708 22.78963871193549 4
      vertex -19.874481869954852 22.039266270539642 9
    endloop
  endfacet
  facet normal 0.9569403357322093 -0.2902846772544611 0
    outer loop
      vertex -19.874481869954852 22.039266270539642 9
      vertex -19.64685887838708 22.78963871193549 4
      vertex -19.64685887838708 22.78963871193549 9
    endloop
  endfacet
  facet normal 0 0 1
    outer loop
      vertex -19.874481869954852 22.039266270539642 9
      vertex -19.64685887838708 22.78963871193549 9
      vertex -19.874481869954852 25.10073372946036 9
    endloop
  endfacet
  facet normal 0.9569403357322093 0.2902846772544611 0
    outer loop
      vertex -19.874481869954852 25.10073372946036 4
      vertex -19.874481869954852 25.10073372946036 9
      vertex -19.64685887838708 24.350361288064512 9
    endloop
  endfacet
  facet normal 0 0 1
    outer loop
      vertex -19.874481869954852 25.10073372946036 4
      vertex -19.64685887838708 24.350361288064512 4
      vertex 28.5 62.5 4
    endloop
  endfacet
  facet normal 0.9569403357322093 0.2902846772544611 0
    outer loop
      vertex -19.874481869954852 25.10073372946036 4
      vertex -19.64685887838708 24.350361288064512 9
      vertex -19.64685887838708 24.350361288064512 4
    endloop
  endfacet
  facet normal 0 0 1
    outer loop
      vertex -19.874481869954852 25.10073372946036 9
      vertex -19.64685887838708 22.78963871193549 9
      vertex -19.64685887838708 24.350361288064512 9
    endloop
  endfacet
  facet normal 0.9951847266721968 -0.09801714032956084 0
    outer loop
      vertex -19.64685887838708 -24.350361288064512 4
      vertex -19.57 -23.57 4
      vertex -19.64685887838708 -24.350361288064512 9
    endloop
  endfacet
  facet normal 0 0 1
    outer loop
      vertex -19.64685887838708 -24.350361288064512 4
      vertex 19.57 -23.57 4
      vertex -19.57 -23.57 4
    endloop
  endfacet
  facet normal 0 0 1
    outer loop
      vertex -19.64685887838708 -24.350361288064512 4
      vertex 19.64685887838708 -24.350361288064512 4
      vertex 19.57 -23.57 4
    endloop
  endfacet
  facet normal 0.9951847266721968 -0.09801714032956084 0
    outer loop
      vertex -19.64685887838708 -24.350361288064512 9
      vertex -19.57 -23.57 4
      vertex -19.57 -23.57 9
    endloop
  endfacet
  facet normal 0 0 1
    outer loop
      vertex -19.64685887838708 -24.350361288064512 9
      vertex -19.57 -23.57 9
      vertex -19.64685887838708 -22.78963871193549 9
    endloop
  endfacet
  facet normal 0.9951847266721968 0.09801714032956084 0
    outer loop
      vertex -19.64685887838708 -22.78963871193549 4
      vertex -19.64685887838708 -22.78963871193549 9
      vertex -19.57 -23.57 9
    endloop
  endfacet
  facet normal 0 0 1
    outer loop
      vertex -19.64685887838708 -22.78963871193549 4
      vertex -19.57 -23.57 4
      vertex 19.64685887838708 -22.78963871193549 4
    endloop
  endfacet
  facet normal 0.9951847266721968 0.09801714032956084 0
    outer loop
      vertex -19.64685887838708 -22.78963871193549 4
      vertex -19.57 -23.57 9
      vertex -19.57 -23.57 4
    endloop
  endfacet
  facet normal 0 0 1
    outer loop
      vertex -19.64685887838708 -22.78963871193549 4
      vertex 19.64685887838708 -22.78963871193549 4
      vertex 19.874481869954852 -22.039266270539642 4
    endloop
  endfacet
  facet normal 0.9951847266721968 -0.09801714032956084 0
    outer loop
      vertex -19.64685887838708 22.78963871193549 4
      vertex -19.57 23.57 4
      vertex -19.64685887838708 22.78963871193549 9
    endloop
  endfacet
  facet normal 0.9951847266721968 -0.09801714032956084 0
    outer loop
      vertex -19.64685887838708 22.78963871193549 9
      vertex -19.57 23.57 4
      vertex -19.57 23.57 9
    endloop
  endfacet
  facet normal 0 0 1
    outer loop
      vertex -19.64685887838708 22.78963871193549 9
      vertex -19.57 23.57 9
      vertex -19.64685887838708 24.350361288064512 9
    endloop
  endfacet
  facet normal 0.9951847266721968 0.09801714032956084 0
    outer loop
      vertex -19.64685887838708 24.350361288064512 4
      vertex -19.64685887838708 24.350361288064512 9
      vertex -19.57 23.57 9
    endloop
  endfacet
  facet normal 0 0 1
    outer loop
      vertex -19.64685887838708 24.350361288064512 4
      vertex -19.57 23.57 4
      vertex 28.5 62.5 4
    endloop
  endfacet
  facet normal 0.9951847266721968 0.09801714032956084 0
    outer loop
      vertex -19.64685887838708 24.350361288064512 4
      vertex -19.57 23.57 9
      vertex -19.57 23.57 4
    endloop
  endfacet
  facet normal 0 0 1
    outer loop
      vertex -19.57 -23.57 4
      vertex 19.57 -23.57 4
      vertex 19.64685887838708 -22.78963871193549 4
    endloop
  endfacet
  facet normal 0 0 -1
    outer loop
      vertex -15.97664543524416 -8 0
      vertex 22.17 -23.57 0
      vertex 22.196900607435477 -23.84312645082258 0
    endloop
  endfacet
  facet normal 0 0 -1
    outer loop
      vertex -15.97664543524416 -8 0
      vertex 22.196900607435477 -23.84312645082258 0
      vertex 22.276568654484198 -24.105756805311128 0
    endloop
  endfacet
  facet normal 0 0 -1
    outer loop
      vertex -15.97664543524416 -8 0
      vertex 22.196900607435477 -23.29687354917742 0
      vertex 22.17 -23.57 0
    endloop
  endfacet
  facet normal 0 0 -1
    outer loop
      vertex -15.97664543524416 -8 0
      vertex 22.276568654484198 -24.105756805311128 0
      vertex 22.405942542776437 -24.347798326227444 0
    endloop
  endfacet
  facet normal 0 0 -1
    outer loop
      vertex -15.97664543524416 -8 0
      vertex 22.276568654484198 -23.034243194688873 0
      vertex 22.196900607435477 -23.29687354917742 0
    endloop
  endfacet
  facet normal 0 0 -1
    outer loop
      vertex -15.97664543524416 -8 0
      vertex 22.405942542776437 -24.347798326227444 0
      vertex 22.580050506338832 -24.55994949366117 0
    endloop
  endfacet
  facet normal 0 0 -1
    outer loop
      vertex -15.97664543524416 -8 0
      vertex 22.405942542776437 -22.792201673772556 0
      vertex 22.276568654484198 -23.034243194688873 0
    endloop
  endfacet
  facet normal 0 0 -1
    outer loop
      vertex -15.97664543524416 -8 0
      vertex 22.580050506338832 -24.55994949366117 0
      vertex 22.792201673772556 -24.734057457223564 0
    endloop
  endfacet
  facet normal 0 0 -1
    outer loop
      vertex -15.97664543524416 -8 0
      vertex 22.792201673772556 -24.734057457223564 0
      vertex 23.034243194688873 -24.863431345515803 0
    endloop
  endfacet
  facet normal 0 0 -1
    outer loop
      vertex -15.97664543524416 -8 0
      vertex 23.034243194688873 -24.863431345515803 0
      vertex 30.1 -30.1 0
    endloop
  endfacet
  facet normal 0 0 -1
    outer loop
      vertex -15.97664543524416 -8 0
      vertex 30.1 -8 0
      vertex 22.405942542776437 -22.792201673772556 0
    endloop
  endfacet
  facet normal 0 0 -1
    outer loop
      vertex -15.97664543524416 -8 0
      vertex 33.24213793630651 0.27717348410285325 0
      vertex 30.1 -8 0
    endloop
  endfacet
  facet normal 0 0 -1
    outer loop
      vertex 14.348962483654407 39.45302767375822 0
      vertex 15.976645435244164 42 0
      vertex 30.1 42 0
    endloop
  endfacet
  facet normal 0 0 -1
    outer loop
      vertex 14.348962483654407 39.45302767375822 0
      vertex 30.1 42 0
      vertex 40.1 42 0
    endloop
  endfacet
  facet normal 0 0 -1
    outer loop
      vertex 15.976645435244164 42 0
      vertex 30.1 64.1 0
      vertex 30.1 42 0
    endloop
  endfacet
  facet normal -0.9951847266721968 0.09801714032956084 0
    outer loop
      vertex 19.57 -23.57 4
      vertex 19.57 -23.57 9
      vertex 19.64685887838708 -22.78963871193549 9
    endloop
  endfacet
  facet normal -0.9951847266721968 -0.09801714032956084 0
    outer loop
      vertex 19.57 -23.57 4
      vertex 19.64685887838708 -24.350361288064512 4
      vertex 19.57 -23.57 9
    endloop
  endfacet
  facet normal -0.9951847266721968 0.09801714032956084 0
    outer loop
      vertex 19.57 -23.57 4
      vertex 19.64685887838708 -22.78963871193549 9
      vertex 19.64685887838708 -22.78963871193549 4
    endloop
  endfacet
  facet normal -0.9951847266721968 -0.09801714032956084 0
    outer loop
      vertex 19.57 -23.57 9
      vertex 19.64685887838708 -24.350361288064512 4
      vertex 19.64685887838708 -24.350361288064512 9
    endloop
  endfacet
  facet normal 0 0 1
    outer loop
      vertex 19.57 -23.57 9
      vertex 19.64685887838708 -24.350361288064512 9
      vertex 19.64685887838708 -22.78963871193549 9
    endloop
  endfacet
  facet normal -0.9951847266721968 0.09801714032956084 0
    outer loop
      vertex 19.57 23.57 4
      vertex 19.57 23.57 9
      vertex 19.64685887838708 24.350361288064512 9
    endloop
  endfacet
  facet normal -0.9951847266721968 -0.09801714032956084 0
    outer loop
      vertex 19.57 23.57 4
      vertex 19.64685887838708 22.78963871193549 4
      vertex 19.57 23.57 9
    endloop
  endfacet
  facet normal -0.9951847266721968 0.09801714032956084 0
    outer loop
      vertex 19.57 23.57 4
      vertex 19.64685887838708 24.350361288064512 9
      vertex 19.64685887838708 24.350361288064512 4
    endloop
  endfacet
  facet normal -0.9951847266721968 -0.09801714032956084 0
    outer loop
      vertex 19.57 23.57 9
      vertex 19.64685887838708 22.78963871193549 4
      vertex 19.64685887838708 22.78963871193549 9
    endloop
  endfacet
  facet normal 0 0 1
    outer loop
      vertex 19.57 23.57 9
      vertex 19.64685887838708 22.78963871193549 9
      vertex 19.64685887838708 24.350361288064512 9
    endloop
  endfacet
  facet normal -0.9569403357322093 -0.2902846772544611 0
    outer loop
      vertex 19.64685887838708 -24.350361288064512 4
      vertex 19.874481869954852 -25.10073372946036 4
      vertex 19.64685887838708 -24.350361288064512 9
    endloop
  endfacet
  facet normal -0.9569403357322093 -0.2902846772544611 0
    outer loop
      vertex 19.64685887838708 -24.350361288064512 9
      vertex 19.874481869954852 -25.10073372946036 4
      vertex 19.874481869954852 -25.10073372946036 9
    endloop
  endfacet
  facet normal 0 0 1
    outer loop
      vertex 19.64685887838708 -24.350361288064512 9
      vertex 19.874481869954852 -25.10073372946036 9
      vertex 19.64685887838708 -22.78963871193549 9
    endloop
  endfacet
  facet normal -0.9569403357322093 0.2902846772544611 0
    outer loop
      vertex 19.64685887838708 -22.78963871193549 4
      vertex 19.64685887838708 -22.78963871193549 9
      vertex 19.874481869954852 -22.039266270539642 9
    endloop
  endfacet
  facet normal -0.9569403357322093 0.2902846772544611 0
    outer loop
      vertex 19.64685887838708 -22.78963871193549 4
      vertex 19.874481869954852 -22.039266270539642 9
      vertex 19.874481869954852 -22.039266270539642 4
    endloop
  endfacet
  facet normal 0 0 1
    outer loop
      vertex 19.64685887838708 -22.78963871193549 9
      vertex 19.874481869954852 -25.10073372946036 9
      vertex 19.874481869954852 -22.039266270539642 9
    endloop
  endfacet
  facet normal -0.9569403357322093 -0.2902846772544611 0
    outer loop
      vertex 19.64685887838708 22.78963871193549 4
      vertex 19.874481869954852 22.039266270539642 4
      vertex 19.64685887838708 22.78963871193549 9
    endloop
  endfacet
  facet normal -0.9569403357322093 -0.2902846772544611 0
    outer loop
      vertex 19.64685887838708 22.78963871193549 9
      vertex 19.874481869954852 22.039266270539642 4
      vertex 19.874481869954852 22.039266270539642 9
    endloop
  endfacet
  facet normal 0 0 1
    outer loop
      vertex 19.64685887838708 22.78963871193549 9
      vertex 19.874481869954852 22.039266270539642 9
      vertex 19.64685887838708 24.350361288064512 9
    endloop
  endfacet
  facet normal -0.9569403357322093 0.2902846772544611 0
    outer loop
      vertex 19.64685887838708 24.350361288064512 4
      vertex 19.64685887838708 24.350361288064512 9
      vertex 19.874481869954852 25.10073372946036 9
    endloop
  endfacet
  facet normal -0.9569403357322093 0.2902846772544611 0
    outer loop
      vertex 19.64685887838708 24.350361288064512 4
      vertex 19.874481869954852 25.10073372946036 9
      vertex 19.874481869954852 25.10073372946036 4
    endloop
  endfacet
  facet normal 0 0 1
    outer loop
      vertex 19.64685887838708 24.350361288064512 9
      vertex 19.874481869954852 22.039266270539642 9
      vertex 19.874481869954852 25.10073372946036 9
    endloop
  endfacet
  facet normal -0.881921264348354 -0.4713967368259996 0
    outer loop
      vertex 19.874481869954852 -25.10073372946036 4
      vertex 20.24412155078982 -25.79228093207841 4
      vertex 19.874481869954852 -25.10073372946036 9
    endloop
  endfacet
  facet normal -0.881921264348354 -0.4713967368259996 0
    outer loop
      vertex 19.874481869954852 -25.10073372946036 9
      vertex 20.24412155078982 -25.79228093207841 4
      vertex 20.24412155078982 -25.79228093207841 9
    endloop
  endfacet
  facet normal 0 0 1
    outer loop
      vertex 19.874481869954852 -25.10073372946036 9
      vertex 20.24412155078982 -25.79228093207841 9
      vertex 19.874481869954852 -22.039266270539642 9
    endloop
  endfacet
  facet normal -0.881921264348354 0.4713967368259996 0
    outer loop
      vertex 19.874481869954852 -22.039266270539642 4
      vertex 19.874481869954852 -22.039266270539642 9
      vertex 20.24412155078982 -21.34771906792159 9
    endloop
  endfacet
  facet normal -0.881921264348354 0.4713967368259996 0
    outer loop
      vertex 19.874481869954852 -22.039266270539642 4
      vertex 20.24412155078982 -21.34771906792159 9
      vertex 20.24412155078982 -21.34771906792159 4
    endloop
  endfacet
  facet normal 0 0 1
    outer loop
      vertex 19.874481869954852 -22.039266270539642 9
      vertex 20.24412155078982 -25.79228093207841 9
      vertex 20.24412155078982 -21.34771906792159 9
    endloop
  endfacet
  facet normal -0.881921264348354 -0.4713967368259996 0
    outer loop
      vertex 19.874481869954852 22.039266270539642 4
      vertex 20.24412155078982 21.34771906792159 4
      vertex 19.874481869954852 22.039266270539642 9
    endloop
  endfacet
  facet normal -0.881921264348354 -0.4713967368259996 0
    outer loop
      vertex 19.874481869954852 22.039266270539642 9
      vertex 20.24412155078982 21.34771906792159 4
      vertex 20.24412155078982 21.34771906792159 9
    endloop
  endfacet
  facet normal 0 0 1
    outer loop
      vertex 19.874481869954852 22.039266270539642 9
      vertex 20.24412155078982 21.34771906792159 9
      vertex 19.874481869954852 25.10073372946036 9
    endloop
  endfacet
  facet normal -0.881921264348354 0.4713967368259996 0
    outer loop
      vertex 19.874481869954852 25.10073372946036 4
      vertex 19.874481869954852 25.10073372946036 9
      vertex 20.24412155078982 25.79228093207841 9
    endloop
  endfacet
  facet normal -0.881921264348354 0.4713967368259996 0
    outer loop
      vertex 19.874481869954852 25.10073372946036 4
      vertex 20.24412155078982 25.79228093207841 9
      vertex 20.24412155078982 25.79228093207841 4
    endloop
  endfacet
  facet normal 0 0 1
    outer loop
      vertex 19.874481869954852 25.10073372946036 9
      vertex 20.24412155078982 21.34771906792159 9
      vertex 20.24412155078982 25.79228093207841 9
    endloop
  endfacet
  facet normal -0.7730104533627397 -0.6343932841636423 0
    outer loop
      vertex 20.24412155078982 -25.79228093207841 4
      vertex 20.74157287525381 -26.398427124746192 4
      vertex 20.24412155078982 -25.79228093207841 9
    endloop
  endfacet
  facet normal -0.7730104533627397 -0.6343932841636423 0
    outer loop
      vertex 20.24412155078982 -25.79228093207841 9
      vertex 20.74157287525381 -26.398427124746192 4
      vertex 20.74157287525381 -26.398427124746192 9
    endloop
  endfacet
  facet normal 0 0 1
    outer loop
      vertex 20.24412155078982 -25.79228093207841 9
      vertex 20.74157287525381 -26.398427124746192 9
      vertex 20.24412155078982 -21.34771906792159 9
    endloop
  endfacet
  facet normal -0.7730104533627397 0.6343932841636423 0
    outer loop
      vertex 20.24412155078982 -21.34771906792159 4
      vertex 20.24412155078982 -21.34771906792159 9
      vertex 20.74157287525381 -20.74157287525381 9
    endloop
  endfacet
  facet normal -0.7730104533627397 0.6343932841636423 0
    outer loop
      vertex 20.24412155078982 -21.34771906792159 4
      vertex 20.74157287525381 -20.74157287525381 9
      vertex 20.74157287525381 -20.74157287525381 4
    endloop
  endfacet
  facet normal 0 0 1
    outer loop
      vertex 20.24412155078982 -21.34771906792159 9
      vertex 20.74157287525381 -26.398427124746192 9
      vertex 20.74157287525381 -20.74157287525381 9
    endloop
  endfacet
  facet normal -0.7730104533627397 -0.6343932841636423 0
    outer loop
      vertex 20.24412155078982 21.34771906792159 4
      vertex 20.74157287525381 20.74157287525381 4
      vertex 20.24412155078982 21.34771906792159 9
    endloop
  endfacet
  facet normal -0.7730104533627397 -0.6343932841636423 0
    outer loop
      vertex 20.24412155078982 21.34771906792159 9
      vertex 20.74157287525381 20.74157287525381 4
      vertex 20.74157287525381 20.74157287525381 9
    endloop
  endfacet
  facet normal 0 0 1
    outer loop
      vertex 20.24412155078982 21.34771906792159 9
      vertex 20.74157287525381 20.74157287525381 9
      vertex 20.24412155078982 25.79228093207841 9
    endloop
  endfacet
  facet normal -0.7730104533627397 0.6343932841636423 0
    outer loop
      vertex 20.24412155078982 25.79228093207841 4
      vertex 20.24412155078982 25.79228093207841 9
      vertex 20.74157287525381 26.398427124746192 9
    endloop
  endfacet
  facet normal -0.7730104533627397 0.6343932841636423 0
    outer loop
      vertex 20.24412155078982 25.79228093207841 4
      vertex 20.74157287525381 26.398427124746192 9
      vertex 20.74157287525381 26.398427124746192 4
    endloop
  endfacet
  facet normal 0 0 1
    outer loop
      vertex 20.24412155078982 25.79228093207841 9
      vertex 20.74157287525381 20.74157287525381 9
      vertex 20.74157287525381 26.398427124746192 9
    endloop
  endfacet
  facet normal -0.6343932841636423 -0.7730104533627397 0
    outer loop
      vertex 20.74157287525381 -26.398427124746192 4
      vertex 21.34771906792159 -26.89587844921018 4
      vertex 21.34771906792159 -26.89587844921018 9
    endloop
  endfacet
  facet normal -0.6343932841636423 -0.7730104533627397 0
    outer loop
      vertex 20.74157287525381 -26.398427124746192 4
      vertex 21.34771906792159 -26.89587844921018 9
      vertex 20.74157287525381 -26.398427124746192 9
    endloop
  endfacet
  facet normal 0 0 1
    outer loop
      vertex 20.74157287525381 -26.398427124746192 9
      vertex 21.34771906792159 -26.89587844921018 9
      vertex 20.74157287525381 -20.74157287525381 9
    endloop
  endfacet
  facet normal -0.6343932841636423 0.7730104533627397 0
    outer loop
      vertex 20.74157287525381 -20.74157287525381 4
      vertex 20.74157287525381 -20.74157287525381 9
      vertex 21.34771906792159 -20.24412155078982 4
    endloop
  endfacet
  facet normal 0 0 1
    outer loop
      vertex 20.74157287525381 -20.74157287525381 9
      vertex 21.34771906792159 -26.89587844921018 9
      vertex 21.34771906792159 -20.24412155078982 9
    endloop
  endfacet
  facet normal -0.6343932841636423 0.7730104533627397 0
    outer loop
      vertex 20.74157287525381 -20.74157287525381 9
      vertex 21.34771906792159 -20.24412155078982 9
      vertex 21.34771906792159 -20.24412155078982 4
    endloop
  endfacet
  facet normal -0.6343932841636423 -0.7730104533627397 0
    outer loop
      vertex 20.74157287525381 20.74157287525381 4
      vertex 21.34771906792159 20.24412155078982 4
      vertex 21.34771906792159 20.24412155078982 9
    endloop
  endfacet
  facet normal -0.6343932841636423 -0.7730104533627397 0
    outer loop
      vertex 20.74157287525381 20.74157287525381 4
      vertex 21.34771906792159 20.24412155078982 9
      vertex 20.74157287525381 20.74157287525381 9
    endloop
  endfacet
  facet normal 0 0 1
    outer loop
      vertex 20.74157287525381 20.74157287525381 9
      vertex 21.34771906792159 20.24412155078982 9
      vertex 20.74157287525381 26.398427124746192 9
    endloop
  endfacet
  facet normal -0.6343932841636423 0.7730104533627397 0
    outer loop
      vertex 20.74157287525381 26.398427124746192 4
      vertex 20.74157287525381 26.398427124746192 9
      vertex 21.34771906792159 26.89587844921018 4
    endloop
  endfacet
  facet normal 0 0 1
    outer loop
      vertex 20.74157287525381 26.398427124746192 4
      vertex 21.34771906792159 26.89587844921018 4
      vertex 28.5 62.5 4
    endloop
  endfacet
  facet normal 0 0 1
    outer loop
      vertex 20.74157287525381 26.398427124746192 9
      vertex 21.34771906792159 20.24412155078982 9
      vertex 21.34771906792159 26.89587844921018 9
    endloop
  endfacet
  facet normal -0.6343932841636423 0.7730104533627397 0
    outer loop
      vertex 20.74157287525381 26.398427124746192 9
      vertex 21.34771906792159 26.89587844921018 9
      vertex 21.34771906792159 26.89587844921018 4
    endloop
  endfacet
  facet normal -0.4713967368259996 -0.881921264348354 0
    outer loop
      vertex 21.34771906792159 -26.89587844921018 4
      vertex 22.039266270539642 -27.265518130045148 4
      vertex 22.039266270539642 -27.265518130045148 9
    endloop
  endfacet
  facet normal -0.4713967368259996 -0.881921264348354 0
    outer loop
      vertex 21.34771906792159 -26.89587844921018 4
      vertex 22.039266270539642 -27.265518130045148 9
      vertex 21.34771906792159 -26.89587844921018 9
    endloop
  endfacet
  facet normal 0 0 1
    outer loop
      vertex 21.34771906792159 -26.89587844921018 9
      vertex 22.039266270539642 -27.265518130045148 9
      vertex 21.34771906792159 -20.24412155078982 9
    endloop
  endfacet
  facet normal -0.4713967368259996 0.881921264348354 0
    outer loop
      vertex 21.34771906792159 -20.24412155078982 4
      vertex 21.34771906792159 -20.24412155078982 9
      vertex 22.039266270539642 -19.874481869954852 4
    endloop
  endfacet
  facet normal 0 0 1
    outer loop
      vertex 21.34771906792159 -20.24412155078982 9
      vertex 22.039266270539642 -27.265518130045148 9
      vertex 22.039266270539642 -19.874481869954852 9
    endloop
  endfacet
  facet normal -0.4713967368259996 0.881921264348354 0
    outer loop
      vertex 21.34771906792159 -20.24412155078982 9
      vertex 22.039266270539642 -19.874481869954852 9
      vertex 22.039266270539642 -19.874481869954852 4
    endloop
  endfacet
  facet normal -0.4713967368259996 -0.881921264348354 0
    outer loop
      vertex 21.34771906792159 20.24412155078982 4
      vertex 22.039266270539642 19.874481869954852 4
      vertex 22.039266270539642 19.874481869954852 9
    endloop
  endfacet
  facet normal -0.4713967368259996 -0.881921264348354 0
    outer loop
      vertex 21.34771906792159 20.24412155078982 4
      vertex 22.039266270539642 19.874481869954852 9
      vertex 21.34771906792159 20.24412155078982 9
    endloop
  endfacet
  facet normal 0 0 1
    outer loop
      vertex 21.34771906792159 20.24412155078982 9
      vertex 22.039266270539642 19.874481869954852 9
      vertex 21.34771906792159 26.89587844921018 9
    endloop
  endfacet
  facet normal -0.4713967368259996 0.881921264348354 0
    outer loop
      vertex 21.34771906792159 26.89587844921018 4
      vertex 21.34771906792159 26.89587844921018 9
      vertex 22.039266270539642 27.265518130045148 4
    endloop
  endfacet
  facet normal 0 0 1
    outer loop
      vertex 21.34771906792159 26.89587844921018 4
      vertex 22.039266270539642 27.265518130045148 4
      vertex 28.5 62.5 4
    endloop
  endfacet
  facet normal 0 0 1
    outer loop
      vertex 21.34771906792159 26.89587844921018 9
      vertex 22.039266270539642 19.874481869954852 9
      vertex 22.039266270539642 27.265518130045148 9
    endloop
  endfacet
  facet normal -0.4713967368259996 0.881921264348354 0
    outer loop
      vertex 21.34771906792159 26.89587844921018 9
      vertex 22.039266270539642 27.265518130045148 9
      vertex 22.039266270539642 27.265518130045148 4
    endloop
  endfacet
  facet normal -0.2902846772544611 -0.9569403357322093 0
    outer loop
      vertex 22.039266270539642 -27.265518130045148 4
      vertex 22.78963871193549 -27.493141121612922 4
      vertex 22.78963871193549 -27.493141121612922 9
    endloop
  endfacet
  facet normal -0.2902846772544611 -0.9569403357322093 0
    outer loop
      vertex 22.039266270539642 -27.265518130045148 4
      vertex 22.78963871193549 -27.493141121612922 9
      vertex 22.039266270539642 -27.265518130045148 9
    endloop
  endfacet
  facet normal 0 0 1
    outer loop
      vertex 22.039266270539642 -27.265518130045148 9
      vertex 22.17 -23.57 9
      vertex 22.039266270539642 -19.874481869954852 9
    endloop
  endfacet
  facet normal 0 0 1
    outer loop
      vertex 22.039266270539642 -27.265518130045148 9
      vertex 22.196900607435477 -23.84312645082258 9
      vertex 22.17 -23.57 9
    endloop
  endfacet
  facet normal 0 0 1
    outer loop
      vertex 22.039266270539642 -27.265518130045148 9
      vertex 22.276568654484198 -24.105756805311128 9
      vertex 22.196900607435477 -23.84312645082258 9
    endloop
  endfacet
  facet normal 0 0 1
    outer loop
      vertex 22.039266270539642 -27.265518130045148 9
      vertex 22.405942542776437 -24.347798326227444 9
      vertex 22.276568654484198 -24.105756805311128 9
    endloop
  endfacet
  facet normal 0 0 1
    outer loop
      vertex 22.039266270539642 -27.265518130045148 9
      vertex 22.78963871193549 -27.493141121612922 9
      vertex 22.405942542776437 -24.347798326227444 9
    endloop
  endfacet
  facet normal -0.2902846772544611 0.9569403357322093 0
    outer loop
      vertex 22.039266270539642 -19.874481869954852 4
      vertex 22.039266270539642 -19.874481869954852 9
      vertex 22.78963871193549 -19.64685887838708 4
    endloop
  endfacet
  facet normal 0 0 1
    outer loop
      vertex 22.039266270539642 -19.874481869954852 4
      vertex 22.78963871193549 -19.64685887838708 4
      vertex 22.039266270539642 19.874481869954852 4
    endloop
  endfacet
  facet normal 0 0 1
    outer loop
      vertex 22.039266270539642 -19.874481869954852 9
      vertex 22.17 -23.57 9
      vertex 22.196900607435477 -23.29687354917742 9
    endloop
  endfacet
  facet normal 0 0 1
    outer loop
      vertex 22.039266270539642 -19.874481869954852 9
      vertex 22.196900607435477 -23.29687354917742 9
      vertex 22.276568654484198 -23.034243194688873 9
    endloop
  endfacet
  facet normal 0 0 1
    outer loop
      vertex 22.039266270539642 -19.874481869954852 9
      vertex 22.276568654484198 -23.034243194688873 9
      vertex 22.405942542776437 -22.792201673772556 9
    endloop
  endfacet
  facet normal 0 0 1
    outer loop
      vertex 22.039266270539642 -19.874481869954852 9
      vertex 22.405942542776437 -22.792201673772556 9
      vertex 22.580050506338832 -22.580050506338832 9
    endloop
  endfacet
  facet normal 0 0 1
    outer loop
      vertex 22.039266270539642 -19.874481869954852 9
      vertex 22.580050506338832 -22.580050506338832 9
      vertex 22.792201673772556 -22.405942542776437 9
    endloop
  endfacet
  facet normal -0.2902846772544611 0.9569403357322093 0
    outer loop
      vertex 22.039266270539642 -19.874481869954852 9
      vertex 22.78963871193549 -19.64685887838708 9
      vertex 22.78963871193549 -19.64685887838708 4
    endloop
  endfacet
  facet normal 0 0 1
    outer loop
      vertex 22.039266270539642 -19.874481869954852 9
      vertex 22.792201673772556 -22.405942542776437 9
      vertex 22.78963871193549 -19.64685887838708 9
    endloop
  endfacet
  facet normal 0 0 1
    outer loop
      vertex 22.039266270539642 19.874481869954852 4
      vertex 22.78963871193549 -19.64685887838708 4
      vertex 22.78963871193549 19.64685887838708 4
    endloop
  endfacet
  facet normal -0.2902846772544611 -0.9569403357322093 0
    outer loop
      vertex 22.039266270539642 19.874481869954852 4
      vertex 22.78963871193549 19.64685887838708 4
      vertex 22.78963871193549 19.64685887838708 9
    endloop
  endfacet
  facet normal -0.2902846772544611 -0.9569403357322093 0
    outer loop
      vertex 22.039266270539642 19.874481869954852 4
      vertex 22.78963871193549 19.64685887838708 9
      vertex 22.039266270539642 19.874481869954852 9
    endloop
  endfacet
  facet normal 0 0 1
    outer loop
      vertex 22.039266270539642 19.874481869954852 9
      vertex 22.17 23.57 9
      vertex 22.039266270539642 27.265518130045148 9
    endloop
  endfacet
  facet normal 0 0 1
    outer loop
      vertex 22.039266270539642 19.874481869954852 9
      vertex 22.196900607435477 23.29687354917742 9
      vertex 22.17 23.57 9
    endloop
  endfacet
  facet normal 0 0 1
    outer loop
      vertex 22.039266270539642 19.874481869954852 9
      vertex 22.276568654484198 23.034243194688873 9
      vertex 22.196900607435477 23.29687354917742 9
    endloop
  endfacet
  facet normal 0 0 1
    outer loop
      vertex 22.039266270539642 19.874481869954852 9
      vertex 22.405942542776437 22.792201673772556 9
      vertex 22.276568654484198 23.034243194688873 9
    endloop
  endfacet
  facet normal 0 0 1
    outer loop
      vertex 22.039266270539642 19.874481869954852 9
      vertex 22.78963871193549 19.64685887838708 9
      vertex 22.405942542776437 22.792201673772556 9
    endloop
  endfacet
  facet normal -0.2902846772544611 0.9569403357322093 0
    outer loop
      vertex 22.039266270539642 27.265518130045148 4
      vertex 22.039266270539642 27.265518130045148 9
      vertex 22.78963871193549 27.493141121612922 4
    endloop
  endfacet
  facet normal 0 0 1
    outer loop
      vertex 22.039266270539642 27.265518130045148 4
      vertex 22.78963871193549 27.493141121612922 4
      vertex 28.5 62.5 4
    endloop
  endfacet
  facet normal 0 0 1
    outer loop
      vertex 22.039266270539642 27.265518130045148 9
      vertex 22.17 23.57 9
      vertex 22.196900607435477 23.84312645082258 9
    endloop
  endfacet
  facet normal 0 0 1
    outer loop
      vertex 22.039266270539642 27.265518130045148 9
      vertex 22.196900607435477 23.84312645082258 9
      vertex 22.276568654484198 24.105756805311128 9
    endloop
  endfacet
  facet normal 0 0 1
    outer loop
      vertex 22.039266270539642 27.265518130045148 9
      vertex 22.276568654484198 24.105756805311128 9
      vertex 22.405942542776437 24.347798326227444 9
    endloop
  endfacet
  facet normal 0 0 1
    outer loop
      vertex 22.039266270539642 27.265518130045148 9
      vertex 22.405942542776437 24.347798326227444 9
      vertex 22.580050506338832 24.55994949366117 9
    endloop
  endfacet
  facet normal 0 0 1
    outer loop
      vertex 22.039266270539642 27.265518130045148 9
      vertex 22.580050506338832 24.55994949366117 9
      vertex 22.792201673772556 24.734057457223564 9
    endloop
  endfacet
  facet normal -0.2902846772544611 0.9569403357322093 0
    outer loop
      vertex 22.039266270539642 27.265518130045148 9
      vertex 22.78963871193549 27.493141121612922 9
      vertex 22.78963871193549 27.493141121612922 4
    endloop
  endfacet
  facet normal 0 0 1
    outer loop
      vertex 22.039266270539642 27.265518130045148 9
      vertex 22.792201673772556 24.734057457223564 9
      vertex 22.78963871193549 27.493141121612922 9
    endloop
  endfacet
  facet normal 0.9951847266721976 0.09801714032955393 0
    outer loop
      vertex 22.17 -23.57 0
      vertex 22.17 -23.57 4
      vertex 22.196900607435477 -23.84312645082258 0
    endloop
  endfacet
  facet normal 0.9951847266721976 -0.09801714032955393 0
    outer loop
      vertex 22.17 -23.57 0
      vertex 22.196900607435477 -23.29687354917742 0
      vertex 22.196900607435477 -23.29687354917742 4
    endloop
  endfacet
  facet normal 0.9951847266721976 -0.09801714032955393 0
    outer loop
      vertex 22.17 -23.57 0
      vertex 22.196900607435477 -23.29687354917742 4
      vertex 22.17 -23.57 4
    endloop
  endfacet
  facet normal 0.9951847266721976 0.09801714032955393 0
    outer loop
      vertex 22.17 -23.57 4
      vertex 22.17 -23.57 9
      vertex 22.196900607435477 -23.84312645082258 4
    endloop
  endfacet
  facet normal 0.9951847266721976 0.09801714032955393 0
    outer loop
      vertex 22.17 -23.57 4
      vertex 22.196900607435477 -23.84312645082258 4
      vertex 22.196900607435477 -23.84312645082258 0
    endloop
  endfacet
  facet normal 0.9951847266721976 -0.09801714032955393 0
    outer loop
      vertex 22.17 -23.57 4
      vertex 22.196900607435477 -23.29687354917742 4
      vertex 22.196900607435477 -23.29687354917742 9
    endloop
  endfacet
  facet normal 0.9951847266721976 -0.09801714032955393 0
    outer loop
      vertex 22.17 -23.57 4
      vertex 22.196900607435477 -23.29687354917742 9
      vertex 22.17 -23.57 9
    endloop
  endfacet
  facet normal 0.9951847266721976 0.09801714032955393 0
    outer loop
      vertex 22.17 -23.57 9
      vertex 22.196900607435477 -23.84312645082258 9
      vertex 22.196900607435477 -23.84312645082258 4
    endloop
  endfacet
  facet normal 0.9951847266721976 0.09801714032955393 0
    outer loop
      vertex 22.17 23.57 0
      vertex 22.17 23.57 4
      vertex 22.196900607435477 23.29687354917742 0
    endloop
  endfacet
  facet normal 0.9951847266721976 -0.09801714032955393 0
    outer loop
      vertex 22.17 23.57 0
      vertex 22.196900607435477 23.84312645082258 0
      vertex 22.196900607435477 23.84312645082258 4
    endloop
  endfacet
  facet normal 0.9951847266721976 -0.09801714032955393 0
    outer loop
      vertex 22.17 23.57 0
      vertex 22.196900607435477 23.84312645082258 4
      vertex 22.17 23.57 4
    endloop
  endfacet
  facet normal 0.9951847266721976 0.09801714032955393 0
    outer loop
      vertex 22.17 23.57 4
      vertex 22.17 23.57 9
      vertex 22.196900607435477 23.29687354917742 4
    endloop
  endfacet
  facet normal 0.9951847266721976 0.09801714032955393 0
    outer loop
      vertex 22.17 23.57 4
      vertex 22.196900607435477 23.29687354917742 4
      vertex 22.196900607435477 23.29687354917742 0
    endloop
  endfacet
  facet normal 0.9951847266721976 -0.09801714032955393 0
    outer loop
      vertex 22.17 23.57 4
      vertex 22.196900607435477 23.84312645082258 4
      vertex 22.196900607435477 23.84312645082258 9
    endloop
  endfacet
  facet normal 0.9951847266721976 -0.09801714032955393 0
    outer loop
      vertex 22.17 23.57 4
      vertex 22.196900607435477 23.84312645082258 9
      vertex 22.17 23.57 9
    endloop
  endfacet
  facet normal 0.9951847266721976 0.09801714032955393 0
    outer loop
      vertex 22.17 23.57 9
      vertex 22.196900607435477 23.29687354917742 9
      vertex 22.196900607435477 23.29687354917742 4
    endloop
  endfacet
  facet normal 0.9569403357322098 0.29028467725445894 0
    outer loop
      vertex 22.196900607435477 -23.84312645082258 0
      vertex 22.196900607435477 -23.84312645082258 4
      vertex 22.276568654484198 -24.105756805311128 0
    endloop
  endfacet
  facet normal 0.9569403357322098 0.290284677254459 0
    outer loop
      vertex 22.196900607435477 -23.84312645082258 4
      vertex 22.196900607435477 -23.84312645082258 9
      vertex 22.276568654484198 -24.105756805311128 4
    endloop
  endfacet
  facet normal 0.9569403357322098 0.29028467725445894 0
    outer loop
      vertex 22.196900607435477 -23.84312645082258 4
      vertex 22.276568654484198 -24.105756805311128 4
      vertex 22.276568654484198 -24.105756805311128 0
    endloop
  endfacet
  facet normal 0.9569403357322098 0.290284677254459 0
    outer loop
      vertex 22.196900607435477 -23.84312645082258 9
      vertex 22.276568654484198 -24.105756805311128 9
      vertex 22.276568654484198 -24.105756805311128 4
    endloop
  endfacet
  facet normal 0.9569403357322098 -0.29028467725445894 0
    outer loop
      vertex 22.196900607435477 -23.29687354917742 0
      vertex 22.276568654484198 -23.034243194688873 0
      vertex 22.276568654484198 -23.034243194688873 4
    endloop
  endfacet
  facet normal 0.9569403357322098 -0.29028467725445894 0
    outer loop
      vertex 22.196900607435477 -23.29687354917742 0
      vertex 22.276568654484198 -23.034243194688873 4
      vertex 22.196900607435477 -23.29687354917742 4
    endloop
  endfacet
  facet normal 0.9569403357322098 -0.290284677254459 0
    outer loop
      vertex 22.196900607435477 -23.29687354917742 4
      vertex 22.276568654484198 -23.034243194688873 4
      vertex 22.276568654484198 -23.034243194688873 9
    endloop
  endfacet
  facet normal 0.9569403357322098 -0.290284677254459 0
    outer loop
      vertex 22.196900607435477 -23.29687354917742 4
      vertex 22.276568654484198 -23.034243194688873 9
      vertex 22.196900607435477 -23.29687354917742 9
    endloop
  endfacet
  facet normal 0.9569403357322098 0.29028467725445894 0
    outer loop
      vertex 22.196900607435477 23.29687354917742 0
      vertex 22.196900607435477 23.29687354917742 4
      vertex 22.276568654484198 23.034243194688873 0
    endloop
  endfacet
  facet normal 0.9569403357322098 0.290284677254459 0
    outer loop
      vertex 22.196900607435477 23.29687354917742 4
      vertex 22.196900607435477 23.29687354917742 9
      vertex 22.276568654484198 23.034243194688873 4
    endloop
  endfacet
  facet normal 0.9569403357322098 0.29028467725445894 0
    outer loop
      vertex 22.196900607435477 23.29687354917742 4
      vertex 22.276568654484198 23.034243194688873 4
      vertex 22.276568654484198 23.034243194688873 0
    endloop
  endfacet
  facet normal 0.9569403357322098 0.290284677254459 0
    outer loop
      vertex 22.196900607435477 23.29687354917742 9
      vertex 22.276568654484198 23.034243194688873 9
      vertex 22.276568654484198 23.034243194688873 4
    endloop
  endfacet
  facet normal 0.9569403357322098 -0.29028467725445894 0
    outer loop
      vertex 22.196900607435477 23.84312645082258 0
      vertex 22.276568654484198 24.105756805311128 0
      vertex 22.276568654484198 24.105756805311128 4
    endloop
  endfacet
  facet normal 0.9569403357322098 -0.29028467725445894 0
    outer loop
      vertex 22.196900607435477 23.84312645082258 0
      vertex 22.276568654484198 24.105756805311128 4
      vertex 22.196900607435477 23.84312645082258 4
    endloop
  endfacet
  facet normal 0.9569403357322098 -0.290284677254459 0
    outer loop
      vertex 22.196900607435477 23.84312645082258 4
      vertex 22.276568654484198 24.105756805311128 4
      vertex 22.276568654484198 24.105756805311128 9
    endloop
  endfacet
  facet normal 0.9569403357322098 -0.290284677254459 0
    outer loop
      vertex 22.196900607435477 23.84312645082258 4
      vertex 22.276568654484198 24.105756805311128 9
      vertex 22.196900607435477 23.84312645082258 9
    endloop
  endfacet
  facet normal 0.8819212643483532 0.4713967368260015 0
    outer loop
      vertex 22.276568654484198 -24.105756805311128 0
      vertex 22.276568654484198 -24.105756805311128 4
      vertex 22.405942542776437 -24.347798326227444 0
    endloop
  endfacet
  facet normal 0.8819212643483529 0.47139673682600136 0
    outer loop
      vertex 22.276568654484198 -24.105756805311128 4
      vertex 22.276568654484198 -24.105756805311128 9
      vertex 22.405942542776437 -24.347798326227444 4
    endloop
  endfacet
  facet normal 0.8819212643483532 0.4713967368260015 0
    outer loop
      vertex 22.276568654484198 -24.105756805311128 4
      vertex 22.405942542776437 -24.347798326227444 4
      vertex 22.405942542776437 -24.347798326227444 0
    endloop
  endfacet
  facet normal 0.8819212643483529 0.47139673682600136 0
    outer loop
      vertex 22.276568654484198 -24.105756805311128 9
      vertex 22.405942542776437 -24.347798326227444 9
      vertex 22.405942542776437 -24.347798326227444 4
    endloop
  endfacet
  facet normal 0.8819212643483532 -0.4713967368260015 0
    outer loop
      vertex 22.276568654484198 -23.034243194688873 0
      vertex 22.405942542776437 -22.792201673772556 0
      vertex 22.405942542776437 -22.792201673772556 4
    endloop
  endfacet
  facet normal 0.8819212643483532 -0.4713967368260015 0
    outer loop
      vertex 22.276568654484198 -23.034243194688873 0
      vertex 22.405942542776437 -22.792201673772556 4
      vertex 22.276568654484198 -23.034243194688873 4
    endloop
  endfacet
  facet normal 0.8819212643483529 -0.47139673682600136 0
    outer loop
      vertex 22.276568654484198 -23.034243194688873 4
      vertex 22.405942542776437 -22.792201673772556 4
      vertex 22.405942542776437 -22.792201673772556 9
    endloop
  endfacet
  facet normal 0.8819212643483529 -0.47139673682600136 0
    outer loop
      vertex 22.276568654484198 -23.034243194688873 4
      vertex 22.405942542776437 -22.792201673772556 9
      vertex 22.276568654484198 -23.034243194688873 9
    endloop
  endfacet
  facet normal 0.8819212643483532 0.4713967368260015 0
    outer loop
      vertex 22.276568654484198 23.034243194688873 0
      vertex 22.276568654484198 23.034243194688873 4
      vertex 22.405942542776437 22.792201673772556 0
    endloop
  endfacet
  facet normal 0.8819212643483529 0.47139673682600136 0
    outer loop
      vertex 22.276568654484198 23.034243194688873 4
      vertex 22.276568654484198 23.034243194688873 9
      vertex 22.405942542776437 22.792201673772556 4
    endloop
  endfacet
  facet normal 0.8819212643483532 0.4713967368260015 0
    outer loop
      vertex 22.276568654484198 23.034243194688873 4
      vertex 22.405942542776437 22.792201673772556 4
      vertex 22.405942542776437 22.792201673772556 0
    endloop
  endfacet
  facet normal 0.8819212643483529 0.47139673682600136 0
    outer loop
      vertex 22.276568654484198 23.034243194688873 9
      vertex 22.405942542776437 22.792201673772556 9
      vertex 22.405942542776437 22.792201673772556 4
    endloop
  endfacet
  facet normal 0.8819212643483532 -0.4713967368260015 0
    outer loop
      vertex 22.276568654484198 24.105756805311128 0
      vertex 22.405942542776437 24.347798326227444 0
      vertex 22.405942542776437 24.347798326227444 4
    endloop
  endfacet
  facet normal 0.8819212643483532 -0.4713967368260015 0
    outer loop
      vertex 22.276568654484198 24.105756805311128 0
      vertex 22.405942542776437 24.347798326227444 4
      vertex 22.276568654484198 24.105756805311128 4
    endloop
  endfacet
  facet normal 0.8819212643483529 -0.47139673682600136 0
    outer loop
      vertex 22.276568654484198 24.105756805311128 4
      vertex 22.405942542776437 24.347798326227444 4
      vertex 22.405942542776437 24.347798326227444 9
    endloop
  endfacet
  facet normal 0.8819212643483529 -0.47139673682600136 0
    outer loop
      vertex 22.276568654484198 24.105756805311128 4
      vertex 22.405942542776437 24.347798326227444 9
      vertex 22.276568654484198 24.105756805311128 9
    endloop
  endfacet
  facet normal 0.7730104533627404 0.6343932841636412 0
    outer loop
      vertex 22.405942542776437 -24.347798326227444 0
      vertex 22.405942542776437 -24.347798326227444 4
      vertex 22.580050506338832 -24.55994949366117 0
    endloop
  endfacet
  facet normal 0.7730104533627404 0.6343932841636412 0
    outer loop
      vertex 22.405942542776437 -24.347798326227444 4
      vertex 22.405942542776437 -24.347798326227444 9
      vertex 22.580050506338832 -24.55994949366117 4
    endloop
  endfacet
  facet normal 0.7730104533627404 0.6343932841636412 0
    outer loop
      vertex 22.405942542776437 -24.347798326227444 4
      vertex 22.580050506338832 -24.55994949366117 4
      vertex 22.580050506338832 -24.55994949366117 0
    endloop
  endfacet
  facet normal 0.7730104533627404 0.6343932841636412 0
    outer loop
      vertex 22.405942542776437 -24.347798326227444 9
      vertex 22.580050506338832 -24.55994949366117 9
      vertex 22.580050506338832 -24.55994949366117 4
    endloop
  endfacet
  facet normal 0 0 1
    outer loop
      vertex 22.405942542776437 -24.347798326227444 9
      vertex 22.78963871193549 -27.493141121612922 9
      vertex 22.580050506338832 -24.55994949366117 9
    endloop
  endfacet
  facet normal 0.7730104533627404 -0.6343932841636412 0
    outer loop
      vertex 22.405942542776437 -22.792201673772556 0
      vertex 22.580050506338832 -22.580050506338832 0
      vertex 22.580050506338832 -22.580050506338832 4
    endloop
  endfacet
  facet normal 0.7730104533627404 -0.6343932841636412 0
    outer loop
      vertex 22.405942542776437 -22.792201673772556 0
      vertex 22.580050506338832 -22.580050506338832 4
      vertex 22.405942542776437 -22.792201673772556 4
    endloop
  endfacet
  facet normal 0 0 -1
    outer loop
      vertex 22.405942542776437 -22.792201673772556 0
      vertex 30.1 -8 0
      vertex 22.580050506338832 -22.580050506338832 0
    endloop
  endfacet
  facet normal 0.7730104533627404 -0.6343932841636412 0
    outer loop
      vertex 22.405942542776437 -22.792201673772556 4
      vertex 22.580050506338832 -22.580050506338832 4
      vertex 22.580050506338832 -22.580050506338832 9
    endloop
  endfacet
  facet normal 0.7730104533627404 -0.6343932841636412 0
    outer loop
      vertex 22.405942542776437 -22.792201673772556 4
      vertex 22.580050506338832 -22.580050506338832 9
      vertex 22.405942542776437 -22.792201673772556 9
    endloop
  endfacet
  facet normal 0.7730104533627404 0.6343932841636412 0
    outer loop
      vertex 22.405942542776437 22.792201673772556 0
      vertex 22.405942542776437 22.792201673772556 4
      vertex 22.580050506338832 22.580050506338832 0
    endloop
  endfacet
  facet normal 0 0 -1
    outer loop
      vertex 22.405942542776437 22.792201673772556 0
      vertex 22.580050506338832 22.580050506338832 0
      vertex 32.62432982814608 2.297932752400163 0
    endloop
  endfacet
  facet normal 0.7730104533627404 0.6343932841636412 0
    outer loop
      vertex 22.405942542776437 22.792201673772556 4
      vertex 22.405942542776437 22.792201673772556 9
      vertex 22.580050506338832 22.580050506338832 4
    endloop
  endfacet
  facet normal 0.7730104533627404 0.6343932841636412 0
    outer loop
      vertex 22.405942542776437 22.792201673772556 4
      vertex 22.580050506338832 22.580050506338832 4
      vertex 22.580050506338832 22.580050506338832 0
    endloop
  endfacet
  facet normal 0.7730104533627404 0.6343932841636412 0
    outer loop
      vertex 22.405942542776437 22.792201673772556 9
      vertex 22.580050506338832 22.580050506338832 9
      vertex 22.580050506338832 22.580050506338832 4
    endloop
  endfacet
  facet normal 0 0 1
    outer loop
      vertex 22.405942542776437 22.792201673772556 9
      vertex 22.78963871193549 19.64685887838708 9
      vertex 22.580050506338832 22.580050506338832 9
    endloop
  endfacet
  facet normal 0.7730104533627404 -0.6343932841636412 0
    outer loop
      vertex 22.405942542776437 24.347798326227444 0
      vertex 22.580050506338832 24.55994949366117 0
      vertex 22.580050506338832 24.55994949366117 4
    endloop
  endfacet
  facet normal 0.7730104533627404 -0.6343932841636412 0
    outer loop
      vertex 22.405942542776437 24.347798326227444 0
      vertex 22.580050506338832 24.55994949366117 4
      vertex 22.405942542776437 24.347798326227444 4
    endloop
  endfacet
  facet normal 0.7730104533627404 -0.6343932841636412 0
    outer loop
      vertex 22.405942542776437 24.347798326227444 4
      vertex 22.580050506338832 24.55994949366117 4
      vertex 22.580050506338832 24.55994949366117 9
    endloop
  endfacet
  facet normal 0.7730104533627404 -0.6343932841636412 0
    outer loop
      vertex 22.405942542776437 24.347798326227444 4
      vertex 22.580050506338832 24.55994949366117 9
      vertex 22.405942542776437 24.347798326227444 9
    endloop
  endfacet
  facet normal 0.6343932841636412 0.7730104533627404 0
    outer loop
      vertex 22.580050506338832 -24.55994949366117 0
      vertex 22.580050506338832 -24.55994949366117 4
      vertex 22.792201673772556 -24.734057457223564 0
    endloop
  endfacet
  facet normal 0.6343932841636412 0.7730104533627404 0
    outer loop
      vertex 22.580050506338832 -24.55994949366117 4
      vertex 22.580050506338832 -24.55994949366117 9
      vertex 22.792201673772556 -24.734057457223564 4
    endloop
  endfacet
  facet normal 0.6343932841636412 0.7730104533627404 0
    outer loop
      vertex 22.580050506338832 -24.55994949366117 4
      vertex 22.792201673772556 -24.734057457223564 4
      vertex 22.792201673772556 -24.734057457223564 0
    endloop
  endfacet
  facet normal 0 0 1
    outer loop
      vertex 22.580050506338832 -24.55994949366117 9
      vertex 22.78963871193549 -27.493141121612922 9
      vertex 22.792201673772556 -24.734057457223564 9
    endloop
  endfacet
  facet normal 0.6343932841636412 0.7730104533627404 0
    outer loop
      vertex 22.580050506338832 -24.55994949366117 9
      vertex 22.792201673772556 -24.734057457223564 9
      vertex 22.792201673772556 -24.734057457223564 4
    endloop
  endfacet
  facet normal 0.6343932841636412 -0.7730104533627404 0
    outer loop
      vertex 22.580050506338832 -22.580050506338832 0
      vertex 22.792201673772556 -22.405942542776437 0
      vertex 22.792201673772556 -22.405942542776437 4
    endloop
  endfacet
  facet normal 0.6343932841636412 -0.7730104533627404 0
    outer loop
      vertex 22.580050506338832 -22.580050506338832 0
      vertex 22.792201673772556 -22.405942542776437 4
      vertex 22.580050506338832 -22.580050506338832 4
    endloop
  endfacet
  facet normal 0 0 -1
    outer loop
      vertex 22.580050506338832 -22.580050506338832 0
      vertex 30.1 -8 0
      vertex 22.792201673772556 -22.405942542776437 0
    endloop
  endfacet
  facet normal 0.6343932841636412 -0.7730104533627404 0
    outer loop
      vertex 22.580050506338832 -22.580050506338832 4
      vertex 22.792201673772556 -22.405942542776437 4
      vertex 22.792201673772556 -22.405942542776437 9
    endloop
  endfacet
  facet normal 0.6343932841636412 -0.7730104533627404 0
    outer loop
      vertex 22.580050506338832 -22.580050506338832 4
      vertex 22.792201673772556 -22.405942542776437 9
      vertex 22.580050506338832 -22.580050506338832 9
    endloop
  endfacet
  facet normal 0.6343932841636412 0.7730104533627404 0
    outer loop
      vertex 22.580050506338832 22.580050506338832 0
      vertex 22.580050506338832 22.580050506338832 4
      vertex 22.792201673772556 22.405942542776437 0
    endloop
  endfacet
  facet normal 0 0 -1
    outer loop
      vertex 22.580050506338832 22.580050506338832 0
      vertex 22.792201673772556 22.405942542776437 0
      vertex 32.62432982814608 2.297932752400163 0
    endloop
  endfacet
  facet normal 0.6343932841636412 0.7730104533627404 0
    outer loop
      vertex 22.580050506338832 22.580050506338832 4
      vertex 22.580050506338832 22.580050506338832 9
      vertex 22.792201673772556 22.405942542776437 4
    endloop
  endfacet
  facet normal 0.6343932841636412 0.7730104533627404 0
    outer loop
      vertex 22.580050506338832 22.580050506338832 4
      vertex 22.792201673772556 22.405942542776437 4
      vertex 22.792201673772556 22.405942542776437 0
    endloop
  endfacet
  facet normal 0 0 1
    outer loop
      vertex 22.580050506338832 22.580050506338832 9
      vertex 22.78963871193549 19.64685887838708 9
      vertex 22.792201673772556 22.405942542776437 9
    endloop
  endfacet
  facet normal 0.6343932841636412 0.7730104533627404 0
    outer loop
      vertex 22.580050506338832 22.580050506338832 9
      vertex 22.792201673772556 22.405942542776437 9
      vertex 22.792201673772556 22.405942542776437 4
    endloop
  endfacet
  facet normal 0.6343932841636412 -0.7730104533627404 0
    outer loop
      vertex 22.580050506338832 24.55994949366117 0
      vertex 22.792201673772556 24.734057457223564 0
      vertex 22.792201673772556 24.734057457223564 4
    endloop
  endfacet
  facet normal 0.6343932841636412 -0.7730104533627404 0
    outer loop
      vertex 22.580050506338832 24.55994949366117 0
      vertex 22.792201673772556 24.734057457223564 4
      vertex 22.580050506338832 24.55994949366117 4
    endloop
  endfacet
  facet normal 0.6343932841636412 -0.7730104533627404 0
    outer loop
      vertex 22.580050506338832 24.55994949366117 4
      vertex 22.792201673772556 24.734057457223564 4
      vertex 22.792201673772556 24.734057457223564 9
    endloop
  endfacet
  facet normal 0.6343932841636412 -0.7730104533627404 0
    outer loop
      vertex 22.580050506338832 24.55994949366117 4
      vertex 22.792201673772556 24.734057457223564 9
      vertex 22.580050506338832 24.55994949366117 9
    endloop
  endfacet
  facet normal -0.09801714032956084 -0.9951847266721968 0
    outer loop
      vertex 22.78963871193549 -27.493141121612922 4
      vertex 23.57 -27.57 4
      vertex 23.57 -27.57 9
    endloop
  endfacet
  facet normal -0.09801714032956084 -0.9951847266721968 0
    outer loop
      vertex 22.78963871193549 -27.493141121612922 4
      vertex 23.57 -27.57 9
      vertex 22.78963871193549 -27.493141121612922 9
    endloop
  endfacet
  facet normal 0 0 1
    outer loop
      vertex 22.78963871193549 -27.493141121612922 9
      vertex 23.034243194688873 -24.863431345515803 9
      vertex 22.792201673772556 -24.734057457223564 9
    endloop
  endfacet
  facet normal 0 0 1
    outer loop
      vertex 22.78963871193549 -27.493141121612922 9
      vertex 23.29687354917742 -24.943099392564523 9
      vertex 23.034243194688873 -24.863431345515803 9
    endloop
  endfacet
  facet normal 0 0 1
    outer loop
      vertex 22.78963871193549 -27.493141121612922 9
      vertex 23.57 -27.57 9
      vertex 23.29687354917742 -24.943099392564523 9
    endloop
  endfacet
  facet normal -0.09801714032956084 0.9951847266721968 0
    outer loop
      vertex 22.78963871193549 -19.64685887838708 4
      vertex 22.78963871193549 -19.64685887838708 9
      vertex 23.57 -19.57 4
    endloop
  endfacet
  facet normal 0 0 1
    outer loop
      vertex 22.78963871193549 -19.64685887838708 4
      vertex 23.57 -19.57 4
      vertex 22.78963871193549 19.64685887838708 4
    endloop
  endfacet
  facet normal 0 0 1
    outer loop
      vertex 22.78963871193549 -19.64685887838708 9
      vertex 22.792201673772556 -22.405942542776437 9
      vertex 23.034243194688873 -22.276568654484198 9
    endloop
  endfacet
  facet normal 0 0 1
    outer loop
      vertex 22.78963871193549 -19.64685887838708 9
      vertex 23.034243194688873 -22.276568654484198 9
      vertex 23.29687354917742 -22.196900607435477 9
    endloop
  endfacet
  facet normal 0 0 1
    outer loop
      vertex 22.78963871193549 -19.64685887838708 9
      vertex 23.29687354917742 -22.196900607435477 9
      vertex 23.57 -19.57 9
    endloop
  endfacet
  facet normal -0.09801714032956084 0.9951847266721968 0
    outer loop
      vertex 22.78963871193549 -19.64685887838708 9
      vertex 23.57 -19.57 9
      vertex 23.57 -19.57 4
    endloop
  endfacet
  facet normal 0 0 1
    outer loop
      vertex 22.78963871193549 19.64685887838708 4
      vertex 23.57 -19.57 4
      vertex 23.57 19.57 4
    endloop
  endfacet
  facet normal -0.09801714032956084 -0.9951847266721968 0
    outer loop
      vertex 22.78963871193549 19.64685887838708 4
      vertex 23.57 19.57 4
      vertex 23.57 19.57 9
    endloop
  endfacet
  facet normal -0.09801714032956084 -0.9951847266721968 0
    outer loop
      vertex 22.78963871193549 19.64685887838708 4
      vertex 23.57 19.57 9
      vertex 22.78963871193549 19.64685887838708 9
    endloop
  endfacet
  facet normal 0 0 1
    outer loop
      vertex 22.78963871193549 19.64685887838708 9
      vertex 23.034243194688873 22.276568654484198 9
      vertex 22.792201673772556 22.405942542776437 9
    endloop
  endfacet
  facet normal 0 0 1
    outer loop
      vertex 22.78963871193549 19.64685887838708 9
      vertex 23.29687354917742 22.196900607435477 9
      vertex 23.034243194688873 22.276568654484198 9
    endloop
  endfacet
  facet normal 0 0 1
    outer loop
      vertex 22.78963871193549 19.64685887838708 9
      vertex 23.57 19.57 9
      vertex 23.29687354917742 22.196900607435477 9
    endloop
  endfacet
  facet normal -0.09801714032956084 0.9951847266721968 0
    outer loop
      vertex 22.78963871193549 27.493141121612922 4
      vertex 22.78963871193549 27.493141121612922 9
      vertex 23.57 27.57 4
    endloop
  endfacet
  facet normal 0 0 1
    outer loop
      vertex 22.78963871193549 27.493141121612922 4
      vertex 23.57 27.57 4
      vertex 28.5 62.5 4
    endloop
  endfacet
  facet normal 0 0 1
    outer loop
      vertex 22.78963871193549 27.493141121612922 9
      vertex 22.792201673772556 24.734057457223564 9
      vertex 23.034243194688873 24.863431345515803 9
    endloop
  endfacet
  facet normal 0 0 1
    outer loop
      vertex 22.78963871193549 27.493141121612922 9
      vertex 23.034243194688873 24.863431345515803 9
      vertex 23.29687354917742 24.943099392564523 9
    endloop
  endfacet
  facet normal 0 0 1
    outer loop
      vertex 22.78963871193549 27.493141121612922 9
      vertex 23.29687354917742 24.943099392564523 9
      vertex 23.57 27.57 9
    endloop
  endfacet
  facet normal -0.09801714032956084 0.9951847266721968 0
    outer loop
      vertex 22.78963871193549 27.493141121612922 9
      vertex 23.57 27.57 9
      vertex 23.57 27.57 4
    endloop
  endfacet
  facet normal 0.4713967368260015 0.8819212643483532 0
    outer loop
      vertex 22.792201673772556 -24.734057457223564 0
      vertex 22.792201673772556 -24.734057457223564 4
      vertex 23.034243194688873 -24.863431345515803 0
    endloop
  endfacet
  facet normal 0.47139673682600136 0.8819212643483529 0
    outer loop
      vertex 22.792201673772556 -24.734057457223564 4
      vertex 22.792201673772556 -24.734057457223564 9
      vertex 23.034243194688873 -24.863431345515803 4
    endloop
  endfacet
  facet normal 0.4713967368260015 0.8819212643483532 0
    outer loop
      vertex 22.792201673772556 -24.734057457223564 4
      vertex 23.034243194688873 -24.863431345515803 4
      vertex 23.034243194688873 -24.863431345515803 0
    endloop
  endfacet
  facet normal 0.47139673682600136 0.8819212643483529 0
    outer loop
      vertex 22.792201673772556 -24.734057457223564 9
      vertex 23.034243194688873 -24.863431345515803 9
      vertex 23.034243194688873 -24.863431345515803 4
    endloop
  endfacet
  facet normal 0.4713967368260015 -0.8819212643483532 0
    outer loop
      vertex 22.792201673772556 -22.405942542776437 0
      vertex 23.034243194688873 -22.276568654484198 0
      vertex 23.034243194688873 -22.276568654484198 4
    endloop
  endfacet
  facet normal 0.4713967368260015 -0.8819212643483532 0
    outer loop
      vertex 22.792201673772556 -22.405942542776437 0
      vertex 23.034243194688873 -22.276568654484198 4
      vertex 22.792201673772556 -22.405942542776437 4
    endloop
  endfacet
  facet normal 0 0 -1
    outer loop
      vertex 22.792201673772556 -22.405942542776437 0
      vertex 30.1 -8 0
      vertex 23.034243194688873 -22.276568654484198 0
    endloop
  endfacet
  facet normal 0.47139673682600136 -0.8819212643483529 0
    outer loop
      vertex 22.792201673772556 -22.405942542776437 4
      vertex 23.034243194688873 -22.276568654484198 4
      vertex 23.034243194688873 -22.276568654484198 9
    endloop
  endfacet
  facet normal 0.47139673682600136 -0.8819212643483529 0
    outer loop
      vertex 22.792201673772556 -22.405942542776437 4
      vertex 23.034243194688873 -22.276568654484198 9
      vertex 22.792201673772556 -22.405942542776437 9
    endloop
  endfacet
  facet normal 0.4713967368260015 0.8819212643483532 0
    outer loop
      vertex 22.792201673772556 22.405942542776437 0
      vertex 22.792201673772556 22.405942542776437 4
      vertex 23.034243194688873 22.276568654484198 0
    endloop
  endfacet
  facet normal 0 0 -1
    outer loop
      vertex 22.792201673772556 22.405942542776437 0
      vertex 23.034243194688873 22.276568654484198 0
      vertex 32.62432982814608 2.297932752400163 0
    endloop
  endfacet
  facet normal 0.47139673682600136 0.8819212643483529 0
    outer loop
      vertex 22.792201673772556 22.405942542776437 4
      vertex 22.792201673772556 22.405942542776437 9
      vertex 23.034243194688873 22.276568654484198 4
    endloop
  endfacet
  facet normal 0.4713967368260015 0.8819212643483532 0
    outer loop
      vertex 22.792201673772556 22.405942542776437 4
      vertex 23.034243194688873 22.276568654484198 4
      vertex 23.034243194688873 22.276568654484198 0
    endloop
  endfacet
  facet normal 0.47139673682600136 0.8819212643483529 0
    outer loop
      vertex 22.792201673772556 22.405942542776437 9
      vertex 23.034243194688873 22.276568654484198 9
      vertex 23.034243194688873 22.276568654484198 4
    endloop
  endfacet
  facet normal 0.4713967368260015 -0.8819212643483532 0
    outer loop
      vertex 22.792201673772556 24.734057457223564 0
      vertex 23.034243194688873 24.863431345515803 0
      vertex 23.034243194688873 24.863431345515803 4
    endloop
  endfacet
  facet normal 0.4713967368260015 -0.8819212643483532 0
    outer loop
      vertex 22.792201673772556 24.734057457223564 0
      vertex 23.034243194688873 24.863431345515803 4
      vertex 22.792201673772556 24.734057457223564 4
    endloop
  endfacet
  facet normal 0 0 -1
    outer loop
      vertex 22.792201673772556 24.734057457223564 0
      vertex 33.24213793630651 30.377173484102855 0
      vertex 23.034243194688873 24.863431345515803 0
    endloop
  endfacet
  facet normal 0.47139673682600136 -0.8819212643483529 0
    outer loop
      vertex 22.792201673772556 24.734057457223564 4
      vertex 23.034243194688873 24.863431345515803 4
      vertex 23.034243194688873 24.863431345515803 9
    endloop
  endfacet
  facet normal 0.47139673682600136 -0.8819212643483529 0
    outer loop
      vertex 22.792201673772556 24.734057457223564 4
      vertex 23.034243194688873 24.863431345515803 9
      vertex 22.792201673772556 24.734057457223564 9
    endloop
  endfacet
  facet normal 0.29028467725445894 0.9569403357322098 0
    outer loop
      vertex 23.034243194688873 -24.863431345515803 0
      vertex 23.034243194688873 -24.863431345515803 4
      vertex 23.29687354917742 -24.943099392564523 0
    endloop
  endfacet
  facet normal 0 0 -1
    outer loop
      vertex 23.034243194688873 -24.863431345515803 0
      vertex 23.29687354917742 -24.943099392564523 0
      vertex 30.1 -30.1 0
    endloop
  endfacet
  facet normal 0.290284677254459 0.9569403357322098 0
    outer loop
      vertex 23.034243194688873 -24.863431345515803 4
      vertex 23.034243194688873 -24.863431345515803 9
      vertex 23.29687354917742 -24.943099392564523 4
    endloop
  endfacet
  facet normal 0.29028467725445894 0.9569403357322098 0
    outer loop
      vertex 23.034243194688873 -24.863431345515803 4
      vertex 23.29687354917742 -24.943099392564523 4
      vertex 23.29687354917742 -24.943099392564523 0
    endloop
  endfacet
  facet normal 0.290284677254459 0.9569403357322098 0
    outer loop
      vertex 23.034243194688873 -24.863431345515803 9
      vertex 23.29687354917742 -24.943099392564523 9
      vertex 23.29687354917742 -24.943099392564523 4
    endloop
  endfacet
  facet normal 0.29028467725445894 -0.9569403357322098 0
    outer loop
      vertex 23.034243194688873 -22.276568654484198 0
      vertex 23.29687354917742 -22.196900607435477 0
      vertex 23.29687354917742 -22.196900607435477 4
    endloop
  endfacet
  facet normal 0.29028467725445894 -0.9569403357322098 0
    outer loop
      vertex 23.034243194688873 -22.276568654484198 0
      vertex 23.29687354917742 -22.196900607435477 4
      vertex 23.034243194688873 -22.276568654484198 4
    endloop
  endfacet
  facet normal 0 0 -1
    outer loop
      vertex 23.034243194688873 -22.276568654484198 0
      vertex 30.1 -8 0
      vertex 23.29687354917742 -22.196900607435477 0
    endloop
  endfacet
  facet normal 0.290284677254459 -0.9569403357322098 0
    outer loop
      vertex 23.034243194688873 -22.276568654484198 4
      vertex 23.29687354917742 -22.196900607435477 4
      vertex 23.29687354917742 -22.196900607435477 9
    endloop
  endfacet
  facet normal 0.290284677254459 -0.9569403357322098 0
    outer loop
      vertex 23.034243194688873 -22.276568654484198 4
      vertex 23.29687354917742 -22.196900607435477 9
      vertex 23.034243194688873 -22.276568654484198 9
    endloop
  endfacet
  facet normal 0.29028467725445894 0.9569403357322098 0
    outer loop
      vertex 23.034243194688873 22.276568654484198 0
      vertex 23.034243194688873 22.276568654484198 4
      vertex 23.29687354917742 22.196900607435477 0
    endloop
  endfacet
  facet normal 0 0 -1
    outer loop
      vertex 23.034243194688873 22.276568654484198 0
      vertex 23.29687354917742 22.196900607435477 0
      vertex 32.62432982814608 2.297932752400163 0
    endloop
  endfacet
  facet normal 0.290284677254459 0.9569403357322098 0
    outer loop
      vertex 23.034243194688873 22.276568654484198 4
      vertex 23.034243194688873 22.276568654484198 9
      vertex 23.29687354917742 22.196900607435477 4
    endloop
  endfacet
  facet normal 0.29028467725445894 0.9569403357322098 0
    outer loop
      vertex 23.034243194688873 22.276568654484198 4
      vertex 23.29687354917742 22.196900607435477 4
      vertex 23.29687354917742 22.196900607435477 0
    endloop
  endfacet
  facet normal 0.290284677254459 0.9569403357322098 0
    outer loop
      vertex 23.034243194688873 22.276568654484198 9
      vertex 23.29687354917742 22.196900607435477 9
      vertex 23.29687354917742 22.196900607435477 4
    endloop
  endfacet
  facet normal 0.29028467725445894 -0.9569403357322098 0
    outer loop
      vertex 23.034243194688873 24.863431345515803 0
      vertex 23.29687354917742 24.943099392564523 0
      vertex 23.29687354917742 24.943099392564523 4
    endloop
  endfacet
  facet normal 0.29028467725445894 -0.9569403357322098 0
    outer loop
      vertex 23.034243194688873 24.863431345515803 0
      vertex 23.29687354917742 24.943099392564523 4
      vertex 23.034243194688873 24.863431345515803 4
    endloop
  endfacet
  facet normal 0 0 -1
    outer loop
      vertex 23.034243194688873 24.863431345515803 0
      vertex 33.24213793630651 30.377173484102855 0
      vertex 23.29687354917742 24.943099392564523 0
    endloop
  endfacet
  facet normal 0.290284677254459 -0.9569403357322098 0
    outer loop
      vertex 23.034243194688873 24.863431345515803 4
      vertex 23.29687354917742 24.943099392564523 4
      vertex 23.29687354917742 24.943099392564523 9
    endloop
  endfacet
  facet normal 0.290284677254459 -0.9569403357322098 0
    outer loop
      vertex 23.034243194688873 24.863431345515803 4
      vertex 23.29687354917742 24.943099392564523 9
      vertex 23.034243194688873 24.863431345515803 9
    endloop
  endfacet
  facet normal 0.09801714032955393 0.9951847266721976 0
    outer loop
      vertex 23.29687354917742 -24.943099392564523 0
      vertex 23.29687354917742 -24.943099392564523 4
      vertex 23.57 -24.97 0
    endloop
  endfacet
  facet normal 0 0 -1
    outer loop
      vertex 23.29687354917742 -24.943099392564523 0
      vertex 23.57 -24.97 0
      vertex 30.1 -30.1 0
    endloop
  endfacet
  facet normal 0.09801714032955393 0.9951847266721976 0
    outer loop
      vertex 23.29687354917742 -24.943099392564523 4
      vertex 23.29687354917742 -24.943099392564523 9
      vertex 23.57 -24.97 4
    endloop
  endfacet
  facet normal 0.09801714032955393 0.9951847266721976 0
    outer loop
      vertex 23.29687354917742 -24.943099392564523 4
      vertex 23.57 -24.97 4
      vertex 23.57 -24.97 0
    endloop
  endfacet
  facet normal 0 0 1
    outer loop
      vertex 23.29687354917742 -24.943099392564523 9
      vertex 23.57 -27.57 9
      vertex 23.57 -24.97 9
    endloop
  endfacet
  facet normal 0.09801714032955393 0.9951847266721976 0
    outer loop
      vertex 23.29687354917742 -24.943099392564523 9
      vertex 23.57 -24.97 9
      vertex 23.57 -24.97 4
    endloop
  endfacet
  facet normal 0.09801714032955393 -0.9951847266721976 0
    outer loop
      vertex 23.29687354917742 -22.196900607435477 0
      vertex 23.57 -22.17 0
      vertex 23.57 -22.17 4
    endloop
  endfacet
  facet normal 0.09801714032955393 -0.9951847266721976 0
    outer loop
      vertex 23.29687354917742 -22.196900607435477 0
      vertex 23.57 -22.17 4
      vertex 23.29687354917742 -22.196900607435477 4
    endloop
  endfacet
  facet normal 0 0 -1
    outer loop
      vertex 23.29687354917742 -22.196900607435477 0
      vertex 30.1 -8 0
      vertex 23.57 -22.17 0
    endloop
  endfacet
  facet normal 0.09801714032955393 -0.9951847266721976 0
    outer loop
      vertex 23.29687354917742 -22.196900607435477 4
      vertex 23.57 -22.17 4
      vertex 23.57 -22.17 9
    endloop
  endfacet
  facet normal 0.09801714032955393 -0.9951847266721976 0
    outer loop
      vertex 23.29687354917742 -22.196900607435477 4
      vertex 23.57 -22.17 9
      vertex 23.29687354917742 -22.196900607435477 9
    endloop
  endfacet
  facet normal 0 0 1
    outer loop
      vertex 23.29687354917742 -22.196900607435477 9
      vertex 23.57 -22.17 9
      vertex 23.57 -19.57 9
    endloop
  endfacet
  facet normal 0.09801714032955393 0.9951847266721976 0
    outer loop
      vertex 23.29687354917742 22.196900607435477 0
      vertex 23.29687354917742 22.196900607435477 4
      vertex 23.57 22.17 0
    endloop
  endfacet
  facet normal 0 0 -1
    outer loop
      vertex 23.29687354917742 22.196900607435477 0
      vertex 23.57 22.17 0
      vertex 32.62432982814608 2.297932752400163 0
    endloop
  endfacet
  facet normal 0.09801714032955393 0.9951847266721976 0
    outer loop
      vertex 23.29687354917742 22.196900607435477 4
      vertex 23.29687354917742 22.196900607435477 9
      vertex 23.57 22.17 4
    endloop
  endfacet
  facet normal 0.09801714032955393 0.9951847266721976 0
    outer loop
      vertex 23.29687354917742 22.196900607435477 4
      vertex 23.57 22.17 4
      vertex 23.57 22.17 0
    endloop
  endfacet
  facet normal 0 0 1
    outer loop
      vertex 23.29687354917742 22.196900607435477 9
      vertex 23.57 19.57 9
      vertex 23.57 22.17 9
    endloop
  endfacet
  facet normal 0.09801714032955393 0.9951847266721976 0
    outer loop
      vertex 23.29687354917742 22.196900607435477 9
      vertex 23.57 22.17 9
      vertex 23.57 22.17 4
    endloop
  endfacet
  facet normal 0.09801714032955393 -0.9951847266721976 0
    outer loop
      vertex 23.29687354917742 24.943099392564523 0
      vertex 23.57 24.97 0
      vertex 23.57 24.97 4
    endloop
  endfacet
  facet normal 0.09801714032955393 -0.9951847266721976 0
    outer loop
      vertex 23.29687354917742 24.943099392564523 0
      vertex 23.57 24.97 4
      vertex 23.29687354917742 24.943099392564523 4
    endloop
  endfacet
  facet normal 0 0 -1
    outer loop
      vertex 23.29687354917742 24.943099392564523 0
      vertex 33.24213793630651 30.377173484102855 0
      vertex 23.57 24.97 0
    endloop
  endfacet
  facet normal 0.09801714032955393 -0.9951847266721976 0
    outer loop
      vertex 23.29687354917742 24.943099392564523 4
      vertex 23.57 24.97 4
      vertex 23.57 24.97 9
    endloop
  endfacet
  facet normal 0.09801714032955393 -0.9951847266721976 0
    outer loop
      vertex 23.29687354917742 24.943099392564523 4
      vertex 23.57 24.97 9
      vertex 23.29687354917742 24.943099392564523 9
    endloop
  endfacet
  facet normal 0 0 1
    outer loop
      vertex 23.29687354917742 24.943099392564523 9
      vertex 23.57 24.97 9
      vertex 23.57 27.57 9
    endloop
  endfacet
  facet normal 0.09801714032956084 -0.9951847266721968 0
    outer loop
      vertex 23.57 -27.57 4
      vertex 24.350361288064512 -27.493141121612922 4
      vertex 24.350361288064512 -27.493141121612922 9
    endloop
  endfacet
  facet normal 0.09801714032956084 -0.9951847266721968 0
    outer loop
      vertex 23.57 -27.57 4
      vertex 24.350361288064512 -27.493141121612922 9
      vertex 23.57 -27.57 9
    endloop
  endfacet
  facet normal 0 0 1
    outer loop
      vertex 23.57 -27.57 4
      vertex 28.5 -28.5 4
      vertex 24.350361288064512 -27.493141121612922 4
    endloop
  endfacet
  facet normal 0 0 1
    outer loop
      vertex 23.57 -27.57 9
      vertex 23.84312645082258 -24.943099392564523 9
      vertex 23.57 -24.97 9
    endloop
  endfacet
  facet normal 0 0 1
    outer loop
      vertex 23.57 -27.57 9
      vertex 24.350361288064512 -27.493141121612922 9
      vertex 23.84312645082258 -24.943099392564523 9
    endloop
  endfacet
  facet normal -0.09801714032955393 0.9951847266721976 0
    outer loop
      vertex 23.57 -24.97 0
      vertex 23.57 -24.97 4
      vertex 23.84312645082258 -24.943099392564523 0
    endloop
  endfacet
  facet normal 0 0 -1
    outer loop
      vertex 23.57 -24.97 0
      vertex 23.84312645082258 -24.943099392564523 0
      vertex 30.1 -30.1 0
    endloop
  endfacet
  facet normal -0.09801714032955393 0.9951847266721976 0
    outer loop
      vertex 23.57 -24.97 4
      vertex 23.57 -24.97 9
      vertex 23.84312645082258 -24.943099392564523 4
    endloop
  endfacet
  facet normal -0.09801714032955393 0.9951847266721976 0
    outer loop
      vertex 23.57 -24.97 4
      vertex 23.84312645082258 -24.943099392564523 4
      vertex 23.84312645082258 -24.943099392564523 0
    endloop
  endfacet
  facet normal -0.09801714032955393 0.9951847266721976 0
    outer loop
      vertex 23.57 -24.97 9
      vertex 23.84312645082258 -24.943099392564523 9
      vertex 23.84312645082258 -24.943099392564523 4
    endloop
  endfacet
  facet normal -0.09801714032955393 -0.9951847266721976 0
    outer loop
      vertex 23.57 -22.17 0
      vertex 23.84312645082258 -22.196900607435477 0
      vertex 23.84312645082258 -22.196900607435477 4
    endloop
  endfacet
  facet normal -0.09801714032955393 -0.9951847266721976 0
    outer loop
      vertex 23.57 -22.17 0
      vertex 23.84312645082258 -22.196900607435477 4
      vertex 23.57 -22.17 4
    endloop
  endfacet
  facet normal 0 0 -1
    outer loop
      vertex 23.57 -22.17 0
      vertex 30.1 -8 0
      vertex 23.84312645082258 -22.196900607435477 0
    endloop
  endfacet
  facet normal -0.09801714032955393 -0.9951847266721976 0
    outer loop
      vertex 23.57 -22.17 4
      vertex 23.84312645082258 -22.196900607435477 4
      vertex 23.84312645082258 -22.196900607435477 9
    endloop
  endfacet
  facet normal -0.09801714032955393 -0.9951847266721976 0
    outer loop
      vertex 23.57 -22.17 4
      vertex 23.84312645082258 -22.196900607435477 9
      vertex 23.57 -22.17 9
    endloop
  endfacet
  facet normal 0 0 1
    outer loop
      vertex 23.57 -22.17 9
      vertex 23.84312645082258 -22.196900607435477 9
      vertex 23.57 -19.57 9
    endloop
  endfacet
  facet normal 0.09801714032956084 0.9951847266721968 0
    outer loop
      vertex 23.57 -19.57 4
      vertex 23.57 -19.57 9
      vertex 24.350361288064512 -19.64685887838708 4
    endloop
  endfacet
  facet normal 0 0 1
    outer loop
      vertex 23.57 -19.57 4
      vertex 24.350361288064512 -19.64685887838708 4
      vertex 23.57 19.57 4
    endloop
  endfacet
  facet normal 0 0 1
    outer loop
      vertex 23.57 -19.57 9
      vertex 23.84312645082258 -22.196900607435477 9
      vertex 24.350361288064512 -19.64685887838708 9
    endloop
  endfacet
  facet normal 0.09801714032956084 0.9951847266721968 0
    outer loop
      vertex 23.57 -19.57 9
      vertex 24.350361288064512 -19.64685887838708 9
      vertex 24.350361288064512 -19.64685887838708 4
    endloop
  endfacet
  facet normal 0 0 1
    outer loop
      vertex 23.57 19.57 4
      vertex 24.350361288064512 -19.64685887838708 4
      vertex 24.350361288064512 19.64685887838708 4
    endloop
  endfacet
  facet normal 0.09801714032956084 -0.9951847266721968 0
    outer loop
      vertex 23.57 19.57 4
      vertex 24.350361288064512 19.64685887838708 4
      vertex 24.350361288064512 19.64685887838708 9
    endloop
  endfacet
  facet normal 0.09801714032956084 -0.9951847266721968 0
    outer loop
      vertex 23.57 19.57 4
      vertex 24.350361288064512 19.64685887838708 9
      vertex 23.57 19.57 9
    endloop
  endfacet
  facet normal 0 0 1
    outer loop
      vertex 23.57 19.57 9
      vertex 23.84312645082258 22.196900607435477 9
      vertex 23.57 22.17 9
    endloop
  endfacet
  facet normal 0 0 1
    outer loop
      vertex 23.57 19.57 9
      vertex 24.350361288064512 19.64685887838708 9
      vertex 23.84312645082258 22.196900607435477 9
    endloop
  endfacet
  facet normal -0.09801714032955393 0.9951847266721976 0
    outer loop
      vertex 23.57 22.17 0
      vertex 23.57 22.17 4
      vertex 23.84312645082258 22.196900607435477 0
    endloop
  endfacet
  facet normal 0 0 -1
    outer loop
      vertex 23.57 22.17 0
      vertex 23.84312645082258 22.196900607435477 0
      vertex 32.62432982814608 2.297932752400163 0
    endloop
  endfacet
  facet normal -0.09801714032955393 0.9951847266721976 0
    outer loop
      vertex 23.57 22.17 4
      vertex 23.57 22.17 9
      vertex 23.84312645082258 22.196900607435477 4
    endloop
  endfacet
  facet normal -0.09801714032955393 0.9951847266721976 0
    outer loop
      vertex 23.57 22.17 4
      vertex 23.84312645082258 22.196900607435477 4
      vertex 23.84312645082258 22.196900607435477 0
    endloop
  endfacet
  facet normal -0.09801714032955393 0.9951847266721976 0
    outer loop
      vertex 23.57 22.17 9
      vertex 23.84312645082258 22.196900607435477 9
      vertex 23.84312645082258 22.196900607435477 4
    endloop
  endfacet
  facet normal -0.09801714032955393 -0.9951847266721976 0
    outer loop
      vertex 23.57 24.97 0
      vertex 23.84312645082258 24.943099392564523 0
      vertex 23.84312645082258 24.943099392564523 4
    endloop
  endfacet
  facet normal -0.09801714032955393 -0.9951847266721976 0
    outer loop
      vertex 23.57 24.97 0
      vertex 23.84312645082258 24.943099392564523 4
      vertex 23.57 24.97 4
    endloop
  endfacet
  facet normal 0 0 -1
    outer loop
      vertex 23.57 24.97 0
      vertex 33.24213793630651 30.377173484102855 0
      vertex 23.84312645082258 24.943099392564523 0
    endloop
  endfacet
  facet normal -0.09801714032955393 -0.9951847266721976 0
    outer loop
      vertex 23.57 24.97 4
      vertex 23.84312645082258 24.943099392564523 4
      vertex 23.84312645082258 24.943099392564523 9
    endloop
  endfacet
  facet normal -0.09801714032955393 -0.9951847266721976 0
    outer loop
      vertex 23.57 24.97 4
      vertex 23.84312645082258 24.943099392564523 9
      vertex 23.57 24.97 9
    endloop
  endfacet
  facet normal 0 0 1
    outer loop
      vertex 23.57 24.97 9
      vertex 23.84312645082258 24.943099392564523 9
      vertex 23.57 27.57 9
    endloop
  endfacet
  facet normal 0.09801714032956084 0.9951847266721968 0
    outer loop
      vertex 23.57 27.57 4
      vertex 23.57 27.57 9
      vertex 24.350361288064512 27.493141121612922 4
    endloop
  endfacet
  facet normal 0 0 1
    outer loop
      vertex 23.57 27.57 4
      vertex 24.350361288064512 27.493141121612922 4
      vertex 28.5 62.5 4
    endloop
  endfacet
  facet normal 0 0 1
    outer loop
      vertex 23.57 27.57 9
      vertex 23.84312645082258 24.943099392564523 9
      vertex 24.350361288064512 27.493141121612922 9
    endloop
  endfacet
  facet normal 0.09801714032956084 0.9951847266721968 0
    outer loop
      vertex 23.57 27.57 9
      vertex 24.350361288064512 27.493141121612922 9
      vertex 24.350361288064512 27.493141121612922 4
    endloop
  endfacet
  facet normal -0.29028467725445894 0.9569403357322098 0
    outer loop
      vertex 23.84312645082258 -24.943099392564523 0
      vertex 23.84312645082258 -24.943099392564523 4
      vertex 24.105756805311128 -24.863431345515803 0
    endloop
  endfacet
  facet normal 0 0 -1
    outer loop
      vertex 23.84312645082258 -24.943099392564523 0
      vertex 24.105756805311128 -24.863431345515803 0
      vertex 30.1 -30.1 0
    endloop
  endfacet
  facet normal -0.290284677254459 0.9569403357322098 0
    outer loop
      vertex 23.84312645082258 -24.943099392564523 4
      vertex 23.84312645082258 -24.943099392564523 9
      vertex 24.105756805311128 -24.863431345515803 4
    endloop
  endfacet
  facet normal -0.29028467725445894 0.9569403357322098 0
    outer loop
      vertex 23.84312645082258 -24.943099392564523 4
      vertex 24.105756805311128 -24.863431345515803 4
      vertex 24.105756805311128 -24.863431345515803 0
    endloop
  endfacet
  facet normal -0.290284677254459 0.9569403357322098 0
    outer loop
      vertex 23.84312645082258 -24.943099392564523 9
      vertex 24.105756805311128 -24.863431345515803 9
      vertex 24.105756805311128 -24.863431345515803 4
    endloop
  endfacet
  facet normal 0 0 1
    outer loop
      vertex 23.84312645082258 -24.943099392564523 9
      vertex 24.350361288064512 -27.493141121612922 9
      vertex 24.105756805311128 -24.863431345515803 9
    endloop
  endfacet
  facet normal -0.29028467725445894 -0.9569403357322098 0
    outer loop
      vertex 23.84312645082258 -22.196900607435477 0
      vertex 24.105756805311128 -22.276568654484198 0
      vertex 24.105756805311128 -22.276568654484198 4
    endloop
  endfacet
  facet normal -0.29028467725445894 -0.9569403357322098 0
    outer loop
      vertex 23.84312645082258 -22.196900607435477 0
      vertex 24.105756805311128 -22.276568654484198 4
      vertex 23.84312645082258 -22.196900607435477 4
    endloop
  endfacet
  facet normal 0 0 -1
    outer loop
      vertex 23.84312645082258 -22.196900607435477 0
      vertex 30.1 -8 0
      vertex 24.105756805311128 -22.276568654484198 0
    endloop
  endfacet
  facet normal -0.290284677254459 -0.9569403357322098 0
    outer loop
      vertex 23.84312645082258 -22.196900607435477 4
      vertex 24.105756805311128 -22.276568654484198 4
      vertex 24.105756805311128 -22.276568654484198 9
    endloop
  endfacet
  facet normal -0.290284677254459 -0.9569403357322098 0
    outer loop
      vertex 23.84312645082258 -22.196900607435477 4
      vertex 24.105756805311128 -22.276568654484198 9
      vertex 23.84312645082258 -22.196900607435477 9
    endloop
  endfacet
  facet normal 0 0 1
    outer loop
      vertex 23.84312645082258 -22.196900607435477 9
      vertex 24.105756805311128 -22.276568654484198 9
      vertex 24.350361288064512 -19.64685887838708 9
    endloop
  endfacet
  facet normal -0.29028467725445894 0.9569403357322098 0
    outer loop
      vertex 23.84312645082258 22.196900607435477 0
      vertex 23.84312645082258 22.196900607435477 4
      vertex 24.105756805311128 22.276568654484198 0
    endloop
  endfacet
  facet normal 0 0 -1
    outer loop
      vertex 23.84312645082258 22.196900607435477 0
      vertex 24.105756805311128 22.276568654484198 0
      vertex 32.62432982814608 2.297932752400163 0
    endloop
  endfacet
  facet normal -0.290284677254459 0.9569403357322098 0
    outer loop
      vertex 23.84312645082258 22.196900607435477 4
      vertex 23.84312645082258 22.196900607435477 9
      vertex 24.105756805311128 22.276568654484198 4
    endloop
  endfacet
  facet normal -0.29028467725445894 0.9569403357322098 0
    outer loop
      vertex 23.84312645082258 22.196900607435477 4
      vertex 24.105756805311128 22.276568654484198 4
      vertex 24.105756805311128 22.276568654484198 0
    endloop
  endfacet
  facet normal -0.290284677254459 0.9569403357322098 0
    outer loop
      vertex 23.84312645082258 22.196900607435477 9
      vertex 24.105756805311128 22.276568654484198 9
      vertex 24.105756805311128 22.276568654484198 4
    endloop
  endfacet
  facet normal 0 0 1
    outer loop
      vertex 23.84312645082258 22.196900607435477 9
      vertex 24.350361288064512 19.64685887838708 9
      vertex 24.105756805311128 22.276568654484198 9
    endloop
  endfacet
  facet normal -0.29028467725445894 -0.9569403357322098 0
    outer loop
      vertex 23.84312645082258 24.943099392564523 0
      vertex 24.105756805311128 24.863431345515803 0
      vertex 24.105756805311128 24.863431345515803 4
    endloop
  endfacet
  facet normal -0.29028467725445894 -0.9569403357322098 0
    outer loop
      vertex 23.84312645082258 24.943099392564523 0
      vertex 24.105756805311128 24.863431345515803 4
      vertex 23.84312645082258 24.943099392564523 4
    endloop
  endfacet
  facet normal 0 0 -1
    outer loop
      vertex 23.84312645082258 24.943099392564523 0
      vertex 33.24213793630651 30.377173484102855 0
      vertex 24.105756805311128 24.863431345515803 0
    endloop
  endfacet
  facet normal -0.290284677254459 -0.9569403357322098 0
    outer loop
      vertex 23.84312645082258 24.943099392564523 4
      vertex 24.105756805311128 24.863431345515803 4
      vertex 24.105756805311128 24.863431345515803 9
    endloop
  endfacet
  facet normal -0.290284677254459 -0.9569403357322098 0
    outer loop
      vertex 23.84312645082258 24.943099392564523 4
      vertex 24.105756805311128 24.863431345515803 9
      vertex 23.84312645082258 24.943099392564523 9
    endloop
  endfacet
  facet normal 0 0 1
    outer loop
      vertex 23.84312645082258 24.943099392564523 9
      vertex 24.105756805311128 24.863431345515803 9
      vertex 24.350361288064512 27.493141121612922 9
    endloop
  endfacet
  facet normal -0.4713967368260015 0.8819212643483532 0
    outer loop
      vertex 24.105756805311128 -24.863431345515803 0
      vertex 24.105756805311128 -24.863431345515803 4
      vertex 24.347798326227444 -24.734057457223564 0
    endloop
  endfacet
  facet normal 0 0 -1
    outer loop
      vertex 24.105756805311128 -24.863431345515803 0
      vertex 24.347798326227444 -24.734057457223564 0
      vertex 30.1 -30.1 0
    endloop
  endfacet
  facet normal -0.47139673682600136 0.8819212643483529 0
    outer loop
      vertex 24.105756805311128 -24.863431345515803 4
      vertex 24.105756805311128 -24.863431345515803 9
      vertex 24.347798326227444 -24.734057457223564 4
    endloop
  endfacet
  facet normal -0.4713967368260015 0.8819212643483532 0
    outer loop
      vertex 24.105756805311128 -24.863431345515803 4
      vertex 24.347798326227444 -24.734057457223564 4
      vertex 24.347798326227444 -24.734057457223564 0
    endloop
  endfacet
  facet normal -0.47139673682600136 0.8819212643483529 0
    outer loop
      vertex 24.105756805311128 -24.863431345515803 9
      vertex 24.347798326227444 -24.734057457223564 9
      vertex 24.347798326227444 -24.734057457223564 4
    endloop
  endfacet
  facet normal 0 0 1
    outer loop
      vertex 24.105756805311128 -24.863431345515803 9
      vertex 24.350361288064512 -27.493141121612922 9
      vertex 24.347798326227444 -24.734057457223564 9
    endloop
  endfacet
  facet normal -0.4713967368260015 -0.8819212643483532 0
    outer loop
      vertex 24.105756805311128 -22.276568654484198 0
      vertex 24.347798326227444 -22.405942542776437 0
      vertex 24.347798326227444 -22.405942542776437 4
    endloop
  endfacet
  facet normal -0.4713967368260015 -0.8819212643483532 0
    outer loop
      vertex 24.105756805311128 -22.276568654484198 0
      vertex 24.347798326227444 -22.405942542776437 4
      vertex 24.105756805311128 -22.276568654484198 4
    endloop
  endfacet
  facet normal 0 0 -1
    outer loop
      vertex 24.105756805311128 -22.276568654484198 0
      vertex 30.1 -8 0
      vertex 24.347798326227444 -22.405942542776437 0
    endloop
  endfacet
  facet normal -0.47139673682600136 -0.8819212643483529 0
    outer loop
      vertex 24.105756805311128 -22.276568654484198 4
      vertex 24.347798326227444 -22.405942542776437 4
      vertex 24.347798326227444 -22.405942542776437 9
    endloop
  endfacet
  facet normal -0.47139673682600136 -0.8819212643483529 0
    outer loop
      vertex 24.105756805311128 -22.276568654484198 4
      vertex 24.347798326227444 -22.405942542776437 9
      vertex 24.105756805311128 -22.276568654484198 9
    endloop
  endfacet
  facet normal 0 0 1
    outer loop
      vertex 24.105756805311128 -22.276568654484198 9
      vertex 24.347798326227444 -22.405942542776437 9
      vertex 24.350361288064512 -19.64685887838708 9
    endloop
  endfacet
  facet normal -0.4713967368260015 0.8819212643483532 0
    outer loop
      vertex 24.105756805311128 22.276568654484198 0
      vertex 24.105756805311128 22.276568654484198 4
      vertex 24.347798326227444 22.405942542776437 0
    endloop
  endfacet
  facet normal 0 0 -1
    outer loop
      vertex 24.105756805311128 22.276568654484198 0
      vertex 24.347798326227444 22.405942542776437 0
      vertex 32.62432982814608 2.297932752400163 0
    endloop
  endfacet
  facet normal -0.47139673682600136 0.8819212643483529 0
    outer loop
      vertex 24.105756805311128 22.276568654484198 4
      vertex 24.105756805311128 22.276568654484198 9
      vertex 24.347798326227444 22.405942542776437 4
    endloop
  endfacet
  facet normal -0.4713967368260015 0.8819212643483532 0
    outer loop
      vertex 24.105756805311128 22.276568654484198 4
      vertex 24.347798326227444 22.405942542776437 4
      vertex 24.347798326227444 22.405942542776437 0
    endloop
  endfacet
  facet normal -0.47139673682600136 0.8819212643483529 0
    outer loop
      vertex 24.105756805311128 22.276568654484198 9
      vertex 24.347798326227444 22.405942542776437 9
      vertex 24.347798326227444 22.405942542776437 4
    endloop
  endfacet
  facet normal 0 0 1
    outer loop
      vertex 24.105756805311128 22.276568654484198 9
      vertex 24.350361288064512 19.64685887838708 9
      vertex 24.347798326227444 22.405942542776437 9
    endloop
  endfacet
  facet normal -0.4713967368260015 -0.8819212643483532 0
    outer loop
      vertex 24.105756805311128 24.863431345515803 0
      vertex 24.347798326227444 24.734057457223564 0
      vertex 24.347798326227444 24.734057457223564 4
    endloop
  endfacet
  facet normal -0.4713967368260015 -0.8819212643483532 0
    outer loop
      vertex 24.105756805311128 24.863431345515803 0
      vertex 24.347798326227444 24.734057457223564 4
      vertex 24.105756805311128 24.863431345515803 4
    endloop
  endfacet
  facet normal 0 0 -1
    outer loop
      vertex 24.105756805311128 24.863431345515803 0
      vertex 33.24213793630651 30.377173484102855 0
      vertex 24.347798326227444 24.734057457223564 0
    endloop
  endfacet
  facet normal -0.47139673682600136 -0.8819212643483529 0
    outer loop
      vertex 24.105756805311128 24.863431345515803 4
      vertex 24.347798326227444 24.734057457223564 4
      vertex 24.347798326227444 24.734057457223564 9
    endloop
  endfacet
  facet normal -0.47139673682600136 -0.8819212643483529 0
    outer loop
      vertex 24.105756805311128 24.863431345515803 4
      vertex 24.347798326227444 24.734057457223564 9
      vertex 24.105756805311128 24.863431345515803 9
    endloop
  endfacet
  facet normal 0 0 1
    outer loop
      vertex 24.105756805311128 24.863431345515803 9
      vertex 24.347798326227444 24.734057457223564 9
      vertex 24.350361288064512 27.493141121612922 9
    endloop
  endfacet
  facet normal -0.6343932841636412 0.7730104533627404 0
    outer loop
      vertex 24.347798326227444 -24.734057457223564 0
      vertex 24.347798326227444 -24.734057457223564 4
      vertex 24.55994949366117 -24.55994949366117 0
    endloop
  endfacet
  facet normal 0 0 -1
    outer loop
      vertex 24.347798326227444 -24.734057457223564 0
      vertex 24.55994949366117 -24.55994949366117 0
      vertex 30.1 -30.1 0
    endloop
  endfacet
  facet normal -0.6343932841636412 0.7730104533627404 0
    outer loop
      vertex 24.347798326227444 -24.734057457223564 4
      vertex 24.347798326227444 -24.734057457223564 9
      vertex 24.55994949366117 -24.55994949366117 4
    endloop
  endfacet
  facet normal -0.6343932841636412 0.7730104533627404 0
    outer loop
      vertex 24.347798326227444 -24.734057457223564 4
      vertex 24.55994949366117 -24.55994949366117 4
      vertex 24.55994949366117 -24.55994949366117 0
    endloop
  endfacet
  facet normal 0 0 1
    outer loop
      vertex 24.347798326227444 -24.734057457223564 9
      vertex 24.350361288064512 -27.493141121612922 9
      vertex 25.10073372946036 -27.265518130045148 9
    endloop
  endfacet
  facet normal -0.6343932841636412 0.7730104533627404 0
    outer loop
      vertex 24.347798326227444 -24.734057457223564 9
      vertex 24.55994949366117 -24.55994949366117 9
      vertex 24.55994949366117 -24.55994949366117 4
    endloop
  endfacet
  facet normal 0 0 1
    outer loop
      vertex 24.347798326227444 -24.734057457223564 9
      vertex 25.10073372946036 -27.265518130045148 9
      vertex 24.55994949366117 -24.55994949366117 9
    endloop
  endfacet
  facet normal -0.6343932841636412 -0.7730104533627404 0
    outer loop
      vertex 24.347798326227444 -22.405942542776437 0
      vertex 24.55994949366117 -22.580050506338832 0
      vertex 24.55994949366117 -22.580050506338832 4
    endloop
  endfacet
  facet normal -0.6343932841636412 -0.7730104533627404 0
    outer loop
      vertex 24.347798326227444 -22.405942542776437 0
      vertex 24.55994949366117 -22.580050506338832 4
      vertex 24.347798326227444 -22.405942542776437 4
    endloop
  endfacet
  facet normal 0 0 -1
    outer loop
      vertex 24.347798326227444 -22.405942542776437 0
      vertex 30.1 -8 0
      vertex 24.55994949366117 -22.580050506338832 0
    endloop
  endfacet
  facet normal -0.6343932841636412 -0.7730104533627404 0
    outer loop
      vertex 24.347798326227444 -22.405942542776437 4
      vertex 24.55994949366117 -22.580050506338832 4
      vertex 24.55994949366117 -22.580050506338832 9
    endloop
  endfacet
  facet normal -0.6343932841636412 -0.7730104533627404 0
    outer loop
      vertex 24.347798326227444 -22.405942542776437 4
      vertex 24.55994949366117 -22.580050506338832 9
      vertex 24.347798326227444 -22.405942542776437 9
    endloop
  endfacet
  facet normal 0 0 1
    outer loop
      vertex 24.347798326227444 -22.405942542776437 9
      vertex 24.55994949366117 -22.580050506338832 9
      vertex 24.350361288064512 -19.64685887838708 9
    endloop
  endfacet
  facet normal -0.6343932841636412 0.7730104533627404 0
    outer loop
      vertex 24.347798326227444 22.405942542776437 0
      vertex 24.347798326227444 22.405942542776437 4
      vertex 24.55994949366117 22.580050506338832 0
    endloop
  endfacet
  facet normal 0 0 -1
    outer loop
      vertex 24.347798326227444 22.405942542776437 0
      vertex 24.55994949366117 22.580050506338832 0
      vertex 32.62432982814608 2.297932752400163 0
    endloop
  endfacet
  facet normal -0.6343932841636412 0.7730104533627404 0
    outer loop
      vertex 24.347798326227444 22.405942542776437 4
      vertex 24.347798326227444 22.405942542776437 9
      vertex 24.55994949366117 22.580050506338832 4
    endloop
  endfacet
  facet normal -0.6343932841636412 0.7730104533627404 0
    outer loop
      vertex 24.347798326227444 22.405942542776437 4
      vertex 24.55994949366117 22.580050506338832 4
      vertex 24.55994949366117 22.580050506338832 0
    endloop
  endfacet
  facet normal 0 0 1
    outer loop
      vertex 24.347798326227444 22.405942542776437 9
      vertex 24.350361288064512 19.64685887838708 9
      vertex 25.10073372946036 19.874481869954852 9
    endloop
  endfacet
  facet normal -0.6343932841636412 0.7730104533627404 0
    outer loop
      vertex 24.347798326227444 22.405942542776437 9
      vertex 24.55994949366117 22.580050506338832 9
      vertex 24.55994949366117 22.580050506338832 4
    endloop
  endfacet
  facet normal 0 0 1
    outer loop
      vertex 24.347798326227444 22.405942542776437 9
      vertex 25.10073372946036 19.874481869954852 9
      vertex 24.55994949366117 22.580050506338832 9
    endloop
  endfacet
  facet normal -0.6343932841636412 -0.7730104533627404 0
    outer loop
      vertex 24.347798326227444 24.734057457223564 0
      vertex 24.55994949366117 24.55994949366117 0
      vertex 24.55994949366117 24.55994949366117 4
    endloop
  endfacet
  facet normal -0.6343932841636412 -0.7730104533627404 0
    outer loop
      vertex 24.347798326227444 24.734057457223564 0
      vertex 24.55994949366117 24.55994949366117 4
      vertex 24.347798326227444 24.734057457223564 4
    endloop
  endfacet
  facet normal 0 0 -1
    outer loop
      vertex 24.347798326227444 24.734057457223564 0
      vertex 33.24213793630651 30.377173484102855 0
      vertex 24.55994949366117 24.55994949366117 0
    endloop
  endfacet
  facet normal -0.6343932841636412 -0.7730104533627404 0
    outer loop
      vertex 24.347798326227444 24.734057457223564 4
      vertex 24.55994949366117 24.55994949366117 4
      vertex 24.55994949366117 24.55994949366117 9
    endloop
  endfacet
  facet normal -0.6343932841636412 -0.7730104533627404 0
    outer loop
      vertex 24.347798326227444 24.734057457223564 4
      vertex 24.55994949366117 24.55994949366117 9
      vertex 24.347798326227444 24.734057457223564 9
    endloop
  endfacet
  facet normal 0 0 1
    outer loop
      vertex 24.347798326227444 24.734057457223564 9
      vertex 24.55994949366117 24.55994949366117 9
      vertex 24.350361288064512 27.493141121612922 9
    endloop
  endfacet
  facet normal 0.2902846772544611 -0.9569403357322093 0
    outer loop
      vertex 24.350361288064512 -27.493141121612922 4
      vertex 25.10073372946036 -27.265518130045148 4
      vertex 25.10073372946036 -27.265518130045148 9
    endloop
  endfacet
  facet normal 0.2902846772544611 -0.9569403357322093 0
    outer loop
      vertex 24.350361288064512 -27.493141121612922 4
      vertex 25.10073372946036 -27.265518130045148 9
      vertex 24.350361288064512 -27.493141121612922 9
    endloop
  endfacet
  facet normal 0 0 1
    outer loop
      vertex 24.350361288064512 -27.493141121612922 4
      vertex 28.5 -28.5 4
      vertex 25.10073372946036 -27.265518130045148 4
    endloop
  endfacet
  facet normal 0.2902846772544611 0.9569403357322093 0
    outer loop
      vertex 24.350361288064512 -19.64685887838708 4
      vertex 24.350361288064512 -19.64685887838708 9
      vertex 25.10073372946036 -19.874481869954852 4
    endloop
  endfacet
  facet normal 0 0 1
    outer loop
      vertex 24.350361288064512 -19.64685887838708 4
      vertex 25.10073372946036 -19.874481869954852 4
      vertex 24.350361288064512 19.64685887838708 4
    endloop
  endfacet
  facet normal 0 0 1
    outer loop
      vertex 24.350361288064512 -19.64685887838708 9
      vertex 24.55994949366117 -22.580050506338832 9
      vertex 24.734057457223564 -22.792201673772556 9
    endloop
  endfacet
  facet normal 0 0 1
    outer loop
      vertex 24.350361288064512 -19.64685887838708 9
      vertex 24.734057457223564 -22.792201673772556 9
      vertex 25.10073372946036 -19.874481869954852 9
    endloop
  endfacet
  facet normal 0.2902846772544611 0.9569403357322093 0
    outer loop
      vertex 24.350361288064512 -19.64685887838708 9
      vertex 25.10073372946036 -19.874481869954852 9
      vertex 25.10073372946036 -19.874481869954852 4
    endloop
  endfacet
  facet normal 0 0 1
    outer loop
      vertex 24.350361288064512 19.64685887838708 4
      vertex 25.10073372946036 -19.874481869954852 4
      vertex 25.10073372946036 19.874481869954852 4
    endloop
  endfacet
  facet normal 0.2902846772544611 -0.9569403357322093 0
    outer loop
      vertex 24.350361288064512 19.64685887838708 4
      vertex 25.10073372946036 19.874481869954852 4
      vertex 25.10073372946036 19.874481869954852 9
    endloop
  endfacet
  facet normal 0.2902846772544611 -0.9569403357322093 0
    outer loop
      vertex 24.350361288064512 19.64685887838708 4
      vertex 25.10073372946036 19.874481869954852 9
      vertex 24.350361288064512 19.64685887838708 9
    endloop
  endfacet
  facet normal 0.2902846772544611 0.9569403357322093 0
    outer loop
      vertex 24.350361288064512 27.493141121612922 4
      vertex 24.350361288064512 27.493141121612922 9
      vertex 25.10073372946036 27.265518130045148 4
    endloop
  endfacet
  facet normal 0 0 1
    outer loop
      vertex 24.350361288064512 27.493141121612922 4
      vertex 25.10073372946036 27.265518130045148 4
      vertex 28.5 62.5 4
    endloop
  endfacet
  facet normal 0 0 1
    outer loop
      vertex 24.350361288064512 27.493141121612922 9
      vertex 24.55994949366117 24.55994949366117 9
      vertex 24.734057457223564 24.347798326227444 9
    endloop
  endfacet
  facet normal 0 0 1
    outer loop
      vertex 24.350361288064512 27.493141121612922 9
      vertex 24.734057457223564 24.347798326227444 9
      vertex 25.10073372946036 27.265518130045148 9
    endloop
  endfacet
  facet normal 0.2902846772544611 0.9569403357322093 0
    outer loop
      vertex 24.350361288064512 27.493141121612922 9
      vertex 25.10073372946036 27.265518130045148 9
      vertex 25.10073372946036 27.265518130045148 4
    endloop
  endfacet
  facet normal -0.7730104533627404 0.6343932841636412 0
    outer loop
      vertex 24.55994949366117 -24.55994949366117 0
      vertex 24.55994949366117 -24.55994949366117 4
      vertex 24.734057457223564 -24.347798326227444 0
    endloop
  endfacet
  facet normal 0 0 -1
    outer loop
      vertex 24.55994949366117 -24.55994949366117 0
      vertex 24.734057457223564 -24.347798326227444 0
      vertex 30.1 -30.1 0
    endloop
  endfacet
  facet normal -0.7730104533627404 0.6343932841636412 0
    outer loop
      vertex 24.55994949366117 -24.55994949366117 4
      vertex 24.55994949366117 -24.55994949366117 9
      vertex 24.734057457223564 -24.347798326227444 4
    endloop
  endfacet
  facet normal -0.7730104533627404 0.6343932841636412 0
    outer loop
      vertex 24.55994949366117 -24.55994949366117 4
      vertex 24.734057457223564 -24.347798326227444 4
      vertex 24.734057457223564 -24.347798326227444 0
    endloop
  endfacet
  facet normal -0.7730104533627404 0.6343932841636412 0
    outer loop
      vertex 24.55994949366117 -24.55994949366117 9
      vertex 24.734057457223564 -24.347798326227444 9
      vertex 24.734057457223564 -24.347798326227444 4
    endloop
  endfacet
  facet normal 0 0 1
    outer loop
      vertex 24.55994949366117 -24.55994949366117 9
      vertex 25.10073372946036 -27.265518130045148 9
      vertex 24.734057457223564 -24.347798326227444 9
    endloop
  endfacet
  facet normal -0.7730104533627404 -0.6343932841636412 0
    outer loop
      vertex 24.55994949366117 -22.580050506338832 0
      vertex 24.734057457223564 -22.792201673772556 0
      vertex 24.734057457223564 -22.792201673772556 4
    endloop
  endfacet
  facet normal -0.7730104533627404 -0.6343932841636412 0
    outer loop
      vertex 24.55994949366117 -22.580050506338832 0
      vertex 24.734057457223564 -22.792201673772556 4
      vertex 24.55994949366117 -22.580050506338832 4
    endloop
  endfacet
  facet normal 0 0 -1
    outer loop
      vertex 24.55994949366117 -22.580050506338832 0
      vertex 30.1 -8 0
      vertex 24.734057457223564 -22.792201673772556 0
    endloop
  endfacet
  facet normal -0.7730104533627404 -0.6343932841636412 0
    outer loop
      vertex 24.55994949366117 -22.580050506338832 4
      vertex 24.734057457223564 -22.792201673772556 4
      vertex 24.734057457223564 -22.792201673772556 9
    endloop
  endfacet
  facet normal -0.7730104533627404 -0.6343932841636412 0
    outer loop
      vertex 24.55994949366117 -22.580050506338832 4
      vertex 24.734057457223564 -22.792201673772556 9
      vertex 24.55994949366117 -22.580050506338832 9
    endloop
  endfacet
  facet normal -0.7730104533627404 0.6343932841636412 0
    outer loop
      vertex 24.55994949366117 22.580050506338832 0
      vertex 24.55994949366117 22.580050506338832 4
      vertex 24.734057457223564 22.792201673772556 0
    endloop
  endfacet
  facet normal 0 0 -1
    outer loop
      vertex 24.55994949366117 22.580050506338832 0
      vertex 24.734057457223564 22.792201673772556 0
      vertex 33.24213793630651 30.377173484102855 0
    endloop
  endfacet
  facet normal 0 0 -1
    outer loop
      vertex 24.55994949366117 22.580050506338832 0
      vertex 33.24213793630651 30.377173484102855 0
      vertex 32.62432982814608 2.297932752400163 0
    endloop
  endfacet
  facet normal -0.7730104533627404 0.6343932841636412 0
    outer loop
      vertex 24.55994949366117 22.580050506338832 4
      vertex 24.55994949366117 22.580050506338832 9
      vertex 24.734057457223564 22.792201673772556 4
    endloop
  endfacet
  facet normal -0.7730104533627404 0.6343932841636412 0
    outer loop
      vertex 24.55994949366117 22.580050506338832 4
      vertex 24.734057457223564 22.792201673772556 4
      vertex 24.734057457223564 22.792201673772556 0
    endloop
  endfacet
  facet normal -0.7730104533627404 0.6343932841636412 0
    outer loop
      vertex 24.55994949366117 22.580050506338832 9
      vertex 24.734057457223564 22.792201673772556 9
      vertex 24.734057457223564 22.792201673772556 4
    endloop
  endfacet
  facet normal 0 0 1
    outer loop
      vertex 24.55994949366117 22.580050506338832 9
      vertex 25.10073372946036 19.874481869954852 9
      vertex 24.734057457223564 22.792201673772556 9
    endloop
  endfacet
  facet normal -0.7730104533627404 -0.6343932841636412 0
    outer loop
      vertex 24.55994949366117 24.55994949366117 0
      vertex 24.734057457223564 24.347798326227444 0
      vertex 24.734057457223564 24.347798326227444 4
    endloop
  endfacet
  facet normal -0.7730104533627404 -0.6343932841636412 0
    outer loop
      vertex 24.55994949366117 24.55994949366117 0
      vertex 24.734057457223564 24.347798326227444 4
      vertex 24.55994949366117 24.55994949366117 4
    endloop
  endfacet
  facet normal 0 0 -1
    outer loop
      vertex 24.55994949366117 24.55994949366117 0
      vertex 33.24213793630651 30.377173484102855 0
      vertex 24.734057457223564 24.347798326227444 0
    endloop
  endfacet
  facet normal -0.7730104533627404 -0.6343932841636412 0
    outer loop
      vertex 24.55994949366117 24.55994949366117 4
      vertex 24.734057457223564 24.347798326227444 4
      vertex 24.734057457223564 24.347798326227444 9
    endloop
  endfacet
  facet normal -0.7730104533627404 -0.6343932841636412 0
    outer loop
      vertex 24.55994949366117 24.55994949366117 4
      vertex 24.734057457223564 24.347798326227444 9
      vertex 24.55994949366117 24.55994949366117 9
    endloop
  endfacet
  facet normal -0.8819212643483532 0.4713967368260015 0
    outer loop
      vertex 24.734057457223564 -24.347798326227444 0
      vertex 24.734057457223564 -24.347798326227444 4
      vertex 24.863431345515803 -24.105756805311128 0
    endloop
  endfacet
  facet normal 0 0 -1
    outer loop
      vertex 24.734057457223564 -24.347798326227444 0
      vertex 24.863431345515803 -24.105756805311128 0
      vertex 30.1 -30.1 0
    endloop
  endfacet
  facet normal -0.8819212643483529 0.47139673682600136 0
    outer loop
      vertex 24.734057457223564 -24.347798326227444 4
      vertex 24.734057457223564 -24.347798326227444 9
      vertex 24.863431345515803 -24.105756805311128 4
    endloop
  endfacet
  facet normal -0.8819212643483532 0.4713967368260015 0
    outer loop
      vertex 24.734057457223564 -24.347798326227444 4
      vertex 24.863431345515803 -24.105756805311128 4
      vertex 24.863431345515803 -24.105756805311128 0
    endloop
  endfacet
  facet normal -0.8819212643483529 0.47139673682600136 0
    outer loop
      vertex 24.734057457223564 -24.347798326227444 9
      vertex 24.863431345515803 -24.105756805311128 9
      vertex 24.863431345515803 -24.105756805311128 4
    endloop
  endfacet
  facet normal 0 0 1
    outer loop
      vertex 24.734057457223564 -24.347798326227444 9
      vertex 25.10073372946036 -27.265518130045148 9
      vertex 24.863431345515803 -24.105756805311128 9
    endloop
  endfacet
  facet normal -0.8819212643483532 -0.4713967368260015 0
    outer loop
      vertex 24.734057457223564 -22.792201673772556 0
      vertex 24.863431345515803 -23.034243194688873 0
      vertex 24.863431345515803 -23.034243194688873 4
    endloop
  endfacet
  facet normal -0.8819212643483532 -0.4713967368260015 0
    outer loop
      vertex 24.734057457223564 -22.792201673772556 0
      vertex 24.863431345515803 -23.034243194688873 4
      vertex 24.734057457223564 -22.792201673772556 4
    endloop
  endfacet
  facet normal 0 0 -1
    outer loop
      vertex 24.734057457223564 -22.792201673772556 0
      vertex 30.1 -30.1 0
      vertex 24.863431345515803 -23.034243194688873 0
    endloop
  endfacet
  facet normal 0 0 -1
    outer loop
      vertex 24.734057457223564 -22.792201673772556 0
      vertex 30.1 -8 0
      vertex 30.1 -30.1 0
    endloop
  endfacet
  facet normal -0.8819212643483529 -0.47139673682600136 0
    outer loop
      vertex 24.734057457223564 -22.792201673772556 4
      vertex 24.863431345515803 -23.034243194688873 4
      vertex 24.863431345515803 -23.034243194688873 9
    endloop
  endfacet
  facet normal -0.8819212643483529 -0.47139673682600136 0
    outer loop
      vertex 24.734057457223564 -22.792201673772556 4
      vertex 24.863431345515803 -23.034243194688873 9
      vertex 24.734057457223564 -22.792201673772556 9
    endloop
  endfacet
  facet normal 0 0 1
    outer loop
      vertex 24.734057457223564 -22.792201673772556 9
      vertex 24.863431345515803 -23.034243194688873 9
      vertex 25.10073372946036 -19.874481869954852 9
    endloop
  endfacet
  facet normal -0.8819212643483532 0.4713967368260015 0
    outer loop
      vertex 24.734057457223564 22.792201673772556 0
      vertex 24.734057457223564 22.792201673772556 4
      vertex 24.863431345515803 23.034243194688873 0
    endloop
  endfacet
  facet normal 0 0 -1
    outer loop
      vertex 24.734057457223564 22.792201673772556 0
      vertex 24.863431345515803 23.034243194688873 0
      vertex 33.24213793630651 30.377173484102855 0
    endloop
  endfacet
  facet normal -0.8819212643483529 0.47139673682600136 0
    outer loop
      vertex 24.734057457223564 22.792201673772556 4
      vertex 24.734057457223564 22.792201673772556 9
      vertex 24.863431345515803 23.034243194688873 4
    endloop
  endfacet
  facet normal -0.8819212643483532 0.4713967368260015 0
    outer loop
      vertex 24.734057457223564 22.792201673772556 4
      vertex 24.863431345515803 23.034243194688873 4
      vertex 24.863431345515803 23.034243194688873 0
    endloop
  endfacet
  facet normal -0.8819212643483529 0.47139673682600136 0
    outer loop
      vertex 24.734057457223564 22.792201673772556 9
      vertex 24.863431345515803 23.034243194688873 9
      vertex 24.863431345515803 23.034243194688873 4
    endloop
  endfacet
  facet normal 0 0 1
    outer loop
      vertex 24.734057457223564 22.792201673772556 9
      vertex 25.10073372946036 19.874481869954852 9
      vertex 24.863431345515803 23.034243194688873 9
    endloop
  endfacet
  facet normal -0.8819212643483532 -0.4713967368260015 0
    outer loop
      vertex 24.734057457223564 24.347798326227444 0
      vertex 24.863431345515803 24.105756805311128 0
      vertex 24.863431345515803 24.105756805311128 4
    endloop
  endfacet
  facet normal -0.8819212643483532 -0.4713967368260015 0
    outer loop
      vertex 24.734057457223564 24.347798326227444 0
      vertex 24.863431345515803 24.105756805311128 4
      vertex 24.734057457223564 24.347798326227444 4
    endloop
  endfacet
  facet normal 0 0 -1
    outer loop
      vertex 24.734057457223564 24.347798326227444 0
      vertex 33.24213793630651 30.377173484102855 0
      vertex 24.863431345515803 24.105756805311128 0
    endloop
  endfacet
  facet normal -0.8819212643483529 -0.47139673682600136 0
    outer loop
      vertex 24.734057457223564 24.347798326227444 4
      vertex 24.863431345515803 24.105756805311128 4
      vertex 24.863431345515803 24.105756805311128 9
    endloop
  endfacet
  facet normal -0.8819212643483529 -0.47139673682600136 0
    outer loop
      vertex 24.734057457223564 24.347798326227444 4
      vertex 24.863431345515803 24.105756805311128 9
      vertex 24.734057457223564 24.347798326227444 9
    endloop
  endfacet
  facet normal 0 0 1
    outer loop
      vertex 24.734057457223564 24.347798326227444 9
      vertex 24.863431345515803 24.105756805311128 9
      vertex 25.10073372946036 27.265518130045148 9
    endloop
  endfacet
  facet normal -0.9569403357322098 0.29028467725445894 0
    outer loop
      vertex 24.863431345515803 -24.105756805311128 0
      vertex 24.863431345515803 -24.105756805311128 4
      vertex 24.943099392564523 -23.84312645082258 0
    endloop
  endfacet
  facet normal 0 0 -1
    outer loop
      vertex 24.863431345515803 -24.105756805311128 0
      vertex 24.943099392564523 -23.84312645082258 0
      vertex 30.1 -30.1 0
    endloop
  endfacet
  facet normal -0.9569403357322098 0.290284677254459 0
    outer loop
      vertex 24.863431345515803 -24.105756805311128 4
      vertex 24.863431345515803 -24.105756805311128 9
      vertex 24.943099392564523 -23.84312645082258 4
    endloop
  endfacet
  facet normal -0.9569403357322098 0.29028467725445894 0
    outer loop
      vertex 24.863431345515803 -24.105756805311128 4
      vertex 24.943099392564523 -23.84312645082258 4
      vertex 24.943099392564523 -23.84312645082258 0
    endloop
  endfacet
  facet normal -0.9569403357322098 0.290284677254459 0
    outer loop
      vertex 24.863431345515803 -24.105756805311128 9
      vertex 24.943099392564523 -23.84312645082258 9
      vertex 24.943099392564523 -23.84312645082258 4
    endloop
  endfacet
  facet normal 0 0 1
    outer loop
      vertex 24.863431345515803 -24.105756805311128 9
      vertex 25.10073372946036 -27.265518130045148 9
      vertex 24.943099392564523 -23.84312645082258 9
    endloop
  endfacet
  facet normal -0.9569403357322098 -0.29028467725445894 0
    outer loop
      vertex 24.863431345515803 -23.034243194688873 0
      vertex 24.943099392564523 -23.29687354917742 0
      vertex 24.943099392564523 -23.29687354917742 4
    endloop
  endfacet
  facet normal -0.9569403357322098 -0.29028467725445894 0
    outer loop
      vertex 24.863431345515803 -23.034243194688873 0
      vertex 24.943099392564523 -23.29687354917742 4
      vertex 24.863431345515803 -23.034243194688873 4
    endloop
  endfacet
  facet normal 0 0 -1
    outer loop
      vertex 24.863431345515803 -23.034243194688873 0
      vertex 30.1 -30.1 0
      vertex 24.943099392564523 -23.29687354917742 0
    endloop
  endfacet
  facet normal -0.9569403357322098 -0.290284677254459 0
    outer loop
      vertex 24.863431345515803 -23.034243194688873 4
      vertex 24.943099392564523 -23.29687354917742 4
      vertex 24.943099392564523 -23.29687354917742 9
    endloop
  endfacet
  facet normal -0.9569403357322098 -0.290284677254459 0
    outer loop
      vertex 24.863431345515803 -23.034243194688873 4
      vertex 24.943099392564523 -23.29687354917742 9
      vertex 24.863431345515803 -23.034243194688873 9
    endloop
  endfacet
  facet normal 0 0 1
    outer loop
      vertex 24.863431345515803 -23.034243194688873 9
      vertex 24.943099392564523 -23.29687354917742 9
      vertex 25.10073372946036 -19.874481869954852 9
    endloop
  endfacet
  facet normal -0.9569403357322098 0.29028467725445894 0
    outer loop
      vertex 24.863431345515803 23.034243194688873 0
      vertex 24.863431345515803 23.034243194688873 4
      vertex 24.943099392564523 23.29687354917742 0
    endloop
  endfacet
  facet normal 0 0 -1
    outer loop
      vertex 24.863431345515803 23.034243194688873 0
      vertex 24.943099392564523 23.29687354917742 0
      vertex 33.24213793630651 30.377173484102855 0
    endloop
  endfacet
  facet normal -0.9569403357322098 0.290284677254459 0
    outer loop
      vertex 24.863431345515803 23.034243194688873 4
      vertex 24.863431345515803 23.034243194688873 9
      vertex 24.943099392564523 23.29687354917742 4
    endloop
  endfacet
  facet normal -0.9569403357322098 0.29028467725445894 0
    outer loop
      vertex 24.863431345515803 23.034243194688873 4
      vertex 24.943099392564523 23.29687354917742 4
      vertex 24.943099392564523 23.29687354917742 0
    endloop
  endfacet
  facet normal -0.9569403357322098 0.290284677254459 0
    outer loop
      vertex 24.863431345515803 23.034243194688873 9
      vertex 24.943099392564523 23.29687354917742 9
      vertex 24.943099392564523 23.29687354917742 4
    endloop
  endfacet
  facet normal 0 0 1
    outer loop
      vertex 24.863431345515803 23.034243194688873 9
      vertex 25.10073372946036 19.874481869954852 9
      vertex 24.943099392564523 23.29687354917742 9
    endloop
  endfacet
  facet normal -0.9569403357322098 -0.29028467725445894 0
    outer loop
      vertex 24.863431345515803 24.105756805311128 0
      vertex 24.943099392564523 23.84312645082258 0
      vertex 24.943099392564523 23.84312645082258 4
    endloop
  endfacet
  facet normal -0.9569403357322098 -0.29028467725445894 0
    outer loop
      vertex 24.863431345515803 24.105756805311128 0
      vertex 24.943099392564523 23.84312645082258 4
      vertex 24.863431345515803 24.105756805311128 4
    endloop
  endfacet
  facet normal 0 0 -1
    outer loop
      vertex 24.863431345515803 24.105756805311128 0
      vertex 33.24213793630651 30.377173484102855 0
      vertex 24.943099392564523 23.84312645082258 0
    endloop
  endfacet
  facet normal -0.9569403357322098 -0.290284677254459 0
    outer loop
      vertex 24.863431345515803 24.105756805311128 4
      vertex 24.943099392564523 23.84312645082258 4
      vertex 24.943099392564523 23.84312645082258 9
    endloop
  endfacet
  facet normal -0.9569403357322098 -0.290284677254459 0
    outer loop
      vertex 24.863431345515803 24.105756805311128 4
      vertex 24.943099392564523 23.84312645082258 9
      vertex 24.863431345515803 24.105756805311128 9
    endloop
  endfacet
  facet normal 0 0 1
    outer loop
      vertex 24.863431345515803 24.105756805311128 9
      vertex 24.943099392564523 23.84312645082258 9
      vertex 25.10073372946036 27.265518130045148 9
    endloop
  endfacet
  facet normal -0.9951847266721976 0.09801714032955393 0
    outer loop
      vertex 24.943099392564523 -23.84312645082258 0
      vertex 24.943099392564523 -23.84312645082258 4
      vertex 24.97 -23.57 0
    endloop
  endfacet
  facet normal 0 0 -1
    outer loop
      vertex 24.943099392564523 -23.84312645082258 0
      vertex 24.97 -23.57 0
      vertex 30.1 -30.1 0
    endloop
  endfacet
  facet normal -0.9951847266721976 0.09801714032955393 0
    outer loop
      vertex 24.943099392564523 -23.84312645082258 4
      vertex 24.943099392564523 -23.84312645082258 9
      vertex 24.97 -23.57 4
    endloop
  endfacet
  facet normal -0.9951847266721976 0.09801714032955393 0
    outer loop
      vertex 24.943099392564523 -23.84312645082258 4
      vertex 24.97 -23.57 4
      vertex 24.97 -23.57 0
    endloop
  endfacet
  facet normal -0.9951847266721976 0.09801714032955393 0
    outer loop
      vertex 24.943099392564523 -23.84312645082258 9
      vertex 24.97 -23.57 9
      vertex 24.97 -23.57 4
    endloop
  endfacet
  facet normal 0 0 1
    outer loop
      vertex 24.943099392564523 -23.84312645082258 9
      vertex 25.10073372946036 -27.265518130045148 9
      vertex 24.97 -23.57 9
    endloop
  endfacet
  facet normal -0.9951847266721976 -0.09801714032955393 0
    outer loop
      vertex 24.943099392564523 -23.29687354917742 0
      vertex 24.97 -23.57 0
      vertex 24.97 -23.57 4
    endloop
  endfacet
  facet normal -0.9951847266721976 -0.09801714032955393 0
    outer loop
      vertex 24.943099392564523 -23.29687354917742 0
      vertex 24.97 -23.57 4
      vertex 24.943099392564523 -23.29687354917742 4
    endloop
  endfacet
  facet normal 0 0 -1
    outer loop
      vertex 24.943099392564523 -23.29687354917742 0
      vertex 30.1 -30.1 0
      vertex 24.97 -23.57 0
    endloop
  endfacet
  facet normal -0.9951847266721976 -0.09801714032955393 0
    outer loop
      vertex 24.943099392564523 -23.29687354917742 4
      vertex 24.97 -23.57 4
      vertex 24.97 -23.57 9
    endloop
  endfacet
  facet normal -0.9951847266721976 -0.09801714032955393 0
    outer loop
      vertex 24.943099392564523 -23.29687354917742 4
      vertex 24.97 -23.57 9
      vertex 24.943099392564523 -23.29687354917742 9
    endloop
  endfacet
  facet normal 0 0 1
    outer loop
      vertex 24.943099392564523 -23.29687354917742 9
      vertex 24.97 -23.57 9
      vertex 25.10073372946036 -19.874481869954852 9
    endloop
  endfacet
  facet normal -0.9951847266721976 0.09801714032955393 0
    outer loop
      vertex 24.943099392564523 23.29687354917742 0
      vertex 24.943099392564523 23.29687354917742 4
      vertex 24.97 23.57 0
    endloop
  endfacet
  facet normal 0 0 -1
    outer loop
      vertex 24.943099392564523 23.29687354917742 0
      vertex 24.97 23.57 0
      vertex 33.24213793630651 30.377173484102855 0
    endloop
  endfacet
  facet normal -0.9951847266721976 0.09801714032955393 0
    outer loop
      vertex 24.943099392564523 23.29687354917742 4
      vertex 24.943099392564523 23.29687354917742 9
      vertex 24.97 23.57 4
    endloop
  endfacet
  facet normal -0.9951847266721976 0.09801714032955393 0
    outer loop
      vertex 24.943099392564523 23.29687354917742 4
      vertex 24.97 23.57 4
      vertex 24.97 23.57 0
    endloop
  endfacet
  facet normal -0.9951847266721976 0.09801714032955393 0
    outer loop
      vertex 24.943099392564523 23.29687354917742 9
      vertex 24.97 23.57 9
      vertex 24.97 23.57 4
    endloop
  endfacet
  facet normal 0 0 1
    outer loop
      vertex 24.943099392564523 23.29687354917742 9
      vertex 25.10073372946036 19.874481869954852 9
      vertex 24.97 23.57 9
    endloop
  endfacet
  facet normal -0.9951847266721976 -0.09801714032955393 0
    outer loop
      vertex 24.943099392564523 23.84312645082258 0
      vertex 24.97 23.57 0
      vertex 24.97 23.57 4
    endloop
  endfacet
  facet normal -0.9951847266721976 -0.09801714032955393 0
    outer loop
      vertex 24.943099392564523 23.84312645082258 0
      vertex 24.97 23.57 4
      vertex 24.943099392564523 23.84312645082258 4
    endloop
  endfacet
  facet normal 0 0 -1
    outer loop
      vertex 24.943099392564523 23.84312645082258 0
      vertex 33.24213793630651 30.377173484102855 0
      vertex 24.97 23.57 0
    endloop
  endfacet
  facet normal -0.9951847266721976 -0.09801714032955393 0
    outer loop
      vertex 24.943099392564523 23.84312645082258 4
      vertex 24.97 23.57 4
      vertex 24.97 23.57 9
    endloop
  endfacet
  facet normal -0.9951847266721976 -0.09801714032955393 0
    outer loop
      vertex 24.943099392564523 23.84312645082258 4
      vertex 24.97 23.57 9
      vertex 24.943099392564523 23.84312645082258 9
    endloop
  endfacet
  facet normal 0 0 1
    outer loop
      vertex 24.943099392564523 23.84312645082258 9
      vertex 24.97 23.57 9
      vertex 25.10073372946036 27.265518130045148 9
    endloop
  endfacet
  facet normal 0 0 1
    outer loop
      vertex 24.97 -23.57 9
      vertex 25.10073372946036 -27.265518130045148 9
      vertex 25.10073372946036 -19.874481869954852 9
    endloop
  endfacet
  facet normal 0 0 1
    outer loop
      vertex 24.97 23.57 9
      vertex 25.10073372946036 19.874481869954852 9
      vertex 25.10073372946036 27.265518130045148 9
    endloop
  endfacet
  facet normal 0.4713967368259996 -0.881921264348354 0
    outer loop
      vertex 25.10073372946036 -27.265518130045148 4
      vertex 25.79228093207841 -26.89587844921018 4
      vertex 25.79228093207841 -26.89587844921018 9
    endloop
  endfacet
  facet normal 0.4713967368259996 -0.881921264348354 0
    outer loop
      vertex 25.10073372946036 -27.265518130045148 4
      vertex 25.79228093207841 -26.89587844921018 9
      vertex 25.10073372946036 -27.265518130045148 9
    endloop
  endfacet
  facet normal 0 0 1
    outer loop
      vertex 25.10073372946036 -27.265518130045148 4
      vertex 28.5 -28.5 4
      vertex 25.79228093207841 -26.89587844921018 4
    endloop
  endfacet
  facet normal 0 0 1
    outer loop
      vertex 25.10073372946036 -27.265518130045148 9
      vertex 25.79228093207841 -26.89587844921018 9
      vertex 25.10073372946036 -19.874481869954852 9
    endloop
  endfacet
  facet normal 0.4713967368259996 0.881921264348354 0
    outer loop
      vertex 25.10073372946036 -19.874481869954852 4
      vertex 25.10073372946036 -19.874481869954852 9
      vertex 25.79228093207841 -20.24412155078982 4
    endloop
  endfacet
  facet normal 0 0 1
    outer loop
      vertex 25.10073372946036 -19.874481869954852 4
      vertex 25.79228093207841 -20.24412155078982 4
      vertex 25.10073372946036 19.874481869954852 4
    endloop
  endfacet
  facet normal 0 0 1
    outer loop
      vertex 25.10073372946036 -19.874481869954852 9
      vertex 25.79228093207841 -26.89587844921018 9
      vertex 25.79228093207841 -20.24412155078982 9
    endloop
  endfacet
  facet normal 0.4713967368259996 0.881921264348354 0
    outer loop
      vertex 25.10073372946036 -19.874481869954852 9
      vertex 25.79228093207841 -20.24412155078982 9
      vertex 25.79228093207841 -20.24412155078982 4
    endloop
  endfacet
  facet normal 0 0 1
    outer loop
      vertex 25.10073372946036 19.874481869954852 4
      vertex 25.79228093207841 -20.24412155078982 4
      vertex 26.398427124746192 -20.74157287525381 4
    endloop
  endfacet
  facet normal 0.4713967368259996 -0.881921264348354 0
    outer loop
      vertex 25.10073372946036 19.874481869954852 4
      vertex 25.79228093207841 20.24412155078982 4
      vertex 25.79228093207841 20.24412155078982 9
    endloop
  endfacet
  facet normal 0.4713967368259996 -0.881921264348354 0
    outer loop
      vertex 25.10073372946036 19.874481869954852 4
      vertex 25.79228093207841 20.24412155078982 9
      vertex 25.10073372946036 19.874481869954852 9
    endloop
  endfacet
  facet normal 0 0 1
    outer loop
      vertex 25.10073372946036 19.874481869954852 4
      vertex 26.398427124746192 -20.74157287525381 4
      vertex 26.89587844921018 -21.34771906792159 4
    endloop
  endfacet
  facet normal 0 0 1
    outer loop
      vertex 25.10073372946036 19.874481869954852 4
      vertex 26.89587844921018 -21.34771906792159 4
      vertex 27.265518130045148 -22.039266270539642 4
    endloop
  endfacet
  facet normal 0 0 1
    outer loop
      vertex 25.10073372946036 19.874481869954852 4
      vertex 27.265518130045148 -22.039266270539642 4
      vertex 27.493141121612922 -22.78963871193549 4
    endloop
  endfacet
  facet normal 0 0 1
    outer loop
      vertex 25.10073372946036 19.874481869954852 4
      vertex 27.493141121612922 -22.78963871193549 4
      vertex 27.57 -23.57 4
    endloop
  endfacet
  facet normal 0 0 1
    outer loop
      vertex 25.10073372946036 19.874481869954852 4
      vertex 27.57 -23.57 4
      vertex 28.5 -28.5 4
    endloop
  endfacet
  facet normal 0 0 1
    outer loop
      vertex 25.10073372946036 19.874481869954852 4
      vertex 28.5 -28.5 4
      vertex 25.79228093207841 20.24412155078982 4
    endloop
  endfacet
  facet normal 0 0 1
    outer loop
      vertex 25.10073372946036 19.874481869954852 9
      vertex 25.79228093207841 20.24412155078982 9
      vertex 25.10073372946036 27.265518130045148 9
    endloop
  endfacet
  facet normal 0.4713967368259996 0.881921264348354 0
    outer loop
      vertex 25.10073372946036 27.265518130045148 4
      vertex 25.10073372946036 27.265518130045148 9
      vertex 25.79228093207841 26.89587844921018 4
    endloop
  endfacet
  facet normal 0 0 1
    outer loop
      vertex 25.10073372946036 27.265518130045148 4
      vertex 25.79228093207841 26.89587844921018 4
      vertex 28.5 62.5 4
    endloop
  endfacet
  facet normal 0 0 1
    outer loop
      vertex 25.10073372946036 27.265518130045148 9
      vertex 25.79228093207841 20.24412155078982 9
      vertex 25.79228093207841 26.89587844921018 9
    endloop
  endfacet
  facet normal 0.4713967368259996 0.881921264348354 0
    outer loop
      vertex 25.10073372946036 27.265518130045148 9
      vertex 25.79228093207841 26.89587844921018 9
      vertex 25.79228093207841 26.89587844921018 4
    endloop
  endfacet
  facet normal 0.6343932841636423 -0.7730104533627397 0
    outer loop
      vertex 25.79228093207841 -26.89587844921018 4
      vertex 26.398427124746192 -26.398427124746192 4
      vertex 26.398427124746192 -26.398427124746192 9
    endloop
  endfacet
  facet normal 0.6343932841636423 -0.7730104533627397 0
    outer loop
      vertex 25.79228093207841 -26.89587844921018 4
      vertex 26.398427124746192 -26.398427124746192 9
      vertex 25.79228093207841 -26.89587844921018 9
    endloop
  endfacet
  facet normal 0 0 1
    outer loop
      vertex 25.79228093207841 -26.89587844921018 4
      vertex 28.5 -28.5 4
      vertex 26.398427124746192 -26.398427124746192 4
    endloop
  endfacet
  facet normal 0 0 1
    outer loop
      vertex 25.79228093207841 -26.89587844921018 9
      vertex 26.398427124746192 -26.398427124746192 9
      vertex 25.79228093207841 -20.24412155078982 9
    endloop
  endfacet
  facet normal 0.6343932841636423 0.7730104533627397 0
    outer loop
      vertex 25.79228093207841 -20.24412155078982 4
      vertex 25.79228093207841 -20.24412155078982 9
      vertex 26.398427124746192 -20.74157287525381 4
    endloop
  endfacet
  facet normal 0 0 1
    outer loop
      vertex 25.79228093207841 -20.24412155078982 9
      vertex 26.398427124746192 -26.398427124746192 9
      vertex 26.398427124746192 -20.74157287525381 9
    endloop
  endfacet
  facet normal 0.6343932841636423 0.7730104533627397 0
    outer loop
      vertex 25.79228093207841 -20.24412155078982 9
      vertex 26.398427124746192 -20.74157287525381 9
      vertex 26.398427124746192 -20.74157287525381 4
    endloop
  endfacet
  facet normal 0.6343932841636423 -0.7730104533627397 0
    outer loop
      vertex 25.79228093207841 20.24412155078982 4
      vertex 26.398427124746192 20.74157287525381 4
      vertex 26.398427124746192 20.74157287525381 9
    endloop
  endfacet
  facet normal 0.6343932841636423 -0.7730104533627397 0
    outer loop
      vertex 25.79228093207841 20.24412155078982 4
      vertex 26.398427124746192 20.74157287525381 9
      vertex 25.79228093207841 20.24412155078982 9
    endloop
  endfacet
  facet normal 0 0 1
    outer loop
      vertex 25.79228093207841 20.24412155078982 4
      vertex 28.5 -28.5 4
      vertex 26.398427124746192 20.74157287525381 4
    endloop
  endfacet
  facet normal 0 0 1
    outer loop
      vertex 25.79228093207841 20.24412155078982 9
      vertex 26.398427124746192 20.74157287525381 9
      vertex 25.79228093207841 26.89587844921018 9
    endloop
  endfacet
  facet normal 0.6343932841636423 0.7730104533627397 0
    outer loop
      vertex 25.79228093207841 26.89587844921018 4
      vertex 25.79228093207841 26.89587844921018 9
      vertex 26.398427124746192 26.398427124746192 4
    endloop
  endfacet
  facet normal 0 0 1
    outer loop
      vertex 25.79228093207841 26.89587844921018 4
      vertex 26.398427124746192 26.398427124746192 4
      vertex 28.5 62.5 4
    endloop
  endfacet
  facet normal 0 0 1
    outer loop
      vertex 25.79228093207841 26.89587844921018 9
      vertex 26.398427124746192 20.74157287525381 9
      vertex 26.398427124746192 26.398427124746192 9
    endloop
  endfacet
  facet normal 0.6343932841636423 0.7730104533627397 0
    outer loop
      vertex 25.79228093207841 26.89587844921018 9
      vertex 26.398427124746192 26.398427124746192 9
      vertex 26.398427124746192 26.398427124746192 4
    endloop
  endfacet
  facet normal 0.7730104533627397 -0.6343932841636423 0
    outer loop
      vertex 26.398427124746192 -26.398427124746192 4
      vertex 26.89587844921018 -25.79228093207841 4
      vertex 26.398427124746192 -26.398427124746192 9
    endloop
  endfacet
  facet normal 0 0 1
    outer loop
      vertex 26.398427124746192 -26.398427124746192 4
      vertex 28.5 -28.5 4
      vertex 26.89587844921018 -25.79228093207841 4
    endloop
  endfacet
  facet normal 0.7730104533627397 -0.6343932841636423 0
    outer loop
      vertex 26.398427124746192 -26.398427124746192 9
      vertex 26.89587844921018 -25.79228093207841 4
      vertex 26.89587844921018 -25.79228093207841 9
    endloop
  endfacet
  facet normal 0 0 1
    outer loop
      vertex 26.398427124746192 -26.398427124746192 9
      vertex 26.89587844921018 -25.79228093207841 9
      vertex 26.398427124746192 -20.74157287525381 9
    endloop
  endfacet
  facet normal 0.7730104533627397 0.6343932841636423 0
    outer loop
      vertex 26.398427124746192 -20.74157287525381 4
      vertex 26.398427124746192 -20.74157287525381 9
      vertex 26.89587844921018 -21.34771906792159 9
    endloop
  endfacet
  facet normal 0.7730104533627397 0.6343932841636423 0
    outer loop
      vertex 26.398427124746192 -20.74157287525381 4
      vertex 26.89587844921018 -21.34771906792159 9
      vertex 26.89587844921018 -21.34771906792159 4
    endloop
  endfacet
  facet normal 0 0 1
    outer loop
      vertex 26.398427124746192 -20.74157287525381 9
      vertex 26.89587844921018 -25.79228093207841 9
      vertex 26.89587844921018 -21.34771906792159 9
    endloop
  endfacet
  facet normal 0.7730104533627397 -0.6343932841636423 0
    outer loop
      vertex 26.398427124746192 20.74157287525381 4
      vertex 26.89587844921018 21.34771906792159 4
      vertex 26.398427124746192 20.74157287525381 9
    endloop
  endfacet
  facet normal 0 0 1
    outer loop
      vertex 26.398427124746192 20.74157287525381 4
      vertex 28.5 -28.5 4
      vertex 26.89587844921018 21.34771906792159 4
    endloop
  endfacet
  facet normal 0.7730104533627397 -0.6343932841636423 0
    outer loop
      vertex 26.398427124746192 20.74157287525381 9
      vertex 26.89587844921018 21.34771906792159 4
      vertex 26.89587844921018 21.34771906792159 9
    endloop
  endfacet
  facet normal 0 0 1
    outer loop
      vertex 26.398427124746192 20.74157287525381 9
      vertex 26.89587844921018 21.34771906792159 9
      vertex 26.398427124746192 26.398427124746192 9
    endloop
  endfacet
  facet normal 0.7730104533627397 0.6343932841636423 0
    outer loop
      vertex 26.398427124746192 26.398427124746192 4
      vertex 26.398427124746192 26.398427124746192 9
      vertex 26.89587844921018 25.79228093207841 9
    endloop
  endfacet
  facet normal 0 0 1
    outer loop
      vertex 26.398427124746192 26.398427124746192 4
      vertex 26.89587844921018 25.79228093207841 4
      vertex 28.5 62.5 4
    endloop
  endfacet
  facet normal 0.7730104533627397 0.6343932841636423 0
    outer loop
      vertex 26.398427124746192 26.398427124746192 4
      vertex 26.89587844921018 25.79228093207841 9
      vertex 26.89587844921018 25.79228093207841 4
    endloop
  endfacet
  facet normal 0 0 1
    outer loop
      vertex 26.398427124746192 26.398427124746192 9
      vertex 26.89587844921018 21.34771906792159 9
      vertex 26.89587844921018 25.79228093207841 9
    endloop
  endfacet
  facet normal 0.881921264348354 -0.4713967368259996 0
    outer loop
      vertex 26.89587844921018 -25.79228093207841 4
      vertex 27.265518130045148 -25.10073372946036 4
      vertex 26.89587844921018 -25.79228093207841 9
    endloop
  endfacet
  facet normal 0 0 1
    outer loop
      vertex 26.89587844921018 -25.79228093207841 4
      vertex 28.5 -28.5 4
      vertex 27.265518130045148 -25.10073372946036 4
    endloop
  endfacet
  facet normal 0.881921264348354 -0.4713967368259996 0
    outer loop
      vertex 26.89587844921018 -25.79228093207841 9
      vertex 27.265518130045148 -25.10073372946036 4
      vertex 27.265518130045148 -25.10073372946036 9
    endloop
  endfacet
  facet normal 0 0 1
    outer loop
      vertex 26.89587844921018 -25.79228093207841 9
      vertex 27.265518130045148 -25.10073372946036 9
      vertex 26.89587844921018 -21.34771906792159 9
    endloop
  endfacet
  facet normal 0.881921264348354 0.4713967368259996 0
    outer loop
      vertex 26.89587844921018 -21.34771906792159 4
      vertex 26.89587844921018 -21.34771906792159 9
      vertex 27.265518130045148 -22.039266270539642 9
    endloop
  endfacet
  facet normal 0.881921264348354 0.4713967368259996 0
    outer loop
      vertex 26.89587844921018 -21.34771906792159 4
      vertex 27.265518130045148 -22.039266270539642 9
      vertex 27.265518130045148 -22.039266270539642 4
    endloop
  endfacet
  facet normal 0 0 1
    outer loop
      vertex 26.89587844921018 -21.34771906792159 9
      vertex 27.265518130045148 -25.10073372946036 9
      vertex 27.265518130045148 -22.039266270539642 9
    endloop
  endfacet
  facet normal 0.881921264348354 -0.4713967368259996 0
    outer loop
      vertex 26.89587844921018 21.34771906792159 4
      vertex 27.265518130045148 22.039266270539642 4
      vertex 26.89587844921018 21.34771906792159 9
    endloop
  endfacet
  facet normal 0 0 1
    outer loop
      vertex 26.89587844921018 21.34771906792159 4
      vertex 28.5 -28.5 4
      vertex 27.265518130045148 22.039266270539642 4
    endloop
  endfacet
  facet normal 0.881921264348354 -0.4713967368259996 0
    outer loop
      vertex 26.89587844921018 21.34771906792159 9
      vertex 27.265518130045148 22.039266270539642 4
      vertex 27.265518130045148 22.039266270539642 9
    endloop
  endfacet
  facet normal 0 0 1
    outer loop
      vertex 26.89587844921018 21.34771906792159 9
      vertex 27.265518130045148 22.039266270539642 9
      vertex 26.89587844921018 25.79228093207841 9
    endloop
  endfacet
  facet normal 0.881921264348354 0.4713967368259996 0
    outer loop
      vertex 26.89587844921018 25.79228093207841 4
      vertex 26.89587844921018 25.79228093207841 9
      vertex 27.265518130045148 25.10073372946036 9
    endloop
  endfacet
  facet normal 0 0 1
    outer loop
      vertex 26.89587844921018 25.79228093207841 4
      vertex 27.265518130045148 25.10073372946036 4
      vertex 28.5 62.5 4
    endloop
  endfacet
  facet normal 0.881921264348354 0.4713967368259996 0
    outer loop
      vertex 26.89587844921018 25.79228093207841 4
      vertex 27.265518130045148 25.10073372946036 9
      vertex 27.265518130045148 25.10073372946036 4
    endloop
  endfacet
  facet normal 0 0 1
    outer loop
      vertex 26.89587844921018 25.79228093207841 9
      vertex 27.265518130045148 22.039266270539642 9
      vertex 27.265518130045148 25.10073372946036 9
    endloop
  endfacet
  facet normal 0.9569403357322093 -0.2902846772544611 0
    outer loop
      vertex 27.265518130045148 -25.10073372946036 4
      vertex 27.493141121612922 -24.350361288064512 4
      vertex 27.265518130045148 -25.10073372946036 9
    endloop
  endfacet
  facet normal 0 0 1
    outer loop
      vertex 27.265518130045148 -25.10073372946036 4
      vertex 28.5 -28.5 4
      vertex 27.493141121612922 -24.350361288064512 4
    endloop
  endfacet
  facet normal 0.9569403357322093 -0.2902846772544611 0
    outer loop
      vertex 27.265518130045148 -25.10073372946036 9
      vertex 27.493141121612922 -24.350361288064512 4
      vertex 27.493141121612922 -24.350361288064512 9
    endloop
  endfacet
  facet normal 0 0 1
    outer loop
      vertex 27.265518130045148 -25.10073372946036 9
      vertex 27.493141121612922 -24.350361288064512 9
      vertex 27.265518130045148 -22.039266270539642 9
    endloop
  endfacet
  facet normal 0.9569403357322093 0.2902846772544611 0
    outer loop
      vertex 27.265518130045148 -22.039266270539642 4
      vertex 27.265518130045148 -22.039266270539642 9
      vertex 27.493141121612922 -22.78963871193549 9
    endloop
  endfacet
  facet normal 0.9569403357322093 0.2902846772544611 0
    outer loop
      vertex 27.265518130045148 -22.039266270539642 4
      vertex 27.493141121612922 -22.78963871193549 9
      vertex 27.493141121612922 -22.78963871193549 4
    endloop
  endfacet
  facet normal 0 0 1
    outer loop
      vertex 27.265518130045148 -22.039266270539642 9
      vertex 27.493141121612922 -24.350361288064512 9
      vertex 27.493141121612922 -22.78963871193549 9
    endloop
  endfacet
  facet normal 0.9569403357322093 -0.2902846772544611 0
    outer loop
      vertex 27.265518130045148 22.039266270539642 4
      vertex 27.493141121612922 22.78963871193549 4
      vertex 27.265518130045148 22.039266270539642 9
    endloop
  endfacet
  facet normal 0 0 1
    outer loop
      vertex 27.265518130045148 22.039266270539642 4
      vertex 28.5 -28.5 4
      vertex 27.493141121612922 22.78963871193549 4
    endloop
  endfacet
  facet normal 0.9569403357322093 -0.2902846772544611 0
    outer loop
      vertex 27.265518130045148 22.039266270539642 9
      vertex 27.493141121612922 22.78963871193549 4
      vertex 27.493141121612922 22.78963871193549 9
    endloop
  endfacet
  facet normal 0 0 1
    outer loop
      vertex 27.265518130045148 22.039266270539642 9
      vertex 27.493141121612922 22.78963871193549 9
      vertex 27.265518130045148 25.10073372946036 9
    endloop
  endfacet
  facet normal 0.9569403357322093 0.2902846772544611 0
    outer loop
      vertex 27.265518130045148 25.10073372946036 4
      vertex 27.265518130045148 25.10073372946036 9
      vertex 27.493141121612922 24.350361288064512 9
    endloop
  endfacet
  facet normal 0 0 1
    outer loop
      vertex 27.265518130045148 25.10073372946036 4
      vertex 27.493141121612922 24.350361288064512 4
      vertex 28.5 62.5 4
    endloop
  endfacet
  facet normal 0.9569403357322093 0.2902846772544611 0
    outer loop
      vertex 27.265518130045148 25.10073372946036 4
      vertex 27.493141121612922 24.350361288064512 9
      vertex 27.493141121612922 24.350361288064512 4
    endloop
  endfacet
  facet normal 0 0 1
    outer loop
      vertex 27.265518130045148 25.10073372946036 9
      vertex 27.493141121612922 22.78963871193549 9
      vertex 27.493141121612922 24.350361288064512 9
    endloop
  endfacet
  facet normal 0.9951847266721968 -0.09801714032956084 0
    outer loop
      vertex 27.493141121612922 -24.350361288064512 4
      vertex 27.57 -23.57 4
      vertex 27.493141121612922 -24.350361288064512 9
    endloop
  endfacet
  facet normal 0 0 1
    outer loop
      vertex 27.493141121612922 -24.350361288064512 4
      vertex 28.5 -28.5 4
      vertex 27.57 -23.57 4
    endloop
  endfacet
  facet normal 0.9951847266721968 -0.09801714032956084 0
    outer loop
      vertex 27.493141121612922 -24.350361288064512 9
      vertex 27.57 -23.57 4
      vertex 27.57 -23.57 9
    endloop
  endfacet
  facet normal 0 0 1
    outer loop
      vertex 27.493141121612922 -24.350361288064512 9
      vertex 27.57 -23.57 9
      vertex 27.493141121612922 -22.78963871193549 9
    endloop
  endfacet
  facet normal 0.9951847266721968 0.09801714032956084 0
    outer loop
      vertex 27.493141121612922 -22.78963871193549 4
      vertex 27.493141121612922 -22.78963871193549 9
      vertex 27.57 -23.57 9
    endloop
  endfacet
  facet normal 0.9951847266721968 0.09801714032956084 0
    outer loop
      vertex 27.493141121612922 -22.78963871193549 4
      vertex 27.57 -23.57 9
      vertex 27.57 -23.57 4
    endloop
  endfacet
  facet normal 0.9951847266721968 -0.09801714032956084 0
    outer loop
      vertex 27.493141121612922 22.78963871193549 4
      vertex 27.57 23.57 4
      vertex 27.493141121612922 22.78963871193549 9
    endloop
  endfacet
  facet normal 0 0 1
    outer loop
      vertex 27.493141121612922 22.78963871193549 4
      vertex 28.5 -28.5 4
      vertex 27.57 23.57 4
    endloop
  endfacet
  facet normal 0.9951847266721968 -0.09801714032956084 0
    outer loop
      vertex 27.493141121612922 22.78963871193549 9
      vertex 27.57 23.57 4
      vertex 27.57 23.57 9
    endloop
  endfacet
  facet normal 0 0 1
    outer loop
      vertex 27.493141121612922 22.78963871193549 9
      vertex 27.57 23.57 9
      vertex 27.493141121612922 24.350361288064512 9
    endloop
  endfacet
  facet normal 0.9951847266721968 0.09801714032956084 0
    outer loop
      vertex 27.493141121612922 24.350361288064512 4
      vertex 27.493141121612922 24.350361288064512 9
      vertex 27.57 23.57 9
    endloop
  endfacet
  facet normal 0 0 1
    outer loop
      vertex 27.493141121612922 24.350361288064512 4
      vertex 27.57 23.57 4
      vertex 28.5 62.5 4
    endloop
  endfacet
  facet normal 0.9951847266721968 0.09801714032956084 0
    outer loop
      vertex 27.493141121612922 24.350361288064512 4
      vertex 27.57 23.57 9
      vertex 27.57 23.57 4
    endloop
  endfacet
  facet normal 0 0 1
    outer loop
      vertex 27.57 23.57 4
      vertex 28.5 -28.5 4
      vertex 28.5 62.5 4
    endloop
  endfacet
  facet normal -1 0 0
    outer loop
      vertex 28.5 -28.5 4
      vertex 28.5 -28.5 10
      vertex 28.5 62.5 4
    endloop
  endfacet
  facet normal -1 0 0
    outer loop
      vertex 28.5 -28.5 10
      vertex 28.5 62.5 10
      vertex 28.5 62.5 4
    endloop
  endfacet
  facet normal 0 0 1
    outer loop
      vertex 28.5 -28.5 10
      vertex 30.1 -30.1 10
      vertex 30.1 64.1 10
    endloop
  endfacet
  facet normal 0 0 1
    outer loop
      vertex 28.5 -28.5 10
      vertex 30.1 64.1 10
      vertex 28.5 62.5 10
    endloop
  endfacet
  facet normal 1 0 0
    outer loop
      vertex 30.1 -30.1 0
      vertex 30.1 -8 0
      vertex 30.1 -8 3
    endloop
  endfacet
  facet normal 1 0 0
    outer loop
      vertex 30.1 -30.1 0
      vertex 30.1 -8 3
      vertex 30.1 -30.1 3
    endloop
  endfacet
  facet normal 1 0 0
    outer loop
      vertex 30.1 -30.1 3
      vertex 30.1 -8 3
      vertex 30.1 -8 4
    endloop
  endfacet
  facet normal 1 0 0
    outer loop
      vertex 30.1 -30.1 3
      vertex 30.1 -8 4
      vertex 30.1 -30.1 10
    endloop
  endfacet
  facet normal 1 0 0
    outer loop
      vertex 30.1 -30.1 10
      vertex 30.1 -8 4
      vertex 30.1 2.647491604136741 4
    endloop
  endfacet
  facet normal 1 0 0
    outer loop
      vertex 30.1 -30.1 10
      vertex 30.1 2.647491604136741 4
      vertex 30.1 42 4
    endloop
  endfacet
  facet normal 1 0 0
    outer loop
      vertex 30.1 -30.1 10
      vertex 30.1 42 4
      vertex 30.1 50.64285714285714 4
    endloop
  endfacet
  facet normal 1 0 0
    outer loop
      vertex 30.1 -30.1 10
      vertex 30.1 50.64285714285714 4
      vertex 30.1 64.1 10
    endloop
  endfacet
  facet normal 0 0 -1
    outer loop
      vertex 30.1 -8 0
      vertex 33.24213793630651 0.27717348410285325 0
      vertex 40.1 -8 0
    endloop
  endfacet
  facet normal 0 -1 0
    outer loop
      vertex 30.1 -8 0
      vertex 40.1 -8 0
      vertex 30.1 -8 3
    endloop
  endfacet
  facet normal 0 -1 0
    outer loop
      vertex 30.1 -8 3
      vertex 40.1 -8 0
      vertex 40.1 -8 4
    endloop
  endfacet
  facet normal 0 -1 0
    outer loop
      vertex 30.1 -8 3
      vertex 40.1 -8 4
      vertex 30.1 -8 4
    endloop
  endfacet
  facet normal 0 0 1
    outer loop
      vertex 30.1 -8 4
      vertex 33.56084631168586 -0.02002688401680519 4
      vertex 30.1 2.647491604136741 4
    endloop
  endfacet
  facet normal 0 0 1
    outer loop
      vertex 30.1 -8 4
      vertex 33.630536869268816 -0.0725424859373689 4
      vertex 33.56084631168586 -0.02002688401680519 4
    endloop
  endfacet
  facet normal 0 0 1
    outer loop
      vertex 30.1 -8 4
      vertex 33.70201774132314 -0.12259393138760455 4
      vertex 33.630536869268816 -0.0725424859373689 4
    endloop
  endfacet
  facet normal 0 0 1
    outer loop
      vertex 30.1 -8 4
      vertex 33.77520183941699 -0.170120240391066 4
      vertex 33.70201774132314 -0.12259393138760455 4
    endloop
  endfacet
  facet normal 0 0 1
    outer loop
      vertex 30.1 -8 4
      vertex 33.85 -0.2150635094610971 4
      vertex 33.77520183941699 -0.170120240391066 4
    endloop
  endfacet
  facet normal 0 0 1
    outer loop
      vertex 30.1 -8 4
      vertex 40.1 -8 4
      vertex 33.85 -0.2150635094610971 4
    endloop
  endfacet
  facet normal 0 0 1
    outer loop
      vertex 30.1 2.647491604136741 4
      vertex 32.6 1.9499999999999993 4
      vertex 32.60152293245226 2.037248741756251 4
    endloop
  endfacet
  facet normal 0 0 1
    outer loop
      vertex 30.1 2.647491604136741 4
      vertex 32.60152293245226 1.8627512582437475 4
      vertex 32.6 1.9499999999999993 4
    endloop
  endfacet
  facet normal 0 0 1
    outer loop
      vertex 30.1 2.647491604136741 4
      vertex 32.60152293245226 2.037248741756251 4
      vertex 32.60608987435044 2.124391184360313 4
    endloop
  endfacet
  facet normal 0 0 1
    outer loop
      vertex 30.1 2.647491604136741 4
      vertex 32.60608987435044 1.7756088156396856 4
      vertex 32.60152293245226 1.8627512582437475 4
    endloop
  endfacet
  facet normal 0 0 1
    outer loop
      vertex 30.1 2.647491604136741 4
      vertex 32.60608987435044 2.124391184360313 4
      vertex 32.613695261579316 2.2113211581691328 4
    endloop
  endfacet
  facet normal 0 0 1
    outer loop
      vertex 30.1 2.647491604136741 4
      vertex 32.613695261579316 1.6886788418308658 4
      vertex 32.60608987435044 1.7756088156396856 4
    endloop
  endfacet
  facet normal 0 0 1
    outer loop
      vertex 30.1 2.647491604136741 4
      vertex 32.613695261579316 2.2113211581691328 4
      vertex 32.62432982814608 2.297932752400163 4
    endloop
  endfacet
  facet normal 0 0 1
    outer loop
      vertex 30.1 2.647491604136741 4
      vertex 32.62432982814608 1.6020672475998357 4
      vertex 32.613695261579316 1.6886788418308658 4
    endloop
  endfacet
  facet normal 0 0 1
    outer loop
      vertex 30.1 2.647491604136741 4
      vertex 32.62432982814608 2.297932752400163 4
      vertex 32.63798061746949 2.3841204441673245 4
    endloop
  endfacet
  facet normal 0 0 1
    outer loop
      vertex 30.1 2.647491604136741 4
      vertex 32.63798061746949 1.515879555832674 4
      vertex 32.62432982814608 1.6020672475998357 4
    endloop
  endfacet
  facet normal 0 0 1
    outer loop
      vertex 30.1 2.647491604136741 4
      vertex 32.63798061746949 2.3841204441673245 4
      vertex 32.65463099816548 2.4697792270443983 4
    endloop
  endfacet
  facet normal 0 0 1
    outer loop
      vertex 30.1 2.647491604136741 4
      vertex 32.65463099816548 1.4302207729556002 4
      vertex 32.63798061746949 1.515879555832674 4
    endloop
  endfacet
  facet normal 0 0 1
    outer loop
      vertex 30.1 2.647491604136741 4
      vertex 32.65463099816548 2.4697792270443983 4
      vertex 32.674260684310006 2.5548047389991684 4
    endloop
  endfacet
  facet normal 0 0 1
    outer loop
      vertex 30.1 2.647491604136741 4
      vertex 32.674260684310006 1.3451952610008302 4
      vertex 32.65463099816548 1.4302207729556002 4
    endloop
  endfacet
  facet normal 0 0 1
    outer loop
      vertex 30.1 2.647491604136741 4
      vertex 32.674260684310006 2.5548047389991684 4
      vertex 32.69684576015421 2.639093389542497 4
    endloop
  endfacet
  facet normal 0 0 1
    outer loop
      vertex 30.1 2.647491604136741 4
      vertex 32.674260684310006 31.445195261000826 4
      vertex 30.1 42 4
    endloop
  endfacet
  facet normal 0 0 1
    outer loop
      vertex 30.1 2.647491604136741 4
      vertex 32.69684576015421 1.2609066104575017 4
      vertex 32.674260684310006 1.3451952610008302 4
    endloop
  endfacet
  facet normal 0 0 1
    outer loop
      vertex 30.1 2.647491604136741 4
      vertex 32.69684576015421 2.639093389542497 4
      vertex 32.72235870926212 2.7225424859373675 4
    endloop
  endfacet
  facet normal 0 0 1
    outer loop
      vertex 30.1 2.647491604136741 4
      vertex 32.69684576015421 31.360906610457498 4
      vertex 32.674260684310006 31.445195261000826 4
    endloop
  endfacet
  facet normal 0 0 1
    outer loop
      vertex 30.1 2.647491604136741 4
      vertex 32.72235870926212 1.177457514062631 4
      vertex 32.69684576015421 1.2609066104575017 4
    endloop
  endfacet
  facet normal 0 0 1
    outer loop
      vertex 30.1 2.647491604136741 4
      vertex 32.72235870926212 2.7225424859373675 4
      vertex 32.750768448035224 2.805050358314171 4
    endloop
  endfacet
  facet normal 0 0 1
    outer loop
      vertex 30.1 2.647491604136741 4
      vertex 32.72235870926212 31.277457514062625 4
      vertex 32.69684576015421 31.360906610457498 4
    endloop
  endfacet
  facet normal 0 0 1
    outer loop
      vertex 30.1 2.647491604136741 4
      vertex 32.750768448035224 1.0949496416858278 4
      vertex 32.72235870926212 1.177457514062631 4
    endloop
  endfacet
  facet normal 0 0 1
    outer loop
      vertex 30.1 2.647491604136741 4
      vertex 32.750768448035224 2.805050358314171 4
      vertex 32.78204036358303 2.886516483539779 4
    endloop
  endfacet
  facet normal 0 0 1
    outer loop
      vertex 30.1 2.647491604136741 4
      vertex 32.750768448035224 31.194949641685824 4
      vertex 32.72235870926212 31.277457514062625 4
    endloop
  endfacet
  facet normal 0 0 1
    outer loop
      vertex 30.1 2.647491604136741 4
      vertex 32.78204036358303 1.0134835164602194 4
      vertex 32.750768448035224 1.0949496416858278 4
    endloop
  endfacet
  facet normal 0 0 1
    outer loop
      vertex 30.1 2.647491604136741 4
      vertex 32.78204036358303 2.886516483539779 4
      vertex 32.8161363558935 2.9668416076894992 4
    endloop
  endfacet
  facet normal 0 0 1
    outer loop
      vertex 30.1 2.647491604136741 4
      vertex 32.78204036358303 31.113483516460214 4
      vertex 32.750768448035224 31.194949641685824 4
    endloop
  endfacet
  facet normal 0 0 1
    outer loop
      vertex 30.1 2.647491604136741 4
      vertex 32.8161363558935 0.9331583923104994 4
      vertex 32.78204036358303 1.0134835164602194 4
    endloop
  endfacet
  facet normal 0 0 1
    outer loop
      vertex 30.1 2.647491604136741 4
      vertex 32.8161363558935 2.9668416076894992 4
      vertex 32.85301488425208 3.0459278669726935 4
    endloop
  endfacet
  facet normal 0 0 1
    outer loop
      vertex 30.1 2.647491604136741 4
      vertex 32.8161363558935 31.033158392310497 4
      vertex 32.78204036358303 31.113483516460214 4
    endloop
  endfacet
  facet normal 0 0 1
    outer loop
      vertex 30.1 2.647491604136741 4
      vertex 32.85301488425208 0.8540721330273051 4
      vertex 32.8161363558935 0.9331583923104994 4
    endloop
  endfacet
  facet normal 0 0 1
    outer loop
      vertex 30.1 2.647491604136741 4
      vertex 32.85301488425208 3.0459278669726935 4
      vertex 32.892631017852686 3.1236789069647273 4
    endloop
  endfacet
  facet normal 0 0 1
    outer loop
      vertex 30.1 2.647491604136741 4
      vertex 32.85301488425208 30.954072133027303 4
      vertex 32.8161363558935 31.033158392310497 4
    endloop
  endfacet
  facet normal 0 0 1
    outer loop
      vertex 30.1 2.647491604136741 4
      vertex 32.892631017852686 0.7763210930352713 4
      vertex 32.85301488425208 0.8540721330273051 4
    endloop
  endfacet
  facet normal 0 0 1
    outer loop
      vertex 30.1 2.647491604136741 4
      vertex 32.892631017852686 3.1236789069647273 4
      vertex 32.93493649053891 3.1999999999999993 4
    endloop
  endfacet
  facet normal 0 0 1
    outer loop
      vertex 30.1 2.647491604136741 4
      vertex 32.892631017852686 30.876321093035273 4
      vertex 32.85301488425208 30.954072133027303 4
    endloop
  endfacet
  facet normal 0 0 1
    outer loop
      vertex 30.1 2.647491604136741 4
      vertex 32.93493649053891 0.6999999999999993 4
      vertex 32.892631017852686 0.7763210930352713 4
    endloop
  endfacet
  facet normal 0 0 1
    outer loop
      vertex 30.1 2.647491604136741 4
      vertex 32.93493649053891 3.1999999999999993 4
      vertex 32.97987975960894 3.2747981605830105 4
    endloop
  endfacet
  facet normal 0 0 1
    outer loop
      vertex 30.1 2.647491604136741 4
      vertex 32.93493649053891 30.799999999999997 4
      vertex 32.892631017852686 30.876321093035273 4
    endloop
  endfacet
  facet normal 0 0 1
    outer loop
      vertex 30.1 2.647491604136741 4
      vertex 32.97987975960894 0.625201839416988 4
      vertex 32.93493649053891 0.6999999999999993 4
    endloop
  endfacet
  facet normal 0 0 1
    outer loop
      vertex 30.1 2.647491604136741 4
      vertex 32.97987975960894 3.2747981605830105 4
      vertex 33.0274060686124 3.3479822586768666 4
    endloop
  endfacet
  facet normal 0 0 1
    outer loop
      vertex 30.1 2.647491604136741 4
      vertex 32.97987975960894 30.725201839416982 4
      vertex 32.93493649053891 30.799999999999997 4
    endloop
  endfacet
  facet normal 0 0 1
    outer loop
      vertex 30.1 2.647491604136741 4
      vertex 33.0274060686124 0.552017741323132 4
      vertex 32.97987975960894 0.625201839416988 4
    endloop
  endfacet
  facet normal 0 0 1
    outer loop
      vertex 30.1 2.647491604136741 4
      vertex 33.0274060686124 3.3479822586768666 4
      vertex 33.07745751406264 3.4194631307311827 4
    endloop
  endfacet
  facet normal 0 0 1
    outer loop
      vertex 30.1 2.647491604136741 4
      vertex 33.0274060686124 30.652017741323128 4
      vertex 32.97987975960894 30.725201839416982 4
    endloop
  endfacet
  facet normal 0 0 1
    outer loop
      vertex 30.1 2.647491604136741 4
      vertex 33.07745751406264 0.4805368692688159 4
      vertex 33.0274060686124 0.552017741323132 4
    endloop
  endfacet
  facet normal 0 0 1
    outer loop
      vertex 30.1 2.647491604136741 4
      vertex 33.07745751406264 3.4194631307311827 4
      vertex 33.1299731159832 3.489153688314145 4
    endloop
  endfacet
  facet normal 0 0 1
    outer loop
      vertex 30.1 2.647491604136741 4
      vertex 33.07745751406264 30.580536869268812 4
      vertex 33.0274060686124 30.652017741323128 4
    endloop
  endfacet
  facet normal 0 0 1
    outer loop
      vertex 30.1 2.647491604136741 4
      vertex 33.1299731159832 0.4108463116858534 4
      vertex 33.07745751406264 0.4805368692688159 4
    endloop
  endfacet
  facet normal 0 0 1
    outer loop
      vertex 30.1 2.647491604136741 4
      vertex 33.1299731159832 3.489153688314145 4
      vertex 33.18488889220256 3.5569690242163468 4
    endloop
  endfacet
  facet normal 0 0 1
    outer loop
      vertex 30.1 2.647491604136741 4
      vertex 33.1299731159832 30.510846311685853 4
      vertex 33.07745751406264 30.580536869268812 4
    endloop
  endfacet
  facet normal 0 0 1
    outer loop
      vertex 30.1 2.647491604136741 4
      vertex 33.18488889220256 0.3430309757836518 4
      vertex 33.1299731159832 0.4108463116858534 4
    endloop
  endfacet
  facet normal 0 0 1
    outer loop
      vertex 30.1 2.647491604136741 4
      vertex 33.18488889220256 3.5569690242163468 4
      vertex 33.24213793630651 3.6228265158971453 4
    endloop
  endfacet
  facet normal 0 0 1
    outer loop
      vertex 30.1 2.647491604136741 4
      vertex 33.18488889220256 30.44303097578365 4
      vertex 33.1299731159832 30.510846311685853 4
    endloop
  endfacet
  facet normal 0 0 1
    outer loop
      vertex 30.1 2.647491604136741 4
      vertex 33.24213793630651 0.27717348410285325 4
      vertex 33.18488889220256 0.3430309757836518 4
    endloop
  endfacet
  facet normal 0 0 1
    outer loop
      vertex 30.1 2.647491604136741 4
      vertex 33.24213793630651 3.6228265158971453 4
      vertex 33.301650499153375 3.6866459261474915 4
    endloop
  endfacet
  facet normal 0 0 1
    outer loop
      vertex 30.1 2.647491604136741 4
      vertex 33.24213793630651 30.377173484102855 4
      vertex 33.18488889220256 30.44303097578365 4
    endloop
  endfacet
  facet normal 0 0 1
    outer loop
      vertex 30.1 2.647491604136741 4
      vertex 33.301650499153375 0.21335407385250704 4
      vertex 33.24213793630651 0.27717348410285325 4
    endloop
  endfacet
  facet normal 0 0 1
    outer loop
      vertex 30.1 2.647491604136741 4
      vertex 33.301650499153375 3.6866459261474915 4
      vertex 33.36335407385251 3.7483495008466274 4
    endloop
  endfacet
  facet normal 0 0 1
    outer loop
      vertex 30.1 2.647491604136741 4
      vertex 33.301650499153375 30.3133540738525 4
      vertex 33.24213793630651 30.377173484102855 4
    endloop
  endfacet
  facet normal 0 0 1
    outer loop
      vertex 30.1 2.647491604136741 4
      vertex 33.36335407385251 0.15165049915337114 4
      vertex 33.301650499153375 0.21335407385250704 4
    endloop
  endfacet
  facet normal 0 0 1
    outer loop
      vertex 30.1 2.647491604136741 4
      vertex 33.36335407385251 3.7483495008466274 4
      vertex 33.42717348410286 3.8078620636934843 4
    endloop
  endfacet
  facet normal 0 0 1
    outer loop
      vertex 30.1 2.647491604136741 4
      vertex 33.36335407385251 30.25165049915337 4
      vertex 33.301650499153375 30.3133540738525 4
    endloop
  endfacet
  facet normal 0 0 1
    outer loop
      vertex 30.1 2.647491604136741 4
      vertex 33.42717348410286 0.09213793630651423 4
      vertex 33.36335407385251 0.15165049915337114 4
    endloop
  endfacet
  facet normal 0 0 1
    outer loop
      vertex 30.1 2.647491604136741 4
      vertex 33.42717348410286 3.8078620636934843 4
      vertex 33.49303097578365 3.8651111077974445 4
    endloop
  endfacet
  facet normal 0 0 1
    outer loop
      vertex 30.1 2.647491604136741 4
      vertex 33.42717348410286 30.19213793630651 4
      vertex 33.36335407385251 30.25165049915337 4
    endloop
  endfacet
  facet normal 0 0 1
    outer loop
      vertex 30.1 2.647491604136741 4
      vertex 33.49303097578365 0.03488889220255409 4
      vertex 33.42717348410286 0.09213793630651423 4
    endloop
  endfacet
  facet normal 0 0 1
    outer loop
      vertex 30.1 2.647491604136741 4
      vertex 33.49303097578365 3.8651111077974445 4
      vertex 33.42717348410286 30.19213793630651 4
    endloop
  endfacet
  facet normal 0 0 1
    outer loop
      vertex 30.1 2.647491604136741 4
      vertex 33.56084631168586 -0.02002688401680519 4
      vertex 33.49303097578365 0.03488889220255409 4
    endloop
  endfacet
  facet normal 0 1 0
    outer loop
      vertex 30.1 42 0
      vertex 30.1 42 4
      vertex 40.1 42 4
    endloop
  endfacet
  facet normal 1 0 0
    outer loop
      vertex 30.1 42 0
      vertex 30.1 50.64285714285714 4
      vertex 30.1 42 4
    endloop
  endfacet
  facet normal 1 0 0
    outer loop
      vertex 30.1 42 0
      vertex 30.1 64.1 0
      vertex 30.1 50.64285714285714 4
    endloop
  endfacet
  facet normal 0 1 0
    outer loop
      vertex 30.1 42 0
      vertex 40.1 42 4
      vertex 40.1 42 0
    endloop
  endfacet
  facet normal 0 0 1
    outer loop
      vertex 30.1 42 4
      vertex 32.6 32.05 4
      vertex 32.60152293245226 32.13724874175625 4
    endloop
  endfacet
  facet normal 0 0 1
    outer loop
      vertex 30.1 42 4
      vertex 32.60152293245226 31.962751258243742 4
      vertex 32.6 32.05 4
    endloop
  endfacet
  facet normal 0 0 1
    outer loop
      vertex 30.1 42 4
      vertex 32.60152293245226 32.13724874175625 4
      vertex 32.60608987435044 32.22439118436031 4
    endloop
  endfacet
  facet normal 0 0 1
    outer loop
      vertex 30.1 42 4
      vertex 32.60608987435044 31.875608815639687 4
      vertex 32.60152293245226 31.962751258243742 4
    endloop
  endfacet
  facet normal 0 0 1
    outer loop
      vertex 30.1 42 4
      vertex 32.60608987435044 32.22439118436031 4
      vertex 32.613695261579316 32.31132115816913 4
    endloop
  endfacet
  facet normal 0 0 1
    outer loop
      vertex 30.1 42 4
      vertex 32.613695261579316 31.788678841830865 4
      vertex 32.60608987435044 31.875608815639687 4
    endloop
  endfacet
  facet normal 0 0 1
    outer loop
      vertex 30.1 42 4
      vertex 32.613695261579316 32.31132115816913 4
      vertex 32.62432982814608 32.39793275240016 4
    endloop
  endfacet
  facet normal 0 0 1
    outer loop
      vertex 30.1 42 4
      vertex 32.62432982814608 31.702067247599835 4
      vertex 32.613695261579316 31.788678841830865 4
    endloop
  endfacet
  facet normal 0 0 1
    outer loop
      vertex 30.1 42 4
      vertex 32.62432982814608 32.39793275240016 4
      vertex 32.63798061746949 32.484120444167324 4
    endloop
  endfacet
  facet normal 0 0 1
    outer loop
      vertex 30.1 42 4
      vertex 32.63798061746949 31.61587955583267 4
      vertex 32.62432982814608 31.702067247599835 4
    endloop
  endfacet
  facet normal 0 0 1
    outer loop
      vertex 30.1 42 4
      vertex 32.63798061746949 32.484120444167324 4
      vertex 32.65463099816548 32.56977922704439 4
    endloop
  endfacet
  facet normal 0 0 1
    outer loop
      vertex 30.1 42 4
      vertex 32.65463099816548 31.5302207729556 4
      vertex 32.63798061746949 31.61587955583267 4
    endloop
  endfacet
  facet normal 0 0 1
    outer loop
      vertex 30.1 42 4
      vertex 32.65463099816548 32.56977922704439 4
      vertex 32.674260684310006 32.65480473899917 4
    endloop
  endfacet
  facet normal 0 0 1
    outer loop
      vertex 30.1 42 4
      vertex 32.674260684310006 31.445195261000826 4
      vertex 32.65463099816548 31.5302207729556 4
    endloop
  endfacet
  facet normal 0 0 1
    outer loop
      vertex 30.1 42 4
      vertex 32.674260684310006 32.65480473899917 4
      vertex 32.69684576015421 32.7390933895425 4
    endloop
  endfacet
  facet normal 0 0 1
    outer loop
      vertex 30.1 42 4
      vertex 32.69684576015421 32.7390933895425 4
      vertex 32.72235870926212 32.82254248593737 4
    endloop
  endfacet
  facet normal 0 0 1
    outer loop
      vertex 30.1 42 4
      vertex 32.72235870926212 32.82254248593737 4
      vertex 32.750768448035224 32.90505035831417 4
    endloop
  endfacet
  facet normal 0 0 1
    outer loop
      vertex 30.1 42 4
      vertex 32.750768448035224 32.90505035831417 4
      vertex 32.78204036358303 32.98651648353978 4
    endloop
  endfacet
  facet normal 0 0 1
    outer loop
      vertex 30.1 42 4
      vertex 32.78204036358303 32.98651648353978 4
      vertex 32.8161363558935 33.0668416076895 4
    endloop
  endfacet
  facet normal 0 0 1
    outer loop
      vertex 30.1 42 4
      vertex 32.8161363558935 33.0668416076895 4
      vertex 32.85301488425208 33.14592786697269 4
    endloop
  endfacet
  facet normal 0 0 1
    outer loop
      vertex 30.1 42 4
      vertex 32.85301488425208 33.14592786697269 4
      vertex 32.892631017852686 33.22367890696472 4
    endloop
  endfacet
  facet normal 0 0 1
    outer loop
      vertex 30.1 42 4
      vertex 32.892631017852686 33.22367890696472 4
      vertex 32.93493649053891 33.3 4
    endloop
  endfacet
  facet normal 0 0 1
    outer loop
      vertex 30.1 42 4
      vertex 32.93493649053891 33.3 4
      vertex 32.97987975960894 33.37479816058301 4
    endloop
  endfacet
  facet normal 0 0 1
    outer loop
      vertex 30.1 42 4
      vertex 32.97987975960894 33.37479816058301 4
      vertex 33.0274060686124 33.447982258676866 4
    endloop
  endfacet
  facet normal 0 0 1
    outer loop
      vertex 30.1 42 4
      vertex 33.0274060686124 33.447982258676866 4
      vertex 33.07745751406264 33.51946313073118 4
    endloop
  endfacet
  facet normal 0 0 1
    outer loop
      vertex 30.1 42 4
      vertex 33.07745751406264 33.51946313073118 4
      vertex 33.1299731159832 33.58915368831414 4
    endloop
  endfacet
  facet normal 0 0 1
    outer loop
      vertex 30.1 42 4
      vertex 33.1299731159832 33.58915368831414 4
      vertex 33.18488889220256 33.656969024216345 4
    endloop
  endfacet
  facet normal 0 0 1
    outer loop
      vertex 30.1 42 4
      vertex 33.18488889220256 33.656969024216345 4
      vertex 33.24213793630651 33.72282651589714 4
    endloop
  endfacet
  facet normal 0 0 1
    outer loop
      vertex 30.1 42 4
      vertex 33.24213793630651 33.72282651589714 4
      vertex 33.301650499153375 33.78664592614749 4
    endloop
  endfacet
  facet normal 0 0 1
    outer loop
      vertex 30.1 42 4
      vertex 33.301650499153375 33.78664592614749 4
      vertex 33.36335407385251 33.84834950084662 4
    endloop
  endfacet
  facet normal 0 0 1
    outer loop
      vertex 30.1 42 4
      vertex 33.36335407385251 33.84834950084662 4
      vertex 33.42717348410286 33.907862063693486 4
    endloop
  endfacet
  facet normal 0 0 1
    outer loop
      vertex 30.1 42 4
      vertex 33.42717348410286 33.907862063693486 4
      vertex 33.49303097578365 33.96511110779744 4
    endloop
  endfacet
  facet normal 0 0 1
    outer loop
      vertex 30.1 42 4
      vertex 33.49303097578365 33.96511110779744 4
      vertex 33.56084631168586 34.0200268840168 4
    endloop
  endfacet
  facet normal 0 0 1
    outer loop
      vertex 30.1 42 4
      vertex 33.56084631168586 34.0200268840168 4
      vertex 33.630536869268816 34.07254248593737 4
    endloop
  endfacet
  facet normal 0 0 1
    outer loop
      vertex 30.1 42 4
      vertex 33.630536869268816 34.07254248593737 4
      vertex 33.70201774132314 34.1225939313876 4
    endloop
  endfacet
  facet normal 0 0 1
    outer loop
      vertex 30.1 42 4
      vertex 33.70201774132314 34.1225939313876 4
      vertex 33.77520183941699 34.170120240391064 4
    endloop
  endfacet
  facet normal 0 0 1
    outer loop
      vertex 30.1 42 4
      vertex 33.77520183941699 34.170120240391064 4
      vertex 33.85 34.215063509461096 4
    endloop
  endfacet
  facet normal 0 0 1
    outer loop
      vertex 30.1 42 4
      vertex 33.85 34.215063509461096 4
      vertex 33.92632109303528 34.25736898214731 4
    endloop
  endfacet
  facet normal 0 0 1
    outer loop
      vertex 30.1 42 4
      vertex 33.92632109303528 34.25736898214731 4
      vertex 34.004072133027314 34.296985115747916 4
    endloop
  endfacet
  facet normal 0 0 1
    outer loop
      vertex 30.1 42 4
      vertex 34.004072133027314 34.296985115747916 4
      vertex 34.0831583923105 34.3338636441065 4
    endloop
  endfacet
  facet normal 0 0 1
    outer loop
      vertex 30.1 42 4
      vertex 34.0831583923105 34.3338636441065 4
      vertex 34.163483516460225 34.36795963641696 4
    endloop
  endfacet
  facet normal 0 0 1
    outer loop
      vertex 30.1 42 4
      vertex 34.163483516460225 34.36795963641696 4
      vertex 34.24494964168583 34.39923155196477 4
    endloop
  endfacet
  facet normal 0 0 1
    outer loop
      vertex 30.1 42 4
      vertex 34.24494964168583 34.39923155196477 4
      vertex 34.32745751406264 34.42764129073788 4
    endloop
  endfacet
  facet normal 0 0 1
    outer loop
      vertex 30.1 42 4
      vertex 34.32745751406264 34.42764129073788 4
      vertex 34.41090661045751 34.453154239845794 4
    endloop
  endfacet
  facet normal 0 0 1
    outer loop
      vertex 30.1 42 4
      vertex 34.41090661045751 34.453154239845794 4
      vertex 34.49519526100084 34.475739315689985 4
    endloop
  endfacet
  facet normal 0 0 1
    outer loop
      vertex 30.1 42 4
      vertex 34.49519526100084 34.475739315689985 4
      vertex 34.580220772955606 34.49536900183451 4
    endloop
  endfacet
  facet normal 0 0 1
    outer loop
      vertex 30.1 42 4
      vertex 34.580220772955606 34.49536900183451 4
      vertex 34.66587955583268 34.51201938253052 4
    endloop
  endfacet
  facet normal 0 0 1
    outer loop
      vertex 30.1 42 4
      vertex 34.66587955583268 34.51201938253052 4
      vertex 34.75206724759983 34.525670171853925 4
    endloop
  endfacet
  facet normal 0 0 1
    outer loop
      vertex 30.1 42 4
      vertex 34.75206724759983 34.525670171853925 4
      vertex 34.83867884183086 34.53630473842068 4
    endloop
  endfacet
  facet normal 0 0 1
    outer loop
      vertex 30.1 42 4
      vertex 34.83867884183086 34.53630473842068 4
      vertex 34.925608815639684 34.54391012564956 4
    endloop
  endfacet
  facet normal 0 0 1
    outer loop
      vertex 30.1 42 4
      vertex 34.925608815639684 34.54391012564956 4
      vertex 35.012751258243746 34.548477067547736 4
    endloop
  endfacet
  facet normal 0 0 1
    outer loop
      vertex 30.1 42 4
      vertex 35.012751258243746 34.548477067547736 4
      vertex 35.1 34.55 4
    endloop
  endfacet
  facet normal 0 0 1
    outer loop
      vertex 30.1 42 4
      vertex 35.1 34.55 4
      vertex 35.18724874175626 34.548477067547736 4
    endloop
  endfacet
  facet normal 0 0 1
    outer loop
      vertex 30.1 42 4
      vertex 35.18724874175626 34.548477067547736 4
      vertex 35.27439118436032 34.54391012564956 4
    endloop
  endfacet
  facet normal 0 0 1
    outer loop
      vertex 30.1 42 4
      vertex 35.27439118436032 34.54391012564956 4
      vertex 35.36132115816914 34.53630473842068 4
    endloop
  endfacet
  facet normal 0 0 1
    outer loop
      vertex 30.1 42 4
      vertex 35.36132115816914 34.53630473842068 4
      vertex 40.1 42 4
    endloop
  endfacet
  facet normal 1 0 0
    outer loop
      vertex 30.1 50.64285714285714 4
      vertex 30.1 64.1 0
      vertex 30.1 64.1 3
    endloop
  endfacet
  facet normal 1 0 0
    outer loop
      vertex 30.1 50.64285714285714 4
      vertex 30.1 64.1 3
      vertex 30.1 64.1 10
    endloop
  endfacet
  facet normal 0.9998476951563912 0.017452406437284636 0
    outer loop
      vertex 32.6 1.9499999999999993 0
      vertex 32.6 1.9499999999999993 4
      vertex 32.60152293245226 1.8627512582437475 0
    endloop
  endfacet
  facet normal 0.9998476951563912 -0.017452406437284636 0
    outer loop
      vertex 32.6 1.9499999999999993 0
      vertex 32.60152293245226 2.037248741756251 0
      vertex 32.60152293245226 2.037248741756251 4
    endloop
  endfacet
  facet normal 0.9998476951563912 -0.017452406437284636 0
    outer loop
      vertex 32.6 1.9499999999999993 0
      vertex 32.60152293245226 2.037248741756251 4
      vertex 32.6 1.9499999999999993 4
    endloop
  endfacet
  facet normal 0.9998476951563912 0.017452406437284636 0
    outer loop
      vertex 32.6 1.9499999999999993 4
      vertex 32.60152293245226 1.8627512582437475 4
      vertex 32.60152293245226 1.8627512582437475 0
    endloop
  endfacet
  facet normal 0.9998476951563912 0.017452406437283928 0
    outer loop
      vertex 32.6 32.05 0
      vertex 32.6 32.05 4
      vertex 32.60152293245226 31.962751258243742 0
    endloop
  endfacet
  facet normal 0.9998476951563912 -0.017452406437283928 0
    outer loop
      vertex 32.6 32.05 0
      vertex 32.60152293245226 32.13724874175625 0
      vertex 32.60152293245226 32.13724874175625 4
    endloop
  endfacet
  facet normal 0.9998476951563912 -0.017452406437283928 0
    outer loop
      vertex 32.6 32.05 0
      vertex 32.60152293245226 32.13724874175625 4
      vertex 32.6 32.05 4
    endloop
  endfacet
  facet normal 0.9998476951563912 0.017452406437283928 0
    outer loop
      vertex 32.6 32.05 4
      vertex 32.60152293245226 31.962751258243742 4
      vertex 32.60152293245226 31.962751258243742 0
    endloop
  endfacet
  facet normal 0.9986295347545755 0.05233595624291191 0
    outer loop
      vertex 32.60152293245226 1.8627512582437475 0
      vertex 32.60152293245226 1.8627512582437475 4
      vertex 32.60608987435044 1.7756088156396856 0
    endloop
  endfacet
  facet normal 0.9986295347545755 0.05233595624291191 0
    outer loop
      vertex 32.60152293245226 1.8627512582437475 4
      vertex 32.60608987435044 1.7756088156396856 4
      vertex 32.60608987435044 1.7756088156396856 0
    endloop
  endfacet
  facet normal 0.9986295347545755 -0.05233595624291191 0
    outer loop
      vertex 32.60152293245226 2.037248741756251 0
      vertex 32.60608987435044 2.124391184360313 0
      vertex 32.60608987435044 2.124391184360313 4
    endloop
  endfacet
  facet normal 0.9986295347545755 -0.05233595624291191 0
    outer loop
      vertex 32.60152293245226 2.037248741756251 0
      vertex 32.60608987435044 2.124391184360313 4
      vertex 32.60152293245226 2.037248741756251 4
    endloop
  endfacet
  facet normal 0.9986295347545753 0.05233595624291616 0
    outer loop
      vertex 32.60152293245226 31.962751258243742 0
      vertex 32.60152293245226 31.962751258243742 4
      vertex 32.60608987435044 31.875608815639687 0
    endloop
  endfacet
  facet normal 0.9986295347545753 0.05233595624291616 0
    outer loop
      vertex 32.60152293245226 31.962751258243742 4
      vertex 32.60608987435044 31.875608815639687 4
      vertex 32.60608987435044 31.875608815639687 0
    endloop
  endfacet
  facet normal 0.9986295347545753 -0.05233595624291616 0
    outer loop
      vertex 32.60152293245226 32.13724874175625 0
      vertex 32.60608987435044 32.22439118436031 0
      vertex 32.60608987435044 32.22439118436031 4
    endloop
  endfacet
  facet normal 0.9986295347545753 -0.05233595624291616 0
    outer loop
      vertex 32.60152293245226 32.13724874175625 0
      vertex 32.60608987435044 32.22439118436031 4
      vertex 32.60152293245226 32.13724874175625 4
    endloop
  endfacet
  facet normal 0.9961946980917447 0.08715574274766878 0
    outer loop
      vertex 32.60608987435044 1.7756088156396856 0
      vertex 32.60608987435044 1.7756088156396856 4
      vertex 32.613695261579316 1.6886788418308658 0
    endloop
  endfacet
  facet normal 0.9961946980917447 0.08715574274766878 0
    outer loop
      vertex 32.60608987435044 1.7756088156396856 4
      vertex 32.613695261579316 1.6886788418308658 4
      vertex 32.613695261579316 1.6886788418308658 0
    endloop
  endfacet
  facet normal 0.9961946980917447 -0.08715574274766878 0
    outer loop
      vertex 32.60608987435044 2.124391184360313 0
      vertex 32.613695261579316 2.2113211581691328 0
      vertex 32.613695261579316 2.2113211581691328 4
    endloop
  endfacet
  facet normal 0.9961946980917447 -0.08715574274766878 0
    outer loop
      vertex 32.60608987435044 2.124391184360313 0
      vertex 32.613695261579316 2.2113211581691328 4
      vertex 32.60608987435044 2.124391184360313 4
    endloop
  endfacet
  facet normal 0.9961946980917448 0.087155742747667 0
    outer loop
      vertex 32.60608987435044 31.875608815639687 0
      vertex 32.60608987435044 31.875608815639687 4
      vertex 32.613695261579316 31.788678841830865 0
    endloop
  endfacet
  facet normal 0.9961946980917448 0.087155742747667 0
    outer loop
      vertex 32.60608987435044 31.875608815639687 4
      vertex 32.613695261579316 31.788678841830865 4
      vertex 32.613695261579316 31.788678841830865 0
    endloop
  endfacet
  facet normal 0.9961946980917448 -0.087155742747667 0
    outer loop
      vertex 32.60608987435044 32.22439118436031 0
      vertex 32.613695261579316 32.31132115816913 0
      vertex 32.613695261579316 32.31132115816913 4
    endloop
  endfacet
  facet normal 0.9961946980917448 -0.087155742747667 0
    outer loop
      vertex 32.60608987435044 32.22439118436031 0
      vertex 32.613695261579316 32.31132115816913 4
      vertex 32.60608987435044 32.22439118436031 4
    endloop
  endfacet
  facet normal 0.9925461516413122 0.12186934340522725 0
    outer loop
      vertex 32.613695261579316 1.6886788418308658 0
      vertex 32.613695261579316 1.6886788418308658 4
      vertex 32.62432982814608 1.6020672475998357 0
    endloop
  endfacet
  facet normal 0.9925461516413122 0.12186934340522725 0
    outer loop
      vertex 32.613695261579316 1.6886788418308658 4
      vertex 32.62432982814608 1.6020672475998357 4
      vertex 32.62432982814608 1.6020672475998357 0
    endloop
  endfacet
  facet normal 0.9925461516413122 -0.12186934340522725 0
    outer loop
      vertex 32.613695261579316 2.2113211581691328 0
      vertex 32.62432982814608 2.297932752400163 0
      vertex 32.62432982814608 2.297932752400163 4
    endloop
  endfacet
  facet normal 0.9925461516413122 -0.12186934340522725 0
    outer loop
      vertex 32.613695261579316 2.2113211581691328 0
      vertex 32.62432982814608 2.297932752400163 4
      vertex 32.613695261579316 2.2113211581691328 4
    endloop
  endfacet
  facet normal 0.9925461516413122 0.12186934340522725 0
    outer loop
      vertex 32.613695261579316 31.788678841830865 0
      vertex 32.613695261579316 31.788678841830865 4
      vertex 32.62432982814608 31.702067247599835 0
    endloop
  endfacet
  facet normal 0.9925461516413122 0.12186934340522725 0
    outer loop
      vertex 32.613695261579316 31.788678841830865 4
      vertex 32.62432982814608 31.702067247599835 4
      vertex 32.62432982814608 31.702067247599835 0
    endloop
  endfacet
  facet normal 0.9925461516413122 -0.12186934340522725 0
    outer loop
      vertex 32.613695261579316 32.31132115816913 0
      vertex 32.62432982814608 32.39793275240016 0
      vertex 32.62432982814608 32.39793275240016 4
    endloop
  endfacet
  facet normal 0.9925461516413122 -0.12186934340522725 0
    outer loop
      vertex 32.613695261579316 32.31132115816913 0
      vertex 32.62432982814608 32.39793275240016 4
      vertex 32.613695261579316 32.31132115816913 4
    endloop
  endfacet
  facet normal 0.9876883405951355 0.15643446504024505 0
    outer loop
      vertex 32.62432982814608 1.6020672475998357 0
      vertex 32.62432982814608 1.6020672475998357 4
      vertex 32.63798061746949 1.515879555832674 0
    endloop
  endfacet
  facet normal 0.9876883405951355 0.15643446504024505 0
    outer loop
      vertex 32.62432982814608 1.6020672475998357 4
      vertex 32.63798061746949 1.515879555832674 4
      vertex 32.63798061746949 1.515879555832674 0
    endloop
  endfacet
  facet normal 0.9876883405951355 -0.15643446504024505 0
    outer loop
      vertex 32.62432982814608 2.297932752400163 0
      vertex 32.63798061746949 2.3841204441673245 0
      vertex 32.63798061746949 2.3841204441673245 4
    endloop
  endfacet
  facet normal 0.9876883405951355 -0.15643446504024505 0
    outer loop
      vertex 32.62432982814608 2.297932752400163 0
      vertex 32.63798061746949 2.3841204441673245 4
      vertex 32.62432982814608 2.297932752400163 4
    endloop
  endfacet
  facet normal 0 0 -1
    outer loop
      vertex 32.62432982814608 2.297932752400163 0
      vertex 33.24213793630651 30.377173484102855 0
      vertex 32.63798061746949 2.3841204441673245 0
    endloop
  endfacet
  facet normal 0.9876883405951365 0.15643446504023878 0
    outer loop
      vertex 32.62432982814608 31.702067247599835 0
      vertex 32.62432982814608 31.702067247599835 4
      vertex 32.63798061746949 31.61587955583267 0
    endloop
  endfacet
  facet normal 0.9876883405951365 0.15643446504023878 0
    outer loop
      vertex 32.62432982814608 31.702067247599835 4
      vertex 32.63798061746949 31.61587955583267 4
      vertex 32.63798061746949 31.61587955583267 0
    endloop
  endfacet
  facet normal 0.9876883405951365 -0.15643446504023878 0
    outer loop
      vertex 32.62432982814608 32.39793275240016 0
      vertex 32.63798061746949 32.484120444167324 0
      vertex 32.63798061746949 32.484120444167324 4
    endloop
  endfacet
  facet normal 0.9876883405951365 -0.15643446504023878 0
    outer loop
      vertex 32.62432982814608 32.39793275240016 0
      vertex 32.63798061746949 32.484120444167324 4
      vertex 32.62432982814608 32.39793275240016 4
    endloop
  endfacet
  facet normal 0.981627183447694 0.1908089953763904 0
    outer loop
      vertex 32.63798061746949 1.515879555832674 0
      vertex 32.63798061746949 1.515879555832674 4
      vertex 32.65463099816548 1.4302207729556002 0
    endloop
  endfacet
  facet normal 0.981627183447694 0.1908089953763904 0
    outer loop
      vertex 32.63798061746949 1.515879555832674 4
      vertex 32.65463099816548 1.4302207729556002 4
      vertex 32.65463099816548 1.4302207729556002 0
    endloop
  endfacet
  facet normal 0.981627183447694 -0.1908089953763904 0
    outer loop
      vertex 32.63798061746949 2.3841204441673245 0
      vertex 32.65463099816548 2.4697792270443983 0
      vertex 32.65463099816548 2.4697792270443983 4
    endloop
  endfacet
  facet normal 0.981627183447694 -0.1908089953763904 0
    outer loop
      vertex 32.63798061746949 2.3841204441673245 0
      vertex 32.65463099816548 2.4697792270443983 4
      vertex 32.63798061746949 2.3841204441673245 4
    endloop
  endfacet
  facet normal 0 0 -1
    outer loop
      vertex 32.63798061746949 2.3841204441673245 0
      vertex 33.24213793630651 30.377173484102855 0
      vertex 32.65463099816548 2.4697792270443983 0
    endloop
  endfacet
  facet normal 0.9816271834476917 0.19080899537640186 0
    outer loop
      vertex 32.63798061746949 31.61587955583267 0
      vertex 32.63798061746949 31.61587955583267 4
      vertex 32.65463099816548 31.5302207729556 0
    endloop
  endfacet
  facet normal 0.9816271834476917 0.19080899537640186 0
    outer loop
      vertex 32.63798061746949 31.61587955583267 4
      vertex 32.65463099816548 31.5302207729556 4
      vertex 32.65463099816548 31.5302207729556 0
    endloop
  endfacet
  facet normal 0.9816271834476917 -0.19080899537640186 0
    outer loop
      vertex 32.63798061746949 32.484120444167324 0
      vertex 32.65463099816548 32.56977922704439 0
      vertex 32.65463099816548 32.56977922704439 4
    endloop
  endfacet
  facet normal 0.9816271834476917 -0.19080899537640186 0
    outer loop
      vertex 32.63798061746949 32.484120444167324 0
      vertex 32.65463099816548 32.56977922704439 4
      vertex 32.63798061746949 32.484120444167324 4
    endloop
  endfacet
  facet normal 0.9743700647852265 0.2249510543439031 0
    outer loop
      vertex 32.65463099816548 1.4302207729556002 0
      vertex 32.65463099816548 1.4302207729556002 4
      vertex 32.674260684310006 1.3451952610008302 0
    endloop
  endfacet
  facet normal 0.9743700647852265 0.2249510543439031 0
    outer loop
      vertex 32.65463099816548 1.4302207729556002 4
      vertex 32.674260684310006 1.3451952610008302 4
      vertex 32.674260684310006 1.3451952610008302 0
    endloop
  endfacet
  facet normal 0.9743700647852265 -0.2249510543439031 0
    outer loop
      vertex 32.65463099816548 2.4697792270443983 0
      vertex 32.674260684310006 2.5548047389991684 0
      vertex 32.674260684310006 2.5548047389991684 4
    endloop
  endfacet
  facet normal 0.9743700647852265 -0.2249510543439031 0
    outer loop
      vertex 32.65463099816548 2.4697792270443983 0
      vertex 32.674260684310006 2.5548047389991684 4
      vertex 32.65463099816548 2.4697792270443983 4
    endloop
  endfacet
  facet normal 0 0 -1
    outer loop
      vertex 32.65463099816548 2.4697792270443983 0
      vertex 33.24213793630651 30.377173484102855 0
      vertex 32.674260684310006 2.5548047389991684 0
    endloop
  endfacet
  facet normal 0.9743700647852296 0.22495105434388973 0
    outer loop
      vertex 32.65463099816548 31.5302207729556 0
      vertex 32.65463099816548 31.5302207729556 4
      vertex 32.674260684310006 31.445195261000826 0
    endloop
  endfacet
  facet normal 0.9743700647852296 0.22495105434388973 0
    outer loop
      vertex 32.65463099816548 31.5302207729556 4
      vertex 32.674260684310006 31.445195261000826 4
      vertex 32.674260684310006 31.445195261000826 0
    endloop
  endfacet
  facet normal 0.9743700647852296 -0.22495105434388973 0
    outer loop
      vertex 32.65463099816548 32.56977922704439 0
      vertex 32.674260684310006 32.65480473899917 0
      vertex 32.674260684310006 32.65480473899917 4
    endloop
  endfacet
  facet normal 0.9743700647852296 -0.22495105434388973 0
    outer loop
      vertex 32.65463099816548 32.56977922704439 0
      vertex 32.674260684310006 32.65480473899917 4
      vertex 32.65463099816548 32.56977922704439 4
    endloop
  endfacet
  facet normal 0.9659258262890367 0.2588190451026386 0
    outer loop
      vertex 32.674260684310006 1.3451952610008302 0
      vertex 32.674260684310006 1.3451952610008302 4
      vertex 32.69684576015421 1.2609066104575017 0
    endloop
  endfacet
  facet normal 0.9659258262890367 0.2588190451026386 0
    outer loop
      vertex 32.674260684310006 1.3451952610008302 4
      vertex 32.69684576015421 1.2609066104575017 4
      vertex 32.69684576015421 1.2609066104575017 0
    endloop
  endfacet
  facet normal 0.9659258262890367 -0.2588190451026386 0
    outer loop
      vertex 32.674260684310006 2.5548047389991684 0
      vertex 32.69684576015421 2.639093389542497 0
      vertex 32.69684576015421 2.639093389542497 4
    endloop
  endfacet
  facet normal 0.9659258262890367 -0.2588190451026386 0
    outer loop
      vertex 32.674260684310006 2.5548047389991684 0
      vertex 32.69684576015421 2.639093389542497 4
      vertex 32.674260684310006 2.5548047389991684 4
    endloop
  endfacet
  facet normal 0 0 -1
    outer loop
      vertex 32.674260684310006 2.5548047389991684 0
      vertex 33.24213793630651 30.377173484102855 0
      vertex 32.69684576015421 2.639093389542497 0
    endloop
  endfacet
  facet normal 0.9659258262890367 0.2588190451026386 0
    outer loop
      vertex 32.674260684310006 31.445195261000826 0
      vertex 32.674260684310006 31.445195261000826 4
      vertex 32.69684576015421 31.360906610457498 0
    endloop
  endfacet
  facet normal 0.9659258262890367 0.2588190451026386 0
    outer loop
      vertex 32.674260684310006 31.445195261000826 4
      vertex 32.69684576015421 31.360906610457498 4
      vertex 32.69684576015421 31.360906610457498 0
    endloop
  endfacet
  facet normal 0.9659258262890367 -0.2588190451026386 0
    outer loop
      vertex 32.674260684310006 32.65480473899917 0
      vertex 32.69684576015421 32.7390933895425 0
      vertex 32.69684576015421 32.7390933895425 4
    endloop
  endfacet
  facet normal 0.9659258262890367 -0.2588190451026386 0
    outer loop
      vertex 32.674260684310006 32.65480473899917 0
      vertex 32.69684576015421 32.7390933895425 4
      vertex 32.674260684310006 32.65480473899917 4
    endloop
  endfacet
  facet normal 0.9563047559630586 0.29237170472266116 0
    outer loop
      vertex 32.69684576015421 1.2609066104575017 0
      vertex 32.69684576015421 1.2609066104575017 4
      vertex 32.72235870926212 1.177457514062631 0
    endloop
  endfacet
  facet normal 0.9563047559630586 0.29237170472266116 0
    outer loop
      vertex 32.69684576015421 1.2609066104575017 4
      vertex 32.72235870926212 1.177457514062631 4
      vertex 32.72235870926212 1.177457514062631 0
    endloop
  endfacet
  facet normal 0.9563047559630586 -0.29237170472266116 0
    outer loop
      vertex 32.69684576015421 2.639093389542497 0
      vertex 32.72235870926212 2.7225424859373675 0
      vertex 32.72235870926212 2.7225424859373675 4
    endloop
  endfacet
  facet normal 0.9563047559630586 -0.29237170472266116 0
    outer loop
      vertex 32.69684576015421 2.639093389542497 0
      vertex 32.72235870926212 2.7225424859373675 4
      vertex 32.69684576015421 2.639093389542497 4
    endloop
  endfacet
  facet normal 0 0 -1
    outer loop
      vertex 32.69684576015421 2.639093389542497 0
      vertex 33.24213793630651 30.377173484102855 0
      vertex 32.72235870926212 2.7225424859373675 0
    endloop
  endfacet
  facet normal 0.9563047559630604 0.29237170472265545 0
    outer loop
      vertex 32.69684576015421 31.360906610457498 0
      vertex 32.69684576015421 31.360906610457498 4
      vertex 32.72235870926212 31.277457514062625 0
    endloop
  endfacet
  facet normal 0.9563047559630604 0.29237170472265545 0
    outer loop
      vertex 32.69684576015421 31.360906610457498 4
      vertex 32.72235870926212 31.277457514062625 4
      vertex 32.72235870926212 31.277457514062625 0
    endloop
  endfacet
  facet normal 0.9563047559630604 -0.29237170472265545 0
    outer loop
      vertex 32.69684576015421 32.7390933895425 0
      vertex 32.72235870926212 32.82254248593737 0
      vertex 32.72235870926212 32.82254248593737 4
    endloop
  endfacet
  facet normal 0.9563047559630604 -0.29237170472265545 0
    outer loop
      vertex 32.69684576015421 32.7390933895425 0
      vertex 32.72235870926212 32.82254248593737 4
      vertex 32.69684576015421 32.7390933895425 4
    endloop
  endfacet
  facet normal 0.9455185755993393 0.3255681544570911 0
    outer loop
      vertex 32.72235870926212 1.177457514062631 0
      vertex 32.72235870926212 1.177457514062631 4
      vertex 32.750768448035224 1.0949496416858278 0
    endloop
  endfacet
  facet normal 0.9455185755993393 0.3255681544570911 0
    outer loop
      vertex 32.72235870926212 1.177457514062631 4
      vertex 32.750768448035224 1.0949496416858278 4
      vertex 32.750768448035224 1.0949496416858278 0
    endloop
  endfacet
  facet normal 0.9455185755993393 -0.3255681544570911 0
    outer loop
      vertex 32.72235870926212 2.7225424859373675 0
      vertex 32.750768448035224 2.805050358314171 0
      vertex 32.750768448035224 2.805050358314171 4
    endloop
  endfacet
  facet normal 0.9455185755993393 -0.3255681544570911 0
    outer loop
      vertex 32.72235870926212 2.7225424859373675 0
      vertex 32.750768448035224 2.805050358314171 4
      vertex 32.72235870926212 2.7225424859373675 4
    endloop
  endfacet
  facet normal 0 0 -1
    outer loop
      vertex 32.72235870926212 2.7225424859373675 0
      vertex 33.24213793630651 30.377173484102855 0
      vertex 32.750768448035224 2.805050358314171 0
    endloop
  endfacet
  facet normal 0.9455185755993372 0.32556815445709736 0
    outer loop
      vertex 32.72235870926212 31.277457514062625 0
      vertex 32.72235870926212 31.277457514062625 4
      vertex 32.750768448035224 31.194949641685824 0
    endloop
  endfacet
  facet normal 0.9455185755993372 0.32556815445709736 0
    outer loop
      vertex 32.72235870926212 31.277457514062625 4
      vertex 32.750768448035224 31.194949641685824 4
      vertex 32.750768448035224 31.194949641685824 0
    endloop
  endfacet
  facet normal 0.9455185755993372 -0.32556815445709736 0
    outer loop
      vertex 32.72235870926212 32.82254248593737 0
      vertex 32.750768448035224 32.90505035831417 0
      vertex 32.750768448035224 32.90505035831417 4
    endloop
  endfacet
  facet normal 0.9455185755993372 -0.32556815445709736 0
    outer loop
      vertex 32.72235870926212 32.82254248593737 0
      vertex 32.750768448035224 32.90505035831417 4
      vertex 32.72235870926212 32.82254248593737 4
    endloop
  endfacet
  facet normal 0.9335804264971923 0.35836794954532475 0
    outer loop
      vertex 32.750768448035224 1.0949496416858278 0
      vertex 32.750768448035224 1.0949496416858278 4
      vertex 32.78204036358303 1.0134835164602194 0
    endloop
  endfacet
  facet normal 0.9335804264971923 0.35836794954532475 0
    outer loop
      vertex 32.750768448035224 1.0949496416858278 4
      vertex 32.78204036358303 1.0134835164602194 4
      vertex 32.78204036358303 1.0134835164602194 0
    endloop
  endfacet
  facet normal 0.9335804264971923 -0.35836794954532475 0
    outer loop
      vertex 32.750768448035224 2.805050358314171 0
      vertex 32.78204036358303 2.886516483539779 0
      vertex 32.78204036358303 2.886516483539779 4
    endloop
  endfacet
  facet normal 0.9335804264971923 -0.35836794954532475 0
    outer loop
      vertex 32.750768448035224 2.805050358314171 0
      vertex 32.78204036358303 2.886516483539779 4
      vertex 32.750768448035224 2.805050358314171 4
    endloop
  endfacet
  facet normal 0 0 -1
    outer loop
      vertex 32.750768448035224 2.805050358314171 0
      vertex 33.24213793630651 30.377173484102855 0
      vertex 32.78204036358303 2.886516483539779 0
    endloop
  endfacet
  facet normal 0.933580426497195 0.358367949545318 0
    outer loop
      vertex 32.750768448035224 31.194949641685824 0
      vertex 32.750768448035224 31.194949641685824 4
      vertex 32.78204036358303 31.113483516460214 0
    endloop
  endfacet
  facet normal 0.933580426497195 0.358367949545318 0
    outer loop
      vertex 32.750768448035224 31.194949641685824 4
      vertex 32.78204036358303 31.113483516460214 4
      vertex 32.78204036358303 31.113483516460214 0
    endloop
  endfacet
  facet normal 0.933580426497195 -0.358367949545318 0
    outer loop
      vertex 32.750768448035224 32.90505035831417 0
      vertex 32.78204036358303 32.98651648353978 0
      vertex 32.78204036358303 32.98651648353978 4
    endloop
  endfacet
  facet normal 0.933580426497195 -0.358367949545318 0
    outer loop
      vertex 32.750768448035224 32.90505035831417 0
      vertex 32.78204036358303 32.98651648353978 4
      vertex 32.750768448035224 32.90505035831417 4
    endloop
  endfacet
  facet normal 0.9205048534524279 0.3907311284893031 0
    outer loop
      vertex 32.78204036358303 1.0134835164602194 0
      vertex 32.78204036358303 1.0134835164602194 4
      vertex 32.8161363558935 0.9331583923104994 0
    endloop
  endfacet
  facet normal 0.9205048534524279 0.3907311284893031 0
    outer loop
      vertex 32.78204036358303 1.0134835164602194 4
      vertex 32.8161363558935 0.9331583923104994 4
      vertex 32.8161363558935 0.9331583923104994 0
    endloop
  endfacet
  facet normal 0.9205048534524279 -0.3907311284893031 0
    outer loop
      vertex 32.78204036358303 2.886516483539779 0
      vertex 32.8161363558935 2.9668416076894992 0
      vertex 32.8161363558935 2.9668416076894992 4
    endloop
  endfacet
  facet normal 0.9205048534524279 -0.3907311284893031 0
    outer loop
      vertex 32.78204036358303 2.886516483539779 0
      vertex 32.8161363558935 2.9668416076894992 4
      vertex 32.78204036358303 2.886516483539779 4
    endloop
  endfacet
  facet normal 0 0 -1
    outer loop
      vertex 32.78204036358303 2.886516483539779 0
      vertex 33.24213793630651 30.377173484102855 0
      vertex 32.8161363558935 2.9668416076894992 0
    endloop
  endfacet
  facet normal 0.9205048534524217 0.39073112848931774 0
    outer loop
      vertex 32.78204036358303 31.113483516460214 0
      vertex 32.78204036358303 31.113483516460214 4
      vertex 32.8161363558935 31.033158392310497 0
    endloop
  endfacet
  facet normal 0.9205048534524217 0.39073112848931774 0
    outer loop
      vertex 32.78204036358303 31.113483516460214 4
      vertex 32.8161363558935 31.033158392310497 4
      vertex 32.8161363558935 31.033158392310497 0
    endloop
  endfacet
  facet normal 0.9205048534524217 -0.39073112848931774 0
    outer loop
      vertex 32.78204036358303 32.98651648353978 0
      vertex 32.8161363558935 33.0668416076895 0
      vertex 32.8161363558935 33.0668416076895 4
    endloop
  endfacet
  facet normal 0.9205048534524217 -0.39073112848931774 0
    outer loop
      vertex 32.78204036358303 32.98651648353978 0
      vertex 32.8161363558935 33.0668416076895 4
      vertex 32.78204036358303 32.98651648353978 4
    endloop
  endfacet
  facet normal 0.906307787036651 0.42261826174069705 0
    outer loop
      vertex 32.8161363558935 0.9331583923104994 0
      vertex 32.8161363558935 0.9331583923104994 4
      vertex 32.85301488425208 0.8540721330273051 0
    endloop
  endfacet
  facet normal 0.906307787036651 0.42261826174069705 0
    outer loop
      vertex 32.8161363558935 0.9331583923104994 4
      vertex 32.85301488425208 0.8540721330273051 4
      vertex 32.85301488425208 0.8540721330273051 0
    endloop
  endfacet
  facet normal 0.906307787036651 -0.42261826174069705 0
    outer loop
      vertex 32.8161363558935 2.9668416076894992 0
      vertex 32.85301488425208 3.0459278669726935 0
      vertex 32.85301488425208 3.0459278669726935 4
    endloop
  endfacet
  facet normal 0.906307787036651 -0.42261826174069705 0
    outer loop
      vertex 32.8161363558935 2.9668416076894992 0
      vertex 32.85301488425208 3.0459278669726935 4
      vertex 32.8161363558935 2.9668416076894992 4
    endloop
  endfacet
  facet normal 0 0 -1
    outer loop
      vertex 32.8161363558935 2.9668416076894992 0
      vertex 33.24213793630651 30.377173484102855 0
      vertex 32.85301488425208 3.0459278669726935 0
    endloop
  endfacet
  facet normal 0.906307787036651 0.42261826174069705 0
    outer loop
      vertex 32.8161363558935 31.033158392310497 0
      vertex 32.8161363558935 31.033158392310497 4
      vertex 32.85301488425208 30.954072133027303 0
    endloop
  endfacet
  facet normal 0.906307787036651 0.42261826174069705 0
    outer loop
      vertex 32.8161363558935 31.033158392310497 4
      vertex 32.85301488425208 30.954072133027303 4
      vertex 32.85301488425208 30.954072133027303 0
    endloop
  endfacet
  facet normal 0.906307787036651 -0.42261826174069705 0
    outer loop
      vertex 32.8161363558935 33.0668416076895 0
      vertex 32.85301488425208 33.14592786697269 0
      vertex 32.85301488425208 33.14592786697269 4
    endloop
  endfacet
  facet normal 0.906307787036651 -0.42261826174069705 0
    outer loop
      vertex 32.8161363558935 33.0668416076895 0
      vertex 32.85301488425208 33.14592786697269 4
      vertex 32.8161363558935 33.0668416076895 4
    endloop
  endfacet
  facet normal 0.8910065241883549 0.45399049973957206 0
    outer loop
      vertex 32.85301488425208 0.8540721330273051 0
      vertex 32.85301488425208 0.8540721330273051 4
      vertex 32.892631017852686 0.7763210930352713 0
    endloop
  endfacet
  facet normal 0.8910065241883549 0.45399049973957206 0
    outer loop
      vertex 32.85301488425208 0.8540721330273051 4
      vertex 32.892631017852686 0.7763210930352713 4
      vertex 32.892631017852686 0.7763210930352713 0
    endloop
  endfacet
  facet normal 0.8910065241883549 -0.45399049973957206 0
    outer loop
      vertex 32.85301488425208 3.0459278669726935 0
      vertex 32.892631017852686 3.1236789069647273 0
      vertex 32.892631017852686 3.1236789069647273 4
    endloop
  endfacet
  facet normal 0.8910065241883549 -0.45399049973957206 0
    outer loop
      vertex 32.85301488425208 3.0459278669726935 0
      vertex 32.892631017852686 3.1236789069647273 4
      vertex 32.85301488425208 3.0459278669726935 4
    endloop
  endfacet
  facet normal 0 0 -1
    outer loop
      vertex 32.85301488425208 3.0459278669726935 0
      vertex 33.24213793630651 30.377173484102855 0
      vertex 32.892631017852686 3.1236789069647273 0
    endloop
  endfacet
  facet normal 0.8910065241883465 0.45399049973958855 0
    outer loop
      vertex 32.85301488425208 30.954072133027303 0
      vertex 32.85301488425208 30.954072133027303 4
      vertex 32.892631017852686 30.876321093035273 0
    endloop
  endfacet
  facet normal 0.8910065241883465 0.45399049973958855 0
    outer loop
      vertex 32.85301488425208 30.954072133027303 4
      vertex 32.892631017852686 30.876321093035273 4
      vertex 32.892631017852686 30.876321093035273 0
    endloop
  endfacet
  facet normal 0.8910065241883465 -0.45399049973958855 0
    outer loop
      vertex 32.85301488425208 33.14592786697269 0
      vertex 32.892631017852686 33.22367890696472 0
      vertex 32.892631017852686 33.22367890696472 4
    endloop
  endfacet
  facet normal 0.8910065241883465 -0.45399049973958855 0
    outer loop
      vertex 32.85301488425208 33.14592786697269 0
      vertex 32.892631017852686 33.22367890696472 4
      vertex 32.85301488425208 33.14592786697269 4
    endloop
  endfacet
  facet normal 0.8746197071393804 0.48480962024636465 0
    outer loop
      vertex 32.892631017852686 0.7763210930352713 0
      vertex 32.892631017852686 0.7763210930352713 4
      vertex 32.93493649053891 0.6999999999999993 0
    endloop
  endfacet
  facet normal 0.8746197071393804 0.48480962024636465 0
    outer loop
      vertex 32.892631017852686 0.7763210930352713 4
      vertex 32.93493649053891 0.6999999999999993 4
      vertex 32.93493649053891 0.6999999999999993 0
    endloop
  endfacet
  facet normal 0.8746197071393804 -0.48480962024636465 0
    outer loop
      vertex 32.892631017852686 3.1236789069647273 0
      vertex 32.93493649053891 3.1999999999999993 0
      vertex 32.93493649053891 3.1999999999999993 4
    endloop
  endfacet
  facet normal 0.8746197071393804 -0.48480962024636465 0
    outer loop
      vertex 32.892631017852686 3.1236789069647273 0
      vertex 32.93493649053891 3.1999999999999993 4
      vertex 32.892631017852686 3.1236789069647273 4
    endloop
  endfacet
  facet normal 0 0 -1
    outer loop
      vertex 32.892631017852686 3.1236789069647273 0
      vertex 33.24213793630651 30.377173484102855 0
      vertex 32.93493649053891 3.1999999999999993 0
    endloop
  endfacet
  facet normal 0.87461970713939 0.4848096202463474 0
    outer loop
      vertex 32.892631017852686 30.876321093035273 0
      vertex 32.892631017852686 30.876321093035273 4
      vertex 32.93493649053891 30.799999999999997 0
    endloop
  endfacet
  facet normal 0.87461970713939 0.4848096202463474 0
    outer loop
      vertex 32.892631017852686 30.876321093035273 4
      vertex 32.93493649053891 30.799999999999997 4
      vertex 32.93493649053891 30.799999999999997 0
    endloop
  endfacet
  facet normal 0.87461970713939 -0.4848096202463474 0
    outer loop
      vertex 32.892631017852686 33.22367890696472 0
      vertex 32.93493649053891 33.3 0
      vertex 32.93493649053891 33.3 4
    endloop
  endfacet
  facet normal 0.87461970713939 -0.4848096202463474 0
    outer loop
      vertex 32.892631017852686 33.22367890696472 0
      vertex 32.93493649053891 33.3 4
      vertex 32.892631017852686 33.22367890696472 4
    endloop
  endfacet
  facet normal 0.8571673007021073 0.5150380749100625 0
    outer loop
      vertex 32.93493649053891 0.6999999999999993 0
      vertex 32.93493649053891 0.6999999999999993 4
      vertex 32.97987975960894 0.625201839416988 0
    endloop
  endfacet
  facet normal 0.8571673007021073 0.5150380749100625 0
    outer loop
      vertex 32.93493649053891 0.6999999999999993 4
      vertex 32.97987975960894 0.625201839416988 4
      vertex 32.97987975960894 0.625201839416988 0
    endloop
  endfacet
  facet normal 0.8571673007021073 -0.5150380749100625 0
    outer loop
      vertex 32.93493649053891 3.1999999999999993 0
      vertex 32.97987975960894 3.2747981605830105 0
      vertex 32.97987975960894 3.2747981605830105 4
    endloop
  endfacet
  facet normal 0.8571673007021073 -0.5150380749100625 0
    outer loop
      vertex 32.93493649053891 3.1999999999999993 0
      vertex 32.97987975960894 3.2747981605830105 4
      vertex 32.93493649053891 3.1999999999999993 4
    endloop
  endfacet
  facet normal 0 0 -1
    outer loop
      vertex 32.93493649053891 3.1999999999999993 0
      vertex 33.24213793630651 30.377173484102855 0
      vertex 32.97987975960894 3.2747981605830105 0
    endloop
  endfacet
  facet normal 0.8571673007021181 0.5150380749100444 0
    outer loop
      vertex 32.93493649053891 30.799999999999997 0
      vertex 32.93493649053891 30.799999999999997 4
      vertex 32.97987975960894 30.725201839416982 0
    endloop
  endfacet
  facet normal 0.8571673007021181 0.5150380749100444 0
    outer loop
      vertex 32.93493649053891 30.799999999999997 4
      vertex 32.97987975960894 30.725201839416982 4
      vertex 32.97987975960894 30.725201839416982 0
    endloop
  endfacet
  facet normal 0.8571673007021181 -0.5150380749100444 0
    outer loop
      vertex 32.93493649053891 33.3 0
      vertex 32.97987975960894 33.37479816058301 0
      vertex 32.97987975960894 33.37479816058301 4
    endloop
  endfacet
  facet normal 0.8571673007021181 -0.5150380749100444 0
    outer loop
      vertex 32.93493649053891 33.3 0
      vertex 32.97987975960894 33.37479816058301 4
      vertex 32.93493649053891 33.3 4
    endloop
  endfacet
  facet normal 0.8386705679454387 0.5446390350150044 0
    outer loop
      vertex 32.97987975960894 0.625201839416988 0
      vertex 32.97987975960894 0.625201839416988 4
      vertex 33.0274060686124 0.552017741323132 0
    endloop
  endfacet
  facet normal 0.8386705679454387 0.5446390350150044 0
    outer loop
      vertex 32.97987975960894 0.625201839416988 4
      vertex 33.0274060686124 0.552017741323132 4
      vertex 33.0274060686124 0.552017741323132 0
    endloop
  endfacet
  facet normal 0.8386705679454387 -0.5446390350150044 0
    outer loop
      vertex 32.97987975960894 3.2747981605830105 0
      vertex 33.0274060686124 3.3479822586768666 0
      vertex 33.0274060686124 3.3479822586768666 4
    endloop
  endfacet
  facet normal 0.8386705679454387 -0.5446390350150044 0
    outer loop
      vertex 32.97987975960894 3.2747981605830105 0
      vertex 33.0274060686124 3.3479822586768666 4
      vertex 32.97987975960894 3.2747981605830105 4
    endloop
  endfacet
  facet normal 0 0 -1
    outer loop
      vertex 32.97987975960894 3.2747981605830105 0
      vertex 33.24213793630651 30.377173484102855 0
      vertex 33.0274060686124 3.3479822586768666 0
    endloop
  endfacet
  facet normal 0.8386705679454327 0.5446390350150138 0
    outer loop
      vertex 32.97987975960894 30.725201839416982 0
      vertex 32.97987975960894 30.725201839416982 4
      vertex 33.0274060686124 30.652017741323128 0
    endloop
  endfacet
  facet normal 0.8386705679454327 0.5446390350150138 0
    outer loop
      vertex 32.97987975960894 30.725201839416982 4
      vertex 33.0274060686124 30.652017741323128 4
      vertex 33.0274060686124 30.652017741323128 0
    endloop
  endfacet
  facet normal 0.8386705679454327 -0.5446390350150138 0
    outer loop
      vertex 32.97987975960894 33.37479816058301 0
      vertex 33.0274060686124 33.447982258676866 0
      vertex 33.0274060686124 33.447982258676866 4
    endloop
  endfacet
  facet normal 0.8386705679454327 -0.5446390350150138 0
    outer loop
      vertex 32.97987975960894 33.37479816058301 0
      vertex 33.0274060686124 33.447982258676866 4
      vertex 32.97987975960894 33.37479816058301 4
    endloop
  endfacet
  facet normal 0.8191520442889882 0.5735764363510509 0
    outer loop
      vertex 33.0274060686124 0.552017741323132 0
      vertex 33.0274060686124 0.552017741323132 4
      vertex 33.07745751406264 0.4805368692688159 0
    endloop
  endfacet
  facet normal 0.8191520442889882 0.5735764363510509 0
    outer loop
      vertex 33.0274060686124 0.552017741323132 4
      vertex 33.07745751406264 0.4805368692688159 4
      vertex 33.07745751406264 0.4805368692688159 0
    endloop
  endfacet
  facet normal 0.8191520442889882 -0.5735764363510509 0
    outer loop
      vertex 33.0274060686124 3.3479822586768666 0
      vertex 33.07745751406264 3.4194631307311827 0
      vertex 33.07745751406264 3.4194631307311827 4
    endloop
  endfacet
  facet normal 0.8191520442889882 -0.5735764363510509 0
    outer loop
      vertex 33.0274060686124 3.3479822586768666 0
      vertex 33.07745751406264 3.4194631307311827 4
      vertex 33.0274060686124 3.3479822586768666 4
    endloop
  endfacet
  facet normal 0 0 -1
    outer loop
      vertex 33.0274060686124 3.3479822586768666 0
      vertex 33.24213793630651 30.377173484102855 0
      vertex 33.07745751406264 3.4194631307311827 0
    endloop
  endfacet
  facet normal 0.8191520442889882 0.5735764363510509 0
    outer loop
      vertex 33.0274060686124 30.652017741323128 0
      vertex 33.0274060686124 30.652017741323128 4
      vertex 33.07745751406264 30.580536869268812 0
    endloop
  endfacet
  facet normal 0.8191520442889882 0.5735764363510509 0
    outer loop
      vertex 33.0274060686124 30.652017741323128 4
      vertex 33.07745751406264 30.580536869268812 4
      vertex 33.07745751406264 30.580536869268812 0
    endloop
  endfacet
  facet normal 0.8191520442889882 -0.5735764363510509 0
    outer loop
      vertex 33.0274060686124 33.447982258676866 0
      vertex 33.07745751406264 33.51946313073118 0
      vertex 33.07745751406264 33.51946313073118 4
    endloop
  endfacet
  facet normal 0.8191520442889882 -0.5735764363510509 0
    outer loop
      vertex 33.0274060686124 33.447982258676866 0
      vertex 33.07745751406264 33.51946313073118 4
      vertex 33.0274060686124 33.447982258676866 4
    endloop
  endfacet
  facet normal 0.7986355100473058 0.6018150231520312 0
    outer loop
      vertex 33.07745751406264 0.4805368692688159 0
      vertex 33.07745751406264 0.4805368692688159 4
      vertex 33.1299731159832 0.4108463116858534 0
    endloop
  endfacet
  facet normal 0.7986355100473058 0.6018150231520312 0
    outer loop
      vertex 33.07745751406264 0.4805368692688159 4
      vertex 33.1299731159832 0.4108463116858534 4
      vertex 33.1299731159832 0.4108463116858534 0
    endloop
  endfacet
  facet normal 0.7986355100473058 -0.6018150231520312 0
    outer loop
      vertex 33.07745751406264 3.4194631307311827 0
      vertex 33.1299731159832 3.489153688314145 0
      vertex 33.1299731159832 3.489153688314145 4
    endloop
  endfacet
  facet normal 0.7986355100473058 -0.6018150231520312 0
    outer loop
      vertex 33.07745751406264 3.4194631307311827 0
      vertex 33.1299731159832 3.489153688314145 4
      vertex 33.07745751406264 3.4194631307311827 4
    endloop
  endfacet
  facet normal 0 0 -1
    outer loop
      vertex 33.07745751406264 3.4194631307311827 0
      vertex 33.24213793630651 30.377173484102855 0
      vertex 33.1299731159832 3.489153688314145 0
    endloop
  endfacet
  facet normal 0.798635510047291 0.6018150231520508 0
    outer loop
      vertex 33.07745751406264 30.580536869268812 0
      vertex 33.07745751406264 30.580536869268812 4
      vertex 33.1299731159832 30.510846311685853 0
    endloop
  endfacet
  facet normal 0.798635510047291 0.6018150231520508 0
    outer loop
      vertex 33.07745751406264 30.580536869268812 4
      vertex 33.1299731159832 30.510846311685853 4
      vertex 33.1299731159832 30.510846311685853 0
    endloop
  endfacet
  facet normal 0.798635510047291 -0.6018150231520508 0
    outer loop
      vertex 33.07745751406264 33.51946313073118 0
      vertex 33.1299731159832 33.58915368831414 0
      vertex 33.1299731159832 33.58915368831414 4
    endloop
  endfacet
  facet normal 0.798635510047291 -0.6018150231520508 0
    outer loop
      vertex 33.07745751406264 33.51946313073118 0
      vertex 33.1299731159832 33.58915368831414 4
      vertex 33.07745751406264 33.51946313073118 4
    endloop
  endfacet
  facet normal 0.7771459614569641 0.6293203910498459 0
    outer loop
      vertex 33.1299731159832 0.4108463116858534 0
      vertex 33.1299731159832 0.4108463116858534 4
      vertex 33.18488889220256 0.3430309757836518 0
    endloop
  endfacet
  facet normal 0.7771459614569641 0.6293203910498459 0
    outer loop
      vertex 33.1299731159832 0.4108463116858534 4
      vertex 33.18488889220256 0.3430309757836518 4
      vertex 33.18488889220256 0.3430309757836518 0
    endloop
  endfacet
  facet normal 0.7771459614569641 -0.6293203910498459 0
    outer loop
      vertex 33.1299731159832 3.489153688314145 0
      vertex 33.18488889220256 3.5569690242163468 0
      vertex 33.18488889220256 3.5569690242163468 4
    endloop
  endfacet
  facet normal 0.7771459614569641 -0.6293203910498459 0
    outer loop
      vertex 33.1299731159832 3.489153688314145 0
      vertex 33.18488889220256 3.5569690242163468 4
      vertex 33.1299731159832 3.489153688314145 4
    endloop
  endfacet
  facet normal 0 0 -1
    outer loop
      vertex 33.1299731159832 3.489153688314145 0
      vertex 33.24213793630651 30.377173484102855 0
      vertex 33.18488889220256 3.5569690242163468 0
    endloop
  endfacet
  facet normal 0.7771459614569721 0.629320391049836 0
    outer loop
      vertex 33.1299731159832 30.510846311685853 0
      vertex 33.1299731159832 30.510846311685853 4
      vertex 33.18488889220256 30.44303097578365 0
    endloop
  endfacet
  facet normal 0.7771459614569721 0.629320391049836 0
    outer loop
      vertex 33.1299731159832 30.510846311685853 4
      vertex 33.18488889220256 30.44303097578365 4
      vertex 33.18488889220256 30.44303097578365 0
    endloop
  endfacet
  facet normal 0.7771459614569721 -0.629320391049836 0
    outer loop
      vertex 33.1299731159832 33.58915368831414 0
      vertex 33.18488889220256 33.656969024216345 0
      vertex 33.18488889220256 33.656969024216345 4
    endloop
  endfacet
  facet normal 0.7771459614569721 -0.629320391049836 0
    outer loop
      vertex 33.1299731159832 33.58915368831414 0
      vertex 33.18488889220256 33.656969024216345 4
      vertex 33.1299731159832 33.58915368831414 4
    endloop
  endfacet
  facet normal 0.7547095802228053 0.6560590289904691 0
    outer loop
      vertex 33.18488889220256 0.3430309757836518 0
      vertex 33.18488889220256 0.3430309757836518 4
      vertex 33.24213793630651 0.27717348410285325 0
    endloop
  endfacet
  facet normal 0.7547095802228053 0.6560590289904691 0
    outer loop
      vertex 33.18488889220256 0.3430309757836518 4
      vertex 33.24213793630651 0.27717348410285325 4
      vertex 33.24213793630651 0.27717348410285325 0
    endloop
  endfacet
  facet normal 0.7547095802228053 -0.6560590289904691 0
    outer loop
      vertex 33.18488889220256 3.5569690242163468 0
      vertex 33.24213793630651 3.6228265158971453 0
      vertex 33.24213793630651 3.6228265158971453 4
    endloop
  endfacet
  facet normal 0.7547095802228053 -0.6560590289904691 0
    outer loop
      vertex 33.18488889220256 3.5569690242163468 0
      vertex 33.24213793630651 3.6228265158971453 4
      vertex 33.18488889220256 3.5569690242163468 4
    endloop
  endfacet
  facet normal 0 0 -1
    outer loop
      vertex 33.18488889220256 3.5569690242163468 0
      vertex 33.24213793630651 30.377173484102855 0
      vertex 33.24213793630651 3.6228265158971453 0
    endloop
  endfacet
  facet normal 0.7547095802227878 0.6560590289904892 0
    outer loop
      vertex 33.18488889220256 30.44303097578365 0
      vertex 33.18488889220256 30.44303097578365 4
      vertex 33.24213793630651 30.377173484102855 0
    endloop
  endfacet
  facet normal 0.7547095802227878 0.6560590289904892 0
    outer loop
      vertex 33.18488889220256 30.44303097578365 4
      vertex 33.24213793630651 30.377173484102855 4
      vertex 33.24213793630651 30.377173484102855 0
    endloop
  endfacet
  facet normal 0.7547095802227878 -0.6560590289904892 0
    outer loop
      vertex 33.18488889220256 33.656969024216345 0
      vertex 33.24213793630651 33.72282651589714 0
      vertex 33.24213793630651 33.72282651589714 4
    endloop
  endfacet
  facet normal 0.7547095802227878 -0.6560590289904892 0
    outer loop
      vertex 33.18488889220256 33.656969024216345 0
      vertex 33.24213793630651 33.72282651589714 4
      vertex 33.18488889220256 33.656969024216345 4
    endloop
  endfacet
  facet normal 0 0 -1
    outer loop
      vertex 33.18488889220256 33.656969024216345 0
      vertex 40.1 42 0
      vertex 33.24213793630651 33.72282651589714 0
    endloop
  endfacet
  facet normal 0.7313537016191368 0.6819983600625344 0
    outer loop
      vertex 33.24213793630651 0.27717348410285325 0
      vertex 33.24213793630651 0.27717348410285325 4
      vertex 33.301650499153375 0.21335407385250704 0
    endloop
  endfacet
  facet normal 0 0 -1
    outer loop
      vertex 33.24213793630651 0.27717348410285325 0
      vertex 33.301650499153375 0.21335407385250704 0
      vertex 40.1 -8 0
    endloop
  endfacet
  facet normal 0.7313537016191368 0.6819983600625344 0
    outer loop
      vertex 33.24213793630651 0.27717348410285325 4
      vertex 33.301650499153375 0.21335407385250704 4
      vertex 33.301650499153375 0.21335407385250704 0
    endloop
  endfacet
  facet normal 0 0 -1
    outer loop
      vertex 33.24213793630651 3.6228265158971453 0
      vertex 33.24213793630651 30.377173484102855 0
      vertex 33.301650499153375 30.3133540738525 0
    endloop
  endfacet
  facet normal 0.7313537016191368 -0.6819983600625344 0
    outer loop
      vertex 33.24213793630651 3.6228265158971453 0
      vertex 33.301650499153375 3.6866459261474915 0
      vertex 33.301650499153375 3.6866459261474915 4
    endloop
  endfacet
  facet normal 0.7313537016191368 -0.6819983600625344 0
    outer loop
      vertex 33.24213793630651 3.6228265158971453 0
      vertex 33.301650499153375 3.6866459261474915 4
      vertex 33.24213793630651 3.6228265158971453 4
    endloop
  endfacet
  facet normal 0 0 -1
    outer loop
      vertex 33.24213793630651 3.6228265158971453 0
      vertex 33.301650499153375 30.3133540738525 0
      vertex 33.301650499153375 3.6866459261474915 0
    endloop
  endfacet
  facet normal 0.7313537016191749 0.6819983600624939 0
    outer loop
      vertex 33.24213793630651 30.377173484102855 0
      vertex 33.24213793630651 30.377173484102855 4
      vertex 33.301650499153375 30.3133540738525 0
    endloop
  endfacet
  facet normal 0.7313537016191749 0.6819983600624939 0
    outer loop
      vertex 33.24213793630651 30.377173484102855 4
      vertex 33.301650499153375 30.3133540738525 4
      vertex 33.301650499153375 30.3133540738525 0
    endloop
  endfacet
  facet normal 0.7313537016191749 -0.6819983600624939 0
    outer loop
      vertex 33.24213793630651 33.72282651589714 0
      vertex 33.301650499153375 33.78664592614749 0
      vertex 33.301650499153375 33.78664592614749 4
    endloop
  endfacet
  facet normal 0.7313537016191749 -0.6819983600624939 0
    outer loop
      vertex 33.24213793630651 33.72282651589714 0
      vertex 33.301650499153375 33.78664592614749 4
      vertex 33.24213793630651 33.72282651589714 4
    endloop
  endfacet
  facet normal 0 0 -1
    outer loop
      vertex 33.24213793630651 33.72282651589714 0
      vertex 40.1 42 0
      vertex 33.301650499153375 33.78664592614749 0
    endloop
  endfacet
  facet normal 0.7071067811865372 0.7071067811865577 0
    outer loop
      vertex 33.301650499153375 0.21335407385250704 0
      vertex 33.301650499153375 0.21335407385250704 4
      vertex 33.36335407385251 0.15165049915337114 0
    endloop
  endfacet
  facet normal 0 0 -1
    outer loop
      vertex 33.301650499153375 0.21335407385250704 0
      vertex 33.36335407385251 0.15165049915337114 0
      vertex 40.1 -8 0
    endloop
  endfacet
  facet normal 0.7071067811865372 0.7071067811865577 0
    outer loop
      vertex 33.301650499153375 0.21335407385250704 4
      vertex 33.36335407385251 0.15165049915337114 4
      vertex 33.36335407385251 0.15165049915337114 0
    endloop
  endfacet
  facet normal 0 0 -1
    outer loop
      vertex 33.301650499153375 3.6866459261474915 0
      vertex 33.301650499153375 30.3133540738525 0
      vertex 33.36335407385251 30.25165049915337 0
    endloop
  endfacet
  facet normal 0.7071067811865372 -0.7071067811865577 0
    outer loop
      vertex 33.301650499153375 3.6866459261474915 0
      vertex 33.36335407385251 3.7483495008466274 0
      vertex 33.36335407385251 3.7483495008466274 4
    endloop
  endfacet
  facet normal 0.7071067811865372 -0.7071067811865577 0
    outer loop
      vertex 33.301650499153375 3.6866459261474915 0
      vertex 33.36335407385251 3.7483495008466274 4
      vertex 33.301650499153375 3.6866459261474915 4
    endloop
  endfacet
  facet normal 0 0 -1
    outer loop
      vertex 33.301650499153375 3.6866459261474915 0
      vertex 33.36335407385251 30.25165049915337 0
      vertex 33.36335407385251 3.7483495008466274 0
    endloop
  endfacet
  facet normal 0.7071067811865068 0.7071067811865882 0
    outer loop
      vertex 33.301650499153375 30.3133540738525 0
      vertex 33.301650499153375 30.3133540738525 4
      vertex 33.36335407385251 30.25165049915337 0
    endloop
  endfacet
  facet normal 0.7071067811865068 0.7071067811865882 0
    outer loop
      vertex 33.301650499153375 30.3133540738525 4
      vertex 33.36335407385251 30.25165049915337 4
      vertex 33.36335407385251 30.25165049915337 0
    endloop
  endfacet
  facet normal 0.7071067811865068 -0.7071067811865882 0
    outer loop
      vertex 33.301650499153375 33.78664592614749 0
      vertex 33.36335407385251 33.84834950084662 0
      vertex 33.36335407385251 33.84834950084662 4
    endloop
  endfacet
  facet normal 0.7071067811865068 -0.7071067811865882 0
    outer loop
      vertex 33.301650499153375 33.78664592614749 0
      vertex 33.36335407385251 33.84834950084662 4
      vertex 33.301650499153375 33.78664592614749 4
    endloop
  endfacet
  facet normal 0 0 -1
    outer loop
      vertex 33.301650499153375 33.78664592614749 0
      vertex 40.1 42 0
      vertex 33.36335407385251 33.84834950084662 0
    endloop
  endfacet
  facet normal 0.6819983600625019 0.7313537016191675 0
    outer loop
      vertex 33.36335407385251 0.15165049915337114 0
      vertex 33.36335407385251 0.15165049915337114 4
      vertex 33.42717348410286 0.09213793630651423 0
    endloop
  endfacet
  facet normal 0 0 -1
    outer loop
      vertex 33.36335407385251 0.15165049915337114 0
      vertex 33.42717348410286 0.09213793630651423 0
      vertex 40.1 -8 0
    endloop
  endfacet
  facet normal 0.6819983600625019 0.7313537016191675 0
    outer loop
      vertex 33.36335407385251 0.15165049915337114 4
      vertex 33.42717348410286 0.09213793630651423 4
      vertex 33.42717348410286 0.09213793630651423 0
    endloop
  endfacet
  facet normal 0 0 -1
    outer loop
      vertex 33.36335407385251 3.7483495008466274 0
      vertex 33.36335407385251 30.25165049915337 0
      vertex 33.42717348410286 30.19213793630651 0
    endloop
  endfacet
  facet normal 0.6819983600625019 -0.7313537016191675 0
    outer loop
      vertex 33.36335407385251 3.7483495008466274 0
      vertex 33.42717348410286 3.8078620636934843 0
      vertex 33.42717348410286 3.8078620636934843 4
    endloop
  endfacet
  facet normal 0.6819983600625019 -0.7313537016191675 0
    outer loop
      vertex 33.36335407385251 3.7483495008466274 0
      vertex 33.42717348410286 3.8078620636934843 4
      vertex 33.36335407385251 3.7483495008466274 4
    endloop
  endfacet
  facet normal 0 0 -1
    outer loop
      vertex 33.36335407385251 3.7483495008466274 0
      vertex 33.42717348410286 30.19213793630651 0
      vertex 33.42717348410286 3.8078620636934843 0
    endloop
  endfacet
  facet normal 0.6819983600625344 0.7313537016191368 0
    outer loop
      vertex 33.36335407385251 30.25165049915337 0
      vertex 33.36335407385251 30.25165049915337 4
      vertex 33.42717348410286 30.19213793630651 0
    endloop
  endfacet
  facet normal 0.6819983600625344 0.7313537016191368 0
    outer loop
      vertex 33.36335407385251 30.25165049915337 4
      vertex 33.42717348410286 30.19213793630651 4
      vertex 33.42717348410286 30.19213793630651 0
    endloop
  endfacet
  facet normal 0.6819983600625344 -0.7313537016191368 0
    outer loop
      vertex 33.36335407385251 33.84834950084662 0
      vertex 33.42717348410286 33.907862063693486 0
      vertex 33.42717348410286 33.907862063693486 4
    endloop
  endfacet
  facet normal 0.6819983600625344 -0.7313537016191368 0
    outer loop
      vertex 33.36335407385251 33.84834950084662 0
      vertex 33.42717348410286 33.907862063693486 4
      vertex 33.36335407385251 33.84834950084662 4
    endloop
  endfacet
  facet normal 0 0 -1
    outer loop
      vertex 33.36335407385251 33.84834950084662 0
      vertex 40.1 42 0
      vertex 33.42717348410286 33.907862063693486 0
    endloop
  endfacet
  facet normal 0.6560590289905643 0.7547095802227225 0
    outer loop
      vertex 33.42717348410286 0.09213793630651423 0
      vertex 33.42717348410286 0.09213793630651423 4
      vertex 33.49303097578365 0.03488889220255409 0
    endloop
  endfacet
  facet normal 0 0 -1
    outer loop
      vertex 33.42717348410286 0.09213793630651423 0
      vertex 33.49303097578365 0.03488889220255409 0
      vertex 40.1 -8 0
    endloop
  endfacet
  facet normal 0.6560590289905643 0.7547095802227225 0
    outer loop
      vertex 33.42717348410286 0.09213793630651423 4
      vertex 33.49303097578365 0.03488889220255409 4
      vertex 33.49303097578365 0.03488889220255409 0
    endloop
  endfacet
  facet normal 0 0 -1
    outer loop
      vertex 33.42717348410286 3.8078620636934843 0
      vertex 33.42717348410286 30.19213793630651 0
      vertex 33.49303097578365 30.134888892202554 0
    endloop
  endfacet
  facet normal 0.6560590289905643 -0.7547095802227225 0
    outer loop
      vertex 33.42717348410286 3.8078620636934843 0
      vertex 33.49303097578365 3.8651111077974445 0
      vertex 33.49303097578365 3.8651111077974445 4
    endloop
  endfacet
  facet normal 0.6560590289905643 -0.7547095802227225 0
    outer loop
      vertex 33.42717348410286 3.8078620636934843 0
      vertex 33.49303097578365 3.8651111077974445 4
      vertex 33.42717348410286 3.8078620636934843 4
    endloop
  endfacet
  facet normal 0 0 -1
    outer loop
      vertex 33.42717348410286 3.8078620636934843 0
      vertex 33.49303097578365 30.134888892202554 0
      vertex 33.49303097578365 3.8651111077974445 0
    endloop
  endfacet
  facet normal 0.6560590289905295 0.7547095802227527 0
    outer loop
      vertex 33.42717348410286 30.19213793630651 0
      vertex 33.42717348410286 30.19213793630651 4
      vertex 33.49303097578365 30.134888892202554 0
    endloop
  endfacet
  facet normal 0 0 1
    outer loop
      vertex 33.42717348410286 30.19213793630651 4
      vertex 33.49303097578365 3.8651111077974445 4
      vertex 33.49303097578365 30.134888892202554 4
    endloop
  endfacet
  facet normal 0.6560590289905295 0.7547095802227527 0
    outer loop
      vertex 33.42717348410286 30.19213793630651 4
      vertex 33.49303097578365 30.134888892202554 4
      vertex 33.49303097578365 30.134888892202554 0
    endloop
  endfacet
  facet normal 0.6560590289905295 -0.7547095802227527 0
    outer loop
      vertex 33.42717348410286 33.907862063693486 0
      vertex 33.49303097578365 33.96511110779744 0
      vertex 33.49303097578365 33.96511110779744 4
    endloop
  endfacet
  facet normal 0.6560590289905295 -0.7547095802227527 0
    outer loop
      vertex 33.42717348410286 33.907862063693486 0
      vertex 33.49303097578365 33.96511110779744 4
      vertex 33.42717348410286 33.907862063693486 4
    endloop
  endfacet
  facet normal 0 0 -1
    outer loop
      vertex 33.42717348410286 33.907862063693486 0
      vertex 40.1 42 0
      vertex 33.49303097578365 33.96511110779744 0
    endloop
  endfacet
  facet normal 0.6293203910497899 0.7771459614570093 0
    outer loop
      vertex 33.49303097578365 0.03488889220255409 0
      vertex 33.49303097578365 0.03488889220255409 4
      vertex 33.56084631168586 -0.02002688401680519 0
    endloop
  endfacet
  facet normal 0 0 -1
    outer loop
      vertex 33.49303097578365 0.03488889220255409 0
      vertex 33.56084631168586 -0.02002688401680519 0
      vertex 40.1 -8 0
    endloop
  endfacet
  facet normal 0.6293203910497899 0.7771459614570093 0
    outer loop
      vertex 33.49303097578365 0.03488889220255409 4
      vertex 33.56084631168586 -0.02002688401680519 4
      vertex 33.56084631168586 -0.02002688401680519 0
    endloop
  endfacet
  facet normal 0 0 -1
    outer loop
      vertex 33.49303097578365 3.8651111077974445 0
      vertex 33.49303097578365 30.134888892202554 0
      vertex 33.56084631168586 30.079973115983194 0
    endloop
  endfacet
  facet normal 0.6293203910497961 -0.7771459614570044 0
    outer loop
      vertex 33.49303097578365 3.8651111077974445 0
      vertex 33.56084631168586 3.9200268840168047 0
      vertex 33.56084631168586 3.9200268840168047 4
    endloop
  endfacet
  facet normal 0.6293203910497961 -0.7771459614570044 0
    outer loop
      vertex 33.49303097578365 3.8651111077974445 0
      vertex 33.56084631168586 3.9200268840168047 4
      vertex 33.49303097578365 3.8651111077974445 4
    endloop
  endfacet
  facet normal 0 0 -1
    outer loop
      vertex 33.49303097578365 3.8651111077974445 0
      vertex 33.56084631168586 30.079973115983194 0
      vertex 33.56084631168586 3.9200268840168047 0
    endloop
  endfacet
  facet normal 0 0 1
    outer loop
      vertex 33.49303097578365 3.8651111077974445 4
      vertex 33.56084631168586 3.9200268840168047 4
      vertex 33.49303097578365 30.134888892202554 4
    endloop
  endfacet
  facet normal 0.6293203910497961 0.7771459614570044 0
    outer loop
      vertex 33.49303097578365 30.134888892202554 0
      vertex 33.49303097578365 30.134888892202554 4
      vertex 33.56084631168586 30.079973115983194 0
    endloop
  endfacet
  facet normal 0 0 1
    outer loop
      vertex 33.49303097578365 30.134888892202554 4
      vertex 33.56084631168586 3.9200268840168047 4
      vertex 33.56084631168586 30.079973115983194 4
    endloop
  endfacet
  facet normal 0.6293203910497961 0.7771459614570044 0
    outer loop
      vertex 33.49303097578365 30.134888892202554 4
      vertex 33.56084631168586 30.079973115983194 4
      vertex 33.56084631168586 30.079973115983194 0
    endloop
  endfacet
  facet normal 0.6293203910497961 -0.7771459614570044 0
    outer loop
      vertex 33.49303097578365 33.96511110779744 0
      vertex 33.56084631168586 34.0200268840168 0
      vertex 33.56084631168586 34.0200268840168 4
    endloop
  endfacet
  facet normal 0.6293203910497961 -0.7771459614570044 0
    outer loop
      vertex 33.49303097578365 33.96511110779744 0
      vertex 33.56084631168586 34.0200268840168 4
      vertex 33.49303097578365 33.96511110779744 4
    endloop
  endfacet
  facet normal 0 0 -1
    outer loop
      vertex 33.49303097578365 33.96511110779744 0
      vertex 40.1 42 0
      vertex 33.56084631168586 34.0200268840168 0
    endloop
  endfacet
  facet normal 0.6018150231520702 0.7986355100472764 0
    outer loop
      vertex 33.56084631168586 -0.02002688401680519 0
      vertex 33.56084631168586 -0.02002688401680519 4
      vertex 33.630536869268816 -0.0725424859373689 0
    endloop
  endfacet
  facet normal 0 0 -1
    outer loop
      vertex 33.56084631168586 -0.02002688401680519 0
      vertex 33.630536869268816 -0.0725424859373689 0
      vertex 40.1 -8 0
    endloop
  endfacet
  facet normal 0.6018150231520702 0.7986355100472764 0
    outer loop
      vertex 33.56084631168586 -0.02002688401680519 4
      vertex 33.630536869268816 -0.0725424859373689 4
      vertex 33.630536869268816 -0.0725424859373689 0
    endloop
  endfacet
  facet normal 0 0 -1
    outer loop
      vertex 33.56084631168586 3.9200268840168047 0
      vertex 33.56084631168586 30.079973115983194 0
      vertex 33.630536869268816 30.027457514062625 0
    endloop
  endfacet
  facet normal 0.6018150231520637 -0.7986355100472812 0
    outer loop
      vertex 33.56084631168586 3.9200268840168047 0
      vertex 33.630536869268816 3.9725424859373675 0
      vertex 33.630536869268816 3.9725424859373675 4
    endloop
  endfacet
  facet normal 0.6018150231520637 -0.7986355100472812 0
    outer loop
      vertex 33.56084631168586 3.9200268840168047 0
      vertex 33.630536869268816 3.9725424859373675 4
      vertex 33.56084631168586 3.9200268840168047 4
    endloop
  endfacet
  facet normal 0 0 -1
    outer loop
      vertex 33.56084631168586 3.9200268840168047 0
      vertex 33.630536869268816 30.027457514062625 0
      vertex 33.630536869268816 3.9725424859373675 0
    endloop
  endfacet
  facet normal 0 0 1
    outer loop
      vertex 33.56084631168586 3.9200268840168047 4
      vertex 33.630536869268816 3.9725424859373675 4
      vertex 33.56084631168586 30.079973115983194 4
    endloop
  endfacet
  facet normal 0.6018150231521028 0.798635510047252 0
    outer loop
      vertex 33.56084631168586 30.079973115983194 0
      vertex 33.56084631168586 30.079973115983194 4
      vertex 33.630536869268816 30.027457514062625 0
    endloop
  endfacet
  facet normal 0 0 1
    outer loop
      vertex 33.56084631168586 30.079973115983194 4
      vertex 33.630536869268816 3.9725424859373675 4
      vertex 33.630536869268816 30.027457514062625 4
    endloop
  endfacet
  facet normal 0.6018150231521028 0.798635510047252 0
    outer loop
      vertex 33.56084631168586 30.079973115983194 4
      vertex 33.630536869268816 30.027457514062625 4
      vertex 33.630536869268816 30.027457514062625 0
    endloop
  endfacet
  facet normal 0.6018150231521028 -0.798635510047252 0
    outer loop
      vertex 33.56084631168586 34.0200268840168 0
      vertex 33.630536869268816 34.07254248593737 0
      vertex 33.630536869268816 34.07254248593737 4
    endloop
  endfacet
  facet normal 0.6018150231521028 -0.798635510047252 0
    outer loop
      vertex 33.56084631168586 34.0200268840168 0
      vertex 33.630536869268816 34.07254248593737 4
      vertex 33.56084631168586 34.0200268840168 4
    endloop
  endfacet
  facet normal 0 0 -1
    outer loop
      vertex 33.56084631168586 34.0200268840168 0
      vertex 40.1 42 0
      vertex 33.630536869268816 34.07254248593737 0
    endloop
  endfacet
  facet normal 0.573576436351006 0.81915204428902 0
    outer loop
      vertex 33.630536869268816 -0.0725424859373689 0
      vertex 33.630536869268816 -0.0725424859373689 4
      vertex 33.70201774132314 -0.12259393138760455 0
    endloop
  endfacet
  facet normal 0 0 -1
    outer loop
      vertex 33.630536869268816 -0.0725424859373689 0
      vertex 33.70201774132314 -0.12259393138760455 0
      vertex 40.1 -8 0
    endloop
  endfacet
  facet normal 0.573576436351006 0.81915204428902 0
    outer loop
      vertex 33.630536869268816 -0.0725424859373689 4
      vertex 33.70201774132314 -0.12259393138760455 4
      vertex 33.70201774132314 -0.12259393138760455 0
    endloop
  endfacet
  facet normal 0 0 -1
    outer loop
      vertex 33.630536869268816 3.9725424859373675 0
      vertex 33.630536869268816 30.027457514062625 0
      vertex 33.70201774132314 29.977406068612396 0
    endloop
  endfacet
  facet normal 0.5735764363510127 -0.8191520442890151 0
    outer loop
      vertex 33.630536869268816 3.9725424859373675 0
      vertex 33.70201774132314 4.022593931387604 0
      vertex 33.70201774132314 4.022593931387604 4
    endloop
  endfacet
  facet normal 0.5735764363510127 -0.8191520442890151 0
    outer loop
      vertex 33.630536869268816 3.9725424859373675 0
      vertex 33.70201774132314 4.022593931387604 4
      vertex 33.630536869268816 3.9725424859373675 4
    endloop
  endfacet
  facet normal 0 0 -1
    outer loop
      vertex 33.630536869268816 3.9725424859373675 0
      vertex 33.70201774132314 29.977406068612396 0
      vertex 33.70201774132314 4.022593931387604 0
    endloop
  endfacet
  facet normal 0 0 1
    outer loop
      vertex 33.630536869268816 3.9725424859373675 4
      vertex 33.70201774132314 4.022593931387604 4
      vertex 33.630536869268816 30.027457514062625 4
    endloop
  endfacet
  facet normal 0.573576436350958 0.8191520442890533 0
    outer loop
      vertex 33.630536869268816 30.027457514062625 0
      vertex 33.630536869268816 30.027457514062625 4
      vertex 33.70201774132314 29.977406068612396 0
    endloop
  endfacet
  facet normal 0 0 1
    outer loop
      vertex 33.630536869268816 30.027457514062625 4
      vertex 33.70201774132314 4.022593931387604 4
      vertex 33.70201774132314 29.977406068612396 4
    endloop
  endfacet
  facet normal 0.573576436350958 0.8191520442890533 0
    outer loop
      vertex 33.630536869268816 30.027457514062625 4
      vertex 33.70201774132314 29.977406068612396 4
      vertex 33.70201774132314 29.977406068612396 0
    endloop
  endfacet
  facet normal 0.573576436350958 -0.8191520442890533 0
    outer loop
      vertex 33.630536869268816 34.07254248593737 0
      vertex 33.70201774132314 34.1225939313876 0
      vertex 33.70201774132314 34.1225939313876 4
    endloop
  endfacet
  facet normal 0.573576436350958 -0.8191520442890533 0
    outer loop
      vertex 33.630536869268816 34.07254248593737 0
      vertex 33.70201774132314 34.1225939313876 4
      vertex 33.630536869268816 34.07254248593737 4
    endloop
  endfacet
  facet normal 0 0 -1
    outer loop
      vertex 33.630536869268816 34.07254248593737 0
      vertex 40.1 42 0
      vertex 33.70201774132314 34.1225939313876 0
    endloop
  endfacet
  facet normal 0.5446390350150724 0.8386705679453945 0
    outer loop
      vertex 33.70201774132314 -0.12259393138760455 0
      vertex 33.70201774132314 -0.12259393138760455 4
      vertex 33.77520183941699 -0.170120240391066 0
    endloop
  endfacet
  facet normal 0 0 -1
    outer loop
      vertex 33.70201774132314 -0.12259393138760455 0
      vertex 33.77520183941699 -0.170120240391066 0
      vertex 40.1 -8 0
    endloop
  endfacet
  facet normal 0.5446390350150724 0.8386705679453945 0
    outer loop
      vertex 33.70201774132314 -0.12259393138760455 4
      vertex 33.77520183941699 -0.170120240391066 4
      vertex 33.77520183941699 -0.170120240391066 0
    endloop
  endfacet
  facet normal 0 0 -1
    outer loop
      vertex 33.70201774132314 4.022593931387604 0
      vertex 33.70201774132314 29.977406068612396 0
      vertex 33.77520183941699 29.92987975960893 0
    endloop
  endfacet
  facet normal 0.5446390350150652 -0.8386705679453992 0
    outer loop
      vertex 33.70201774132314 4.022593931387604 0
      vertex 33.77520183941699 4.070120240391065 0
      vertex 33.77520183941699 4.070120240391065 4
    endloop
  endfacet
  facet normal 0.5446390350150652 -0.8386705679453992 0
    outer loop
      vertex 33.70201774132314 4.022593931387604 0
      vertex 33.77520183941699 4.070120240391065 4
      vertex 33.70201774132314 4.022593931387604 4
    endloop
  endfacet
  facet normal 0 0 -1
    outer loop
      vertex 33.70201774132314 4.022593931387604 0
      vertex 33.77520183941699 29.92987975960893 0
      vertex 33.77520183941699 4.070120240391065 0
    endloop
  endfacet
  facet normal 0 0 1
    outer loop
      vertex 33.70201774132314 4.022593931387604 4
      vertex 33.77520183941699 4.070120240391065 4
      vertex 33.70201774132314 29.977406068612396 4
    endloop
  endfacet
  facet normal 0.5446390350151081 0.8386705679453713 0
    outer loop
      vertex 33.70201774132314 29.977406068612396 0
      vertex 33.70201774132314 29.977406068612396 4
      vertex 33.77520183941699 29.92987975960893 0
    endloop
  endfacet
  facet normal 0 0 1
    outer loop
      vertex 33.70201774132314 29.977406068612396 4
      vertex 33.77520183941699 4.070120240391065 4
      vertex 33.77520183941699 29.92987975960893 4
    endloop
  endfacet
  facet normal 0.5446390350151081 0.8386705679453713 0
    outer loop
      vertex 33.70201774132314 29.977406068612396 4
      vertex 33.77520183941699 29.92987975960893 4
      vertex 33.77520183941699 29.92987975960893 0
    endloop
  endfacet
  facet normal 0.5446390350151081 -0.8386705679453713 0
    outer loop
      vertex 33.70201774132314 34.1225939313876 0
      vertex 33.77520183941699 34.170120240391064 0
      vertex 33.77520183941699 34.170120240391064 4
    endloop
  endfacet
  facet normal 0.5446390350151081 -0.8386705679453713 0
    outer loop
      vertex 33.70201774132314 34.1225939313876 0
      vertex 33.77520183941699 34.170120240391064 4
      vertex 33.70201774132314 34.1225939313876 4
    endloop
  endfacet
  facet normal 0 0 -1
    outer loop
      vertex 33.70201774132314 34.1225939313876 0
      vertex 40.1 42 0
      vertex 33.77520183941699 34.170120240391064 0
    endloop
  endfacet
  facet normal 0.5150380749100371 0.8571673007021227 0
    outer loop
      vertex 33.77520183941699 -0.170120240391066 0
      vertex 33.77520183941699 -0.170120240391066 4
      vertex 33.85 -0.2150635094610971 0
    endloop
  endfacet
  facet normal 0 0 -1
    outer loop
      vertex 33.77520183941699 -0.170120240391066 0
      vertex 33.85 -0.2150635094610971 0
      vertex 40.1 -8 0
    endloop
  endfacet
  facet normal 0.5150380749100371 0.8571673007021227 0
    outer loop
      vertex 33.77520183941699 -0.170120240391066 4
      vertex 33.85 -0.2150635094610971 4
      vertex 33.85 -0.2150635094610971 0
    endloop
  endfacet
  facet normal 0 0 -1
    outer loop
      vertex 33.77520183941699 4.070120240391065 0
      vertex 33.77520183941699 29.92987975960893 0
      vertex 33.85 29.884936490538898 0
    endloop
  endfacet
  facet normal 0.5150380749100295 -0.8571673007021271 0
    outer loop
      vertex 33.77520183941699 4.070120240391065 0
      vertex 33.85 4.115063509461095 0
      vertex 33.85 4.115063509461095 4
    endloop
  endfacet
  facet normal 0.5150380749100295 -0.8571673007021271 0
    outer loop
      vertex 33.77520183941699 4.070120240391065 0
      vertex 33.85 4.115063509461095 4
      vertex 33.77520183941699 4.070120240391065 4
    endloop
  endfacet
  facet normal 0 0 -1
    outer loop
      vertex 33.77520183941699 4.070120240391065 0
      vertex 33.85 29.884936490538898 0
      vertex 33.85 4.115063509461095 0
    endloop
  endfacet
  facet normal 0 0 1
    outer loop
      vertex 33.77520183941699 4.070120240391065 4
      vertex 33.85 4.115063509461095 4
      vertex 33.77520183941699 29.92987975960893 4
    endloop
  endfacet
  facet normal 0.5150380749100444 0.8571673007021181 0
    outer loop
      vertex 33.77520183941699 29.92987975960893 0
      vertex 33.77520183941699 29.92987975960893 4
      vertex 33.85 29.884936490538898 0
    endloop
  endfacet
  facet normal 0 0 1
    outer loop
      vertex 33.77520183941699 29.92987975960893 4
      vertex 33.85 4.115063509461095 4
      vertex 33.85 29.884936490538898 4
    endloop
  endfacet
  facet normal 0.5150380749100444 0.8571673007021181 0
    outer loop
      vertex 33.77520183941699 29.92987975960893 4
      vertex 33.85 29.884936490538898 4
      vertex 33.85 29.884936490538898 0
    endloop
  endfacet
  facet normal 0.5150380749100444 -0.8571673007021181 0
    outer loop
      vertex 33.77520183941699 34.170120240391064 0
      vertex 33.85 34.215063509461096 0
      vertex 33.85 34.215063509461096 4
    endloop
  endfacet
  facet normal 0.5150380749100444 -0.8571673007021181 0
    outer loop
      vertex 33.77520183941699 34.170120240391064 0
      vertex 33.85 34.215063509461096 4
      vertex 33.77520183941699 34.170120240391064 4
    endloop
  endfacet
  facet normal 0 0 -1
    outer loop
      vertex 33.77520183941699 34.170120240391064 0
      vertex 40.1 42 0
      vertex 33.85 34.215063509461096 0
    endloop
  endfacet
  facet normal 0.484809620246324 0.874619707139403 0
    outer loop
      vertex 33.85 -0.2150635094610971 0
      vertex 33.85 -0.2150635094610971 4
      vertex 33.92632109303528 -0.25736898214731774 0
    endloop
  endfacet
  facet normal 0 0 -1
    outer loop
      vertex 33.85 -0.2150635094610971 0
      vertex 33.92632109303528 -0.25736898214731774 0
      vertex 40.1 -8 0
    endloop
  endfacet
  facet normal 0.484809620246324 0.874619707139403 0
    outer loop
      vertex 33.85 -0.2150635094610971 4
      vertex 33.92632109303528 -0.25736898214731774 4
      vertex 33.92632109303528 -0.25736898214731774 0
    endloop
  endfacet
  facet normal 0 0 1
    outer loop
      vertex 33.85 -0.2150635094610971 4
      vertex 40.1 -8 4
      vertex 33.92632109303528 -0.25736898214731774 4
    endloop
  endfacet
  facet normal 0 0 -1
    outer loop
      vertex 33.85 4.115063509461095 0
      vertex 33.85 29.884936490538898 0
      vertex 33.92632109303528 29.842631017852682 0
    endloop
  endfacet
  facet normal 0.4848096202463318 -0.8746197071393986 0
    outer loop
      vertex 33.85 4.115063509461095 0
      vertex 33.92632109303528 4.157368982147316 0
      vertex 33.92632109303528 4.157368982147316 4
    endloop
  endfacet
  facet normal 0.4848096202463318 -0.8746197071393986 0
    outer loop
      vertex 33.85 4.115063509461095 0
      vertex 33.92632109303528 4.157368982147316 4
      vertex 33.85 4.115063509461095 4
    endloop
  endfacet
  facet normal 0 0 -1
    outer loop
      vertex 33.85 4.115063509461095 0
      vertex 33.92632109303528 29.842631017852682 0
      vertex 33.92632109303528 4.157368982147316 0
    endloop
  endfacet
  facet normal 0 0 1
    outer loop
      vertex 33.85 4.115063509461095 4
      vertex 33.92632109303528 4.157368982147316 4
      vertex 33.85 29.884936490538898 4
    endloop
  endfacet
  facet normal 0.4848096202462851 0.8746197071394245 0
    outer loop
      vertex 33.85 29.884936490538898 0
      vertex 33.85 29.884936490538898 4
      vertex 33.92632109303528 29.842631017852682 0
    endloop
  endfacet
  facet normal 0 0 1
    outer loop
      vertex 33.85 29.884936490538898 4
      vertex 33.92632109303528 4.157368982147316 4
      vertex 33.92632109303528 29.842631017852682 4
    endloop
  endfacet
  facet normal 0.4848096202462851 0.8746197071394245 0
    outer loop
      vertex 33.85 29.884936490538898 4
      vertex 33.92632109303528 29.842631017852682 4
      vertex 33.92632109303528 29.842631017852682 0
    endloop
  endfacet
  facet normal 0.4848096202462851 -0.8746197071394245 0
    outer loop
      vertex 33.85 34.215063509461096 0
      vertex 33.92632109303528 34.25736898214731 0
      vertex 33.92632109303528 34.25736898214731 4
    endloop
  endfacet
  facet normal 0.4848096202462851 -0.8746197071394245 0
    outer loop
      vertex 33.85 34.215063509461096 0
      vertex 33.92632109303528 34.25736898214731 4
      vertex 33.85 34.215063509461096 4
    endloop
  endfacet
  facet normal 0 0 -1
    outer loop
      vertex 33.85 34.215063509461096 0
      vertex 40.1 42 0
      vertex 33.92632109303528 34.25736898214731 0
    endloop
  endfacet
  facet normal 0.45399049973953143 0.8910065241883758 0
    outer loop
      vertex 33.92632109303528 -0.25736898214731774 0
      vertex 33.92632109303528 -0.25736898214731774 4
      vertex 34.004072133027314 -0.2969851157479182 0
    endloop
  endfacet
  facet normal 0 0 -1
    outer loop
      vertex 33.92632109303528 -0.25736898214731774 0
      vertex 34.004072133027314 -0.2969851157479182 0
      vertex 40.1 -8 0
    endloop
  endfacet
  facet normal 0.45399049973953143 0.8910065241883758 0
    outer loop
      vertex 33.92632109303528 -0.25736898214731774 4
      vertex 34.004072133027314 -0.2969851157479182 4
      vertex 34.004072133027314 -0.2969851157479182 0
    endloop
  endfacet
  facet normal 0 0 1
    outer loop
      vertex 33.92632109303528 -0.25736898214731774 4
      vertex 40.1 -8 4
      vertex 34.004072133027314 -0.2969851157479182 4
    endloop
  endfacet
  facet normal 0 0 -1
    outer loop
      vertex 33.92632109303528 4.157368982147316 0
      vertex 33.92632109303528 29.842631017852682 0
      vertex 34.004072133027314 29.80301488425208 0
    endloop
  endfacet
  facet normal 0.45399049973953953 -0.8910065241883717 0
    outer loop
      vertex 33.92632109303528 4.157368982147316 0
      vertex 34.004072133027314 4.196985115747918 0
      vertex 34.004072133027314 4.196985115747918 4
    endloop
  endfacet
  facet normal 0.45399049973953953 -0.8910065241883717 0
    outer loop
      vertex 33.92632109303528 4.157368982147316 0
      vertex 34.004072133027314 4.196985115747918 4
      vertex 33.92632109303528 4.157368982147316 4
    endloop
  endfacet
  facet normal 0 0 -1
    outer loop
      vertex 33.92632109303528 4.157368982147316 0
      vertex 34.004072133027314 29.80301488425208 0
      vertex 34.004072133027314 4.196985115747918 0
    endloop
  endfacet
  facet normal 0 0 1
    outer loop
      vertex 33.92632109303528 4.157368982147316 4
      vertex 34.004072133027314 4.196985115747918 4
      vertex 33.92632109303528 29.842631017852682 4
    endloop
  endfacet
  facet normal 0.45399049973955563 0.8910065241883632 0
    outer loop
      vertex 33.92632109303528 29.842631017852682 0
      vertex 33.92632109303528 29.842631017852682 4
      vertex 34.004072133027314 29.80301488425208 0
    endloop
  endfacet
  facet normal 0 0 1
    outer loop
      vertex 33.92632109303528 29.842631017852682 4
      vertex 34.004072133027314 4.196985115747918 4
      vertex 34.004072133027314 29.80301488425208 4
    endloop
  endfacet
  facet normal 0.45399049973955563 0.8910065241883632 0
    outer loop
      vertex 33.92632109303528 29.842631017852682 4
      vertex 34.004072133027314 29.80301488425208 4
      vertex 34.004072133027314 29.80301488425208 0
    endloop
  endfacet
  facet normal 0.45399049973955563 -0.8910065241883632 0
    outer loop
      vertex 33.92632109303528 34.25736898214731 0
      vertex 34.004072133027314 34.296985115747916 0
      vertex 34.004072133027314 34.296985115747916 4
    endloop
  endfacet
  facet normal 0.45399049973955563 -0.8910065241883632 0
    outer loop
      vertex 33.92632109303528 34.25736898214731 0
      vertex 34.004072133027314 34.296985115747916 4
      vertex 33.92632109303528 34.25736898214731 4
    endloop
  endfacet
  facet normal 0 0 -1
    outer loop
      vertex 33.92632109303528 34.25736898214731 0
      vertex 40.1 42 0
      vertex 34.004072133027314 34.296985115747916 0
    endloop
  endfacet
  facet normal 0.42261826174071987 0.9063077870366404 0
    outer loop
      vertex 34.004072133027314 -0.2969851157479182 0
      vertex 34.004072133027314 -0.2969851157479182 4
      vertex 34.0831583923105 -0.3338636441065024 0
    endloop
  endfacet
  facet normal 0 0 -1
    outer loop
      vertex 34.004072133027314 -0.2969851157479182 0
      vertex 34.0831583923105 -0.3338636441065024 0
      vertex 40.1 -8 0
    endloop
  endfacet
  facet normal 0.42261826174071987 0.9063077870366404 0
    outer loop
      vertex 34.004072133027314 -0.2969851157479182 4
      vertex 34.0831583923105 -0.3338636441065024 4
      vertex 34.0831583923105 -0.3338636441065024 0
    endloop
  endfacet
  facet normal 0 0 1
    outer loop
      vertex 34.004072133027314 -0.2969851157479182 4
      vertex 40.1 -8 4
      vertex 34.0831583923105 -0.3338636441065024 4
    endloop
  endfacet
  facet normal 0 0 -1
    outer loop
      vertex 34.004072133027314 4.196985115747918 0
      vertex 34.004072133027314 29.80301488425208 0
      vertex 34.0831583923105 29.766136355893494 0
    endloop
  endfacet
  facet normal 0.42261826174071154 -0.9063077870366443 0
    outer loop
      vertex 34.004072133027314 4.196985115747918 0
      vertex 34.0831583923105 4.233863644106501 0
      vertex 34.0831583923105 4.233863644106501 4
    endloop
  endfacet
  facet normal 0.42261826174071154 -0.9063077870366443 0
    outer loop
      vertex 34.004072133027314 4.196985115747918 0
      vertex 34.0831583923105 4.233863644106501 4
      vertex 34.004072133027314 4.196985115747918 4
    endloop
  endfacet
  facet normal 0 0 -1
    outer loop
      vertex 34.004072133027314 4.196985115747918 0
      vertex 34.0831583923105 29.766136355893494 0
      vertex 34.0831583923105 4.233863644106501 0
    endloop
  endfacet
  facet normal 0 0 1
    outer loop
      vertex 34.004072133027314 4.196985115747918 4
      vertex 34.0831583923105 4.233863644106501 4
      vertex 34.004072133027314 29.80301488425208 4
    endloop
  endfacet
  facet normal 0.42261826174072825 0.9063077870366365 0
    outer loop
      vertex 34.004072133027314 29.80301488425208 0
      vertex 34.004072133027314 29.80301488425208 4
      vertex 34.0831583923105 29.766136355893494 0
    endloop
  endfacet
  facet normal 0 0 1
    outer loop
      vertex 34.004072133027314 29.80301488425208 4
      vertex 34.0831583923105 4.233863644106501 4
      vertex 34.0831583923105 29.766136355893494 4
    endloop
  endfacet
  facet normal 0.42261826174072825 0.9063077870366365 0
    outer loop
      vertex 34.004072133027314 29.80301488425208 4
      vertex 34.0831583923105 29.766136355893494 4
      vertex 34.0831583923105 29.766136355893494 0
    endloop
  endfacet
  facet normal 0.42261826174072825 -0.9063077870366365 0
    outer loop
      vertex 34.004072133027314 34.296985115747916 0
      vertex 34.0831583923105 34.3338636441065 0
      vertex 34.0831583923105 34.3338636441065 4
    endloop
  endfacet
  facet normal 0.42261826174072825 -0.9063077870366365 0
    outer loop
      vertex 34.004072133027314 34.296985115747916 0
      vertex 34.0831583923105 34.3338636441065 4
      vertex 34.004072133027314 34.296985115747916 4
    endloop
  endfacet
  facet normal 0 0 -1
    outer loop
      vertex 34.004072133027314 34.296985115747916 0
      vertex 40.1 42 0
      vertex 34.0831583923105 34.3338636441065 0
    endloop
  endfacet
  facet normal 0.39073112848927116 0.9205048534524414 0
    outer loop
      vertex 34.0831583923105 -0.3338636441065024 0
      vertex 34.0831583923105 -0.3338636441065024 4
      vertex 34.163483516460225 -0.3679596364169697 0
    endloop
  endfacet
  facet normal 0 0 -1
    outer loop
      vertex 34.0831583923105 -0.3338636441065024 0
      vertex 34.163483516460225 -0.3679596364169697 0
      vertex 40.1 -8 0
    endloop
  endfacet
  facet normal 0.39073112848927116 0.9205048534524414 0
    outer loop
      vertex 34.0831583923105 -0.3338636441065024 4
      vertex 34.163483516460225 -0.3679596364169697 4
      vertex 34.163483516460225 -0.3679596364169697 0
    endloop
  endfacet
  facet normal 0 0 1
    outer loop
      vertex 34.0831583923105 -0.3338636441065024 4
      vertex 40.1 -8 4
      vertex 34.163483516460225 -0.3679596364169697 4
    endloop
  endfacet
  facet normal 0 0 -1
    outer loop
      vertex 34.0831583923105 4.233863644106501 0
      vertex 34.0831583923105 29.766136355893494 0
      vertex 34.163483516460225 29.73204036358303 0
    endloop
  endfacet
  facet normal 0.39073112848927116 -0.9205048534524414 0
    outer loop
      vertex 34.0831583923105 4.233863644106501 0
      vertex 34.163483516460225 4.267959636416968 0
      vertex 34.163483516460225 4.267959636416968 4
    endloop
  endfacet
  facet normal 0.39073112848927116 -0.9205048534524414 0
    outer loop
      vertex 34.0831583923105 4.233863644106501 0
      vertex 34.163483516460225 4.267959636416968 4
      vertex 34.0831583923105 4.233863644106501 4
    endloop
  endfacet
  facet normal 0 0 -1
    outer loop
      vertex 34.0831583923105 4.233863644106501 0
      vertex 34.163483516460225 29.73204036358303 0
      vertex 34.163483516460225 4.267959636416968 0
    endloop
  endfacet
  facet normal 0 0 1
    outer loop
      vertex 34.0831583923105 4.233863644106501 4
      vertex 34.163483516460225 4.267959636416968 4
      vertex 34.0831583923105 29.766136355893494 4
    endloop
  endfacet
  facet normal 0.3907311284892194 0.9205048534524634 0
    outer loop
      vertex 34.0831583923105 29.766136355893494 0
      vertex 34.0831583923105 29.766136355893494 4
      vertex 34.163483516460225 29.73204036358303 0
    endloop
  endfacet
  facet normal 0 0 1
    outer loop
      vertex 34.0831583923105 29.766136355893494 4
      vertex 34.163483516460225 4.267959636416968 4
      vertex 34.163483516460225 29.73204036358303 4
    endloop
  endfacet
  facet normal 0.3907311284892194 0.9205048534524634 0
    outer loop
      vertex 34.0831583923105 29.766136355893494 4
      vertex 34.163483516460225 29.73204036358303 4
      vertex 34.163483516460225 29.73204036358303 0
    endloop
  endfacet
  facet normal 0.3907311284892194 -0.9205048534524634 0
    outer loop
      vertex 34.0831583923105 34.3338636441065 0
      vertex 34.163483516460225 34.36795963641696 0
      vertex 34.163483516460225 34.36795963641696 4
    endloop
  endfacet
  facet normal 0.3907311284892194 -0.9205048534524634 0
    outer loop
      vertex 34.0831583923105 34.3338636441065 0
      vertex 34.163483516460225 34.36795963641696 4
      vertex 34.0831583923105 34.3338636441065 4
    endloop
  endfacet
  facet normal 0 0 -1
    outer loop
      vertex 34.0831583923105 34.3338636441065 0
      vertex 40.1 42 0
      vertex 34.163483516460225 34.36795963641696 0
    endloop
  endfacet
  facet normal 0.3583679495453186 0.9335804264971947 0
    outer loop
      vertex 34.163483516460225 -0.3679596364169697 0
      vertex 34.163483516460225 -0.3679596364169697 4
      vertex 34.24494964168583 -0.399231551964772 0
    endloop
  endfacet
  facet normal 0 0 -1
    outer loop
      vertex 34.163483516460225 -0.3679596364169697 0
      vertex 34.24494964168583 -0.399231551964772 0
      vertex 40.1 -8 0
    endloop
  endfacet
  facet normal 0.3583679495453186 0.9335804264971947 0
    outer loop
      vertex 34.163483516460225 -0.3679596364169697 4
      vertex 34.24494964168583 -0.399231551964772 4
      vertex 34.24494964168583 -0.399231551964772 0
    endloop
  endfacet
  facet normal 0 0 1
    outer loop
      vertex 34.163483516460225 -0.3679596364169697 4
      vertex 40.1 -8 4
      vertex 34.24494964168583 -0.399231551964772 4
    endloop
  endfacet
  facet normal 0 0 -1
    outer loop
      vertex 34.163483516460225 4.267959636416968 0
      vertex 34.163483516460225 29.73204036358303 0
      vertex 34.24494964168583 29.700768448035227 0
    endloop
  endfacet
  facet normal 0.3583679495453097 -0.9335804264971982 0
    outer loop
      vertex 34.163483516460225 4.267959636416968 0
      vertex 34.24494964168583 4.29923155196477 0
      vertex 34.24494964168583 4.29923155196477 4
    endloop
  endfacet
  facet normal 0.3583679495453097 -0.9335804264971982 0
    outer loop
      vertex 34.163483516460225 4.267959636416968 0
      vertex 34.24494964168583 4.29923155196477 4
      vertex 34.163483516460225 4.267959636416968 4
    endloop
  endfacet
  facet normal 0 0 -1
    outer loop
      vertex 34.163483516460225 4.267959636416968 0
      vertex 34.24494964168583 29.700768448035227 0
      vertex 34.24494964168583 4.29923155196477 0
    endloop
  endfacet
  facet normal 0 0 1
    outer loop
      vertex 34.163483516460225 4.267959636416968 4
      vertex 34.24494964168583 4.29923155196477 4
      vertex 34.163483516460225 29.73204036358303 4
    endloop
  endfacet
  facet normal 0.3583679495453452 0.9335804264971845 0
    outer loop
      vertex 34.163483516460225 29.73204036358303 0
      vertex 34.163483516460225 29.73204036358303 4
      vertex 34.24494964168583 29.700768448035227 0
    endloop
  endfacet
  facet normal 0 0 1
    outer loop
      vertex 34.163483516460225 29.73204036358303 4
      vertex 34.24494964168583 4.29923155196477 4
      vertex 34.24494964168583 29.700768448035227 4
    endloop
  endfacet
  facet normal 0.3583679495453452 0.9335804264971845 0
    outer loop
      vertex 34.163483516460225 29.73204036358303 4
      vertex 34.24494964168583 29.700768448035227 4
      vertex 34.24494964168583 29.700768448035227 0
    endloop
  endfacet
  facet normal 0.3583679495453452 -0.9335804264971845 0
    outer loop
      vertex 34.163483516460225 34.36795963641696 0
      vertex 34.24494964168583 34.39923155196477 0
      vertex 34.24494964168583 34.39923155196477 4
    endloop
  endfacet
  facet normal 0.3583679495453452 -0.9335804264971845 0
    outer loop
      vertex 34.163483516460225 34.36795963641696 0
      vertex 34.24494964168583 34.39923155196477 4
      vertex 34.163483516460225 34.36795963641696 4
    endloop
  endfacet
  facet normal 0 0 -1
    outer loop
      vertex 34.163483516460225 34.36795963641696 0
      vertex 40.1 42 0
      vertex 34.24494964168583 34.39923155196477 0
    endloop
  endfacet
  facet normal 0.325568154457136 0.9455185755993238 0
    outer loop
      vertex 34.24494964168583 -0.399231551964772 0
      vertex 34.24494964168583 -0.399231551964772 4
      vertex 34.32745751406264 -0.4276412907378848 0
    endloop
  endfacet
  facet normal 0 0 -1
    outer loop
      vertex 34.24494964168583 -0.399231551964772 0
      vertex 34.32745751406264 -0.4276412907378848 0
      vertex 40.1 -8 0
    endloop
  endfacet
  facet normal 0.325568154457136 0.9455185755993238 0
    outer loop
      vertex 34.24494964168583 -0.399231551964772 4
      vertex 34.32745751406264 -0.4276412907378848 4
      vertex 34.32745751406264 -0.4276412907378848 0
    endloop
  endfacet
  facet normal 0 0 1
    outer loop
      vertex 34.24494964168583 -0.399231551964772 4
      vertex 40.1 -8 4
      vertex 34.32745751406264 -0.4276412907378848 4
    endloop
  endfacet
  facet normal 0 0 -1
    outer loop
      vertex 34.24494964168583 4.29923155196477 0
      vertex 34.24494964168583 29.700768448035227 0
      vertex 34.32745751406264 29.672358709262113 0
    endloop
  endfacet
  facet normal 0.3255681544571451 -0.9455185755993208 0
    outer loop
      vertex 34.24494964168583 4.29923155196477 0
      vertex 34.32745751406264 4.327641290737883 0
      vertex 34.32745751406264 4.327641290737883 4
    endloop
  endfacet
  facet normal 0.3255681544571451 -0.9455185755993208 0
    outer loop
      vertex 34.24494964168583 4.29923155196477 0
      vertex 34.32745751406264 4.327641290737883 4
      vertex 34.24494964168583 4.29923155196477 4
    endloop
  endfacet
  facet normal 0 0 -1
    outer loop
      vertex 34.24494964168583 4.29923155196477 0
      vertex 34.32745751406264 29.672358709262113 0
      vertex 34.32745751406264 4.327641290737883 0
    endloop
  endfacet
  facet normal 0 0 1
    outer loop
      vertex 34.24494964168583 4.29923155196477 4
      vertex 34.32745751406264 4.327641290737883 4
      vertex 34.24494964168583 29.700768448035227 4
    endloop
  endfacet
  facet normal 0.3255681544571451 0.9455185755993208 0
    outer loop
      vertex 34.24494964168583 29.700768448035227 0
      vertex 34.24494964168583 29.700768448035227 4
      vertex 34.32745751406264 29.672358709262113 0
    endloop
  endfacet
  facet normal 0 0 1
    outer loop
      vertex 34.24494964168583 29.700768448035227 4
      vertex 34.32745751406264 4.327641290737883 4
      vertex 34.32745751406264 29.672358709262113 4
    endloop
  endfacet
  facet normal 0.3255681544571451 0.9455185755993208 0
    outer loop
      vertex 34.24494964168583 29.700768448035227 4
      vertex 34.32745751406264 29.672358709262113 4
      vertex 34.32745751406264 29.672358709262113 0
    endloop
  endfacet
  facet normal 0.3255681544571451 -0.9455185755993208 0
    outer loop
      vertex 34.24494964168583 34.39923155196477 0
      vertex 34.32745751406264 34.42764129073788 0
      vertex 34.32745751406264 34.42764129073788 4
    endloop
  endfacet
  facet normal 0.3255681544571451 -0.9455185755993208 0
    outer loop
      vertex 34.24494964168583 34.39923155196477 0
      vertex 34.32745751406264 34.42764129073788 4
      vertex 34.24494964168583 34.39923155196477 4
    endloop
  endfacet
  facet normal 0 0 -1
    outer loop
      vertex 34.24494964168583 34.39923155196477 0
      vertex 40.1 42 0
      vertex 34.32745751406264 34.42764129073788 0
    endloop
  endfacet
  facet normal 0.29237170472272994 0.9563047559630375 0
    outer loop
      vertex 34.32745751406264 -0.4276412907378848 0
      vertex 34.32745751406264 -0.4276412907378848 4
      vertex 34.41090661045751 -0.45315423984579795 0
    endloop
  endfacet
  facet normal 0 0 -1
    outer loop
      vertex 34.32745751406264 -0.4276412907378848 0
      vertex 34.41090661045751 -0.45315423984579795 0
      vertex 40.1 -8 0
    endloop
  endfacet
  facet normal 0.29237170472272994 0.9563047559630375 0
    outer loop
      vertex 34.32745751406264 -0.4276412907378848 4
      vertex 34.41090661045751 -0.45315423984579795 4
      vertex 34.41090661045751 -0.45315423984579795 0
    endloop
  endfacet
  facet normal 0 0 1
    outer loop
      vertex 34.32745751406264 -0.4276412907378848 4
      vertex 40.1 -8 4
      vertex 34.41090661045751 -0.45315423984579795 4
    endloop
  endfacet
  facet normal 0 0 -1
    outer loop
      vertex 34.32745751406264 4.327641290737883 0
      vertex 34.32745751406264 29.672358709262113 0
      vertex 34.41090661045751 29.6468457601542 0
    endloop
  endfacet
  facet normal 0.29237170472272994 -0.9563047559630375 0
    outer loop
      vertex 34.32745751406264 4.327641290737883 0
      vertex 34.41090661045751 4.3531542398457965 0
      vertex 34.41090661045751 4.3531542398457965 4
    endloop
  endfacet
  facet normal 0.29237170472272994 -0.9563047559630375 0
    outer loop
      vertex 34.32745751406264 4.327641290737883 0
      vertex 34.41090661045751 4.3531542398457965 4
      vertex 34.32745751406264 4.327641290737883 4
    endloop
  endfacet
  facet normal 0 0 -1
    outer loop
      vertex 34.32745751406264 4.327641290737883 0
      vertex 34.41090661045751 29.6468457601542 0
      vertex 34.41090661045751 4.3531542398457965 0
    endloop
  endfacet
  facet normal 0 0 1
    outer loop
      vertex 34.32745751406264 4.327641290737883 4
      vertex 34.41090661045751 4.3531542398457965 4
      vertex 34.32745751406264 29.672358709262113 4
    endloop
  endfacet
  facet normal 0.29237170472272994 0.9563047559630375 0
    outer loop
      vertex 34.32745751406264 29.672358709262113 0
      vertex 34.32745751406264 29.672358709262113 4
      vertex 34.41090661045751 29.6468457601542 0
    endloop
  endfacet
  facet normal 0 0 1
    outer loop
      vertex 34.32745751406264 29.672358709262113 4
      vertex 34.41090661045751 4.3531542398457965 4
      vertex 34.41090661045751 29.6468457601542 4
    endloop
  endfacet
  facet normal 0.29237170472272994 0.9563047559630375 0
    outer loop
      vertex 34.32745751406264 29.672358709262113 4
      vertex 34.41090661045751 29.6468457601542 4
      vertex 34.41090661045751 29.6468457601542 0
    endloop
  endfacet
  facet normal 0.29237170472272994 -0.9563047559630375 0
    outer loop
      vertex 34.32745751406264 34.42764129073788 0
      vertex 34.41090661045751 34.453154239845794 0
      vertex 34.41090661045751 34.453154239845794 4
    endloop
  endfacet
  facet normal 0.29237170472272994 -0.9563047559630375 0
    outer loop
      vertex 34.32745751406264 34.42764129073788 0
      vertex 34.41090661045751 34.453154239845794 4
      vertex 34.32745751406264 34.42764129073788 4
    endloop
  endfacet
  facet normal 0 0 -1
    outer loop
      vertex 34.32745751406264 34.42764129073788 0
      vertex 40.1 42 0
      vertex 34.41090661045751 34.453154239845794 0
    endloop
  endfacet
  facet normal 0.2588190451025246 0.9659258262890672 0
    outer loop
      vertex 34.41090661045751 -0.45315423984579795 0
      vertex 34.41090661045751 -0.45315423984579795 4
      vertex 34.49519526100084 -0.4757393156899923 0
    endloop
  endfacet
  facet normal 0 0 -1
    outer loop
      vertex 34.41090661045751 -0.45315423984579795 0
      vertex 34.49519526100084 -0.4757393156899923 0
      vertex 40.1 -8 0
    endloop
  endfacet
  facet normal 0.2588190451025246 0.9659258262890672 0
    outer loop
      vertex 34.41090661045751 -0.45315423984579795 4
      vertex 34.49519526100084 -0.4757393156899923 4
      vertex 34.49519526100084 -0.4757393156899923 0
    endloop
  endfacet
  facet normal 0 0 1
    outer loop
      vertex 34.41090661045751 -0.45315423984579795 4
      vertex 40.1 -8 4
      vertex 34.49519526100084 -0.4757393156899923 4
    endloop
  endfacet
  facet normal 0 0 -1
    outer loop
      vertex 34.41090661045751 4.3531542398457965 0
      vertex 34.41090661045751 29.6468457601542 0
      vertex 34.49519526100084 29.62426068431001 0
    endloop
  endfacet
  facet normal 0.2588190451025246 -0.9659258262890672 0
    outer loop
      vertex 34.41090661045751 4.3531542398457965 0
      vertex 34.49519526100084 4.375739315689991 0
      vertex 34.49519526100084 4.375739315689991 4
    endloop
  endfacet
  facet normal 0.2588190451025246 -0.9659258262890672 0
    outer loop
      vertex 34.41090661045751 4.3531542398457965 0
      vertex 34.49519526100084 4.375739315689991 4
      vertex 34.41090661045751 4.3531542398457965 4
    endloop
  endfacet
  facet normal 0 0 -1
    outer loop
      vertex 34.41090661045751 4.3531542398457965 0
      vertex 34.49519526100084 29.62426068431001 0
      vertex 34.49519526100084 4.375739315689991 0
    endloop
  endfacet
  facet normal 0 0 1
    outer loop
      vertex 34.41090661045751 4.3531542398457965 4
      vertex 34.49519526100084 4.375739315689991 4
      vertex 34.41090661045751 29.6468457601542 4
    endloop
  endfacet
  facet normal 0.25881904510248666 0.9659258262890773 0
    outer loop
      vertex 34.41090661045751 29.6468457601542 0
      vertex 34.41090661045751 29.6468457601542 4
      vertex 34.49519526100084 29.62426068431001 0
    endloop
  endfacet
  facet normal 0 0 1
    outer loop
      vertex 34.41090661045751 29.6468457601542 4
      vertex 34.49519526100084 4.375739315689991 4
      vertex 34.49519526100084 29.62426068431001 4
    endloop
  endfacet
  facet normal 0.25881904510248666 0.9659258262890773 0
    outer loop
      vertex 34.41090661045751 29.6468457601542 4
      vertex 34.49519526100084 29.62426068431001 4
      vertex 34.49519526100084 29.62426068431001 0
    endloop
  endfacet
  facet normal 0.25881904510248666 -0.9659258262890773 0
    outer loop
      vertex 34.41090661045751 34.453154239845794 0
      vertex 34.49519526100084 34.475739315689985 0
      vertex 34.49519526100084 34.475739315689985 4
    endloop
  endfacet
  facet normal 0.25881904510248666 -0.9659258262890773 0
    outer loop
      vertex 34.41090661045751 34.453154239845794 0
      vertex 34.49519526100084 34.475739315689985 4
      vertex 34.41090661045751 34.453154239845794 4
    endloop
  endfacet
  facet normal 0 0 -1
    outer loop
      vertex 34.41090661045751 34.453154239845794 0
      vertex 40.1 42 0
      vertex 34.49519526100084 34.475739315689985 0
    endloop
  endfacet
  facet normal 0.22495105434386892 0.9743700647852344 0
    outer loop
      vertex 34.49519526100084 -0.4757393156899923 0
      vertex 34.49519526100084 -0.4757393156899923 4
      vertex 34.580220772955606 -0.49536900183451493 0
    endloop
  endfacet
  facet normal 0 0 -1
    outer loop
      vertex 34.49519526100084 -0.4757393156899923 0
      vertex 34.580220772955606 -0.49536900183451493 0
      vertex 40.1 -8 0
    endloop
  endfacet
  facet normal 0.22495105434386892 0.9743700647852344 0
    outer loop
      vertex 34.49519526100084 -0.4757393156899923 4
      vertex 34.580220772955606 -0.49536900183451493 4
      vertex 34.580220772955606 -0.49536900183451493 0
    endloop
  endfacet
  facet normal 0 0 1
    outer loop
      vertex 34.49519526100084 -0.4757393156899923 4
      vertex 40.1 -8 4
      vertex 34.580220772955606 -0.49536900183451493 4
    endloop
  endfacet
  facet normal 0 0 -1
    outer loop
      vertex 34.49519526100084 4.375739315689991 0
      vertex 34.49519526100084 29.62426068431001 0
      vertex 34.580220772955606 29.604630998165483 0
    endloop
  endfacet
  facet normal 0.22495105434386892 -0.9743700647852344 0
    outer loop
      vertex 34.49519526100084 4.375739315689991 0
      vertex 34.580220772955606 4.3953690018345135 0
      vertex 34.580220772955606 4.3953690018345135 4
    endloop
  endfacet
  facet normal 0.22495105434386892 -0.9743700647852344 0
    outer loop
      vertex 34.49519526100084 4.375739315689991 0
      vertex 34.580220772955606 4.3953690018345135 4
      vertex 34.49519526100084 4.375739315689991 4
    endloop
  endfacet
  facet normal 0 0 -1
    outer loop
      vertex 34.49519526100084 4.375739315689991 0
      vertex 34.580220772955606 29.604630998165483 0
      vertex 34.580220772955606 4.3953690018345135 0
    endloop
  endfacet
  facet normal 0 0 1
    outer loop
      vertex 34.49519526100084 4.375739315689991 4
      vertex 34.580220772955606 4.3953690018345135 4
      vertex 34.49519526100084 29.62426068431001 4
    endloop
  endfacet
  facet normal 0.22495105434390755 0.9743700647852254 0
    outer loop
      vertex 34.49519526100084 29.62426068431001 0
      vertex 34.49519526100084 29.62426068431001 4
      vertex 34.580220772955606 29.604630998165483 0
    endloop
  endfacet
  facet normal 0 0 1
    outer loop
      vertex 34.49519526100084 29.62426068431001 4
      vertex 34.580220772955606 4.3953690018345135 4
      vertex 34.580220772955606 29.604630998165483 4
    endloop
  endfacet
  facet normal 0.22495105434390755 0.9743700647852254 0
    outer loop
      vertex 34.49519526100084 29.62426068431001 4
      vertex 34.580220772955606 29.604630998165483 4
      vertex 34.580220772955606 29.604630998165483 0
    endloop
  endfacet
  facet normal 0.22495105434390755 -0.9743700647852254 0
    outer loop
      vertex 34.49519526100084 34.475739315689985 0
      vertex 34.580220772955606 34.49536900183451 0
      vertex 34.580220772955606 34.49536900183451 4
    endloop
  endfacet
  facet normal 0.22495105434390755 -0.9743700647852254 0
    outer loop
      vertex 34.49519526100084 34.475739315689985 0
      vertex 34.580220772955606 34.49536900183451 4
      vertex 34.49519526100084 34.475739315689985 4
    endloop
  endfacet
  facet normal 0 0 -1
    outer loop
      vertex 34.49519526100084 34.475739315689985 0
      vertex 40.1 42 0
      vertex 34.580220772955606 34.49536900183451 0
    endloop
  endfacet
  facet normal 0.1908089953765337 0.9816271834476661 0
    outer loop
      vertex 34.580220772955606 -0.49536900183451493 0
      vertex 34.580220772955606 -0.49536900183451493 4
      vertex 34.66587955583268 -0.5120193825305206 0
    endloop
  endfacet
  facet normal 0 0 -1
    outer loop
      vertex 34.580220772955606 -0.49536900183451493 0
      vertex 34.66587955583268 -0.5120193825305206 0
      vertex 40.1 -8 0
    endloop
  endfacet
  facet normal 0.1908089953765337 0.9816271834476661 0
    outer loop
      vertex 34.580220772955606 -0.49536900183451493 4
      vertex 34.66587955583268 -0.5120193825305206 4
      vertex 34.66587955583268 -0.5120193825305206 0
    endloop
  endfacet
  facet normal 0 0 1
    outer loop
      vertex 34.580220772955606 -0.49536900183451493 4
      vertex 40.1 -8 4
      vertex 34.66587955583268 -0.5120193825305206 4
    endloop
  endfacet
  facet normal 0 0 -1
    outer loop
      vertex 34.580220772955606 4.3953690018345135 0
      vertex 34.580220772955606 29.604630998165483 0
      vertex 34.66587955583268 29.587980617469476 0
    endloop
  endfacet
  facet normal 0.19080899537654353 -0.9816271834476642 0
    outer loop
      vertex 34.580220772955606 4.3953690018345135 0
      vertex 34.66587955583268 4.41201938253052 0
      vertex 34.66587955583268 4.41201938253052 4
    endloop
  endfacet
  facet normal 0.19080899537654353 -0.9816271834476642 0
    outer loop
      vertex 34.580220772955606 4.3953690018345135 0
      vertex 34.66587955583268 4.41201938253052 4
      vertex 34.580220772955606 4.3953690018345135 4
    endloop
  endfacet
  facet normal 0 0 -1
    outer loop
      vertex 34.580220772955606 4.3953690018345135 0
      vertex 34.66587955583268 29.587980617469476 0
      vertex 34.66587955583268 4.41201938253052 0
    endloop
  endfacet
  facet normal 0 0 1
    outer loop
      vertex 34.580220772955606 4.3953690018345135 4
      vertex 34.66587955583268 4.41201938253052 4
      vertex 34.580220772955606 29.604630998165483 4
    endloop
  endfacet
  facet normal 0.19080899537654353 0.9816271834476642 0
    outer loop
      vertex 34.580220772955606 29.604630998165483 0
      vertex 34.580220772955606 29.604630998165483 4
      vertex 34.66587955583268 29.587980617469476 0
    endloop
  endfacet
  facet normal 0 0 1
    outer loop
      vertex 34.580220772955606 29.604630998165483 4
      vertex 34.66587955583268 4.41201938253052 4
      vertex 34.66587955583268 29.587980617469476 4
    endloop
  endfacet
  facet normal 0.19080899537654353 0.9816271834476642 0
    outer loop
      vertex 34.580220772955606 29.604630998165483 4
      vertex 34.66587955583268 29.587980617469476 4
      vertex 34.66587955583268 29.587980617469476 0
    endloop
  endfacet
  facet normal 0.19080899537654353 -0.9816271834476642 0
    outer loop
      vertex 34.580220772955606 34.49536900183451 0
      vertex 34.66587955583268 34.51201938253052 0
      vertex 34.66587955583268 34.51201938253052 4
    endloop
  endfacet
  facet normal 0.19080899537654353 -0.9816271834476642 0
    outer loop
      vertex 34.580220772955606 34.49536900183451 0
      vertex 34.66587955583268 34.51201938253052 4
      vertex 34.580220772955606 34.49536900183451 4
    endloop
  endfacet
  facet normal 0 0 -1
    outer loop
      vertex 34.580220772955606 34.49536900183451 0
      vertex 40.1 42 0
      vertex 34.66587955583268 34.51201938253052 0
    endloop
  endfacet
  facet normal 0.156434465040254 0.9876883405951341 0
    outer loop
      vertex 34.66587955583268 -0.5120193825305206 0
      vertex 34.66587955583268 -0.5120193825305206 4
      vertex 34.75206724759983 -0.5256701718539265 0
    endloop
  endfacet
  facet normal 0 0 -1
    outer loop
      vertex 34.66587955583268 -0.5120193825305206 0
      vertex 34.75206724759983 -0.5256701718539265 0
      vertex 40.1 -8 0
    endloop
  endfacet
  facet normal 0.156434465040254 0.9876883405951341 0
    outer loop
      vertex 34.66587955583268 -0.5120193825305206 4
      vertex 34.75206724759983 -0.5256701718539265 4
      vertex 34.75206724759983 -0.5256701718539265 0
    endloop
  endfacet
  facet normal 0 0 1
    outer loop
      vertex 34.66587955583268 -0.5120193825305206 4
      vertex 40.1 -8 4
      vertex 34.75206724759983 -0.5256701718539265 4
    endloop
  endfacet
  facet normal 0 0 -1
    outer loop
      vertex 34.66587955583268 4.41201938253052 0
      vertex 34.66587955583268 29.587980617469476 0
      vertex 34.75206724759983 29.57432982814607 0
    endloop
  endfacet
  facet normal 0.15643446504024405 -0.9876883405951357 0
    outer loop
      vertex 34.66587955583268 4.41201938253052 0
      vertex 34.75206724759983 4.425670171853925 0
      vertex 34.75206724759983 4.425670171853925 4
    endloop
  endfacet
  facet normal 0.15643446504024405 -0.9876883405951357 0
    outer loop
      vertex 34.66587955583268 4.41201938253052 0
      vertex 34.75206724759983 4.425670171853925 4
      vertex 34.66587955583268 4.41201938253052 4
    endloop
  endfacet
  facet normal 0 0 -1
    outer loop
      vertex 34.66587955583268 4.41201938253052 0
      vertex 34.75206724759983 29.57432982814607 0
      vertex 34.75206724759983 4.425670171853925 0
    endloop
  endfacet
  facet normal 0 0 1
    outer loop
      vertex 34.66587955583268 4.41201938253052 4
      vertex 34.75206724759983 4.425670171853925 4
      vertex 34.66587955583268 29.587980617469476 4
    endloop
  endfacet
  facet normal 0.15643446504026393 0.9876883405951324 0
    outer loop
      vertex 34.66587955583268 29.587980617469476 0
      vertex 34.66587955583268 29.587980617469476 4
      vertex 34.75206724759983 29.57432982814607 0
    endloop
  endfacet
  facet normal 0 0 1
    outer loop
      vertex 34.66587955583268 29.587980617469476 4
      vertex 34.75206724759983 4.425670171853925 4
      vertex 34.75206724759983 29.57432982814607 4
    endloop
  endfacet
  facet normal 0.15643446504026393 0.9876883405951324 0
    outer loop
      vertex 34.66587955583268 29.587980617469476 4
      vertex 34.75206724759983 29.57432982814607 4
      vertex 34.75206724759983 29.57432982814607 0
    endloop
  endfacet
  facet normal 0.15643446504026393 -0.9876883405951324 0
    outer loop
      vertex 34.66587955583268 34.51201938253052 0
      vertex 34.75206724759983 34.525670171853925 0
      vertex 34.75206724759983 34.525670171853925 4
    endloop
  endfacet
  facet normal 0.15643446504026393 -0.9876883405951324 0
    outer loop
      vertex 34.66587955583268 34.51201938253052 0
      vertex 34.75206724759983 34.525670171853925 4
      vertex 34.66587955583268 34.51201938253052 4
    endloop
  endfacet
  facet normal 0 0 -1
    outer loop
      vertex 34.66587955583268 34.51201938253052 0
      vertex 40.1 42 0
      vertex 34.75206724759983 34.525670171853925 0
    endloop
  endfacet
  facet normal 0.12186934340514702 0.992546151641322 0
    outer loop
      vertex 34.75206724759983 -0.5256701718539265 0
      vertex 34.75206724759983 -0.5256701718539265 4
      vertex 34.83867884183086 -0.536304738420684 0
    endloop
  endfacet
  facet normal 0 0 -1
    outer loop
      vertex 34.75206724759983 -0.5256701718539265 0
      vertex 34.83867884183086 -0.536304738420684 0
      vertex 40.1 -8 0
    endloop
  endfacet
  facet normal 0.12186934340514702 0.992546151641322 0
    outer loop
      vertex 34.75206724759983 -0.5256701718539265 4
      vertex 34.83867884183086 -0.536304738420684 4
      vertex 34.83867884183086 -0.536304738420684 0
    endloop
  endfacet
  facet normal 0 0 1
    outer loop
      vertex 34.75206724759983 -0.5256701718539265 4
      vertex 40.1 -8 4
      vertex 34.83867884183086 -0.536304738420684 4
    endloop
  endfacet
  facet normal 0 0 -1
    outer loop
      vertex 34.75206724759983 4.425670171853925 0
      vertex 34.75206724759983 29.57432982814607 0
      vertex 34.83867884183086 29.563695261579312 0
    endloop
  endfacet
  facet normal 0.12186934340514702 -0.992546151641322 0
    outer loop
      vertex 34.75206724759983 4.425670171853925 0
      vertex 34.83867884183086 4.436304738420683 0
      vertex 34.83867884183086 4.436304738420683 4
    endloop
  endfacet
  facet normal 0.12186934340514702 -0.992546151641322 0
    outer loop
      vertex 34.75206724759983 4.425670171853925 0
      vertex 34.83867884183086 4.436304738420683 4
      vertex 34.75206724759983 4.425670171853925 4
    endloop
  endfacet
  facet normal 0 0 -1
    outer loop
      vertex 34.75206724759983 4.425670171853925 0
      vertex 34.83867884183086 29.563695261579312 0
      vertex 34.83867884183086 4.436304738420683 0
    endloop
  endfacet
  facet normal 0 0 1
    outer loop
      vertex 34.75206724759983 4.425670171853925 4
      vertex 34.83867884183086 4.436304738420683 4
      vertex 34.75206724759983 29.57432982814607 4
    endloop
  endfacet
  facet normal 0.12186934340514702 0.992546151641322 0
    outer loop
      vertex 34.75206724759983 29.57432982814607 0
      vertex 34.75206724759983 29.57432982814607 4
      vertex 34.83867884183086 29.563695261579312 0
    endloop
  endfacet
  facet normal 0 0 1
    outer loop
      vertex 34.75206724759983 29.57432982814607 4
      vertex 34.83867884183086 4.436304738420683 4
      vertex 34.83867884183086 29.563695261579312 4
    endloop
  endfacet
  facet normal 0.12186934340514702 0.992546151641322 0
    outer loop
      vertex 34.75206724759983 29.57432982814607 4
      vertex 34.83867884183086 29.563695261579312 4
      vertex 34.83867884183086 29.563695261579312 0
    endloop
  endfacet
  facet normal 0.12186934340514702 -0.992546151641322 0
    outer loop
      vertex 34.75206724759983 34.525670171853925 0
      vertex 34.83867884183086 34.53630473842068 0
      vertex 34.83867884183086 34.53630473842068 4
    endloop
  endfacet
  facet normal 0.12186934340514702 -0.992546151641322 0
    outer loop
      vertex 34.75206724759983 34.525670171853925 0
      vertex 34.83867884183086 34.53630473842068 4
      vertex 34.75206724759983 34.525670171853925 4
    endloop
  endfacet
  facet normal 0 0 -1
    outer loop
      vertex 34.75206724759983 34.525670171853925 0
      vertex 40.1 42 0
      vertex 34.83867884183086 34.53630473842068 0
    endloop
  endfacet
  facet normal 0.08715574274765692 0.9961946980917457 0
    outer loop
      vertex 34.83867884183086 -0.536304738420684 0
      vertex 34.83867884183086 -0.536304738420684 4
      vertex 34.925608815639684 -0.5439101256495613 0
    endloop
  endfacet
  facet normal 0 0 -1
    outer loop
      vertex 34.83867884183086 -0.536304738420684 0
      vertex 34.925608815639684 -0.5439101256495613 0
      vertex 40.1 -8 0
    endloop
  endfacet
  facet normal 0.08715574274765692 0.9961946980917457 0
    outer loop
      vertex 34.83867884183086 -0.536304738420684 4
      vertex 34.925608815639684 -0.5439101256495613 4
      vertex 34.925608815639684 -0.5439101256495613 0
    endloop
  endfacet
  facet normal 0 0 1
    outer loop
      vertex 34.83867884183086 -0.536304738420684 4
      vertex 40.1 -8 4
      vertex 34.925608815639684 -0.5439101256495613 4
    endloop
  endfacet
  facet normal 0 0 -1
    outer loop
      vertex 34.83867884183086 4.436304738420683 0
      vertex 34.83867884183086 29.563695261579312 0
      vertex 34.925608815639684 29.556089874350434 0
    endloop
  endfacet
  facet normal 0.0871557427476468 -0.9961946980917464 0
    outer loop
      vertex 34.83867884183086 4.436304738420683 0
      vertex 34.925608815639684 4.443910125649559 0
      vertex 34.925608815639684 4.443910125649559 4
    endloop
  endfacet
  facet normal 0.0871557427476468 -0.9961946980917464 0
    outer loop
      vertex 34.83867884183086 4.436304738420683 0
      vertex 34.925608815639684 4.443910125649559 4
      vertex 34.83867884183086 4.436304738420683 4
    endloop
  endfacet
  facet normal 0 0 -1
    outer loop
      vertex 34.83867884183086 4.436304738420683 0
      vertex 34.925608815639684 29.556089874350434 0
      vertex 34.925608815639684 4.443910125649559 0
    endloop
  endfacet
  facet normal 0 0 1
    outer loop
      vertex 34.83867884183086 4.436304738420683 4
      vertex 34.925608815639684 4.443910125649559 4
      vertex 34.83867884183086 29.563695261579312 4
    endloop
  endfacet
  facet normal 0.087155742747667 0.9961946980917448 0
    outer loop
      vertex 34.83867884183086 29.563695261579312 0
      vertex 34.83867884183086 29.563695261579312 4
      vertex 34.925608815639684 29.556089874350434 0
    endloop
  endfacet
  facet normal 0 0 1
    outer loop
      vertex 34.83867884183086 29.563695261579312 4
      vertex 34.925608815639684 4.443910125649559 4
      vertex 34.925608815639684 29.556089874350434 4
    endloop
  endfacet
  facet normal 0.087155742747667 0.9961946980917448 0
    outer loop
      vertex 34.83867884183086 29.563695261579312 4
      vertex 34.925608815639684 29.556089874350434 4
      vertex 34.925608815639684 29.556089874350434 0
    endloop
  endfacet
  facet normal 0.087155742747667 -0.9961946980917448 0
    outer loop
      vertex 34.83867884183086 34.53630473842068 0
      vertex 34.925608815639684 34.54391012564956 0
      vertex 34.925608815639684 34.54391012564956 4
    endloop
  endfacet
  facet normal 0.087155742747667 -0.9961946980917448 0
    outer loop
      vertex 34.83867884183086 34.53630473842068 0
      vertex 34.925608815639684 34.54391012564956 4
      vertex 34.83867884183086 34.53630473842068 4
    endloop
  endfacet
  facet normal 0 0 -1
    outer loop
      vertex 34.83867884183086 34.53630473842068 0
      vertex 40.1 42 0
      vertex 34.925608815639684 34.54391012564956 0
    endloop
  endfacet
  facet normal 0.052335956242942364 0.9986295347545739 0
    outer loop
      vertex 34.925608815639684 -0.5439101256495613 0
      vertex 34.925608815639684 -0.5439101256495613 4
      vertex 35.012751258243746 -0.54847706754774 0
    endloop
  endfacet
  facet normal 0 0 -1
    outer loop
      vertex 34.925608815639684 -0.5439101256495613 0
      vertex 35.012751258243746 -0.54847706754774 0
      vertex 40.1 -8 0
    endloop
  endfacet
  facet normal 0.052335956242942364 0.9986295347545739 0
    outer loop
      vertex 34.925608815639684 -0.5439101256495613 4
      vertex 35.012751258243746 -0.54847706754774 4
      vertex 35.012751258243746 -0.54847706754774 0
    endloop
  endfacet
  facet normal 0 0 1
    outer loop
      vertex 34.925608815639684 -0.5439101256495613 4
      vertex 40.1 -8 4
      vertex 35.012751258243746 -0.54847706754774 4
    endloop
  endfacet
  facet normal 0 0 -1
    outer loop
      vertex 34.925608815639684 4.443910125649559 0
      vertex 34.925608815639684 29.556089874350434 0
      vertex 35.012751258243746 29.551522932452258 0
    endloop
  endfacet
  facet normal 0.05233595624295251 -0.9986295347545733 0
    outer loop
      vertex 34.925608815639684 4.443910125649559 0
      vertex 35.012751258243746 4.4484770675477385 0
      vertex 35.012751258243746 4.4484770675477385 4
    endloop
  endfacet
  facet normal 0.05233595624295251 -0.9986295347545733 0
    outer loop
      vertex 34.925608815639684 4.443910125649559 0
      vertex 35.012751258243746 4.4484770675477385 4
      vertex 34.925608815639684 4.443910125649559 4
    endloop
  endfacet
  facet normal 0 0 -1
    outer loop
      vertex 34.925608815639684 4.443910125649559 0
      vertex 35.012751258243746 29.551522932452258 0
      vertex 35.012751258243746 4.4484770675477385 0
    endloop
  endfacet
  facet normal 0 0 1
    outer loop
      vertex 34.925608815639684 4.443910125649559 4
      vertex 35.012751258243746 4.4484770675477385 4
      vertex 34.925608815639684 29.556089874350434 4
    endloop
  endfacet
  facet normal 0.05233595624291191 0.9986295347545755 0
    outer loop
      vertex 34.925608815639684 29.556089874350434 0
      vertex 34.925608815639684 29.556089874350434 4
      vertex 35.012751258243746 29.551522932452258 0
    endloop
  endfacet
  facet normal 0 0 1
    outer loop
      vertex 34.925608815639684 29.556089874350434 4
      vertex 35.012751258243746 4.4484770675477385 4
      vertex 35.012751258243746 29.551522932452258 4
    endloop
  endfacet
  facet normal 0.05233595624291191 0.9986295347545755 0
    outer loop
      vertex 34.925608815639684 29.556089874350434 4
      vertex 35.012751258243746 29.551522932452258 4
      vertex 35.012751258243746 29.551522932452258 0
    endloop
  endfacet
  facet normal 0.05233595624291191 -0.9986295347545755 0
    outer loop
      vertex 34.925608815639684 34.54391012564956 0
      vertex 35.012751258243746 34.548477067547736 0
      vertex 35.012751258243746 34.548477067547736 4
    endloop
  endfacet
  facet normal 0.05233595624291191 -0.9986295347545755 0
    outer loop
      vertex 34.925608815639684 34.54391012564956 0
      vertex 35.012751258243746 34.548477067547736 4
      vertex 34.925608815639684 34.54391012564956 4
    endloop
  endfacet
  facet normal 0 0 -1
    outer loop
      vertex 34.925608815639684 34.54391012564956 0
      vertex 40.1 42 0
      vertex 35.012751258243746 34.548477067547736 0
    endloop
  endfacet
  facet normal 0.017452406437283928 0.9998476951563912 0
    outer loop
      vertex 35.012751258243746 -0.54847706754774 0
      vertex 35.012751258243746 -0.54847706754774 4
      vertex 35.1 -0.5500000000000007 0
    endloop
  endfacet
  facet normal 0 0 -1
    outer loop
      vertex 35.012751258243746 -0.54847706754774 0
      vertex 35.1 -0.5500000000000007 0
      vertex 40.1 -8 0
    endloop
  endfacet
  facet normal 0.017452406437283928 0.9998476951563912 0
    outer loop
      vertex 35.012751258243746 -0.54847706754774 4
      vertex 35.1 -0.5500000000000007 4
      vertex 35.1 -0.5500000000000007 0
    endloop
  endfacet
  facet normal 0 0 1
    outer loop
      vertex 35.012751258243746 -0.54847706754774 4
      vertex 40.1 -8 4
      vertex 35.1 -0.5500000000000007 4
    endloop
  endfacet
  facet normal 0 0 -1
    outer loop
      vertex 35.012751258243746 4.4484770675477385 0
      vertex 35.012751258243746 29.551522932452258 0
      vertex 35.1 29.549999999999997 0
    endloop
  endfacet
  facet normal 0.017452406437283928 -0.9998476951563912 0
    outer loop
      vertex 35.012751258243746 4.4484770675477385 0
      vertex 35.1 4.449999999999999 0
      vertex 35.1 4.449999999999999 4
    endloop
  endfacet
  facet normal 0.017452406437283928 -0.9998476951563912 0
    outer loop
      vertex 35.012751258243746 4.4484770675477385 0
      vertex 35.1 4.449999999999999 4
      vertex 35.012751258243746 4.4484770675477385 4
    endloop
  endfacet
  facet normal 0 0 -1
    outer loop
      vertex 35.012751258243746 4.4484770675477385 0
      vertex 35.1 29.549999999999997 0
      vertex 35.1 4.449999999999999 0
    endloop
  endfacet
  facet normal 0 0 1
    outer loop
      vertex 35.012751258243746 4.4484770675477385 4
      vertex 35.1 4.449999999999999 4
      vertex 35.012751258243746 29.551522932452258 4
    endloop
  endfacet
  facet normal 0.017452406437283928 0.9998476951563912 0
    outer loop
      vertex 35.012751258243746 29.551522932452258 0
      vertex 35.012751258243746 29.551522932452258 4
      vertex 35.1 29.549999999999997 0
    endloop
  endfacet
  facet normal 0 0 1
    outer loop
      vertex 35.012751258243746 29.551522932452258 4
      vertex 35.1 4.449999999999999 4
      vertex 35.1 29.549999999999997 4
    endloop
  endfacet
  facet normal 0.017452406437283928 0.9998476951563912 0
    outer loop
      vertex 35.012751258243746 29.551522932452258 4
      vertex 35.1 29.549999999999997 4
      vertex 35.1 29.549999999999997 0
    endloop
  endfacet
  facet normal 0.017452406437283928 -0.9998476951563912 0
    outer loop
      vertex 35.012751258243746 34.548477067547736 0
      vertex 35.1 34.55 0
      vertex 35.1 34.55 4
    endloop
  endfacet
  facet normal 0.017452406437283928 -0.9998476951563912 0
    outer loop
      vertex 35.012751258243746 34.548477067547736 0
      vertex 35.1 34.55 4
      vertex 35.012751258243746 34.548477067547736 4
    endloop
  endfacet
  facet normal 0 0 -1
    outer loop
      vertex 35.012751258243746 34.548477067547736 0
      vertex 40.1 42 0
      vertex 35.1 34.55 0
    endloop
  endfacet
  facet normal -0.017452406437283928 0.9998476951563912 0
    outer loop
      vertex 35.1 -0.5500000000000007 0
      vertex 35.1 -0.5500000000000007 4
      vertex 35.18724874175626 -0.54847706754774 0
    endloop
  endfacet
  facet normal 0 0 -1
    outer loop
      vertex 35.1 -0.5500000000000007 0
      vertex 35.18724874175626 -0.54847706754774 0
      vertex 40.1 -8 0
    endloop
  endfacet
  facet normal -0.017452406437283928 0.9998476951563912 0
    outer loop
      vertex 35.1 -0.5500000000000007 4
      vertex 35.18724874175626 -0.54847706754774 4
      vertex 35.18724874175626 -0.54847706754774 0
    endloop
  endfacet
  facet normal 0 0 1
    outer loop
      vertex 35.1 -0.5500000000000007 4
      vertex 40.1 -8 4
      vertex 35.18724874175626 -0.54847706754774 4
    endloop
  endfacet
  facet normal 0 0 -1
    outer loop
      vertex 35.1 4.449999999999999 0
      vertex 35.1 29.549999999999997 0
      vertex 35.18724874175626 29.551522932452258 0
    endloop
  endfacet
  facet normal -0.017452406437283928 -0.9998476951563912 0
    outer loop
      vertex 35.1 4.449999999999999 0
      vertex 35.18724874175626 4.4484770675477385 0
      vertex 35.18724874175626 4.4484770675477385 4
    endloop
  endfacet
  facet normal -0.017452406437283928 -0.9998476951563912 0
    outer loop
      vertex 35.1 4.449999999999999 0
      vertex 35.18724874175626 4.4484770675477385 4
      vertex 35.1 4.449999999999999 4
    endloop
  endfacet
  facet normal 0 0 -1
    outer loop
      vertex 35.1 4.449999999999999 0
      vertex 35.18724874175626 29.551522932452258 0
      vertex 35.18724874175626 4.4484770675477385 0
    endloop
  endfacet
  facet normal 0 0 1
    outer loop
      vertex 35.1 4.449999999999999 4
      vertex 35.18724874175626 4.4484770675477385 4
      vertex 35.1 29.549999999999997 4
    endloop
  endfacet
  facet normal -0.017452406437283928 0.9998476951563912 0
    outer loop
      vertex 35.1 29.549999999999997 0
      vertex 35.1 29.549999999999997 4
      vertex 35.18724874175626 29.551522932452258 0
    endloop
  endfacet
  facet normal 0 0 1
    outer loop
      vertex 35.1 29.549999999999997 4
      vertex 35.18724874175626 4.4484770675477385 4
      vertex 35.18724874175626 29.551522932452258 4
    endloop
  endfacet
  facet normal -0.017452406437283928 0.9998476951563912 0
    outer loop
      vertex 35.1 29.549999999999997 4
      vertex 35.18724874175626 29.551522932452258 4
      vertex 35.18724874175626 29.551522932452258 0
    endloop
  endfacet
  facet normal -0.017452406437283928 -0.9998476951563912 0
    outer loop
      vertex 35.1 34.55 0
      vertex 35.18724874175626 34.548477067547736 0
      vertex 35.18724874175626 34.548477067547736 4
    endloop
  endfacet
  facet normal -0.017452406437283928 -0.9998476951563912 0
    outer loop
      vertex 35.1 34.55 0
      vertex 35.18724874175626 34.548477067547736 4
      vertex 35.1 34.55 4
    endloop
  endfacet
  facet normal 0 0 -1
    outer loop
      vertex 35.1 34.55 0
      vertex 40.1 42 0
      vertex 35.18724874175626 34.548477067547736 0
    endloop
  endfacet
  facet normal -0.052335956242942364 0.9986295347545739 0
    outer loop
      vertex 35.18724874175626 -0.54847706754774 0
      vertex 35.18724874175626 -0.54847706754774 4
      vertex 35.27439118436032 -0.5439101256495613 0
    endloop
  endfacet
  facet normal 0 0 -1
    outer loop
      vertex 35.18724874175626 -0.54847706754774 0
      vertex 35.27439118436032 -0.5439101256495613 0
      vertex 40.1 -8 0
    endloop
  endfacet
  facet normal -0.052335956242942364 0.9986295347545739 0
    outer loop
      vertex 35.18724874175626 -0.54847706754774 4
      vertex 35.27439118436032 -0.5439101256495613 4
      vertex 35.27439118436032 -0.5439101256495613 0
    endloop
  endfacet
  facet normal 0 0 1
    outer loop
      vertex 35.18724874175626 -0.54847706754774 4
      vertex 40.1 -8 4
      vertex 35.27439118436032 -0.5439101256495613 4
    endloop
  endfacet
  facet normal 0 0 -1
    outer loop
      vertex 35.18724874175626 4.4484770675477385 0
      vertex 35.18724874175626 29.551522932452258 0
      vertex 35.27439118436032 29.556089874350434 0
    endloop
  endfacet
  facet normal -0.05233595624295251 -0.9986295347545733 0
    outer loop
      vertex 35.18724874175626 4.4484770675477385 0
      vertex 35.27439118436032 4.443910125649559 0
      vertex 35.27439118436032 4.443910125649559 4
    endloop
  endfacet
  facet normal -0.05233595624295251 -0.9986295347545733 0
    outer loop
      vertex 35.18724874175626 4.4484770675477385 0
      vertex 35.27439118436032 4.443910125649559 4
      vertex 35.18724874175626 4.4484770675477385 4
    endloop
  endfacet
  facet normal 0 0 -1
    outer loop
      vertex 35.18724874175626 4.4484770675477385 0
      vertex 35.27439118436032 29.556089874350434 0
      vertex 35.27439118436032 4.443910125649559 0
    endloop
  endfacet
  facet normal 0 0 1
    outer loop
      vertex 35.18724874175626 4.4484770675477385 4
      vertex 35.27439118436032 4.443910125649559 4
      vertex 35.18724874175626 29.551522932452258 4
    endloop
  endfacet
  facet normal -0.05233595624291191 0.9986295347545755 0
    outer loop
      vertex 35.18724874175626 29.551522932452258 0
      vertex 35.18724874175626 29.551522932452258 4
      vertex 35.27439118436032 29.556089874350434 0
    endloop
  endfacet
  facet normal 0 0 1
    outer loop
      vertex 35.18724874175626 29.551522932452258 4
      vertex 35.27439118436032 4.443910125649559 4
      vertex 35.27439118436032 29.556089874350434 4
    endloop
  endfacet
  facet normal -0.05233595624291191 0.9986295347545755 0
    outer loop
      vertex 35.18724874175626 29.551522932452258 4
      vertex 35.27439118436032 29.556089874350434 4
      vertex 35.27439118436032 29.556089874350434 0
    endloop
  endfacet
  facet normal -0.05233595624291191 -0.9986295347545755 0
    outer loop
      vertex 35.18724874175626 34.548477067547736 0
      vertex 35.27439118436032 34.54391012564956 0
      vertex 35.27439118436032 34.54391012564956 4
    endloop
  endfacet
  facet normal -0.05233595624291191 -0.9986295347545755 0
    outer loop
      vertex 35.18724874175626 34.548477067547736 0
      vertex 35.27439118436032 34.54391012564956 4
      vertex 35.18724874175626 34.548477067547736 4
    endloop
  endfacet
  facet normal 0 0 -1
    outer loop
      vertex 35.18724874175626 34.548477067547736 0
      vertex 40.1 42 0
      vertex 35.27439118436032 34.54391012564956 0
    endloop
  endfacet
  facet normal -0.08715574274765692 0.9961946980917457 0
    outer loop
      vertex 35.27439118436032 -0.5439101256495613 0
      vertex 35.27439118436032 -0.5439101256495613 4
      vertex 35.36132115816914 -0.536304738420684 0
    endloop
  endfacet
  facet normal 0 0 -1
    outer loop
      vertex 35.27439118436032 -0.5439101256495613 0
      vertex 35.36132115816914 -0.536304738420684 0
      vertex 40.1 -8 0
    endloop
  endfacet
  facet normal -0.08715574274765692 0.9961946980917457 0
    outer loop
      vertex 35.27439118436032 -0.5439101256495613 4
      vertex 35.36132115816914 -0.536304738420684 4
      vertex 35.36132115816914 -0.536304738420684 0
    endloop
  endfacet
  facet normal 0 0 1
    outer loop
      vertex 35.27439118436032 -0.5439101256495613 4
      vertex 40.1 -8 4
      vertex 35.36132115816914 -0.536304738420684 4
    endloop
  endfacet
  facet normal 0 0 -1
    outer loop
      vertex 35.27439118436032 4.443910125649559 0
      vertex 35.27439118436032 29.556089874350434 0
      vertex 35.36132115816914 29.563695261579312 0
    endloop
  endfacet
  facet normal -0.0871557427476468 -0.9961946980917464 0
    outer loop
      vertex 35.27439118436032 4.443910125649559 0
      vertex 35.36132115816914 4.436304738420683 0
      vertex 35.36132115816914 4.436304738420683 4
    endloop
  endfacet
  facet normal -0.0871557427476468 -0.9961946980917464 0
    outer loop
      vertex 35.27439118436032 4.443910125649559 0
      vertex 35.36132115816914 4.436304738420683 4
      vertex 35.27439118436032 4.443910125649559 4
    endloop
  endfacet
  facet normal 0 0 -1
    outer loop
      vertex 35.27439118436032 4.443910125649559 0
      vertex 35.36132115816914 29.563695261579312 0
      vertex 35.36132115816914 4.436304738420683 0
    endloop
  endfacet
  facet normal 0 0 1
    outer loop
      vertex 35.27439118436032 4.443910125649559 4
      vertex 35.36132115816914 4.436304738420683 4
      vertex 35.27439118436032 29.556089874350434 4
    endloop
  endfacet
  facet normal -0.087155742747667 0.9961946980917448 0
    outer loop
      vertex 35.27439118436032 29.556089874350434 0
      vertex 35.27439118436032 29.556089874350434 4
      vertex 35.36132115816914 29.563695261579312 0
    endloop
  endfacet
  facet normal 0 0 1
    outer loop
      vertex 35.27439118436032 29.556089874350434 4
      vertex 35.36132115816914 4.436304738420683 4
      vertex 35.36132115816914 29.563695261579312 4
    endloop
  endfacet
  facet normal -0.087155742747667 0.9961946980917448 0
    outer loop
      vertex 35.27439118436032 29.556089874350434 4
      vertex 35.36132115816914 29.563695261579312 4
      vertex 35.36132115816914 29.563695261579312 0
    endloop
  endfacet
  facet normal -0.087155742747667 -0.9961946980917448 0
    outer loop
      vertex 35.27439118436032 34.54391012564956 0
      vertex 35.36132115816914 34.53630473842068 0
      vertex 35.36132115816914 34.53630473842068 4
    endloop
  endfacet
  facet normal -0.087155742747667 -0.9961946980917448 0
    outer loop
      vertex 35.27439118436032 34.54391012564956 0
      vertex 35.36132115816914 34.53630473842068 4
      vertex 35.27439118436032 34.54391012564956 4
    endloop
  endfacet
  facet normal 0 0 -1
    outer loop
      vertex 35.27439118436032 34.54391012564956 0
      vertex 40.1 42 0
      vertex 35.36132115816914 34.53630473842068 0
    endloop
  endfacet
  facet normal -0.12186934340514702 0.992546151641322 0
    outer loop
      vertex 35.36132115816914 -0.536304738420684 0
      vertex 35.36132115816914 -0.536304738420684 4
      vertex 35.44793275240017 -0.5256701718539265 0
    endloop
  endfacet
  facet normal 0 0 -1
    outer loop
      vertex 35.36132115816914 -0.536304738420684 0
      vertex 35.44793275240017 -0.5256701718539265 0
      vertex 40.1 -8 0
    endloop
  endfacet
  facet normal -0.12186934340514702 0.992546151641322 0
    outer loop
      vertex 35.36132115816914 -0.536304738420684 4
      vertex 35.44793275240017 -0.5256701718539265 4
      vertex 35.44793275240017 -0.5256701718539265 0
    endloop
  endfacet
  facet normal 0 0 1
    outer loop
      vertex 35.36132115816914 -0.536304738420684 4
      vertex 40.1 -8 4
      vertex 35.44793275240017 -0.5256701718539265 4
    endloop
  endfacet
  facet normal 0 0 -1
    outer loop
      vertex 35.36132115816914 4.436304738420683 0
      vertex 35.36132115816914 29.563695261579312 0
      vertex 35.44793275240017 29.57432982814607 0
    endloop
  endfacet
  facet normal -0.12186934340514702 -0.992546151641322 0
    outer loop
      vertex 35.36132115816914 4.436304738420683 0
      vertex 35.44793275240017 4.425670171853925 0
      vertex 35.44793275240017 4.425670171853925 4
    endloop
  endfacet
  facet normal -0.12186934340514702 -0.992546151641322 0
    outer loop
      vertex 35.36132115816914 4.436304738420683 0
      vertex 35.44793275240017 4.425670171853925 4
      vertex 35.36132115816914 4.436304738420683 4
    endloop
  endfacet
  facet normal 0 0 -1
    outer loop
      vertex 35.36132115816914 4.436304738420683 0
      vertex 35.44793275240017 29.57432982814607 0
      vertex 35.44793275240017 4.425670171853925 0
    endloop
  endfacet
  facet normal 0 0 1
    outer loop
      vertex 35.36132115816914 4.436304738420683 4
      vertex 35.44793275240017 4.425670171853925 4
      vertex 35.36132115816914 29.563695261579312 4
    endloop
  endfacet
  facet normal -0.12186934340514702 0.992546151641322 0
    outer loop
      vertex 35.36132115816914 29.563695261579312 0
      vertex 35.36132115816914 29.563695261579312 4
      vertex 35.44793275240017 29.57432982814607 0
    endloop
  endfacet
  facet normal 0 0 1
    outer loop
      vertex 35.36132115816914 29.563695261579312 4
      vertex 35.44793275240017 4.425670171853925 4
      vertex 35.44793275240017 29.57432982814607 4
    endloop
  endfacet
  facet normal -0.12186934340514702 0.992546151641322 0
    outer loop
      vertex 35.36132115816914 29.563695261579312 4
      vertex 35.44793275240017 29.57432982814607 4
      vertex 35.44793275240017 29.57432982814607 0
    endloop
  endfacet
  facet normal -0.12186934340514702 -0.992546151641322 0
    outer loop
      vertex 35.36132115816914 34.53630473842068 0
      vertex 35.44793275240017 34.525670171853925 0
      vertex 35.44793275240017 34.525670171853925 4
    endloop
  endfacet
  facet normal -0.12186934340514702 -0.992546151641322 0
    outer loop
      vertex 35.36132115816914 34.53630473842068 0
      vertex 35.44793275240017 34.525670171853925 4
      vertex 35.36132115816914 34.53630473842068 4
    endloop
  endfacet
  facet normal 0 0 -1
    outer loop
      vertex 35.36132115816914 34.53630473842068 0
      vertex 40.1 42 0
      vertex 35.44793275240017 34.525670171853925 0
    endloop
  endfacet
  facet normal 0 0 1
    outer loop
      vertex 35.36132115816914 34.53630473842068 4
      vertex 35.44793275240017 34.525670171853925 4
      vertex 40.1 42 4
    endloop
  endfacet
  facet normal -0.156434465040254 0.9876883405951341 0
    outer loop
      vertex 35.44793275240017 -0.5256701718539265 0
      vertex 35.44793275240017 -0.5256701718539265 4
      vertex 35.53412044416732 -0.5120193825305206 0
    endloop
  endfacet
  facet normal 0 0 -1
    outer loop
      vertex 35.44793275240017 -0.5256701718539265 0
      vertex 35.53412044416732 -0.5120193825305206 0
      vertex 40.1 -8 0
    endloop
  endfacet
  facet normal -0.156434465040254 0.9876883405951341 0
    outer loop
      vertex 35.44793275240017 -0.5256701718539265 4
      vertex 35.53412044416732 -0.5120193825305206 4
      vertex 35.53412044416732 -0.5120193825305206 0
    endloop
  endfacet
  facet normal 0 0 1
    outer loop
      vertex 35.44793275240017 -0.5256701718539265 4
      vertex 40.1 -8 4
      vertex 35.53412044416732 -0.5120193825305206 4
    endloop
  endfacet
  facet normal 0 0 -1
    outer loop
      vertex 35.44793275240017 4.425670171853925 0
      vertex 35.44793275240017 29.57432982814607 0
      vertex 35.53412044416732 29.587980617469476 0
    endloop
  endfacet
  facet normal -0.15643446504024405 -0.9876883405951357 0
    outer loop
      vertex 35.44793275240017 4.425670171853925 0
      vertex 35.53412044416732 4.41201938253052 0
      vertex 35.53412044416732 4.41201938253052 4
    endloop
  endfacet
  facet normal -0.15643446504024405 -0.9876883405951357 0
    outer loop
      vertex 35.44793275240017 4.425670171853925 0
      vertex 35.53412044416732 4.41201938253052 4
      vertex 35.44793275240017 4.425670171853925 4
    endloop
  endfacet
  facet normal 0 0 -1
    outer loop
      vertex 35.44793275240017 4.425670171853925 0
      vertex 35.53412044416732 29.587980617469476 0
      vertex 35.53412044416732 4.41201938253052 0
    endloop
  endfacet
  facet normal 0 0 1
    outer loop
      vertex 35.44793275240017 4.425670171853925 4
      vertex 35.53412044416732 4.41201938253052 4
      vertex 35.44793275240017 29.57432982814607 4
    endloop
  endfacet
  facet normal -0.15643446504026393 0.9876883405951324 0
    outer loop
      vertex 35.44793275240017 29.57432982814607 0
      vertex 35.44793275240017 29.57432982814607 4
      vertex 35.53412044416732 29.587980617469476 0
    endloop
  endfacet
  facet normal 0 0 1
    outer loop
      vertex 35.44793275240017 29.57432982814607 4
      vertex 35.53412044416732 4.41201938253052 4
      vertex 35.53412044416732 29.587980617469476 4
    endloop
  endfacet
  facet normal -0.15643446504026393 0.9876883405951324 0
    outer loop
      vertex 35.44793275240017 29.57432982814607 4
      vertex 35.53412044416732 29.587980617469476 4
      vertex 35.53412044416732 29.587980617469476 0
    endloop
  endfacet
  facet normal -0.15643446504026393 -0.9876883405951324 0
    outer loop
      vertex 35.44793275240017 34.525670171853925 0
      vertex 35.53412044416732 34.51201938253052 0
      vertex 35.53412044416732 34.51201938253052 4
    endloop
  endfacet
  facet normal -0.15643446504026393 -0.9876883405951324 0
    outer loop
      vertex 35.44793275240017 34.525670171853925 0
      vertex 35.53412044416732 34.51201938253052 4
      vertex 35.44793275240017 34.525670171853925 4
    endloop
  endfacet
  facet normal 0 0 -1
    outer loop
      vertex 35.44793275240017 34.525670171853925 0
      vertex 40.1 42 0
      vertex 35.53412044416732 34.51201938253052 0
    endloop
  endfacet
  facet normal 0 0 1
    outer loop
      vertex 35.44793275240017 34.525670171853925 4
      vertex 35.53412044416732 34.51201938253052 4
      vertex 40.1 42 4
    endloop
  endfacet
  facet normal -0.1908089953765337 0.9816271834476661 0
    outer loop
      vertex 35.53412044416732 -0.5120193825305206 0
      vertex 35.53412044416732 -0.5120193825305206 4
      vertex 35.6197792270444 -0.49536900183451493 0
    endloop
  endfacet
  facet normal 0 0 -1
    outer loop
      vertex 35.53412044416732 -0.5120193825305206 0
      vertex 35.6197792270444 -0.49536900183451493 0
      vertex 40.1 -8 0
    endloop
  endfacet
  facet normal -0.1908089953765337 0.9816271834476661 0
    outer loop
      vertex 35.53412044416732 -0.5120193825305206 4
      vertex 35.6197792270444 -0.49536900183451493 4
      vertex 35.6197792270444 -0.49536900183451493 0
    endloop
  endfacet
  facet normal 0 0 1
    outer loop
      vertex 35.53412044416732 -0.5120193825305206 4
      vertex 40.1 -8 4
      vertex 35.6197792270444 -0.49536900183451493 4
    endloop
  endfacet
  facet normal 0 0 -1
    outer loop
      vertex 35.53412044416732 4.41201938253052 0
      vertex 35.53412044416732 29.587980617469476 0
      vertex 35.6197792270444 29.604630998165483 0
    endloop
  endfacet
  facet normal -0.19080899537654353 -0.9816271834476642 0
    outer loop
      vertex 35.53412044416732 4.41201938253052 0
      vertex 35.6197792270444 4.3953690018345135 0
      vertex 35.6197792270444 4.3953690018345135 4
    endloop
  endfacet
  facet normal -0.19080899537654353 -0.9816271834476642 0
    outer loop
      vertex 35.53412044416732 4.41201938253052 0
      vertex 35.6197792270444 4.3953690018345135 4
      vertex 35.53412044416732 4.41201938253052 4
    endloop
  endfacet
  facet normal 0 0 -1
    outer loop
      vertex 35.53412044416732 4.41201938253052 0
      vertex 35.6197792270444 29.604630998165483 0
      vertex 35.6197792270444 4.3953690018345135 0
    endloop
  endfacet
  facet normal 0 0 1
    outer loop
      vertex 35.53412044416732 4.41201938253052 4
      vertex 35.6197792270444 4.3953690018345135 4
      vertex 35.53412044416732 29.587980617469476 4
    endloop
  endfacet
  facet normal -0.19080899537654353 0.9816271834476642 0
    outer loop
      vertex 35.53412044416732 29.587980617469476 0
      vertex 35.53412044416732 29.587980617469476 4
      vertex 35.6197792270444 29.604630998165483 0
    endloop
  endfacet
  facet normal 0 0 1
    outer loop
      vertex 35.53412044416732 29.587980617469476 4
      vertex 35.6197792270444 4.3953690018345135 4
      vertex 35.6197792270444 29.604630998165483 4
    endloop
  endfacet
  facet normal -0.19080899537654353 0.9816271834476642 0
    outer loop
      vertex 35.53412044416732 29.587980617469476 4
      vertex 35.6197792270444 29.604630998165483 4
      vertex 35.6197792270444 29.604630998165483 0
    endloop
  endfacet
  facet normal -0.19080899537654353 -0.9816271834476642 0
    outer loop
      vertex 35.53412044416732 34.51201938253052 0
      vertex 35.6197792270444 34.49536900183451 0
      vertex 35.6197792270444 34.49536900183451 4
    endloop
  endfacet
  facet normal -0.19080899537654353 -0.9816271834476642 0
    outer loop
      vertex 35.53412044416732 34.51201938253052 0
      vertex 35.6197792270444 34.49536900183451 4
      vertex 35.53412044416732 34.51201938253052 4
    endloop
  endfacet
  facet normal 0 0 -1
    outer loop
      vertex 35.53412044416732 34.51201938253052 0
      vertex 40.1 42 0
      vertex 35.6197792270444 34.49536900183451 0
    endloop
  endfacet
  facet normal 0 0 1
    outer loop
      vertex 35.53412044416732 34.51201938253052 4
      vertex 35.6197792270444 34.49536900183451 4
      vertex 40.1 42 4
    endloop
  endfacet
  facet normal -0.22495105434386892 0.9743700647852344 0
    outer loop
      vertex 35.6197792270444 -0.49536900183451493 0
      vertex 35.6197792270444 -0.49536900183451493 4
      vertex 35.704804738999165 -0.4757393156899923 0
    endloop
  endfacet
  facet normal 0 0 -1
    outer loop
      vertex 35.6197792270444 -0.49536900183451493 0
      vertex 35.704804738999165 -0.4757393156899923 0
      vertex 40.1 -8 0
    endloop
  endfacet
  facet normal -0.22495105434386892 0.9743700647852344 0
    outer loop
      vertex 35.6197792270444 -0.49536900183451493 4
      vertex 35.704804738999165 -0.4757393156899923 4
      vertex 35.704804738999165 -0.4757393156899923 0
    endloop
  endfacet
  facet normal 0 0 1
    outer loop
      vertex 35.6197792270444 -0.49536900183451493 4
      vertex 40.1 -8 4
      vertex 35.704804738999165 -0.4757393156899923 4
    endloop
  endfacet
  facet normal 0 0 -1
    outer loop
      vertex 35.6197792270444 4.3953690018345135 0
      vertex 35.6197792270444 29.604630998165483 0
      vertex 35.704804738999165 29.62426068431001 0
    endloop
  endfacet
  facet normal -0.22495105434386892 -0.9743700647852344 0
    outer loop
      vertex 35.6197792270444 4.3953690018345135 0
      vertex 35.704804738999165 4.375739315689991 0
      vertex 35.704804738999165 4.375739315689991 4
    endloop
  endfacet
  facet normal -0.22495105434386892 -0.9743700647852344 0
    outer loop
      vertex 35.6197792270444 4.3953690018345135 0
      vertex 35.704804738999165 4.375739315689991 4
      vertex 35.6197792270444 4.3953690018345135 4
    endloop
  endfacet
  facet normal 0 0 -1
    outer loop
      vertex 35.6197792270444 4.3953690018345135 0
      vertex 35.704804738999165 29.62426068431001 0
      vertex 35.704804738999165 4.375739315689991 0
    endloop
  endfacet
  facet normal 0 0 1
    outer loop
      vertex 35.6197792270444 4.3953690018345135 4
      vertex 35.704804738999165 4.375739315689991 4
      vertex 35.6197792270444 29.604630998165483 4
    endloop
  endfacet
  facet normal -0.22495105434390755 0.9743700647852254 0
    outer loop
      vertex 35.6197792270444 29.604630998165483 0
      vertex 35.6197792270444 29.604630998165483 4
      vertex 35.704804738999165 29.62426068431001 0
    endloop
  endfacet
  facet normal 0 0 1
    outer loop
      vertex 35.6197792270444 29.604630998165483 4
      vertex 35.704804738999165 4.375739315689991 4
      vertex 35.704804738999165 29.62426068431001 4
    endloop
  endfacet
  facet normal -0.22495105434390755 0.9743700647852254 0
    outer loop
      vertex 35.6197792270444 29.604630998165483 4
      vertex 35.704804738999165 29.62426068431001 4
      vertex 35.704804738999165 29.62426068431001 0
    endloop
  endfacet
  facet normal -0.22495105434390755 -0.9743700647852254 0
    outer loop
      vertex 35.6197792270444 34.49536900183451 0
      vertex 35.704804738999165 34.475739315689985 0
      vertex 35.704804738999165 34.475739315689985 4
    endloop
  endfacet
  facet normal -0.22495105434390755 -0.9743700647852254 0
    outer loop
      vertex 35.6197792270444 34.49536900183451 0
      vertex 35.704804738999165 34.475739315689985 4
      vertex 35.6197792270444 34.49536900183451 4
    endloop
  endfacet
  facet normal 0 0 -1
    outer loop
      vertex 35.6197792270444 34.49536900183451 0
      vertex 40.1 42 0
      vertex 35.704804738999165 34.475739315689985 0
    endloop
  endfacet
  facet normal 0 0 1
    outer loop
      vertex 35.6197792270444 34.49536900183451 4
      vertex 35.704804738999165 34.475739315689985 4
      vertex 40.1 42 4
    endloop
  endfacet
  facet normal -0.2588190451025246 0.9659258262890672 0
    outer loop
      vertex 35.704804738999165 -0.4757393156899923 0
      vertex 35.704804738999165 -0.4757393156899923 4
      vertex 35.789093389542494 -0.45315423984579795 0
    endloop
  endfacet
  facet normal 0 0 -1
    outer loop
      vertex 35.704804738999165 -0.4757393156899923 0
      vertex 35.789093389542494 -0.45315423984579795 0
      vertex 40.1 -8 0
    endloop
  endfacet
  facet normal -0.2588190451025246 0.9659258262890672 0
    outer loop
      vertex 35.704804738999165 -0.4757393156899923 4
      vertex 35.789093389542494 -0.45315423984579795 4
      vertex 35.789093389542494 -0.45315423984579795 0
    endloop
  endfacet
  facet normal 0 0 1
    outer loop
      vertex 35.704804738999165 -0.4757393156899923 4
      vertex 40.1 -8 4
      vertex 35.789093389542494 -0.45315423984579795 4
    endloop
  endfacet
  facet normal 0 0 -1
    outer loop
      vertex 35.704804738999165 4.375739315689991 0
      vertex 35.704804738999165 29.62426068431001 0
      vertex 35.789093389542494 29.6468457601542 0
    endloop
  endfacet
  facet normal -0.2588190451025246 -0.9659258262890672 0
    outer loop
      vertex 35.704804738999165 4.375739315689991 0
      vertex 35.789093389542494 4.3531542398457965 0
      vertex 35.789093389542494 4.3531542398457965 4
    endloop
  endfacet
  facet normal -0.2588190451025246 -0.9659258262890672 0
    outer loop
      vertex 35.704804738999165 4.375739315689991 0
      vertex 35.789093389542494 4.3531542398457965 4
      vertex 35.704804738999165 4.375739315689991 4
    endloop
  endfacet
  facet normal 0 0 -1
    outer loop
      vertex 35.704804738999165 4.375739315689991 0
      vertex 35.789093389542494 29.6468457601542 0
      vertex 35.789093389542494 4.3531542398457965 0
    endloop
  endfacet
  facet normal 0 0 1
    outer loop
      vertex 35.704804738999165 4.375739315689991 4
      vertex 35.789093389542494 4.3531542398457965 4
      vertex 35.704804738999165 29.62426068431001 4
    endloop
  endfacet
  facet normal -0.25881904510248666 0.9659258262890773 0
    outer loop
      vertex 35.704804738999165 29.62426068431001 0
      vertex 35.704804738999165 29.62426068431001 4
      vertex 35.789093389542494 29.6468457601542 0
    endloop
  endfacet
  facet normal 0 0 1
    outer loop
      vertex 35.704804738999165 29.62426068431001 4
      vertex 35.789093389542494 4.3531542398457965 4
      vertex 35.789093389542494 29.6468457601542 4
    endloop
  endfacet
  facet normal -0.25881904510248666 0.9659258262890773 0
    outer loop
      vertex 35.704804738999165 29.62426068431001 4
      vertex 35.789093389542494 29.6468457601542 4
      vertex 35.789093389542494 29.6468457601542 0
    endloop
  endfacet
  facet normal -0.25881904510248666 -0.9659258262890773 0
    outer loop
      vertex 35.704804738999165 34.475739315689985 0
      vertex 35.789093389542494 34.453154239845794 0
      vertex 35.789093389542494 34.453154239845794 4
    endloop
  endfacet
  facet normal -0.25881904510248666 -0.9659258262890773 0
    outer loop
      vertex 35.704804738999165 34.475739315689985 0
      vertex 35.789093389542494 34.453154239845794 4
      vertex 35.704804738999165 34.475739315689985 4
    endloop
  endfacet
  facet normal 0 0 -1
    outer loop
      vertex 35.704804738999165 34.475739315689985 0
      vertex 40.1 42 0
      vertex 35.789093389542494 34.453154239845794 0
    endloop
  endfacet
  facet normal 0 0 1
    outer loop
      vertex 35.704804738999165 34.475739315689985 4
      vertex 35.789093389542494 34.453154239845794 4
      vertex 40.1 42 4
    endloop
  endfacet
  facet normal -0.29237170472272994 0.9563047559630375 0
    outer loop
      vertex 35.789093389542494 -0.45315423984579795 0
      vertex 35.789093389542494 -0.45315423984579795 4
      vertex 35.872542485937366 -0.4276412907378848 0
    endloop
  endfacet
  facet normal 0 0 -1
    outer loop
      vertex 35.789093389542494 -0.45315423984579795 0
      vertex 35.872542485937366 -0.4276412907378848 0
      vertex 40.1 -8 0
    endloop
  endfacet
  facet normal -0.29237170472272994 0.9563047559630375 0
    outer loop
      vertex 35.789093389542494 -0.45315423984579795 4
      vertex 35.872542485937366 -0.4276412907378848 4
      vertex 35.872542485937366 -0.4276412907378848 0
    endloop
  endfacet
  facet normal 0 0 1
    outer loop
      vertex 35.789093389542494 -0.45315423984579795 4
      vertex 40.1 -8 4
      vertex 35.872542485937366 -0.4276412907378848 4
    endloop
  endfacet
  facet normal 0 0 -1
    outer loop
      vertex 35.789093389542494 4.3531542398457965 0
      vertex 35.789093389542494 29.6468457601542 0
      vertex 35.872542485937366 29.672358709262113 0
    endloop
  endfacet
  facet normal -0.29237170472272994 -0.9563047559630375 0
    outer loop
      vertex 35.789093389542494 4.3531542398457965 0
      vertex 35.872542485937366 4.327641290737883 0
      vertex 35.872542485937366 4.327641290737883 4
    endloop
  endfacet
  facet normal -0.29237170472272994 -0.9563047559630375 0
    outer loop
      vertex 35.789093389542494 4.3531542398457965 0
      vertex 35.872542485937366 4.327641290737883 4
      vertex 35.789093389542494 4.3531542398457965 4
    endloop
  endfacet
  facet normal 0 0 -1
    outer loop
      vertex 35.789093389542494 4.3531542398457965 0
      vertex 35.872542485937366 29.672358709262113 0
      vertex 35.872542485937366 4.327641290737883 0
    endloop
  endfacet
  facet normal 0 0 1
    outer loop
      vertex 35.789093389542494 4.3531542398457965 4
      vertex 35.872542485937366 4.327641290737883 4
      vertex 35.789093389542494 29.6468457601542 4
    endloop
  endfacet
  facet normal -0.29237170472272994 0.9563047559630375 0
    outer loop
      vertex 35.789093389542494 29.6468457601542 0
      vertex 35.789093389542494 29.6468457601542 4
      vertex 35.872542485937366 29.672358709262113 0
    endloop
  endfacet
  facet normal 0 0 1
    outer loop
      vertex 35.789093389542494 29.6468457601542 4
      vertex 35.872542485937366 4.327641290737883 4
      vertex 35.872542485937366 29.672358709262113 4
    endloop
  endfacet
  facet normal -0.29237170472272994 0.9563047559630375 0
    outer loop
      vertex 35.789093389542494 29.6468457601542 4
      vertex 35.872542485937366 29.672358709262113 4
      vertex 35.872542485937366 29.672358709262113 0
    endloop
  endfacet
  facet normal -0.29237170472272994 -0.9563047559630375 0
    outer loop
      vertex 35.789093389542494 34.453154239845794 0
      vertex 35.872542485937366 34.42764129073788 0
      vertex 35.872542485937366 34.42764129073788 4
    endloop
  endfacet
  facet normal -0.29237170472272994 -0.9563047559630375 0
    outer loop
      vertex 35.789093389542494 34.453154239845794 0
      vertex 35.872542485937366 34.42764129073788 4
      vertex 35.789093389542494 34.453154239845794 4
    endloop
  endfacet
  facet normal 0 0 -1
    outer loop
      vertex 35.789093389542494 34.453154239845794 0
      vertex 40.1 42 0
      vertex 35.872542485937366 34.42764129073788 0
    endloop
  endfacet
  facet normal 0 0 1
    outer loop
      vertex 35.789093389542494 34.453154239845794 4
      vertex 35.872542485937366 34.42764129073788 4
      vertex 40.1 42 4
    endloop
  endfacet
  facet normal -0.325568154457136 0.9455185755993238 0
    outer loop
      vertex 35.872542485937366 -0.4276412907378848 0
      vertex 35.872542485937366 -0.4276412907378848 4
      vertex 35.955050358314175 -0.399231551964772 0
    endloop
  endfacet
  facet normal 0 0 -1
    outer loop
      vertex 35.872542485937366 -0.4276412907378848 0
      vertex 35.955050358314175 -0.399231551964772 0
      vertex 40.1 -8 0
    endloop
  endfacet
  facet normal -0.325568154457136 0.9455185755993238 0
    outer loop
      vertex 35.872542485937366 -0.4276412907378848 4
      vertex 35.955050358314175 -0.399231551964772 4
      vertex 35.955050358314175 -0.399231551964772 0
    endloop
  endfacet
  facet normal 0 0 1
    outer loop
      vertex 35.872542485937366 -0.4276412907378848 4
      vertex 40.1 -8 4
      vertex 35.955050358314175 -0.399231551964772 4
    endloop
  endfacet
  facet normal 0 0 -1
    outer loop
      vertex 35.872542485937366 4.327641290737883 0
      vertex 35.872542485937366 29.672358709262113 0
      vertex 35.955050358314175 29.700768448035227 0
    endloop
  endfacet
  facet normal -0.3255681544571451 -0.9455185755993208 0
    outer loop
      vertex 35.872542485937366 4.327641290737883 0
      vertex 35.955050358314175 4.29923155196477 0
      vertex 35.955050358314175 4.29923155196477 4
    endloop
  endfacet
  facet normal -0.3255681544571451 -0.9455185755993208 0
    outer loop
      vertex 35.872542485937366 4.327641290737883 0
      vertex 35.955050358314175 4.29923155196477 4
      vertex 35.872542485937366 4.327641290737883 4
    endloop
  endfacet
  facet normal 0 0 -1
    outer loop
      vertex 35.872542485937366 4.327641290737883 0
      vertex 35.955050358314175 29.700768448035227 0
      vertex 35.955050358314175 4.29923155196477 0
    endloop
  endfacet
  facet normal 0 0 1
    outer loop
      vertex 35.872542485937366 4.327641290737883 4
      vertex 35.955050358314175 4.29923155196477 4
      vertex 35.872542485937366 29.672358709262113 4
    endloop
  endfacet
  facet normal -0.3255681544571451 0.9455185755993208 0
    outer loop
      vertex 35.872542485937366 29.672358709262113 0
      vertex 35.872542485937366 29.672358709262113 4
      vertex 35.955050358314175 29.700768448035227 0
    endloop
  endfacet
  facet normal 0 0 1
    outer loop
      vertex 35.872542485937366 29.672358709262113 4
      vertex 35.955050358314175 4.29923155196477 4
      vertex 35.955050358314175 29.700768448035227 4
    endloop
  endfacet
  facet normal -0.3255681544571451 0.9455185755993208 0
    outer loop
      vertex 35.872542485937366 29.672358709262113 4
      vertex 35.955050358314175 29.700768448035227 4
      vertex 35.955050358314175 29.700768448035227 0
    endloop
  endfacet
  facet normal -0.3255681544571451 -0.9455185755993208 0
    outer loop
      vertex 35.872542485937366 34.42764129073788 0
      vertex 35.955050358314175 34.39923155196477 0
      vertex 35.955050358314175 34.39923155196477 4
    endloop
  endfacet
  facet normal -0.3255681544571451 -0.9455185755993208 0
    outer loop
      vertex 35.872542485937366 34.42764129073788 0
      vertex 35.955050358314175 34.39923155196477 4
      vertex 35.872542485937366 34.42764129073788 4
    endloop
  endfacet
  facet normal 0 0 -1
    outer loop
      vertex 35.872542485937366 34.42764129073788 0
      vertex 40.1 42 0
      vertex 35.955050358314175 34.39923155196477 0
    endloop
  endfacet
  facet normal 0 0 1
    outer loop
      vertex 35.872542485937366 34.42764129073788 4
      vertex 35.955050358314175 34.39923155196477 4
      vertex 40.1 42 4
    endloop
  endfacet
  facet normal -0.3583679495453186 0.9335804264971947 0
    outer loop
      vertex 35.955050358314175 -0.399231551964772 0
      vertex 35.955050358314175 -0.399231551964772 4
      vertex 36.03651648353978 -0.3679596364169697 0
    endloop
  endfacet
  facet normal 0 0 -1
    outer loop
      vertex 35.955050358314175 -0.399231551964772 0
      vertex 36.03651648353978 -0.3679596364169697 0
      vertex 40.1 -8 0
    endloop
  endfacet
  facet normal -0.3583679495453186 0.9335804264971947 0
    outer loop
      vertex 35.955050358314175 -0.399231551964772 4
      vertex 36.03651648353978 -0.3679596364169697 4
      vertex 36.03651648353978 -0.3679596364169697 0
    endloop
  endfacet
  facet normal 0 0 1
    outer loop
      vertex 35.955050358314175 -0.399231551964772 4
      vertex 40.1 -8 4
      vertex 36.03651648353978 -0.3679596364169697 4
    endloop
  endfacet
  facet normal 0 0 -1
    outer loop
      vertex 35.955050358314175 4.29923155196477 0
      vertex 35.955050358314175 29.700768448035227 0
      vertex 36.03651648353978 29.73204036358303 0
    endloop
  endfacet
  facet normal -0.3583679495453097 -0.9335804264971982 0
    outer loop
      vertex 35.955050358314175 4.29923155196477 0
      vertex 36.03651648353978 4.267959636416968 0
      vertex 36.03651648353978 4.267959636416968 4
    endloop
  endfacet
  facet normal -0.3583679495453097 -0.9335804264971982 0
    outer loop
      vertex 35.955050358314175 4.29923155196477 0
      vertex 36.03651648353978 4.267959636416968 4
      vertex 35.955050358314175 4.29923155196477 4
    endloop
  endfacet
  facet normal 0 0 -1
    outer loop
      vertex 35.955050358314175 4.29923155196477 0
      vertex 36.03651648353978 29.73204036358303 0
      vertex 36.03651648353978 4.267959636416968 0
    endloop
  endfacet
  facet normal 0 0 1
    outer loop
      vertex 35.955050358314175 4.29923155196477 4
      vertex 36.03651648353978 4.267959636416968 4
      vertex 35.955050358314175 29.700768448035227 4
    endloop
  endfacet
  facet normal -0.3583679495453452 0.9335804264971845 0
    outer loop
      vertex 35.955050358314175 29.700768448035227 0
      vertex 35.955050358314175 29.700768448035227 4
      vertex 36.03651648353978 29.73204036358303 0
    endloop
  endfacet
  facet normal 0 0 1
    outer loop
      vertex 35.955050358314175 29.700768448035227 4
      vertex 36.03651648353978 4.267959636416968 4
      vertex 36.03651648353978 29.73204036358303 4
    endloop
  endfacet
  facet normal -0.3583679495453452 0.9335804264971845 0
    outer loop
      vertex 35.955050358314175 29.700768448035227 4
      vertex 36.03651648353978 29.73204036358303 4
      vertex 36.03651648353978 29.73204036358303 0
    endloop
  endfacet
  facet normal -0.3583679495453452 -0.9335804264971845 0
    outer loop
      vertex 35.955050358314175 34.39923155196477 0
      vertex 36.03651648353978 34.36795963641696 0
      vertex 36.03651648353978 34.36795963641696 4
    endloop
  endfacet
  facet normal -0.3583679495453452 -0.9335804264971845 0
    outer loop
      vertex 35.955050358314175 34.39923155196477 0
      vertex 36.03651648353978 34.36795963641696 4
      vertex 35.955050358314175 34.39923155196477 4
    endloop
  endfacet
  facet normal 0 0 -1
    outer loop
      vertex 35.955050358314175 34.39923155196477 0
      vertex 40.1 42 0
      vertex 36.03651648353978 34.36795963641696 0
    endloop
  endfacet
  facet normal 0 0 1
    outer loop
      vertex 35.955050358314175 34.39923155196477 4
      vertex 36.03651648353978 34.36795963641696 4
      vertex 40.1 42 4
    endloop
  endfacet
  facet normal -0.39073112848927116 0.9205048534524414 0
    outer loop
      vertex 36.03651648353978 -0.3679596364169697 0
      vertex 36.03651648353978 -0.3679596364169697 4
      vertex 36.1168416076895 -0.3338636441065024 0
    endloop
  endfacet
  facet normal 0 0 -1
    outer loop
      vertex 36.03651648353978 -0.3679596364169697 0
      vertex 36.1168416076895 -0.3338636441065024 0
      vertex 40.1 -8 0
    endloop
  endfacet
  facet normal -0.39073112848927116 0.9205048534524414 0
    outer loop
      vertex 36.03651648353978 -0.3679596364169697 4
      vertex 36.1168416076895 -0.3338636441065024 4
      vertex 36.1168416076895 -0.3338636441065024 0
    endloop
  endfacet
  facet normal 0 0 1
    outer loop
      vertex 36.03651648353978 -0.3679596364169697 4
      vertex 40.1 -8 4
      vertex 36.1168416076895 -0.3338636441065024 4
    endloop
  endfacet
  facet normal 0 0 -1
    outer loop
      vertex 36.03651648353978 4.267959636416968 0
      vertex 36.03651648353978 29.73204036358303 0
      vertex 36.1168416076895 29.766136355893494 0
    endloop
  endfacet
  facet normal -0.39073112848927116 -0.9205048534524414 0
    outer loop
      vertex 36.03651648353978 4.267959636416968 0
      vertex 36.1168416076895 4.233863644106501 0
      vertex 36.1168416076895 4.233863644106501 4
    endloop
  endfacet
  facet normal -0.39073112848927116 -0.9205048534524414 0
    outer loop
      vertex 36.03651648353978 4.267959636416968 0
      vertex 36.1168416076895 4.233863644106501 4
      vertex 36.03651648353978 4.267959636416968 4
    endloop
  endfacet
  facet normal 0 0 -1
    outer loop
      vertex 36.03651648353978 4.267959636416968 0
      vertex 36.1168416076895 29.766136355893494 0
      vertex 36.1168416076895 4.233863644106501 0
    endloop
  endfacet
  facet normal 0 0 1
    outer loop
      vertex 36.03651648353978 4.267959636416968 4
      vertex 36.1168416076895 4.233863644106501 4
      vertex 36.03651648353978 29.73204036358303 4
    endloop
  endfacet
  facet normal -0.3907311284892194 0.9205048534524634 0
    outer loop
      vertex 36.03651648353978 29.73204036358303 0
      vertex 36.03651648353978 29.73204036358303 4
      vertex 36.1168416076895 29.766136355893494 0
    endloop
  endfacet
  facet normal 0 0 1
    outer loop
      vertex 36.03651648353978 29.73204036358303 4
      vertex 36.1168416076895 4.233863644106501 4
      vertex 36.1168416076895 29.766136355893494 4
    endloop
  endfacet
  facet normal -0.3907311284892194 0.9205048534524634 0
    outer loop
      vertex 36.03651648353978 29.73204036358303 4
      vertex 36.1168416076895 29.766136355893494 4
      vertex 36.1168416076895 29.766136355893494 0
    endloop
  endfacet
  facet normal -0.3907311284892194 -0.9205048534524634 0
    outer loop
      vertex 36.03651648353978 34.36795963641696 0
      vertex 36.1168416076895 34.3338636441065 0
      vertex 36.1168416076895 34.3338636441065 4
    endloop
  endfacet
  facet normal -0.3907311284892194 -0.9205048534524634 0
    outer loop
      vertex 36.03651648353978 34.36795963641696 0
      vertex 36.1168416076895 34.3338636441065 4
      vertex 36.03651648353978 34.36795963641696 4
    endloop
  endfacet
  facet normal 0 0 -1
    outer loop
      vertex 36.03651648353978 34.36795963641696 0
      vertex 40.1 42 0
      vertex 36.1168416076895 34.3338636441065 0
    endloop
  endfacet
  facet normal 0 0 1
    outer loop
      vertex 36.03651648353978 34.36795963641696 4
      vertex 36.1168416076895 34.3338636441065 4
      vertex 40.1 42 4
    endloop
  endfacet
  facet normal -0.42261826174071987 0.9063077870366404 0
    outer loop
      vertex 36.1168416076895 -0.3338636441065024 0
      vertex 36.1168416076895 -0.3338636441065024 4
      vertex 36.19592786697269 -0.2969851157479182 0
    endloop
  endfacet
  facet normal 0 0 -1
    outer loop
      vertex 36.1168416076895 -0.3338636441065024 0
      vertex 36.19592786697269 -0.2969851157479182 0
      vertex 40.1 -8 0
    endloop
  endfacet
  facet normal -0.42261826174071987 0.9063077870366404 0
    outer loop
      vertex 36.1168416076895 -0.3338636441065024 4
      vertex 36.19592786697269 -0.2969851157479182 4
      vertex 36.19592786697269 -0.2969851157479182 0
    endloop
  endfacet
  facet normal 0 0 1
    outer loop
      vertex 36.1168416076895 -0.3338636441065024 4
      vertex 40.1 -8 4
      vertex 36.19592786697269 -0.2969851157479182 4
    endloop
  endfacet
  facet normal 0 0 -1
    outer loop
      vertex 36.1168416076895 4.233863644106501 0
      vertex 36.1168416076895 29.766136355893494 0
      vertex 36.19592786697269 29.80301488425208 0
    endloop
  endfacet
  facet normal -0.42261826174071154 -0.9063077870366443 0
    outer loop
      vertex 36.1168416076895 4.233863644106501 0
      vertex 36.19592786697269 4.196985115747918 0
      vertex 36.19592786697269 4.196985115747918 4
    endloop
  endfacet
  facet normal -0.42261826174071154 -0.9063077870366443 0
    outer loop
      vertex 36.1168416076895 4.233863644106501 0
      vertex 36.19592786697269 4.196985115747918 4
      vertex 36.1168416076895 4.233863644106501 4
    endloop
  endfacet
  facet normal 0 0 -1
    outer loop
      vertex 36.1168416076895 4.233863644106501 0
      vertex 36.19592786697269 29.80301488425208 0
      vertex 36.19592786697269 4.196985115747918 0
    endloop
  endfacet
  facet normal 0 0 1
    outer loop
      vertex 36.1168416076895 4.233863644106501 4
      vertex 36.19592786697269 4.196985115747918 4
      vertex 36.1168416076895 29.766136355893494 4
    endloop
  endfacet
  facet normal -0.42261826174072825 0.9063077870366365 0
    outer loop
      vertex 36.1168416076895 29.766136355893494 0
      vertex 36.1168416076895 29.766136355893494 4
      vertex 36.19592786697269 29.80301488425208 0
    endloop
  endfacet
  facet normal 0 0 1
    outer loop
      vertex 36.1168416076895 29.766136355893494 4
      vertex 36.19592786697269 4.196985115747918 4
      vertex 36.19592786697269 29.80301488425208 4
    endloop
  endfacet
  facet normal -0.42261826174072825 0.9063077870366365 0
    outer loop
      vertex 36.1168416076895 29.766136355893494 4
      vertex 36.19592786697269 29.80301488425208 4
      vertex 36.19592786697269 29.80301488425208 0
    endloop
  endfacet
  facet normal -0.42261826174072825 -0.9063077870366365 0
    outer loop
      vertex 36.1168416076895 34.3338636441065 0
      vertex 36.19592786697269 34.296985115747916 0
      vertex 36.19592786697269 34.296985115747916 4
    endloop
  endfacet
  facet normal -0.42261826174072825 -0.9063077870366365 0
    outer loop
      vertex 36.1168416076895 34.3338636441065 0
      vertex 36.19592786697269 34.296985115747916 4
      vertex 36.1168416076895 34.3338636441065 4
    endloop
  endfacet
  facet normal 0 0 -1
    outer loop
      vertex 36.1168416076895 34.3338636441065 0
      vertex 40.1 42 0
      vertex 36.19592786697269 34.296985115747916 0
    endloop
  endfacet
  facet normal 0 0 1
    outer loop
      vertex 36.1168416076895 34.3338636441065 4
      vertex 36.19592786697269 34.296985115747916 4
      vertex 40.1 42 4
    endloop
  endfacet
  facet normal -0.45399049973953143 0.8910065241883758 0
    outer loop
      vertex 36.19592786697269 -0.2969851157479182 0
      vertex 36.19592786697269 -0.2969851157479182 4
      vertex 36.273678906964726 -0.25736898214731774 0
    endloop
  endfacet
  facet normal 0 0 -1
    outer loop
      vertex 36.19592786697269 -0.2969851157479182 0
      vertex 36.273678906964726 -0.25736898214731774 0
      vertex 40.1 -8 0
    endloop
  endfacet
  facet normal -0.45399049973953143 0.8910065241883758 0
    outer loop
      vertex 36.19592786697269 -0.2969851157479182 4
      vertex 36.273678906964726 -0.25736898214731774 4
      vertex 36.273678906964726 -0.25736898214731774 0
    endloop
  endfacet
  facet normal 0 0 1
    outer loop
      vertex 36.19592786697269 -0.2969851157479182 4
      vertex 40.1 -8 4
      vertex 36.273678906964726 -0.25736898214731774 4
    endloop
  endfacet
  facet normal 0 0 -1
    outer loop
      vertex 36.19592786697269 4.196985115747918 0
      vertex 36.19592786697269 29.80301488425208 0
      vertex 36.273678906964726 29.842631017852682 0
    endloop
  endfacet
  facet normal -0.45399049973953953 -0.8910065241883717 0
    outer loop
      vertex 36.19592786697269 4.196985115747918 0
      vertex 36.273678906964726 4.157368982147316 0
      vertex 36.273678906964726 4.157368982147316 4
    endloop
  endfacet
  facet normal -0.45399049973953953 -0.8910065241883717 0
    outer loop
      vertex 36.19592786697269 4.196985115747918 0
      vertex 36.273678906964726 4.157368982147316 4
      vertex 36.19592786697269 4.196985115747918 4
    endloop
  endfacet
  facet normal 0 0 -1
    outer loop
      vertex 36.19592786697269 4.196985115747918 0
      vertex 36.273678906964726 29.842631017852682 0
      vertex 36.273678906964726 4.157368982147316 0
    endloop
  endfacet
  facet normal 0 0 1
    outer loop
      vertex 36.19592786697269 4.196985115747918 4
      vertex 36.273678906964726 4.157368982147316 4
      vertex 36.19592786697269 29.80301488425208 4
    endloop
  endfacet
  facet normal -0.45399049973955563 0.8910065241883632 0
    outer loop
      vertex 36.19592786697269 29.80301488425208 0
      vertex 36.19592786697269 29.80301488425208 4
      vertex 36.273678906964726 29.842631017852682 0
    endloop
  endfacet
  facet normal 0 0 1
    outer loop
      vertex 36.19592786697269 29.80301488425208 4
      vertex 36.273678906964726 4.157368982147316 4
      vertex 36.273678906964726 29.842631017852682 4
    endloop
  endfacet
  facet normal -0.45399049973955563 0.8910065241883632 0
    outer loop
      vertex 36.19592786697269 29.80301488425208 4
      vertex 36.273678906964726 29.842631017852682 4
      vertex 36.273678906964726 29.842631017852682 0
    endloop
  endfacet
  facet normal -0.45399049973955563 -0.8910065241883632 0
    outer loop
      vertex 36.19592786697269 34.296985115747916 0
      vertex 36.273678906964726 34.25736898214731 0
      vertex 36.273678906964726 34.25736898214731 4
    endloop
  endfacet
  facet normal -0.45399049973955563 -0.8910065241883632 0
    outer loop
      vertex 36.19592786697269 34.296985115747916 0
      vertex 36.273678906964726 34.25736898214731 4
      vertex 36.19592786697269 34.296985115747916 4
    endloop
  endfacet
  facet normal 0 0 -1
    outer loop
      vertex 36.19592786697269 34.296985115747916 0
      vertex 40.1 42 0
      vertex 36.273678906964726 34.25736898214731 0
    endloop
  endfacet
  facet normal 0 0 1
    outer loop
      vertex 36.19592786697269 34.296985115747916 4
      vertex 36.273678906964726 34.25736898214731 4
      vertex 40.1 42 4
    endloop
  endfacet
  facet normal -0.484809620246324 0.874619707139403 0
    outer loop
      vertex 36.273678906964726 -0.25736898214731774 0
      vertex 36.273678906964726 -0.25736898214731774 4
      vertex 36.35 -0.2150635094610971 0
    endloop
  endfacet
  facet normal 0 0 -1
    outer loop
      vertex 36.273678906964726 -0.25736898214731774 0
      vertex 36.35 -0.2150635094610971 0
      vertex 40.1 -8 0
    endloop
  endfacet
  facet normal -0.484809620246324 0.874619707139403 0
    outer loop
      vertex 36.273678906964726 -0.25736898214731774 4
      vertex 36.35 -0.2150635094610971 4
      vertex 36.35 -0.2150635094610971 0
    endloop
  endfacet
  facet normal 0 0 1
    outer loop
      vertex 36.273678906964726 -0.25736898214731774 4
      vertex 40.1 -8 4
      vertex 36.35 -0.2150635094610971 4
    endloop
  endfacet
  facet normal 0 0 -1
    outer loop
      vertex 36.273678906964726 4.157368982147316 0
      vertex 36.273678906964726 29.842631017852682 0
      vertex 36.35 29.884936490538898 0
    endloop
  endfacet
  facet normal -0.4848096202463318 -0.8746197071393986 0
    outer loop
      vertex 36.273678906964726 4.157368982147316 0
      vertex 36.35 4.115063509461095 0
      vertex 36.35 4.115063509461095 4
    endloop
  endfacet
  facet normal -0.4848096202463318 -0.8746197071393986 0
    outer loop
      vertex 36.273678906964726 4.157368982147316 0
      vertex 36.35 4.115063509461095 4
      vertex 36.273678906964726 4.157368982147316 4
    endloop
  endfacet
  facet normal 0 0 -1
    outer loop
      vertex 36.273678906964726 4.157368982147316 0
      vertex 36.35 29.884936490538898 0
      vertex 36.35 4.115063509461095 0
    endloop
  endfacet
  facet normal 0 0 1
    outer loop
      vertex 36.273678906964726 4.157368982147316 4
      vertex 36.35 4.115063509461095 4
      vertex 36.273678906964726 29.842631017852682 4
    endloop
  endfacet
  facet normal -0.4848096202462851 0.8746197071394245 0
    outer loop
      vertex 36.273678906964726 29.842631017852682 0
      vertex 36.273678906964726 29.842631017852682 4
      vertex 36.35 29.884936490538898 0
    endloop
  endfacet
  facet normal 0 0 1
    outer loop
      vertex 36.273678906964726 29.842631017852682 4
      vertex 36.35 4.115063509461095 4
      vertex 36.35 29.884936490538898 4
    endloop
  endfacet
  facet normal -0.4848096202462851 0.8746197071394245 0
    outer loop
      vertex 36.273678906964726 29.842631017852682 4
      vertex 36.35 29.884936490538898 4
      vertex 36.35 29.884936490538898 0
    endloop
  endfacet
  facet normal -0.4848096202462851 -0.8746197071394245 0
    outer loop
      vertex 36.273678906964726 34.25736898214731 0
      vertex 36.35 34.215063509461096 0
      vertex 36.35 34.215063509461096 4
    endloop
  endfacet
  facet normal -0.4848096202462851 -0.8746197071394245 0
    outer loop
      vertex 36.273678906964726 34.25736898214731 0
      vertex 36.35 34.215063509461096 4
      vertex 36.273678906964726 34.25736898214731 4
    endloop
  endfacet
  facet normal 0 0 -1
    outer loop
      vertex 36.273678906964726 34.25736898214731 0
      vertex 40.1 42 0
      vertex 36.35 34.215063509461096 0
    endloop
  endfacet
  facet normal 0 0 1
    outer loop
      vertex 36.273678906964726 34.25736898214731 4
      vertex 36.35 34.215063509461096 4
      vertex 40.1 42 4
    endloop
  endfacet
  facet normal -0.5150380749100371 0.8571673007021227 0
    outer loop
      vertex 36.35 -0.2150635094610971 0
      vertex 36.35 -0.2150635094610971 4
      vertex 36.424798160583016 -0.170120240391066 0
    endloop
  endfacet
  facet normal 0 0 -1
    outer loop
      vertex 36.35 -0.2150635094610971 0
      vertex 36.424798160583016 -0.170120240391066 0
      vertex 40.1 -8 0
    endloop
  endfacet
  facet normal -0.5150380749100371 0.8571673007021227 0
    outer loop
      vertex 36.35 -0.2150635094610971 4
      vertex 36.424798160583016 -0.170120240391066 4
      vertex 36.424798160583016 -0.170120240391066 0
    endloop
  endfacet
  facet normal 0 0 1
    outer loop
      vertex 36.35 -0.2150635094610971 4
      vertex 40.1 -8 4
      vertex 36.424798160583016 -0.170120240391066 4
    endloop
  endfacet
  facet normal 0 0 -1
    outer loop
      vertex 36.35 4.115063509461095 0
      vertex 36.35 29.884936490538898 0
      vertex 36.424798160583016 29.92987975960893 0
    endloop
  endfacet
  facet normal -0.5150380749100295 -0.8571673007021271 0
    outer loop
      vertex 36.35 4.115063509461095 0
      vertex 36.424798160583016 4.070120240391065 0
      vertex 36.424798160583016 4.070120240391065 4
    endloop
  endfacet
  facet normal -0.5150380749100295 -0.8571673007021271 0
    outer loop
      vertex 36.35 4.115063509461095 0
      vertex 36.424798160583016 4.070120240391065 4
      vertex 36.35 4.115063509461095 4
    endloop
  endfacet
  facet normal 0 0 -1
    outer loop
      vertex 36.35 4.115063509461095 0
      vertex 36.424798160583016 29.92987975960893 0
      vertex 36.424798160583016 4.070120240391065 0
    endloop
  endfacet
  facet normal 0 0 1
    outer loop
      vertex 36.35 4.115063509461095 4
      vertex 36.424798160583016 4.070120240391065 4
      vertex 36.35 29.884936490538898 4
    endloop
  endfacet
  facet normal -0.5150380749100444 0.8571673007021181 0
    outer loop
      vertex 36.35 29.884936490538898 0
      vertex 36.35 29.884936490538898 4
      vertex 36.424798160583016 29.92987975960893 0
    endloop
  endfacet
  facet normal 0 0 1
    outer loop
      vertex 36.35 29.884936490538898 4
      vertex 36.424798160583016 4.070120240391065 4
      vertex 36.424798160583016 29.92987975960893 4
    endloop
  endfacet
  facet normal -0.5150380749100444 0.8571673007021181 0
    outer loop
      vertex 36.35 29.884936490538898 4
      vertex 36.424798160583016 29.92987975960893 4
      vertex 36.424798160583016 29.92987975960893 0
    endloop
  endfacet
  facet normal -0.5150380749100444 -0.8571673007021181 0
    outer loop
      vertex 36.35 34.215063509461096 0
      vertex 36.424798160583016 34.170120240391064 0
      vertex 36.424798160583016 34.170120240391064 4
    endloop
  endfacet
  facet normal -0.5150380749100444 -0.8571673007021181 0
    outer loop
      vertex 36.35 34.215063509461096 0
      vertex 36.424798160583016 34.170120240391064 4
      vertex 36.35 34.215063509461096 4
    endloop
  endfacet
  facet normal 0 0 -1
    outer loop
      vertex 36.35 34.215063509461096 0
      vertex 40.1 42 0
      vertex 36.424798160583016 34.170120240391064 0
    endloop
  endfacet
  facet normal 0 0 1
    outer loop
      vertex 36.35 34.215063509461096 4
      vertex 36.424798160583016 34.170120240391064 4
      vertex 40.1 42 4
    endloop
  endfacet
  facet normal -0.5446390350150724 0.8386705679453945 0
    outer loop
      vertex 36.424798160583016 -0.170120240391066 0
      vertex 36.424798160583016 -0.170120240391066 4
      vertex 36.49798225867686 -0.12259393138760455 0
    endloop
  endfacet
  facet normal 0 0 -1
    outer loop
      vertex 36.424798160583016 -0.170120240391066 0
      vertex 36.49798225867686 -0.12259393138760455 0
      vertex 40.1 -8 0
    endloop
  endfacet
  facet normal -0.5446390350150724 0.8386705679453945 0
    outer loop
      vertex 36.424798160583016 -0.170120240391066 4
      vertex 36.49798225867686 -0.12259393138760455 4
      vertex 36.49798225867686 -0.12259393138760455 0
    endloop
  endfacet
  facet normal 0 0 1
    outer loop
      vertex 36.424798160583016 -0.170120240391066 4
      vertex 40.1 -8 4
      vertex 36.49798225867686 -0.12259393138760455 4
    endloop
  endfacet
  facet normal 0 0 -1
    outer loop
      vertex 36.424798160583016 4.070120240391065 0
      vertex 36.424798160583016 29.92987975960893 0
      vertex 36.49798225867686 29.977406068612396 0
    endloop
  endfacet
  facet normal -0.5446390350150652 -0.8386705679453992 0
    outer loop
      vertex 36.424798160583016 4.070120240391065 0
      vertex 36.49798225867686 4.022593931387604 0
      vertex 36.49798225867686 4.022593931387604 4
    endloop
  endfacet
  facet normal -0.5446390350150652 -0.8386705679453992 0
    outer loop
      vertex 36.424798160583016 4.070120240391065 0
      vertex 36.49798225867686 4.022593931387604 4
      vertex 36.424798160583016 4.070120240391065 4
    endloop
  endfacet
  facet normal 0 0 -1
    outer loop
      vertex 36.424798160583016 4.070120240391065 0
      vertex 36.49798225867686 29.977406068612396 0
      vertex 36.49798225867686 4.022593931387604 0
    endloop
  endfacet
  facet normal 0 0 1
    outer loop
      vertex 36.424798160583016 4.070120240391065 4
      vertex 36.49798225867686 4.022593931387604 4
      vertex 36.424798160583016 29.92987975960893 4
    endloop
  endfacet
  facet normal -0.5446390350151081 0.8386705679453713 0
    outer loop
      vertex 36.424798160583016 29.92987975960893 0
      vertex 36.424798160583016 29.92987975960893 4
      vertex 36.49798225867686 29.977406068612396 0
    endloop
  endfacet
  facet normal 0 0 1
    outer loop
      vertex 36.424798160583016 29.92987975960893 4
      vertex 36.49798225867686 4.022593931387604 4
      vertex 36.49798225867686 29.977406068612396 4
    endloop
  endfacet
  facet normal -0.5446390350151081 0.8386705679453713 0
    outer loop
      vertex 36.424798160583016 29.92987975960893 4
      vertex 36.49798225867686 29.977406068612396 4
      vertex 36.49798225867686 29.977406068612396 0
    endloop
  endfacet
  facet normal -0.5446390350151081 -0.8386705679453713 0
    outer loop
      vertex 36.424798160583016 34.170120240391064 0
      vertex 36.49798225867686 34.1225939313876 0
      vertex 36.49798225867686 34.1225939313876 4
    endloop
  endfacet
  facet normal -0.5446390350151081 -0.8386705679453713 0
    outer loop
      vertex 36.424798160583016 34.170120240391064 0
      vertex 36.49798225867686 34.1225939313876 4
      vertex 36.424798160583016 34.170120240391064 4
    endloop
  endfacet
  facet normal 0 0 -1
    outer loop
      vertex 36.424798160583016 34.170120240391064 0
      vertex 40.1 42 0
      vertex 36.49798225867686 34.1225939313876 0
    endloop
  endfacet
  facet normal 0 0 1
    outer loop
      vertex 36.424798160583016 34.170120240391064 4
      vertex 36.49798225867686 34.1225939313876 4
      vertex 40.1 42 4
    endloop
  endfacet
  facet normal -0.573576436351006 0.81915204428902 0
    outer loop
      vertex 36.49798225867686 -0.12259393138760455 0
      vertex 36.49798225867686 -0.12259393138760455 4
      vertex 36.56946313073119 -0.0725424859373689 0
    endloop
  endfacet
  facet normal 0 0 -1
    outer loop
      vertex 36.49798225867686 -0.12259393138760455 0
      vertex 36.56946313073119 -0.0725424859373689 0
      vertex 40.1 -8 0
    endloop
  endfacet
  facet normal -0.573576436351006 0.81915204428902 0
    outer loop
      vertex 36.49798225867686 -0.12259393138760455 4
      vertex 36.56946313073119 -0.0725424859373689 4
      vertex 36.56946313073119 -0.0725424859373689 0
    endloop
  endfacet
  facet normal 0 0 1
    outer loop
      vertex 36.49798225867686 -0.12259393138760455 4
      vertex 40.1 -8 4
      vertex 36.56946313073119 -0.0725424859373689 4
    endloop
  endfacet
  facet normal 0 0 -1
    outer loop
      vertex 36.49798225867686 4.022593931387604 0
      vertex 36.49798225867686 29.977406068612396 0
      vertex 36.56946313073119 30.027457514062625 0
    endloop
  endfacet
  facet normal -0.5735764363510127 -0.8191520442890151 0
    outer loop
      vertex 36.49798225867686 4.022593931387604 0
      vertex 36.56946313073119 3.9725424859373675 0
      vertex 36.56946313073119 3.9725424859373675 4
    endloop
  endfacet
  facet normal -0.5735764363510127 -0.8191520442890151 0
    outer loop
      vertex 36.49798225867686 4.022593931387604 0
      vertex 36.56946313073119 3.9725424859373675 4
      vertex 36.49798225867686 4.022593931387604 4
    endloop
  endfacet
  facet normal 0 0 -1
    outer loop
      vertex 36.49798225867686 4.022593931387604 0
      vertex 36.56946313073119 30.027457514062625 0
      vertex 36.56946313073119 3.9725424859373675 0
    endloop
  endfacet
  facet normal 0 0 1
    outer loop
      vertex 36.49798225867686 4.022593931387604 4
      vertex 36.56946313073119 3.9725424859373675 4
      vertex 36.49798225867686 29.977406068612396 4
    endloop
  endfacet
  facet normal -0.573576436350958 0.8191520442890533 0
    outer loop
      vertex 36.49798225867686 29.977406068612396 0
      vertex 36.49798225867686 29.977406068612396 4
      vertex 36.56946313073119 30.027457514062625 0
    endloop
  endfacet
  facet normal 0 0 1
    outer loop
      vertex 36.49798225867686 29.977406068612396 4
      vertex 36.56946313073119 3.9725424859373675 4
      vertex 36.56946313073119 30.027457514062625 4
    endloop
  endfacet
  facet normal -0.573576436350958 0.8191520442890533 0
    outer loop
      vertex 36.49798225867686 29.977406068612396 4
      vertex 36.56946313073119 30.027457514062625 4
      vertex 36.56946313073119 30.027457514062625 0
    endloop
  endfacet
  facet normal -0.573576436350958 -0.8191520442890533 0
    outer loop
      vertex 36.49798225867686 34.1225939313876 0
      vertex 36.56946313073119 34.07254248593737 0
      vertex 36.56946313073119 34.07254248593737 4
    endloop
  endfacet
  facet normal -0.573576436350958 -0.8191520442890533 0
    outer loop
      vertex 36.49798225867686 34.1225939313876 0
      vertex 36.56946313073119 34.07254248593737 4
      vertex 36.49798225867686 34.1225939313876 4
    endloop
  endfacet
  facet normal 0 0 -1
    outer loop
      vertex 36.49798225867686 34.1225939313876 0
      vertex 40.1 42 0
      vertex 36.56946313073119 34.07254248593737 0
    endloop
  endfacet
  facet normal 0 0 1
    outer loop
      vertex 36.49798225867686 34.1225939313876 4
      vertex 36.56946313073119 34.07254248593737 4
      vertex 40.1 42 4
    endloop
  endfacet
  facet normal -0.6018150231520702 0.7986355100472764 0
    outer loop
      vertex 36.56946313073119 -0.0725424859373689 0
      vertex 36.56946313073119 -0.0725424859373689 4
      vertex 36.639153688314146 -0.02002688401680519 0
    endloop
  endfacet
  facet normal 0 0 -1
    outer loop
      vertex 36.56946313073119 -0.0725424859373689 0
      vertex 36.639153688314146 -0.02002688401680519 0
      vertex 40.1 -8 0
    endloop
  endfacet
  facet normal -0.6018150231520702 0.7986355100472764 0
    outer loop
      vertex 36.56946313073119 -0.0725424859373689 4
      vertex 36.639153688314146 -0.02002688401680519 4
      vertex 36.639153688314146 -0.02002688401680519 0
    endloop
  endfacet
  facet normal 0 0 1
    outer loop
      vertex 36.56946313073119 -0.0725424859373689 4
      vertex 40.1 -8 4
      vertex 36.639153688314146 -0.02002688401680519 4
    endloop
  endfacet
  facet normal 0 0 -1
    outer loop
      vertex 36.56946313073119 3.9725424859373675 0
      vertex 36.56946313073119 30.027457514062625 0
      vertex 36.639153688314146 30.079973115983194 0
    endloop
  endfacet
  facet normal -0.6018150231520637 -0.7986355100472812 0
    outer loop
      vertex 36.56946313073119 3.9725424859373675 0
      vertex 36.639153688314146 3.9200268840168047 0
      vertex 36.639153688314146 3.9200268840168047 4
    endloop
  endfacet
  facet normal -0.6018150231520637 -0.7986355100472812 0
    outer loop
      vertex 36.56946313073119 3.9725424859373675 0
      vertex 36.639153688314146 3.9200268840168047 4
      vertex 36.56946313073119 3.9725424859373675 4
    endloop
  endfacet
  facet normal 0 0 -1
    outer loop
      vertex 36.56946313073119 3.9725424859373675 0
      vertex 36.639153688314146 30.079973115983194 0
      vertex 36.639153688314146 3.9200268840168047 0
    endloop
  endfacet
  facet normal 0 0 1
    outer loop
      vertex 36.56946313073119 3.9725424859373675 4
      vertex 36.639153688314146 3.9200268840168047 4
      vertex 36.56946313073119 30.027457514062625 4
    endloop
  endfacet
  facet normal -0.6018150231521028 0.798635510047252 0
    outer loop
      vertex 36.56946313073119 30.027457514062625 0
      vertex 36.56946313073119 30.027457514062625 4
      vertex 36.639153688314146 30.079973115983194 0
    endloop
  endfacet
  facet normal 0 0 1
    outer loop
      vertex 36.56946313073119 30.027457514062625 4
      vertex 36.639153688314146 3.9200268840168047 4
      vertex 36.639153688314146 30.079973115983194 4
    endloop
  endfacet
  facet normal -0.6018150231521028 0.798635510047252 0
    outer loop
      vertex 36.56946313073119 30.027457514062625 4
      vertex 36.639153688314146 30.079973115983194 4
      vertex 36.639153688314146 30.079973115983194 0
    endloop
  endfacet
  facet normal -0.6018150231521028 -0.798635510047252 0
    outer loop
      vertex 36.56946313073119 34.07254248593737 0
      vertex 36.639153688314146 34.0200268840168 0
      vertex 36.639153688314146 34.0200268840168 4
    endloop
  endfacet
  facet normal -0.6018150231521028 -0.798635510047252 0
    outer loop
      vertex 36.56946313073119 34.07254248593737 0
      vertex 36.639153688314146 34.0200268840168 4
      vertex 36.56946313073119 34.07254248593737 4
    endloop
  endfacet
  facet normal 0 0 -1
    outer loop
      vertex 36.56946313073119 34.07254248593737 0
      vertex 40.1 42 0
      vertex 36.639153688314146 34.0200268840168 0
    endloop
  endfacet
  facet normal 0 0 1
    outer loop
      vertex 36.56946313073119 34.07254248593737 4
      vertex 36.639153688314146 34.0200268840168 4
      vertex 40.1 42 4
    endloop
  endfacet
  facet normal -0.6293203910497899 0.7771459614570093 0
    outer loop
      vertex 36.639153688314146 -0.02002688401680519 0
      vertex 36.639153688314146 -0.02002688401680519 4
      vertex 36.706969024216356 0.03488889220255409 0
    endloop
  endfacet
  facet normal 0 0 -1
    outer loop
      vertex 36.639153688314146 -0.02002688401680519 0
      vertex 36.706969024216356 0.03488889220255409 0
      vertex 40.1 -8 0
    endloop
  endfacet
  facet normal -0.6293203910497899 0.7771459614570093 0
    outer loop
      vertex 36.639153688314146 -0.02002688401680519 4
      vertex 36.706969024216356 0.03488889220255409 4
      vertex 36.706969024216356 0.03488889220255409 0
    endloop
  endfacet
  facet normal 0 0 1
    outer loop
      vertex 36.639153688314146 -0.02002688401680519 4
      vertex 40.1 -8 4
      vertex 36.706969024216356 0.03488889220255409 4
    endloop
  endfacet
  facet normal 0 0 -1
    outer loop
      vertex 36.639153688314146 3.9200268840168047 0
      vertex 36.639153688314146 30.079973115983194 0
      vertex 36.706969024216356 30.134888892202554 0
    endloop
  endfacet
  facet normal -0.6293203910497961 -0.7771459614570044 0
    outer loop
      vertex 36.639153688314146 3.9200268840168047 0
      vertex 36.706969024216356 3.8651111077974445 0
      vertex 36.706969024216356 3.8651111077974445 4
    endloop
  endfacet
  facet normal -0.6293203910497961 -0.7771459614570044 0
    outer loop
      vertex 36.639153688314146 3.9200268840168047 0
      vertex 36.706969024216356 3.8651111077974445 4
      vertex 36.639153688314146 3.9200268840168047 4
    endloop
  endfacet
  facet normal 0 0 -1
    outer loop
      vertex 36.639153688314146 3.9200268840168047 0
      vertex 36.706969024216356 30.134888892202554 0
      vertex 36.706969024216356 3.8651111077974445 0
    endloop
  endfacet
  facet normal 0 0 1
    outer loop
      vertex 36.639153688314146 3.9200268840168047 4
      vertex 36.706969024216356 3.8651111077974445 4
      vertex 36.639153688314146 30.079973115983194 4
    endloop
  endfacet
  facet normal -0.6293203910497961 0.7771459614570044 0
    outer loop
      vertex 36.639153688314146 30.079973115983194 0
      vertex 36.639153688314146 30.079973115983194 4
      vertex 36.706969024216356 30.134888892202554 0
    endloop
  endfacet
  facet normal 0 0 1
    outer loop
      vertex 36.639153688314146 30.079973115983194 4
      vertex 36.706969024216356 3.8651111077974445 4
      vertex 36.706969024216356 30.134888892202554 4
    endloop
  endfacet
  facet normal -0.6293203910497961 0.7771459614570044 0
    outer loop
      vertex 36.639153688314146 30.079973115983194 4
      vertex 36.706969024216356 30.134888892202554 4
      vertex 36.706969024216356 30.134888892202554 0
    endloop
  endfacet
  facet normal -0.6293203910497961 -0.7771459614570044 0
    outer loop
      vertex 36.639153688314146 34.0200268840168 0
      vertex 36.706969024216356 33.96511110779744 0
      vertex 36.706969024216356 33.96511110779744 4
    endloop
  endfacet
  facet normal -0.6293203910497961 -0.7771459614570044 0
    outer loop
      vertex 36.639153688314146 34.0200268840168 0
      vertex 36.706969024216356 33.96511110779744 4
      vertex 36.639153688314146 34.0200268840168 4
    endloop
  endfacet
  facet normal 0 0 -1
    outer loop
      vertex 36.639153688314146 34.0200268840168 0
      vertex 40.1 42 0
      vertex 36.706969024216356 33.96511110779744 0
    endloop
  endfacet
  facet normal 0 0 1
    outer loop
      vertex 36.639153688314146 34.0200268840168 4
      vertex 36.706969024216356 33.96511110779744 4
      vertex 40.1 42 4
    endloop
  endfacet
  facet normal -0.6560590289905643 0.7547095802227225 0
    outer loop
      vertex 36.706969024216356 0.03488889220255409 0
      vertex 36.706969024216356 0.03488889220255409 4
      vertex 36.772826515897144 0.09213793630651423 0
    endloop
  endfacet
  facet normal 0 0 -1
    outer loop
      vertex 36.706969024216356 0.03488889220255409 0
      vertex 36.772826515897144 0.09213793630651423 0
      vertex 40.1 -8 0
    endloop
  endfacet
  facet normal -0.6560590289905643 0.7547095802227225 0
    outer loop
      vertex 36.706969024216356 0.03488889220255409 4
      vertex 36.772826515897144 0.09213793630651423 4
      vertex 36.772826515897144 0.09213793630651423 0
    endloop
  endfacet
  facet normal 0 0 1
    outer loop
      vertex 36.706969024216356 0.03488889220255409 4
      vertex 40.1 -8 4
      vertex 36.772826515897144 0.09213793630651423 4
    endloop
  endfacet
  facet normal 0 0 -1
    outer loop
      vertex 36.706969024216356 3.8651111077974445 0
      vertex 36.706969024216356 30.134888892202554 0
      vertex 36.772826515897144 30.19213793630651 0
    endloop
  endfacet
  facet normal -0.6560590289905643 -0.7547095802227225 0
    outer loop
      vertex 36.706969024216356 3.8651111077974445 0
      vertex 36.772826515897144 3.8078620636934843 0
      vertex 36.772826515897144 3.8078620636934843 4
    endloop
  endfacet
  facet normal -0.6560590289905643 -0.7547095802227225 0
    outer loop
      vertex 36.706969024216356 3.8651111077974445 0
      vertex 36.772826515897144 3.8078620636934843 4
      vertex 36.706969024216356 3.8651111077974445 4
    endloop
  endfacet
  facet normal 0 0 -1
    outer loop
      vertex 36.706969024216356 3.8651111077974445 0
      vertex 36.772826515897144 30.19213793630651 0
      vertex 36.772826515897144 3.8078620636934843 0
    endloop
  endfacet
  facet normal 0 0 1
    outer loop
      vertex 36.706969024216356 3.8651111077974445 4
      vertex 36.772826515897144 3.8078620636934843 4
      vertex 36.706969024216356 30.134888892202554 4
    endloop
  endfacet
  facet normal -0.6560590289905295 0.7547095802227527 0
    outer loop
      vertex 36.706969024216356 30.134888892202554 0
      vertex 36.706969024216356 30.134888892202554 4
      vertex 36.772826515897144 30.19213793630651 0
    endloop
  endfacet
  facet normal 0 0 1
    outer loop
      vertex 36.706969024216356 30.134888892202554 4
      vertex 36.772826515897144 3.8078620636934843 4
      vertex 36.772826515897144 30.19213793630651 4
    endloop
  endfacet
  facet normal -0.6560590289905295 0.7547095802227527 0
    outer loop
      vertex 36.706969024216356 30.134888892202554 4
      vertex 36.772826515897144 30.19213793630651 4
      vertex 36.772826515897144 30.19213793630651 0
    endloop
  endfacet
  facet normal -0.6560590289905295 -0.7547095802227527 0
    outer loop
      vertex 36.706969024216356 33.96511110779744 0
      vertex 36.772826515897144 33.907862063693486 0
      vertex 36.772826515897144 33.907862063693486 4
    endloop
  endfacet
  facet normal -0.6560590289905295 -0.7547095802227527 0
    outer loop
      vertex 36.706969024216356 33.96511110779744 0
      vertex 36.772826515897144 33.907862063693486 4
      vertex 36.706969024216356 33.96511110779744 4
    endloop
  endfacet
  facet normal 0 0 -1
    outer loop
      vertex 36.706969024216356 33.96511110779744 0
      vertex 40.1 42 0
      vertex 36.772826515897144 33.907862063693486 0
    endloop
  endfacet
  facet normal 0 0 1
    outer loop
      vertex 36.706969024216356 33.96511110779744 4
      vertex 36.772826515897144 33.907862063693486 4
      vertex 40.1 42 4
    endloop
  endfacet
  facet normal -0.6819983600625019 0.7313537016191675 0
    outer loop
      vertex 36.772826515897144 0.09213793630651423 0
      vertex 36.772826515897144 0.09213793630651423 4
      vertex 36.83664592614749 0.15165049915337114 0
    endloop
  endfacet
  facet normal 0 0 -1
    outer loop
      vertex 36.772826515897144 0.09213793630651423 0
      vertex 36.83664592614749 0.15165049915337114 0
      vertex 40.1 -8 0
    endloop
  endfacet
  facet normal -0.6819983600625019 0.7313537016191675 0
    outer loop
      vertex 36.772826515897144 0.09213793630651423 4
      vertex 36.83664592614749 0.15165049915337114 4
      vertex 36.83664592614749 0.15165049915337114 0
    endloop
  endfacet
  facet normal 0 0 1
    outer loop
      vertex 36.772826515897144 0.09213793630651423 4
      vertex 40.1 -8 4
      vertex 36.83664592614749 0.15165049915337114 4
    endloop
  endfacet
  facet normal 0 0 -1
    outer loop
      vertex 36.772826515897144 3.8078620636934843 0
      vertex 36.772826515897144 30.19213793630651 0
      vertex 36.83664592614749 30.25165049915337 0
    endloop
  endfacet
  facet normal -0.6819983600625019 -0.7313537016191675 0
    outer loop
      vertex 36.772826515897144 3.8078620636934843 0
      vertex 36.83664592614749 3.7483495008466274 0
      vertex 36.83664592614749 3.7483495008466274 4
    endloop
  endfacet
  facet normal -0.6819983600625019 -0.7313537016191675 0
    outer loop
      vertex 36.772826515897144 3.8078620636934843 0
      vertex 36.83664592614749 3.7483495008466274 4
      vertex 36.772826515897144 3.8078620636934843 4
    endloop
  endfacet
  facet normal 0 0 -1
    outer loop
      vertex 36.772826515897144 3.8078620636934843 0
      vertex 36.83664592614749 30.25165049915337 0
      vertex 36.83664592614749 3.7483495008466274 0
    endloop
  endfacet
  facet normal 0 0 1
    outer loop
      vertex 36.772826515897144 3.8078620636934843 4
      vertex 36.83664592614749 3.7483495008466274 4
      vertex 36.772826515897144 30.19213793630651 4
    endloop
  endfacet
  facet normal -0.6819983600625344 0.7313537016191368 0
    outer loop
      vertex 36.772826515897144 30.19213793630651 0
      vertex 36.772826515897144 30.19213793630651 4
      vertex 36.83664592614749 30.25165049915337 0
    endloop
  endfacet
  facet normal 0 0 1
    outer loop
      vertex 36.772826515897144 30.19213793630651 4
      vertex 36.83664592614749 3.7483495008466274 4
      vertex 36.83664592614749 30.25165049915337 4
    endloop
  endfacet
  facet normal -0.6819983600625344 0.7313537016191368 0
    outer loop
      vertex 36.772826515897144 30.19213793630651 4
      vertex 36.83664592614749 30.25165049915337 4
      vertex 36.83664592614749 30.25165049915337 0
    endloop
  endfacet
  facet normal -0.6819983600625344 -0.7313537016191368 0
    outer loop
      vertex 36.772826515897144 33.907862063693486 0
      vertex 36.83664592614749 33.84834950084662 0
      vertex 36.83664592614749 33.84834950084662 4
    endloop
  endfacet
  facet normal -0.6819983600625344 -0.7313537016191368 0
    outer loop
      vertex 36.772826515897144 33.907862063693486 0
      vertex 36.83664592614749 33.84834950084662 4
      vertex 36.772826515897144 33.907862063693486 4
    endloop
  endfacet
  facet normal 0 0 -1
    outer loop
      vertex 36.772826515897144 33.907862063693486 0
      vertex 40.1 42 0
      vertex 36.83664592614749 33.84834950084662 0
    endloop
  endfacet
  facet normal 0 0 1
    outer loop
      vertex 36.772826515897144 33.907862063693486 4
      vertex 36.83664592614749 33.84834950084662 4
      vertex 40.1 42 4
    endloop
  endfacet
  facet normal -0.7071067811865372 0.7071067811865577 0
    outer loop
      vertex 36.83664592614749 0.15165049915337114 0
      vertex 36.83664592614749 0.15165049915337114 4
      vertex 36.89834950084663 0.21335407385250704 0
    endloop
  endfacet
  facet normal 0 0 -1
    outer loop
      vertex 36.83664592614749 0.15165049915337114 0
      vertex 36.89834950084663 0.21335407385250704 0
      vertex 40.1 -8 0
    endloop
  endfacet
  facet normal -0.7071067811865372 0.7071067811865577 0
    outer loop
      vertex 36.83664592614749 0.15165049915337114 4
      vertex 36.89834950084663 0.21335407385250704 4
      vertex 36.89834950084663 0.21335407385250704 0
    endloop
  endfacet
  facet normal 0 0 1
    outer loop
      vertex 36.83664592614749 0.15165049915337114 4
      vertex 40.1 -8 4
      vertex 36.89834950084663 0.21335407385250704 4
    endloop
  endfacet
  facet normal 0 0 -1
    outer loop
      vertex 36.83664592614749 3.7483495008466274 0
      vertex 36.83664592614749 30.25165049915337 0
      vertex 36.89834950084663 30.3133540738525 0
    endloop
  endfacet
  facet normal -0.7071067811865372 -0.7071067811865577 0
    outer loop
      vertex 36.83664592614749 3.7483495008466274 0
      vertex 36.89834950084663 3.6866459261474915 0
      vertex 36.89834950084663 3.6866459261474915 4
    endloop
  endfacet
  facet normal -0.7071067811865372 -0.7071067811865577 0
    outer loop
      vertex 36.83664592614749 3.7483495008466274 0
      vertex 36.89834950084663 3.6866459261474915 4
      vertex 36.83664592614749 3.7483495008466274 4
    endloop
  endfacet
  facet normal 0 0 -1
    outer loop
      vertex 36.83664592614749 3.7483495008466274 0
      vertex 36.89834950084663 30.3133540738525 0
      vertex 36.89834950084663 3.6866459261474915 0
    endloop
  endfacet
  facet normal 0 0 1
    outer loop
      vertex 36.83664592614749 3.7483495008466274 4
      vertex 36.89834950084663 3.6866459261474915 4
      vertex 36.83664592614749 30.25165049915337 4
    endloop
  endfacet
  facet normal -0.7071067811865068 0.7071067811865882 0
    outer loop
      vertex 36.83664592614749 30.25165049915337 0
      vertex 36.83664592614749 30.25165049915337 4
      vertex 36.89834950084663 30.3133540738525 0
    endloop
  endfacet
  facet normal 0 0 1
    outer loop
      vertex 36.83664592614749 30.25165049915337 4
      vertex 36.89834950084663 3.6866459261474915 4
      vertex 36.89834950084663 30.3133540738525 4
    endloop
  endfacet
  facet normal -0.7071067811865068 0.7071067811865882 0
    outer loop
      vertex 36.83664592614749 30.25165049915337 4
      vertex 36.89834950084663 30.3133540738525 4
      vertex 36.89834950084663 30.3133540738525 0
    endloop
  endfacet
  facet normal -0.7071067811865068 -0.7071067811865882 0
    outer loop
      vertex 36.83664592614749 33.84834950084662 0
      vertex 36.89834950084663 33.78664592614749 0
      vertex 36.89834950084663 33.78664592614749 4
    endloop
  endfacet
  facet normal -0.7071067811865068 -0.7071067811865882 0
    outer loop
      vertex 36.83664592614749 33.84834950084662 0
      vertex 36.89834950084663 33.78664592614749 4
      vertex 36.83664592614749 33.84834950084662 4
    endloop
  endfacet
  facet normal 0 0 -1
    outer loop
      vertex 36.83664592614749 33.84834950084662 0
      vertex 40.1 42 0
      vertex 36.89834950084663 33.78664592614749 0
    endloop
  endfacet
  facet normal 0 0 1
    outer loop
      vertex 36.83664592614749 33.84834950084662 4
      vertex 36.89834950084663 33.78664592614749 4
      vertex 40.1 42 4
    endloop
  endfacet
  facet normal -0.7313537016191368 0.6819983600625344 0
    outer loop
      vertex 36.89834950084663 0.21335407385250704 0
      vertex 36.89834950084663 0.21335407385250704 4
      vertex 36.95786206369349 0.27717348410285325 0
    endloop
  endfacet
  facet normal 0 0 -1
    outer loop
      vertex 36.89834950084663 0.21335407385250704 0
      vertex 36.95786206369349 0.27717348410285325 0
      vertex 40.1 -8 0
    endloop
  endfacet
  facet normal -0.7313537016191368 0.6819983600625344 0
    outer loop
      vertex 36.89834950084663 0.21335407385250704 4
      vertex 36.95786206369349 0.27717348410285325 4
      vertex 36.95786206369349 0.27717348410285325 0
    endloop
  endfacet
  facet normal 0 0 1
    outer loop
      vertex 36.89834950084663 0.21335407385250704 4
      vertex 40.1 -8 4
      vertex 36.95786206369349 0.27717348410285325 4
    endloop
  endfacet
  facet normal 0 0 -1
    outer loop
      vertex 36.89834950084663 3.6866459261474915 0
      vertex 36.89834950084663 30.3133540738525 0
      vertex 36.95786206369349 30.377173484102855 0
    endloop
  endfacet
  facet normal -0.7313537016191368 -0.6819983600625344 0
    outer loop
      vertex 36.89834950084663 3.6866459261474915 0
      vertex 36.95786206369349 3.6228265158971453 0
      vertex 36.95786206369349 3.6228265158971453 4
    endloop
  endfacet
  facet normal -0.7313537016191368 -0.6819983600625344 0
    outer loop
      vertex 36.89834950084663 3.6866459261474915 0
      vertex 36.95786206369349 3.6228265158971453 4
      vertex 36.89834950084663 3.6866459261474915 4
    endloop
  endfacet
  facet normal 0 0 -1
    outer loop
      vertex 36.89834950084663 3.6866459261474915 0
      vertex 36.95786206369349 30.377173484102855 0
      vertex 36.95786206369349 3.6228265158971453 0
    endloop
  endfacet
  facet normal 0 0 1
    outer loop
      vertex 36.89834950084663 3.6866459261474915 4
      vertex 36.95786206369349 3.6228265158971453 4
      vertex 36.89834950084663 30.3133540738525 4
    endloop
  endfacet
  facet normal -0.7313537016191749 0.6819983600624939 0
    outer loop
      vertex 36.89834950084663 30.3133540738525 0
      vertex 36.89834950084663 30.3133540738525 4
      vertex 36.95786206369349 30.377173484102855 0
    endloop
  endfacet
  facet normal 0 0 1
    outer loop
      vertex 36.89834950084663 30.3133540738525 4
      vertex 36.95786206369349 3.6228265158971453 4
      vertex 36.95786206369349 30.377173484102855 4
    endloop
  endfacet
  facet normal -0.7313537016191749 0.6819983600624939 0
    outer loop
      vertex 36.89834950084663 30.3133540738525 4
      vertex 36.95786206369349 30.377173484102855 4
      vertex 36.95786206369349 30.377173484102855 0
    endloop
  endfacet
  facet normal -0.7313537016191749 -0.6819983600624939 0
    outer loop
      vertex 36.89834950084663 33.78664592614749 0
      vertex 36.95786206369349 33.72282651589714 0
      vertex 36.95786206369349 33.72282651589714 4
    endloop
  endfacet
  facet normal -0.7313537016191749 -0.6819983600624939 0
    outer loop
      vertex 36.89834950084663 33.78664592614749 0
      vertex 36.95786206369349 33.72282651589714 4
      vertex 36.89834950084663 33.78664592614749 4
    endloop
  endfacet
  facet normal 0 0 -1
    outer loop
      vertex 36.89834950084663 33.78664592614749 0
      vertex 40.1 42 0
      vertex 36.95786206369349 33.72282651589714 0
    endloop
  endfacet
  facet normal 0 0 1
    outer loop
      vertex 36.89834950084663 33.78664592614749 4
      vertex 36.95786206369349 33.72282651589714 4
      vertex 40.1 42 4
    endloop
  endfacet
  facet normal -0.7547095802228053 0.6560590289904691 0
    outer loop
      vertex 36.95786206369349 0.27717348410285325 0
      vertex 36.95786206369349 0.27717348410285325 4
      vertex 37.015111107797445 0.3430309757836518 0
    endloop
  endfacet
  facet normal 0 0 -1
    outer loop
      vertex 36.95786206369349 0.27717348410285325 0
      vertex 37.015111107797445 0.3430309757836518 0
      vertex 40.1 -8 0
    endloop
  endfacet
  facet normal -0.7547095802228053 0.6560590289904691 0
    outer loop
      vertex 36.95786206369349 0.27717348410285325 4
      vertex 37.015111107797445 0.3430309757836518 4
      vertex 37.015111107797445 0.3430309757836518 0
    endloop
  endfacet
  facet normal 0 0 1
    outer loop
      vertex 36.95786206369349 0.27717348410285325 4
      vertex 40.1 -8 4
      vertex 37.015111107797445 0.3430309757836518 4
    endloop
  endfacet
  facet normal 0 0 -1
    outer loop
      vertex 36.95786206369349 3.6228265158971453 0
      vertex 36.95786206369349 30.377173484102855 0
      vertex 37.015111107797445 30.44303097578365 0
    endloop
  endfacet
  facet normal -0.7547095802228053 -0.6560590289904691 0
    outer loop
      vertex 36.95786206369349 3.6228265158971453 0
      vertex 37.015111107797445 3.5569690242163468 0
      vertex 37.015111107797445 3.5569690242163468 4
    endloop
  endfacet
  facet normal -0.7547095802228053 -0.6560590289904691 0
    outer loop
      vertex 36.95786206369349 3.6228265158971453 0
      vertex 37.015111107797445 3.5569690242163468 4
      vertex 36.95786206369349 3.6228265158971453 4
    endloop
  endfacet
  facet normal 0 0 -1
    outer loop
      vertex 36.95786206369349 3.6228265158971453 0
      vertex 37.015111107797445 30.44303097578365 0
      vertex 37.015111107797445 3.5569690242163468 0
    endloop
  endfacet
  facet normal 0 0 1
    outer loop
      vertex 36.95786206369349 3.6228265158971453 4
      vertex 37.015111107797445 3.5569690242163468 4
      vertex 36.95786206369349 30.377173484102855 4
    endloop
  endfacet
  facet normal -0.7547095802227878 0.6560590289904892 0
    outer loop
      vertex 36.95786206369349 30.377173484102855 0
      vertex 36.95786206369349 30.377173484102855 4
      vertex 37.015111107797445 30.44303097578365 0
    endloop
  endfacet
  facet normal 0 0 1
    outer loop
      vertex 36.95786206369349 30.377173484102855 4
      vertex 37.015111107797445 3.5569690242163468 4
      vertex 37.015111107797445 30.44303097578365 4
    endloop
  endfacet
  facet normal -0.7547095802227878 0.6560590289904892 0
    outer loop
      vertex 36.95786206369349 30.377173484102855 4
      vertex 37.015111107797445 30.44303097578365 4
      vertex 37.015111107797445 30.44303097578365 0
    endloop
  endfacet
  facet normal -0.7547095802227878 -0.6560590289904892 0
    outer loop
      vertex 36.95786206369349 33.72282651589714 0
      vertex 37.015111107797445 33.656969024216345 0
      vertex 37.015111107797445 33.656969024216345 4
    endloop
  endfacet
  facet normal -0.7547095802227878 -0.6560590289904892 0
    outer loop
      vertex 36.95786206369349 33.72282651589714 0
      vertex 37.015111107797445 33.656969024216345 4
      vertex 36.95786206369349 33.72282651589714 4
    endloop
  endfacet
  facet normal 0 0 -1
    outer loop
      vertex 36.95786206369349 33.72282651589714 0
      vertex 40.1 42 0
      vertex 37.015111107797445 33.656969024216345 0
    endloop
  endfacet
  facet normal 0 0 1
    outer loop
      vertex 36.95786206369349 33.72282651589714 4
      vertex 37.015111107797445 33.656969024216345 4
      vertex 40.1 42 4
    endloop
  endfacet
  facet normal -0.7771459614569641 0.6293203910498459 0
    outer loop
      vertex 37.015111107797445 0.3430309757836518 0
      vertex 37.015111107797445 0.3430309757836518 4
      vertex 37.070026884016805 0.4108463116858534 0
    endloop
  endfacet
  facet normal 0 0 -1
    outer loop
      vertex 37.015111107797445 0.3430309757836518 0
      vertex 37.070026884016805 0.4108463116858534 0
      vertex 40.1 -8 0
    endloop
  endfacet
  facet normal -0.7771459614569641 0.6293203910498459 0
    outer loop
      vertex 37.015111107797445 0.3430309757836518 4
      vertex 37.070026884016805 0.4108463116858534 4
      vertex 37.070026884016805 0.4108463116858534 0
    endloop
  endfacet
  facet normal 0 0 1
    outer loop
      vertex 37.015111107797445 0.3430309757836518 4
      vertex 40.1 -8 4
      vertex 37.070026884016805 0.4108463116858534 4
    endloop
  endfacet
  facet normal 0 0 -1
    outer loop
      vertex 37.015111107797445 3.5569690242163468 0
      vertex 37.015111107797445 30.44303097578365 0
      vertex 37.070026884016805 30.510846311685853 0
    endloop
  endfacet
  facet normal -0.7771459614569641 -0.6293203910498459 0
    outer loop
      vertex 37.015111107797445 3.5569690242163468 0
      vertex 37.070026884016805 3.489153688314145 0
      vertex 37.070026884016805 3.489153688314145 4
    endloop
  endfacet
  facet normal -0.7771459614569641 -0.6293203910498459 0
    outer loop
      vertex 37.015111107797445 3.5569690242163468 0
      vertex 37.070026884016805 3.489153688314145 4
      vertex 37.015111107797445 3.5569690242163468 4
    endloop
  endfacet
  facet normal 0 0 -1
    outer loop
      vertex 37.015111107797445 3.5569690242163468 0
      vertex 37.070026884016805 30.510846311685853 0
      vertex 37.070026884016805 3.489153688314145 0
    endloop
  endfacet
  facet normal 0 0 1
    outer loop
      vertex 37.015111107797445 3.5569690242163468 4
      vertex 37.070026884016805 3.489153688314145 4
      vertex 37.015111107797445 30.44303097578365 4
    endloop
  endfacet
  facet normal -0.7771459614569721 0.629320391049836 0
    outer loop
      vertex 37.015111107797445 30.44303097578365 0
      vertex 37.015111107797445 30.44303097578365 4
      vertex 37.070026884016805 30.510846311685853 0
    endloop
  endfacet
  facet normal 0 0 1
    outer loop
      vertex 37.015111107797445 30.44303097578365 4
      vertex 37.070026884016805 3.489153688314145 4
      vertex 37.070026884016805 30.510846311685853 4
    endloop
  endfacet
  facet normal -0.7771459614569721 0.629320391049836 0
    outer loop
      vertex 37.015111107797445 30.44303097578365 4
      vertex 37.070026884016805 30.510846311685853 4
      vertex 37.070026884016805 30.510846311685853 0
    endloop
  endfacet
  facet normal -0.7771459614569721 -0.629320391049836 0
    outer loop
      vertex 37.015111107797445 33.656969024216345 0
      vertex 37.070026884016805 33.58915368831414 0
      vertex 37.070026884016805 33.58915368831414 4
    endloop
  endfacet
  facet normal -0.7771459614569721 -0.629320391049836 0
    outer loop
      vertex 37.015111107797445 33.656969024216345 0
      vertex 37.070026884016805 33.58915368831414 4
      vertex 37.015111107797445 33.656969024216345 4
    endloop
  endfacet
  facet normal 0 0 -1
    outer loop
      vertex 37.015111107797445 33.656969024216345 0
      vertex 40.1 42 0
      vertex 37.070026884016805 33.58915368831414 0
    endloop
  endfacet
  facet normal 0 0 1
    outer loop
      vertex 37.015111107797445 33.656969024216345 4
      vertex 37.070026884016805 33.58915368831414 4
      vertex 40.1 42 4
    endloop
  endfacet
  facet normal -0.7986355100473058 0.6018150231520312 0
    outer loop
      vertex 37.070026884016805 0.4108463116858534 0
      vertex 37.070026884016805 0.4108463116858534 4
      vertex 37.122542485937366 0.4805368692688159 0
    endloop
  endfacet
  facet normal 0 0 -1
    outer loop
      vertex 37.070026884016805 0.4108463116858534 0
      vertex 37.122542485937366 0.4805368692688159 0
      vertex 40.1 -8 0
    endloop
  endfacet
  facet normal -0.7986355100473058 0.6018150231520312 0
    outer loop
      vertex 37.070026884016805 0.4108463116858534 4
      vertex 37.122542485937366 0.4805368692688159 4
      vertex 37.122542485937366 0.4805368692688159 0
    endloop
  endfacet
  facet normal 0 0 1
    outer loop
      vertex 37.070026884016805 0.4108463116858534 4
      vertex 40.1 -8 4
      vertex 37.122542485937366 0.4805368692688159 4
    endloop
  endfacet
  facet normal 0 0 -1
    outer loop
      vertex 37.070026884016805 3.489153688314145 0
      vertex 37.070026884016805 30.510846311685853 0
      vertex 37.122542485937366 30.580536869268812 0
    endloop
  endfacet
  facet normal -0.7986355100473058 -0.6018150231520312 0
    outer loop
      vertex 37.070026884016805 3.489153688314145 0
      vertex 37.122542485937366 3.4194631307311827 0
      vertex 37.122542485937366 3.4194631307311827 4
    endloop
  endfacet
  facet normal -0.7986355100473058 -0.6018150231520312 0
    outer loop
      vertex 37.070026884016805 3.489153688314145 0
      vertex 37.122542485937366 3.4194631307311827 4
      vertex 37.070026884016805 3.489153688314145 4
    endloop
  endfacet
  facet normal 0 0 -1
    outer loop
      vertex 37.070026884016805 3.489153688314145 0
      vertex 37.122542485937366 30.580536869268812 0
      vertex 37.122542485937366 3.4194631307311827 0
    endloop
  endfacet
  facet normal 0 0 1
    outer loop
      vertex 37.070026884016805 3.489153688314145 4
      vertex 37.122542485937366 3.4194631307311827 4
      vertex 37.070026884016805 30.510846311685853 4
    endloop
  endfacet
  facet normal -0.798635510047291 0.6018150231520508 0
    outer loop
      vertex 37.070026884016805 30.510846311685853 0
      vertex 37.070026884016805 30.510846311685853 4
      vertex 37.122542485937366 30.580536869268812 0
    endloop
  endfacet
  facet normal 0 0 1
    outer loop
      vertex 37.070026884016805 30.510846311685853 4
      vertex 37.122542485937366 3.4194631307311827 4
      vertex 37.122542485937366 30.580536869268812 4
    endloop
  endfacet
  facet normal -0.798635510047291 0.6018150231520508 0
    outer loop
      vertex 37.070026884016805 30.510846311685853 4
      vertex 37.122542485937366 30.580536869268812 4
      vertex 37.122542485937366 30.580536869268812 0
    endloop
  endfacet
  facet normal -0.798635510047291 -0.6018150231520508 0
    outer loop
      vertex 37.070026884016805 33.58915368831414 0
      vertex 37.122542485937366 33.51946313073118 0
      vertex 37.122542485937366 33.51946313073118 4
    endloop
  endfacet
  facet normal -0.798635510047291 -0.6018150231520508 0
    outer loop
      vertex 37.070026884016805 33.58915368831414 0
      vertex 37.122542485937366 33.51946313073118 4
      vertex 37.070026884016805 33.58915368831414 4
    endloop
  endfacet
  facet normal 0 0 -1
    outer loop
      vertex 37.070026884016805 33.58915368831414 0
      vertex 40.1 42 0
      vertex 37.122542485937366 33.51946313073118 0
    endloop
  endfacet
  facet normal 0 0 1
    outer loop
      vertex 37.070026884016805 33.58915368831414 4
      vertex 37.122542485937366 33.51946313073118 4
      vertex 40.1 42 4
    endloop
  endfacet
  facet normal -0.8191520442889882 0.5735764363510509 0
    outer loop
      vertex 37.122542485937366 0.4805368692688159 0
      vertex 37.122542485937366 0.4805368692688159 4
      vertex 37.1725939313876 0.552017741323132 0
    endloop
  endfacet
  facet normal 0 0 -1
    outer loop
      vertex 37.122542485937366 0.4805368692688159 0
      vertex 37.1725939313876 0.552017741323132 0
      vertex 40.1 -8 0
    endloop
  endfacet
  facet normal -0.8191520442889882 0.5735764363510509 0
    outer loop
      vertex 37.122542485937366 0.4805368692688159 4
      vertex 37.1725939313876 0.552017741323132 4
      vertex 37.1725939313876 0.552017741323132 0
    endloop
  endfacet
  facet normal 0 0 1
    outer loop
      vertex 37.122542485937366 0.4805368692688159 4
      vertex 40.1 -8 4
      vertex 37.1725939313876 0.552017741323132 4
    endloop
  endfacet
  facet normal 0 0 -1
    outer loop
      vertex 37.122542485937366 3.4194631307311827 0
      vertex 37.122542485937366 30.580536869268812 0
      vertex 37.1725939313876 30.652017741323128 0
    endloop
  endfacet
  facet normal -0.8191520442889882 -0.5735764363510509 0
    outer loop
      vertex 37.122542485937366 3.4194631307311827 0
      vertex 37.1725939313876 3.3479822586768666 0
      vertex 37.1725939313876 3.3479822586768666 4
    endloop
  endfacet
  facet normal -0.8191520442889882 -0.5735764363510509 0
    outer loop
      vertex 37.122542485937366 3.4194631307311827 0
      vertex 37.1725939313876 3.3479822586768666 4
      vertex 37.122542485937366 3.4194631307311827 4
    endloop
  endfacet
  facet normal 0 0 -1
    outer loop
      vertex 37.122542485937366 3.4194631307311827 0
      vertex 37.1725939313876 30.652017741323128 0
      vertex 37.1725939313876 3.3479822586768666 0
    endloop
  endfacet
  facet normal 0 0 1
    outer loop
      vertex 37.122542485937366 3.4194631307311827 4
      vertex 37.1725939313876 3.3479822586768666 4
      vertex 37.122542485937366 30.580536869268812 4
    endloop
  endfacet
  facet normal -0.8191520442889882 0.5735764363510509 0
    outer loop
      vertex 37.122542485937366 30.580536869268812 0
      vertex 37.122542485937366 30.580536869268812 4
      vertex 37.1725939313876 30.652017741323128 0
    endloop
  endfacet
  facet normal 0 0 1
    outer loop
      vertex 37.122542485937366 30.580536869268812 4
      vertex 37.1725939313876 3.3479822586768666 4
      vertex 37.1725939313876 30.652017741323128 4
    endloop
  endfacet
  facet normal -0.8191520442889882 0.5735764363510509 0
    outer loop
      vertex 37.122542485937366 30.580536869268812 4
      vertex 37.1725939313876 30.652017741323128 4
      vertex 37.1725939313876 30.652017741323128 0
    endloop
  endfacet
  facet normal -0.8191520442889882 -0.5735764363510509 0
    outer loop
      vertex 37.122542485937366 33.51946313073118 0
      vertex 37.1725939313876 33.447982258676866 0
      vertex 37.1725939313876 33.447982258676866 4
    endloop
  endfacet
  facet normal -0.8191520442889882 -0.5735764363510509 0
    outer loop
      vertex 37.122542485937366 33.51946313073118 0
      vertex 37.1725939313876 33.447982258676866 4
      vertex 37.122542485937366 33.51946313073118 4
    endloop
  endfacet
  facet normal 0 0 -1
    outer loop
      vertex 37.122542485937366 33.51946313073118 0
      vertex 40.1 42 0
      vertex 37.1725939313876 33.447982258676866 0
    endloop
  endfacet
  facet normal 0 0 1
    outer loop
      vertex 37.122542485937366 33.51946313073118 4
      vertex 37.1725939313876 33.447982258676866 4
      vertex 40.1 42 4
    endloop
  endfacet
  facet normal -0.8386705679454387 0.5446390350150044 0
    outer loop
      vertex 37.1725939313876 0.552017741323132 0
      vertex 37.1725939313876 0.552017741323132 4
      vertex 37.22012024039106 0.625201839416988 0
    endloop
  endfacet
  facet normal 0 0 -1
    outer loop
      vertex 37.1725939313876 0.552017741323132 0
      vertex 37.22012024039106 0.625201839416988 0
      vertex 40.1 -8 0
    endloop
  endfacet
  facet normal -0.8386705679454387 0.5446390350150044 0
    outer loop
      vertex 37.1725939313876 0.552017741323132 4
      vertex 37.22012024039106 0.625201839416988 4
      vertex 37.22012024039106 0.625201839416988 0
    endloop
  endfacet
  facet normal 0 0 1
    outer loop
      vertex 37.1725939313876 0.552017741323132 4
      vertex 40.1 -8 4
      vertex 37.22012024039106 0.625201839416988 4
    endloop
  endfacet
  facet normal 0 0 -1
    outer loop
      vertex 37.1725939313876 3.3479822586768666 0
      vertex 37.1725939313876 30.652017741323128 0
      vertex 37.22012024039106 30.725201839416982 0
    endloop
  endfacet
  facet normal -0.8386705679454387 -0.5446390350150044 0
    outer loop
      vertex 37.1725939313876 3.3479822586768666 0
      vertex 37.22012024039106 3.2747981605830105 0
      vertex 37.22012024039106 3.2747981605830105 4
    endloop
  endfacet
  facet normal -0.8386705679454387 -0.5446390350150044 0
    outer loop
      vertex 37.1725939313876 3.3479822586768666 0
      vertex 37.22012024039106 3.2747981605830105 4
      vertex 37.1725939313876 3.3479822586768666 4
    endloop
  endfacet
  facet normal 0 0 -1
    outer loop
      vertex 37.1725939313876 3.3479822586768666 0
      vertex 37.22012024039106 30.725201839416982 0
      vertex 37.22012024039106 3.2747981605830105 0
    endloop
  endfacet
  facet normal 0 0 1
    outer loop
      vertex 37.1725939313876 3.3479822586768666 4
      vertex 37.22012024039106 3.2747981605830105 4
      vertex 37.1725939313876 30.652017741323128 4
    endloop
  endfacet
  facet normal -0.8386705679454327 0.5446390350150138 0
    outer loop
      vertex 37.1725939313876 30.652017741323128 0
      vertex 37.1725939313876 30.652017741323128 4
      vertex 37.22012024039106 30.725201839416982 0
    endloop
  endfacet
  facet normal 0 0 1
    outer loop
      vertex 37.1725939313876 30.652017741323128 4
      vertex 37.22012024039106 3.2747981605830105 4
      vertex 37.22012024039106 30.725201839416982 4
    endloop
  endfacet
  facet normal -0.8386705679454327 0.5446390350150138 0
    outer loop
      vertex 37.1725939313876 30.652017741323128 4
      vertex 37.22012024039106 30.725201839416982 4
      vertex 37.22012024039106 30.725201839416982 0
    endloop
  endfacet
  facet normal -0.8386705679454327 -0.5446390350150138 0
    outer loop
      vertex 37.1725939313876 33.447982258676866 0
      vertex 37.22012024039106 33.37479816058301 0
      vertex 37.22012024039106 33.37479816058301 4
    endloop
  endfacet
  facet normal -0.8386705679454327 -0.5446390350150138 0
    outer loop
      vertex 37.1725939313876 33.447982258676866 0
      vertex 37.22012024039106 33.37479816058301 4
      vertex 37.1725939313876 33.447982258676866 4
    endloop
  endfacet
  facet normal 0 0 -1
    outer loop
      vertex 37.1725939313876 33.447982258676866 0
      vertex 40.1 42 0
      vertex 37.22012024039106 33.37479816058301 0
    endloop
  endfacet
  facet normal 0 0 1
    outer loop
      vertex 37.1725939313876 33.447982258676866 4
      vertex 37.22012024039106 33.37479816058301 4
      vertex 40.1 42 4
    endloop
  endfacet
  facet normal -0.8571673007021073 0.5150380749100625 0
    outer loop
      vertex 37.22012024039106 0.625201839416988 0
      vertex 37.22012024039106 0.625201839416988 4
      vertex 37.26506350946109 0.6999999999999993 0
    endloop
  endfacet
  facet normal 0 0 -1
    outer loop
      vertex 37.22012024039106 0.625201839416988 0
      vertex 37.26506350946109 0.6999999999999993 0
      vertex 40.1 -8 0
    endloop
  endfacet
  facet normal -0.8571673007021073 0.5150380749100625 0
    outer loop
      vertex 37.22012024039106 0.625201839416988 4
      vertex 37.26506350946109 0.6999999999999993 4
      vertex 37.26506350946109 0.6999999999999993 0
    endloop
  endfacet
  facet normal 0 0 1
    outer loop
      vertex 37.22012024039106 0.625201839416988 4
      vertex 40.1 -8 4
      vertex 37.26506350946109 0.6999999999999993 4
    endloop
  endfacet
  facet normal 0 0 -1
    outer loop
      vertex 37.22012024039106 3.2747981605830105 0
      vertex 37.22012024039106 30.725201839416982 0
      vertex 37.26506350946109 30.799999999999997 0
    endloop
  endfacet
  facet normal -0.8571673007021073 -0.5150380749100625 0
    outer loop
      vertex 37.22012024039106 3.2747981605830105 0
      vertex 37.26506350946109 3.1999999999999993 0
      vertex 37.26506350946109 3.1999999999999993 4
    endloop
  endfacet
  facet normal -0.8571673007021073 -0.5150380749100625 0
    outer loop
      vertex 37.22012024039106 3.2747981605830105 0
      vertex 37.26506350946109 3.1999999999999993 4
      vertex 37.22012024039106 3.2747981605830105 4
    endloop
  endfacet
  facet normal 0 0 -1
    outer loop
      vertex 37.22012024039106 3.2747981605830105 0
      vertex 37.26506350946109 30.799999999999997 0
      vertex 37.26506350946109 3.1999999999999993 0
    endloop
  endfacet
  facet normal 0 0 1
    outer loop
      vertex 37.22012024039106 3.2747981605830105 4
      vertex 37.26506350946109 3.1999999999999993 4
      vertex 37.22012024039106 30.725201839416982 4
    endloop
  endfacet
  facet normal -0.8571673007021181 0.5150380749100444 0
    outer loop
      vertex 37.22012024039106 30.725201839416982 0
      vertex 37.22012024039106 30.725201839416982 4
      vertex 37.26506350946109 30.799999999999997 0
    endloop
  endfacet
  facet normal 0 0 1
    outer loop
      vertex 37.22012024039106 30.725201839416982 4
      vertex 37.26506350946109 3.1999999999999993 4
      vertex 37.26506350946109 30.799999999999997 4
    endloop
  endfacet
  facet normal -0.8571673007021181 0.5150380749100444 0
    outer loop
      vertex 37.22012024039106 30.725201839416982 4
      vertex 37.26506350946109 30.799999999999997 4
      vertex 37.26506350946109 30.799999999999997 0
    endloop
  endfacet
  facet normal -0.8571673007021181 -0.5150380749100444 0
    outer loop
      vertex 37.22012024039106 33.37479816058301 0
      vertex 37.26506350946109 33.3 0
      vertex 37.26506350946109 33.3 4
    endloop
  endfacet
  facet normal -0.8571673007021181 -0.5150380749100444 0
    outer loop
      vertex 37.22012024039106 33.37479816058301 0
      vertex 37.26506350946109 33.3 4
      vertex 37.22012024039106 33.37479816058301 4
    endloop
  endfacet
  facet normal 0 0 -1
    outer loop
      vertex 37.22012024039106 33.37479816058301 0
      vertex 40.1 42 0
      vertex 37.26506350946109 33.3 0
    endloop
  endfacet
  facet normal 0 0 1
    outer loop
      vertex 37.22012024039106 33.37479816058301 4
      vertex 37.26506350946109 33.3 4
      vertex 40.1 42 4
    endloop
  endfacet
  facet normal -0.8746197071393804 0.48480962024636465 0
    outer loop
      vertex 37.26506350946109 0.6999999999999993 0
      vertex 37.26506350946109 0.6999999999999993 4
      vertex 37.30736898214732 0.7763210930352713 0
    endloop
  endfacet
  facet normal 0 0 -1
    outer loop
      vertex 37.26506350946109 0.6999999999999993 0
      vertex 37.30736898214732 0.7763210930352713 0
      vertex 40.1 -8 0
    endloop
  endfacet
  facet normal -0.8746197071393804 0.48480962024636465 0
    outer loop
      vertex 37.26506350946109 0.6999999999999993 4
      vertex 37.30736898214732 0.7763210930352713 4
      vertex 37.30736898214732 0.7763210930352713 0
    endloop
  endfacet
  facet normal 0 0 1
    outer loop
      vertex 37.26506350946109 0.6999999999999993 4
      vertex 40.1 -8 4
      vertex 37.30736898214732 0.7763210930352713 4
    endloop
  endfacet
  facet normal 0 0 -1
    outer loop
      vertex 37.26506350946109 3.1999999999999993 0
      vertex 37.26506350946109 30.799999999999997 0
      vertex 37.30736898214732 30.876321093035273 0
    endloop
  endfacet
  facet normal -0.8746197071393804 -0.48480962024636465 0
    outer loop
      vertex 37.26506350946109 3.1999999999999993 0
      vertex 37.30736898214732 3.1236789069647273 0
      vertex 37.30736898214732 3.1236789069647273 4
    endloop
  endfacet
  facet normal -0.8746197071393804 -0.48480962024636465 0
    outer loop
      vertex 37.26506350946109 3.1999999999999993 0
      vertex 37.30736898214732 3.1236789069647273 4
      vertex 37.26506350946109 3.1999999999999993 4
    endloop
  endfacet
  facet normal 0 0 -1
    outer loop
      vertex 37.26506350946109 3.1999999999999993 0
      vertex 37.30736898214732 30.876321093035273 0
      vertex 37.30736898214732 3.1236789069647273 0
    endloop
  endfacet
  facet normal 0 0 1
    outer loop
      vertex 37.26506350946109 3.1999999999999993 4
      vertex 37.30736898214732 3.1236789069647273 4
      vertex 37.26506350946109 30.799999999999997 4
    endloop
  endfacet
  facet normal -0.87461970713939 0.4848096202463474 0
    outer loop
      vertex 37.26506350946109 30.799999999999997 0
      vertex 37.26506350946109 30.799999999999997 4
      vertex 37.30736898214732 30.876321093035273 0
    endloop
  endfacet
  facet normal 0 0 1
    outer loop
      vertex 37.26506350946109 30.799999999999997 4
      vertex 37.30736898214732 3.1236789069647273 4
      vertex 37.30736898214732 30.876321093035273 4
    endloop
  endfacet
  facet normal -0.87461970713939 0.4848096202463474 0
    outer loop
      vertex 37.26506350946109 30.799999999999997 4
      vertex 37.30736898214732 30.876321093035273 4
      vertex 37.30736898214732 30.876321093035273 0
    endloop
  endfacet
  facet normal -0.87461970713939 -0.4848096202463474 0
    outer loop
      vertex 37.26506350946109 33.3 0
      vertex 37.30736898214732 33.22367890696472 0
      vertex 37.30736898214732 33.22367890696472 4
    endloop
  endfacet
  facet normal -0.87461970713939 -0.4848096202463474 0
    outer loop
      vertex 37.26506350946109 33.3 0
      vertex 37.30736898214732 33.22367890696472 4
      vertex 37.26506350946109 33.3 4
    endloop
  endfacet
  facet normal 0 0 -1
    outer loop
      vertex 37.26506350946109 33.3 0
      vertex 40.1 42 0
      vertex 37.30736898214732 33.22367890696472 0
    endloop
  endfacet
  facet normal 0 0 1
    outer loop
      vertex 37.26506350946109 33.3 4
      vertex 37.30736898214732 33.22367890696472 4
      vertex 40.1 42 4
    endloop
  endfacet
  facet normal -0.8910065241883549 0.45399049973957206 0
    outer loop
      vertex 37.30736898214732 0.7763210930352713 0
      vertex 37.30736898214732 0.7763210930352713 4
      vertex 37.34698511574792 0.8540721330273051 0
    endloop
  endfacet
  facet normal 0 0 -1
    outer loop
      vertex 37.30736898214732 0.7763210930352713 0
      vertex 37.34698511574792 0.8540721330273051 0
      vertex 40.1 -8 0
    endloop
  endfacet
  facet normal -0.8910065241883549 0.45399049973957206 0
    outer loop
      vertex 37.30736898214732 0.7763210930352713 4
      vertex 37.34698511574792 0.8540721330273051 4
      vertex 37.34698511574792 0.8540721330273051 0
    endloop
  endfacet
  facet normal 0 0 1
    outer loop
      vertex 37.30736898214732 0.7763210930352713 4
      vertex 40.1 -8 4
      vertex 37.34698511574792 0.8540721330273051 4
    endloop
  endfacet
  facet normal 0 0 -1
    outer loop
      vertex 37.30736898214732 3.1236789069647273 0
      vertex 37.30736898214732 30.876321093035273 0
      vertex 37.34698511574792 30.954072133027303 0
    endloop
  endfacet
  facet normal -0.8910065241883549 -0.45399049973957206 0
    outer loop
      vertex 37.30736898214732 3.1236789069647273 0
      vertex 37.34698511574792 3.0459278669726935 0
      vertex 37.34698511574792 3.0459278669726935 4
    endloop
  endfacet
  facet normal -0.8910065241883549 -0.45399049973957206 0
    outer loop
      vertex 37.30736898214732 3.1236789069647273 0
      vertex 37.34698511574792 3.0459278669726935 4
      vertex 37.30736898214732 3.1236789069647273 4
    endloop
  endfacet
  facet normal 0 0 -1
    outer loop
      vertex 37.30736898214732 3.1236789069647273 0
      vertex 37.34698511574792 30.954072133027303 0
      vertex 37.34698511574792 3.0459278669726935 0
    endloop
  endfacet
  facet normal 0 0 1
    outer loop
      vertex 37.30736898214732 3.1236789069647273 4
      vertex 37.34698511574792 3.0459278669726935 4
      vertex 37.30736898214732 30.876321093035273 4
    endloop
  endfacet
  facet normal -0.8910065241883465 0.45399049973958855 0
    outer loop
      vertex 37.30736898214732 30.876321093035273 0
      vertex 37.30736898214732 30.876321093035273 4
      vertex 37.34698511574792 30.954072133027303 0
    endloop
  endfacet
  facet normal 0 0 1
    outer loop
      vertex 37.30736898214732 30.876321093035273 4
      vertex 37.34698511574792 3.0459278669726935 4
      vertex 37.34698511574792 30.954072133027303 4
    endloop
  endfacet
  facet normal -0.8910065241883465 0.45399049973958855 0
    outer loop
      vertex 37.30736898214732 30.876321093035273 4
      vertex 37.34698511574792 30.954072133027303 4
      vertex 37.34698511574792 30.954072133027303 0
    endloop
  endfacet
  facet normal -0.8910065241883465 -0.45399049973958855 0
    outer loop
      vertex 37.30736898214732 33.22367890696472 0
      vertex 37.34698511574792 33.14592786697269 0
      vertex 37.34698511574792 33.14592786697269 4
    endloop
  endfacet
  facet normal -0.8910065241883465 -0.45399049973958855 0
    outer loop
      vertex 37.30736898214732 33.22367890696472 0
      vertex 37.34698511574792 33.14592786697269 4
      vertex 37.30736898214732 33.22367890696472 4
    endloop
  endfacet
  facet normal 0 0 -1
    outer loop
      vertex 37.30736898214732 33.22367890696472 0
      vertex 40.1 42 0
      vertex 37.34698511574792 33.14592786697269 0
    endloop
  endfacet
  facet normal 0 0 1
    outer loop
      vertex 37.30736898214732 33.22367890696472 4
      vertex 37.34698511574792 33.14592786697269 4
      vertex 40.1 42 4
    endloop
  endfacet
  facet normal -0.906307787036651 0.42261826174069705 0
    outer loop
      vertex 37.34698511574792 0.8540721330273051 0
      vertex 37.34698511574792 0.8540721330273051 4
      vertex 37.383863644106505 0.9331583923104994 0
    endloop
  endfacet
  facet normal 0 0 -1
    outer loop
      vertex 37.34698511574792 0.8540721330273051 0
      vertex 37.383863644106505 0.9331583923104994 0
      vertex 40.1 -8 0
    endloop
  endfacet
  facet normal -0.906307787036651 0.42261826174069705 0
    outer loop
      vertex 37.34698511574792 0.8540721330273051 4
      vertex 37.383863644106505 0.9331583923104994 4
      vertex 37.383863644106505 0.9331583923104994 0
    endloop
  endfacet
  facet normal 0 0 1
    outer loop
      vertex 37.34698511574792 0.8540721330273051 4
      vertex 40.1 -8 4
      vertex 37.383863644106505 0.9331583923104994 4
    endloop
  endfacet
  facet normal 0 0 -1
    outer loop
      vertex 37.34698511574792 3.0459278669726935 0
      vertex 37.34698511574792 30.954072133027303 0
      vertex 37.383863644106505 31.033158392310497 0
    endloop
  endfacet
  facet normal -0.906307787036651 -0.42261826174069705 0
    outer loop
      vertex 37.34698511574792 3.0459278669726935 0
      vertex 37.383863644106505 2.9668416076894992 0
      vertex 37.383863644106505 2.9668416076894992 4
    endloop
  endfacet
  facet normal -0.906307787036651 -0.42261826174069705 0
    outer loop
      vertex 37.34698511574792 3.0459278669726935 0
      vertex 37.383863644106505 2.9668416076894992 4
      vertex 37.34698511574792 3.0459278669726935 4
    endloop
  endfacet
  facet normal 0 0 -1
    outer loop
      vertex 37.34698511574792 3.0459278669726935 0
      vertex 37.383863644106505 31.033158392310497 0
      vertex 37.383863644106505 2.9668416076894992 0
    endloop
  endfacet
  facet normal 0 0 1
    outer loop
      vertex 37.34698511574792 3.0459278669726935 4
      vertex 37.383863644106505 2.9668416076894992 4
      vertex 37.34698511574792 30.954072133027303 4
    endloop
  endfacet
  facet normal -0.906307787036651 0.42261826174069705 0
    outer loop
      vertex 37.34698511574792 30.954072133027303 0
      vertex 37.34698511574792 30.954072133027303 4
      vertex 37.383863644106505 31.033158392310497 0
    endloop
  endfacet
  facet normal 0 0 1
    outer loop
      vertex 37.34698511574792 30.954072133027303 4
      vertex 37.383863644106505 2.9668416076894992 4
      vertex 37.383863644106505 31.033158392310497 4
    endloop
  endfacet
  facet normal -0.906307787036651 0.42261826174069705 0
    outer loop
      vertex 37.34698511574792 30.954072133027303 4
      vertex 37.383863644106505 31.033158392310497 4
      vertex 37.383863644106505 31.033158392310497 0
    endloop
  endfacet
  facet normal -0.906307787036651 -0.42261826174069705 0
    outer loop
      vertex 37.34698511574792 33.14592786697269 0
      vertex 37.383863644106505 33.0668416076895 0
      vertex 37.383863644106505 33.0668416076895 4
    endloop
  endfacet
  facet normal -0.906307787036651 -0.42261826174069705 0
    outer loop
      vertex 37.34698511574792 33.14592786697269 0
      vertex 37.383863644106505 33.0668416076895 4
      vertex 37.34698511574792 33.14592786697269 4
    endloop
  endfacet
  facet normal 0 0 -1
    outer loop
      vertex 37.34698511574792 33.14592786697269 0
      vertex 40.1 42 0
      vertex 37.383863644106505 33.0668416076895 0
    endloop
  endfacet
  facet normal 0 0 1
    outer loop
      vertex 37.34698511574792 33.14592786697269 4
      vertex 37.383863644106505 33.0668416076895 4
      vertex 40.1 42 4
    endloop
  endfacet
  facet normal -0.9205048534524279 0.3907311284893031 0
    outer loop
      vertex 37.383863644106505 0.9331583923104994 0
      vertex 37.383863644106505 0.9331583923104994 4
      vertex 37.417959636416974 1.0134835164602194 0
    endloop
  endfacet
  facet normal 0 0 -1
    outer loop
      vertex 37.383863644106505 0.9331583923104994 0
      vertex 37.417959636416974 1.0134835164602194 0
      vertex 40.1 -8 0
    endloop
  endfacet
  facet normal -0.9205048534524279 0.3907311284893031 0
    outer loop
      vertex 37.383863644106505 0.9331583923104994 4
      vertex 37.417959636416974 1.0134835164602194 4
      vertex 37.417959636416974 1.0134835164602194 0
    endloop
  endfacet
  facet normal 0 0 1
    outer loop
      vertex 37.383863644106505 0.9331583923104994 4
      vertex 40.1 -8 4
      vertex 37.417959636416974 1.0134835164602194 4
    endloop
  endfacet
  facet normal 0 0 -1
    outer loop
      vertex 37.383863644106505 2.9668416076894992 0
      vertex 37.383863644106505 31.033158392310497 0
      vertex 37.417959636416974 31.113483516460214 0
    endloop
  endfacet
  facet normal -0.9205048534524279 -0.3907311284893031 0
    outer loop
      vertex 37.383863644106505 2.9668416076894992 0
      vertex 37.417959636416974 2.886516483539779 0
      vertex 37.417959636416974 2.886516483539779 4
    endloop
  endfacet
  facet normal -0.9205048534524279 -0.3907311284893031 0
    outer loop
      vertex 37.383863644106505 2.9668416076894992 0
      vertex 37.417959636416974 2.886516483539779 4
      vertex 37.383863644106505 2.9668416076894992 4
    endloop
  endfacet
  facet normal 0 0 -1
    outer loop
      vertex 37.383863644106505 2.9668416076894992 0
      vertex 37.417959636416974 31.113483516460214 0
      vertex 37.417959636416974 2.886516483539779 0
    endloop
  endfacet
  facet normal 0 0 1
    outer loop
      vertex 37.383863644106505 2.9668416076894992 4
      vertex 37.417959636416974 2.886516483539779 4
      vertex 37.383863644106505 31.033158392310497 4
    endloop
  endfacet
  facet normal -0.9205048534524217 0.39073112848931774 0
    outer loop
      vertex 37.383863644106505 31.033158392310497 0
      vertex 37.383863644106505 31.033158392310497 4
      vertex 37.417959636416974 31.113483516460214 0
    endloop
  endfacet
  facet normal 0 0 1
    outer loop
      vertex 37.383863644106505 31.033158392310497 4
      vertex 37.417959636416974 2.886516483539779 4
      vertex 37.417959636416974 31.113483516460214 4
    endloop
  endfacet
  facet normal -0.9205048534524217 0.39073112848931774 0
    outer loop
      vertex 37.383863644106505 31.033158392310497 4
      vertex 37.417959636416974 31.113483516460214 4
      vertex 37.417959636416974 31.113483516460214 0
    endloop
  endfacet
  facet normal -0.9205048534524217 -0.39073112848931774 0
    outer loop
      vertex 37.383863644106505 33.0668416076895 0
      vertex 37.417959636416974 32.98651648353978 0
      vertex 37.417959636416974 32.98651648353978 4
    endloop
  endfacet
  facet normal -0.9205048534524217 -0.39073112848931774 0
    outer loop
      vertex 37.383863644106505 33.0668416076895 0
      vertex 37.417959636416974 32.98651648353978 4
      vertex 37.383863644106505 33.0668416076895 4
    endloop
  endfacet
  facet normal 0 0 -1
    outer loop
      vertex 37.383863644106505 33.0668416076895 0
      vertex 40.1 42 0
      vertex 37.417959636416974 32.98651648353978 0
    endloop
  endfacet
  facet normal 0 0 1
    outer loop
      vertex 37.383863644106505 33.0668416076895 4
      vertex 37.417959636416974 32.98651648353978 4
      vertex 40.1 42 4
    endloop
  endfacet
  facet normal -0.9335804264971923 0.35836794954532475 0
    outer loop
      vertex 37.417959636416974 1.0134835164602194 0
      vertex 37.417959636416974 1.0134835164602194 4
      vertex 37.44923155196478 1.0949496416858278 0
    endloop
  endfacet
  facet normal 0 0 -1
    outer loop
      vertex 37.417959636416974 1.0134835164602194 0
      vertex 37.44923155196478 1.0949496416858278 0
      vertex 40.1 -8 0
    endloop
  endfacet
  facet normal -0.9335804264971923 0.35836794954532475 0
    outer loop
      vertex 37.417959636416974 1.0134835164602194 4
      vertex 37.44923155196478 1.0949496416858278 4
      vertex 37.44923155196478 1.0949496416858278 0
    endloop
  endfacet
  facet normal 0 0 1
    outer loop
      vertex 37.417959636416974 1.0134835164602194 4
      vertex 40.1 -8 4
      vertex 37.44923155196478 1.0949496416858278 4
    endloop
  endfacet
  facet normal 0 0 -1
    outer loop
      vertex 37.417959636416974 2.886516483539779 0
      vertex 37.417959636416974 31.113483516460214 0
      vertex 37.44923155196478 31.194949641685824 0
    endloop
  endfacet
  facet normal -0.9335804264971923 -0.35836794954532475 0
    outer loop
      vertex 37.417959636416974 2.886516483539779 0
      vertex 37.44923155196478 2.805050358314171 0
      vertex 37.44923155196478 2.805050358314171 4
    endloop
  endfacet
  facet normal -0.9335804264971923 -0.35836794954532475 0
    outer loop
      vertex 37.417959636416974 2.886516483539779 0
      vertex 37.44923155196478 2.805050358314171 4
      vertex 37.417959636416974 2.886516483539779 4
    endloop
  endfacet
  facet normal 0 0 -1
    outer loop
      vertex 37.417959636416974 2.886516483539779 0
      vertex 37.44923155196478 31.194949641685824 0
      vertex 37.44923155196478 2.805050358314171 0
    endloop
  endfacet
  facet normal 0 0 1
    outer loop
      vertex 37.417959636416974 2.886516483539779 4
      vertex 37.44923155196478 2.805050358314171 4
      vertex 37.417959636416974 31.113483516460214 4
    endloop
  endfacet
  facet normal -0.933580426497195 0.358367949545318 0
    outer loop
      vertex 37.417959636416974 31.113483516460214 0
      vertex 37.417959636416974 31.113483516460214 4
      vertex 37.44923155196478 31.194949641685824 0
    endloop
  endfacet
  facet normal 0 0 1
    outer loop
      vertex 37.417959636416974 31.113483516460214 4
      vertex 37.44923155196478 2.805050358314171 4
      vertex 37.44923155196478 31.194949641685824 4
    endloop
  endfacet
  facet normal -0.933580426497195 0.358367949545318 0
    outer loop
      vertex 37.417959636416974 31.113483516460214 4
      vertex 37.44923155196478 31.194949641685824 4
      vertex 37.44923155196478 31.194949641685824 0
    endloop
  endfacet
  facet normal -0.933580426497195 -0.358367949545318 0
    outer loop
      vertex 37.417959636416974 32.98651648353978 0
      vertex 37.44923155196478 32.90505035831417 0
      vertex 37.44923155196478 32.90505035831417 4
    endloop
  endfacet
  facet normal -0.933580426497195 -0.358367949545318 0
    outer loop
      vertex 37.417959636416974 32.98651648353978 0
      vertex 37.44923155196478 32.90505035831417 4
      vertex 37.417959636416974 32.98651648353978 4
    endloop
  endfacet
  facet normal 0 0 -1
    outer loop
      vertex 37.417959636416974 32.98651648353978 0
      vertex 40.1 42 0
      vertex 37.44923155196478 32.90505035831417 0
    endloop
  endfacet
  facet normal 0 0 1
    outer loop
      vertex 37.417959636416974 32.98651648353978 4
      vertex 37.44923155196478 32.90505035831417 4
      vertex 40.1 42 4
    endloop
  endfacet
  facet normal -0.9455185755993393 0.3255681544570911 0
    outer loop
      vertex 37.44923155196478 1.0949496416858278 0
      vertex 37.44923155196478 1.0949496416858278 4
      vertex 37.477641290737886 1.177457514062631 0
    endloop
  endfacet
  facet normal 0 0 -1
    outer loop
      vertex 37.44923155196478 1.0949496416858278 0
      vertex 37.477641290737886 1.177457514062631 0
      vertex 40.1 -8 0
    endloop
  endfacet
  facet normal -0.9455185755993393 0.3255681544570911 0
    outer loop
      vertex 37.44923155196478 1.0949496416858278 4
      vertex 37.477641290737886 1.177457514062631 4
      vertex 37.477641290737886 1.177457514062631 0
    endloop
  endfacet
  facet normal 0 0 1
    outer loop
      vertex 37.44923155196478 1.0949496416858278 4
      vertex 40.1 -8 4
      vertex 37.477641290737886 1.177457514062631 4
    endloop
  endfacet
  facet normal 0 0 -1
    outer loop
      vertex 37.44923155196478 2.805050358314171 0
      vertex 37.44923155196478 31.194949641685824 0
      vertex 37.477641290737886 31.277457514062625 0
    endloop
  endfacet
  facet normal -0.9455185755993393 -0.3255681544570911 0
    outer loop
      vertex 37.44923155196478 2.805050358314171 0
      vertex 37.477641290737886 2.7225424859373675 0
      vertex 37.477641290737886 2.7225424859373675 4
    endloop
  endfacet
  facet normal -0.9455185755993393 -0.3255681544570911 0
    outer loop
      vertex 37.44923155196478 2.805050358314171 0
      vertex 37.477641290737886 2.7225424859373675 4
      vertex 37.44923155196478 2.805050358314171 4
    endloop
  endfacet
  facet normal 0 0 -1
    outer loop
      vertex 37.44923155196478 2.805050358314171 0
      vertex 37.477641290737886 31.277457514062625 0
      vertex 37.50315423984579 31.360906610457498 0
    endloop
  endfacet
  facet normal 0 0 -1
    outer loop
      vertex 37.44923155196478 2.805050358314171 0
      vertex 37.50315423984579 31.360906610457498 0
      vertex 37.52573931569 31.445195261000826 0
    endloop
  endfacet
  facet normal 0 0 -1
    outer loop
      vertex 37.44923155196478 2.805050358314171 0
      vertex 37.52573931569 31.445195261000826 0
      vertex 37.54536900183452 31.5302207729556 0
    endloop
  endfacet
  facet normal 0 0 -1
    outer loop
      vertex 37.44923155196478 2.805050358314171 0
      vertex 37.54536900183452 31.5302207729556 0
      vertex 37.562019382530515 31.61587955583267 0
    endloop
  endfacet
  facet normal 0 0 -1
    outer loop
      vertex 37.44923155196478 2.805050358314171 0
      vertex 37.562019382530515 31.61587955583267 0
      vertex 37.57567017185392 31.702067247599835 0
    endloop
  endfacet
  facet normal 0 0 -1
    outer loop
      vertex 37.44923155196478 2.805050358314171 0
      vertex 37.57567017185392 31.702067247599835 0
      vertex 37.58630473842069 31.788678841830865 0
    endloop
  endfacet
  facet normal 0 0 -1
    outer loop
      vertex 37.44923155196478 2.805050358314171 0
      vertex 37.58630473842069 31.788678841830865 0
      vertex 37.593910125649565 31.875608815639687 0
    endloop
  endfacet
  facet normal 0 0 -1
    outer loop
      vertex 37.44923155196478 2.805050358314171 0
      vertex 37.593910125649565 31.875608815639687 0
      vertex 37.59847706754774 31.962751258243742 0
    endloop
  endfacet
  facet normal 0 0 -1
    outer loop
      vertex 37.44923155196478 2.805050358314171 0
      vertex 37.59847706754774 31.962751258243742 0
      vertex 37.6 32.05 0
    endloop
  endfacet
  facet normal 0 0 -1
    outer loop
      vertex 37.44923155196478 2.805050358314171 0
      vertex 37.6 32.05 0
      vertex 40.1 42 0
    endloop
  endfacet
  facet normal 0 0 -1
    outer loop
      vertex 37.44923155196478 2.805050358314171 0
      vertex 40.1 42 0
      vertex 37.477641290737886 2.7225424859373675 0
    endloop
  endfacet
  facet normal 0 0 1
    outer loop
      vertex 37.44923155196478 2.805050358314171 4
      vertex 37.477641290737886 2.7225424859373675 4
      vertex 37.44923155196478 31.194949641685824 4
    endloop
  endfacet
  facet normal -0.9455185755993372 0.32556815445709736 0
    outer loop
      vertex 37.44923155196478 31.194949641685824 0
      vertex 37.44923155196478 31.194949641685824 4
      vertex 37.477641290737886 31.277457514062625 0
    endloop
  endfacet
  facet normal 0 0 1
    outer loop
      vertex 37.44923155196478 31.194949641685824 4
      vertex 37.477641290737886 2.7225424859373675 4
      vertex 37.477641290737886 31.277457514062625 4
    endloop
  endfacet
  facet normal -0.9455185755993372 0.32556815445709736 0
    outer loop
      vertex 37.44923155196478 31.194949641685824 4
      vertex 37.477641290737886 31.277457514062625 4
      vertex 37.477641290737886 31.277457514062625 0
    endloop
  endfacet
  facet normal -0.9455185755993372 -0.32556815445709736 0
    outer loop
      vertex 37.44923155196478 32.90505035831417 0
      vertex 37.477641290737886 32.82254248593737 0
      vertex 37.477641290737886 32.82254248593737 4
    endloop
  endfacet
  facet normal -0.9455185755993372 -0.32556815445709736 0
    outer loop
      vertex 37.44923155196478 32.90505035831417 0
      vertex 37.477641290737886 32.82254248593737 4
      vertex 37.44923155196478 32.90505035831417 4
    endloop
  endfacet
  facet normal 0 0 -1
    outer loop
      vertex 37.44923155196478 32.90505035831417 0
      vertex 40.1 42 0
      vertex 37.477641290737886 32.82254248593737 0
    endloop
  endfacet
  facet normal 0 0 1
    outer loop
      vertex 37.44923155196478 32.90505035831417 4
      vertex 37.477641290737886 32.82254248593737 4
      vertex 40.1 42 4
    endloop
  endfacet
  facet normal -0.9563047559630586 0.29237170472266116 0
    outer loop
      vertex 37.477641290737886 1.177457514062631 0
      vertex 37.477641290737886 1.177457514062631 4
      vertex 37.50315423984579 1.2609066104575017 0
    endloop
  endfacet
  facet normal 0 0 -1
    outer loop
      vertex 37.477641290737886 1.177457514062631 0
      vertex 37.50315423984579 1.2609066104575017 0
      vertex 40.1 -8 0
    endloop
  endfacet
  facet normal -0.9563047559630586 0.29237170472266116 0
    outer loop
      vertex 37.477641290737886 1.177457514062631 4
      vertex 37.50315423984579 1.2609066104575017 4
      vertex 37.50315423984579 1.2609066104575017 0
    endloop
  endfacet
  facet normal 0 0 1
    outer loop
      vertex 37.477641290737886 1.177457514062631 4
      vertex 40.1 -8 4
      vertex 37.50315423984579 1.2609066104575017 4
    endloop
  endfacet
  facet normal -0.9563047559630586 -0.29237170472266116 0
    outer loop
      vertex 37.477641290737886 2.7225424859373675 0
      vertex 37.50315423984579 2.639093389542497 0
      vertex 37.50315423984579 2.639093389542497 4
    endloop
  endfacet
  facet normal -0.9563047559630586 -0.29237170472266116 0
    outer loop
      vertex 37.477641290737886 2.7225424859373675 0
      vertex 37.50315423984579 2.639093389542497 4
      vertex 37.477641290737886 2.7225424859373675 4
    endloop
  endfacet
  facet normal 0 0 -1
    outer loop
      vertex 37.477641290737886 2.7225424859373675 0
      vertex 40.1 42 0
      vertex 37.50315423984579 2.639093389542497 0
    endloop
  endfacet
  facet normal 0 0 1
    outer loop
      vertex 37.477641290737886 2.7225424859373675 4
      vertex 37.50315423984579 2.639093389542497 4
      vertex 37.477641290737886 31.277457514062625 4
    endloop
  endfacet
  facet normal -0.9563047559630604 0.29237170472265545 0
    outer loop
      vertex 37.477641290737886 31.277457514062625 0
      vertex 37.477641290737886 31.277457514062625 4
      vertex 37.50315423984579 31.360906610457498 0
    endloop
  endfacet
  facet normal 0 0 1
    outer loop
      vertex 37.477641290737886 31.277457514062625 4
      vertex 37.50315423984579 2.639093389542497 4
      vertex 37.50315423984579 31.360906610457498 4
    endloop
  endfacet
  facet normal -0.9563047559630604 0.29237170472265545 0
    outer loop
      vertex 37.477641290737886 31.277457514062625 4
      vertex 37.50315423984579 31.360906610457498 4
      vertex 37.50315423984579 31.360906610457498 0
    endloop
  endfacet
  facet normal -0.9563047559630604 -0.29237170472265545 0
    outer loop
      vertex 37.477641290737886 32.82254248593737 0
      vertex 37.50315423984579 32.7390933895425 0
      vertex 37.50315423984579 32.7390933895425 4
    endloop
  endfacet
  facet normal -0.9563047559630604 -0.29237170472265545 0
    outer loop
      vertex 37.477641290737886 32.82254248593737 0
      vertex 37.50315423984579 32.7390933895425 4
      vertex 37.477641290737886 32.82254248593737 4
    endloop
  endfacet
  facet normal 0 0 -1
    outer loop
      vertex 37.477641290737886 32.82254248593737 0
      vertex 40.1 42 0
      vertex 37.50315423984579 32.7390933895425 0
    endloop
  endfacet
  facet normal 0 0 1
    outer loop
      vertex 37.477641290737886 32.82254248593737 4
      vertex 37.50315423984579 32.7390933895425 4
      vertex 40.1 42 4
    endloop
  endfacet
  facet normal -0.9659258262890367 0.2588190451026386 0
    outer loop
      vertex 37.50315423984579 1.2609066104575017 0
      vertex 37.50315423984579 1.2609066104575017 4
      vertex 37.52573931569 1.3451952610008302 0
    endloop
  endfacet
  facet normal 0 0 -1
    outer loop
      vertex 37.50315423984579 1.2609066104575017 0
      vertex 37.52573931569 1.3451952610008302 0
      vertex 40.1 -8 0
    endloop
  endfacet
  facet normal -0.9659258262890367 0.2588190451026386 0
    outer loop
      vertex 37.50315423984579 1.2609066104575017 4
      vertex 37.52573931569 1.3451952610008302 4
      vertex 37.52573931569 1.3451952610008302 0
    endloop
  endfacet
  facet normal 0 0 1
    outer loop
      vertex 37.50315423984579 1.2609066104575017 4
      vertex 40.1 -8 4
      vertex 37.52573931569 1.3451952610008302 4
    endloop
  endfacet
  facet normal -0.9659258262890367 -0.2588190451026386 0
    outer loop
      vertex 37.50315423984579 2.639093389542497 0
      vertex 37.52573931569 2.5548047389991684 0
      vertex 37.52573931569 2.5548047389991684 4
    endloop
  endfacet
  facet normal -0.9659258262890367 -0.2588190451026386 0
    outer loop
      vertex 37.50315423984579 2.639093389542497 0
      vertex 37.52573931569 2.5548047389991684 4
      vertex 37.50315423984579 2.639093389542497 4
    endloop
  endfacet
  facet normal 0 0 -1
    outer loop
      vertex 37.50315423984579 2.639093389542497 0
      vertex 40.1 42 0
      vertex 37.52573931569 2.5548047389991684 0
    endloop
  endfacet
  facet normal 0 0 1
    outer loop
      vertex 37.50315423984579 2.639093389542497 4
      vertex 37.52573931569 2.5548047389991684 4
      vertex 37.50315423984579 31.360906610457498 4
    endloop
  endfacet
  facet normal -0.9659258262890367 0.2588190451026386 0
    outer loop
      vertex 37.50315423984579 31.360906610457498 0
      vertex 37.50315423984579 31.360906610457498 4
      vertex 37.52573931569 31.445195261000826 0
    endloop
  endfacet
  facet normal 0 0 1
    outer loop
      vertex 37.50315423984579 31.360906610457498 4
      vertex 37.52573931569 2.5548047389991684 4
      vertex 37.52573931569 31.445195261000826 4
    endloop
  endfacet
  facet normal -0.9659258262890367 0.2588190451026386 0
    outer loop
      vertex 37.50315423984579 31.360906610457498 4
      vertex 37.52573931569 31.445195261000826 4
      vertex 37.52573931569 31.445195261000826 0
    endloop
  endfacet
  facet normal -0.9659258262890367 -0.2588190451026386 0
    outer loop
      vertex 37.50315423984579 32.7390933895425 0
      vertex 37.52573931569 32.65480473899917 0
      vertex 37.52573931569 32.65480473899917 4
    endloop
  endfacet
  facet normal -0.9659258262890367 -0.2588190451026386 0
    outer loop
      vertex 37.50315423984579 32.7390933895425 0
      vertex 37.52573931569 32.65480473899917 4
      vertex 37.50315423984579 32.7390933895425 4
    endloop
  endfacet
  facet normal 0 0 -1
    outer loop
      vertex 37.50315423984579 32.7390933895425 0
      vertex 40.1 42 0
      vertex 37.52573931569 32.65480473899917 0
    endloop
  endfacet
  facet normal 0 0 1
    outer loop
      vertex 37.50315423984579 32.7390933895425 4
      vertex 37.52573931569 32.65480473899917 4
      vertex 40.1 42 4
    endloop
  endfacet
  facet normal -0.9743700647852265 0.2249510543439031 0
    outer loop
      vertex 37.52573931569 1.3451952610008302 0
      vertex 37.52573931569 1.3451952610008302 4
      vertex 37.54536900183452 1.4302207729556002 0
    endloop
  endfacet
  facet normal 0 0 -1
    outer loop
      vertex 37.52573931569 1.3451952610008302 0
      vertex 37.54536900183452 1.4302207729556002 0
      vertex 40.1 -8 0
    endloop
  endfacet
  facet normal -0.9743700647852265 0.2249510543439031 0
    outer loop
      vertex 37.52573931569 1.3451952610008302 4
      vertex 37.54536900183452 1.4302207729556002 4
      vertex 37.54536900183452 1.4302207729556002 0
    endloop
  endfacet
  facet normal 0 0 1
    outer loop
      vertex 37.52573931569 1.3451952610008302 4
      vertex 40.1 -8 4
      vertex 37.54536900183452 1.4302207729556002 4
    endloop
  endfacet
  facet normal -0.9743700647852265 -0.2249510543439031 0
    outer loop
      vertex 37.52573931569 2.5548047389991684 0
      vertex 37.54536900183452 2.4697792270443983 0
      vertex 37.54536900183452 2.4697792270443983 4
    endloop
  endfacet
  facet normal -0.9743700647852265 -0.2249510543439031 0
    outer loop
      vertex 37.52573931569 2.5548047389991684 0
      vertex 37.54536900183452 2.4697792270443983 4
      vertex 37.52573931569 2.5548047389991684 4
    endloop
  endfacet
  facet normal 0 0 -1
    outer loop
      vertex 37.52573931569 2.5548047389991684 0
      vertex 40.1 42 0
      vertex 37.54536900183452 2.4697792270443983 0
    endloop
  endfacet
  facet normal 0 0 1
    outer loop
      vertex 37.52573931569 2.5548047389991684 4
      vertex 37.54536900183452 2.4697792270443983 4
      vertex 37.52573931569 31.445195261000826 4
    endloop
  endfacet
  facet normal -0.9743700647852296 0.22495105434388973 0
    outer loop
      vertex 37.52573931569 31.445195261000826 0
      vertex 37.52573931569 31.445195261000826 4
      vertex 37.54536900183452 31.5302207729556 0
    endloop
  endfacet
  facet normal 0 0 1
    outer loop
      vertex 37.52573931569 31.445195261000826 4
      vertex 37.54536900183452 2.4697792270443983 4
      vertex 37.54536900183452 31.5302207729556 4
    endloop
  endfacet
  facet normal -0.9743700647852296 0.22495105434388973 0
    outer loop
      vertex 37.52573931569 31.445195261000826 4
      vertex 37.54536900183452 31.5302207729556 4
      vertex 37.54536900183452 31.5302207729556 0
    endloop
  endfacet
  facet normal -0.9743700647852296 -0.22495105434388973 0
    outer loop
      vertex 37.52573931569 32.65480473899917 0
      vertex 37.54536900183452 32.56977922704439 0
      vertex 37.54536900183452 32.56977922704439 4
    endloop
  endfacet
  facet normal -0.9743700647852296 -0.22495105434388973 0
    outer loop
      vertex 37.52573931569 32.65480473899917 0
      vertex 37.54536900183452 32.56977922704439 4
      vertex 37.52573931569 32.65480473899917 4
    endloop
  endfacet
  facet normal 0 0 -1
    outer loop
      vertex 37.52573931569 32.65480473899917 0
      vertex 40.1 42 0
      vertex 37.54536900183452 32.56977922704439 0
    endloop
  endfacet
  facet normal 0 0 1
    outer loop
      vertex 37.52573931569 32.65480473899917 4
      vertex 37.54536900183452 32.56977922704439 4
      vertex 40.1 42 4
    endloop
  endfacet
  facet normal -0.981627183447694 0.1908089953763904 0
    outer loop
      vertex 37.54536900183452 1.4302207729556002 0
      vertex 37.54536900183452 1.4302207729556002 4
      vertex 37.562019382530515 1.515879555832674 0
    endloop
  endfacet
  facet normal 0 0 -1
    outer loop
      vertex 37.54536900183452 1.4302207729556002 0
      vertex 37.562019382530515 1.515879555832674 0
      vertex 40.1 -8 0
    endloop
  endfacet
  facet normal -0.981627183447694 0.1908089953763904 0
    outer loop
      vertex 37.54536900183452 1.4302207729556002 4
      vertex 37.562019382530515 1.515879555832674 4
      vertex 37.562019382530515 1.515879555832674 0
    endloop
  endfacet
  facet normal 0 0 1
    outer loop
      vertex 37.54536900183452 1.4302207729556002 4
      vertex 40.1 -8 4
      vertex 37.562019382530515 1.515879555832674 4
    endloop
  endfacet
  facet normal -0.981627183447694 -0.1908089953763904 0
    outer loop
      vertex 37.54536900183452 2.4697792270443983 0
      vertex 37.562019382530515 2.3841204441673245 0
      vertex 37.562019382530515 2.3841204441673245 4
    endloop
  endfacet
  facet normal -0.981627183447694 -0.1908089953763904 0
    outer loop
      vertex 37.54536900183452 2.4697792270443983 0
      vertex 37.562019382530515 2.3841204441673245 4
      vertex 37.54536900183452 2.4697792270443983 4
    endloop
  endfacet
  facet normal 0 0 -1
    outer loop
      vertex 37.54536900183452 2.4697792270443983 0
      vertex 40.1 42 0
      vertex 37.562019382530515 2.3841204441673245 0
    endloop
  endfacet
  facet normal 0 0 1
    outer loop
      vertex 37.54536900183452 2.4697792270443983 4
      vertex 37.562019382530515 2.3841204441673245 4
      vertex 37.54536900183452 31.5302207729556 4
    endloop
  endfacet
  facet normal -0.9816271834476917 0.19080899537640186 0
    outer loop
      vertex 37.54536900183452 31.5302207729556 0
      vertex 37.54536900183452 31.5302207729556 4
      vertex 37.562019382530515 31.61587955583267 0
    endloop
  endfacet
  facet normal 0 0 1
    outer loop
      vertex 37.54536900183452 31.5302207729556 4
      vertex 37.562019382530515 2.3841204441673245 4
      vertex 37.562019382530515 31.61587955583267 4
    endloop
  endfacet
  facet normal -0.9816271834476917 0.19080899537640186 0
    outer loop
      vertex 37.54536900183452 31.5302207729556 4
      vertex 37.562019382530515 31.61587955583267 4
      vertex 37.562019382530515 31.61587955583267 0
    endloop
  endfacet
  facet normal -0.9816271834476917 -0.19080899537640186 0
    outer loop
      vertex 37.54536900183452 32.56977922704439 0
      vertex 37.562019382530515 32.484120444167324 0
      vertex 37.562019382530515 32.484120444167324 4
    endloop
  endfacet
  facet normal -0.9816271834476917 -0.19080899537640186 0
    outer loop
      vertex 37.54536900183452 32.56977922704439 0
      vertex 37.562019382530515 32.484120444167324 4
      vertex 37.54536900183452 32.56977922704439 4
    endloop
  endfacet
  facet normal 0 0 -1
    outer loop
      vertex 37.54536900183452 32.56977922704439 0
      vertex 40.1 42 0
      vertex 37.562019382530515 32.484120444167324 0
    endloop
  endfacet
  facet normal 0 0 1
    outer loop
      vertex 37.54536900183452 32.56977922704439 4
      vertex 37.562019382530515 32.484120444167324 4
      vertex 40.1 42 4
    endloop
  endfacet
  facet normal -0.9876883405951355 0.15643446504024505 0
    outer loop
      vertex 37.562019382530515 1.515879555832674 0
      vertex 37.562019382530515 1.515879555832674 4
      vertex 37.57567017185392 1.6020672475998357 0
    endloop
  endfacet
  facet normal 0 0 -1
    outer loop
      vertex 37.562019382530515 1.515879555832674 0
      vertex 37.57567017185392 1.6020672475998357 0
      vertex 40.1 -8 0
    endloop
  endfacet
  facet normal -0.9876883405951355 0.15643446504024505 0
    outer loop
      vertex 37.562019382530515 1.515879555832674 4
      vertex 37.57567017185392 1.6020672475998357 4
      vertex 37.57567017185392 1.6020672475998357 0
    endloop
  endfacet
  facet normal 0 0 1
    outer loop
      vertex 37.562019382530515 1.515879555832674 4
      vertex 40.1 -8 4
      vertex 37.57567017185392 1.6020672475998357 4
    endloop
  endfacet
  facet normal -0.9876883405951355 -0.15643446504024505 0
    outer loop
      vertex 37.562019382530515 2.3841204441673245 0
      vertex 37.57567017185392 2.297932752400163 0
      vertex 37.57567017185392 2.297932752400163 4
    endloop
  endfacet
  facet normal -0.9876883405951355 -0.15643446504024505 0
    outer loop
      vertex 37.562019382530515 2.3841204441673245 0
      vertex 37.57567017185392 2.297932752400163 4
      vertex 37.562019382530515 2.3841204441673245 4
    endloop
  endfacet
  facet normal 0 0 -1
    outer loop
      vertex 37.562019382530515 2.3841204441673245 0
      vertex 40.1 42 0
      vertex 37.57567017185392 2.297932752400163 0
    endloop
  endfacet
  facet normal 0 0 1
    outer loop
      vertex 37.562019382530515 2.3841204441673245 4
      vertex 37.57567017185392 2.297932752400163 4
      vertex 37.562019382530515 31.61587955583267 4
    endloop
  endfacet
  facet normal -0.9876883405951365 0.15643446504023878 0
    outer loop
      vertex 37.562019382530515 31.61587955583267 0
      vertex 37.562019382530515 31.61587955583267 4
      vertex 37.57567017185392 31.702067247599835 0
    endloop
  endfacet
  facet normal 0 0 1
    outer loop
      vertex 37.562019382530515 31.61587955583267 4
      vertex 37.57567017185392 2.297932752400163 4
      vertex 37.57567017185392 31.702067247599835 4
    endloop
  endfacet
  facet normal -0.9876883405951365 0.15643446504023878 0
    outer loop
      vertex 37.562019382530515 31.61587955583267 4
      vertex 37.57567017185392 31.702067247599835 4
      vertex 37.57567017185392 31.702067247599835 0
    endloop
  endfacet
  facet normal -0.9876883405951365 -0.15643446504023878 0
    outer loop
      vertex 37.562019382530515 32.484120444167324 0
      vertex 37.57567017185392 32.39793275240016 0
      vertex 37.57567017185392 32.39793275240016 4
    endloop
  endfacet
  facet normal -0.9876883405951365 -0.15643446504023878 0
    outer loop
      vertex 37.562019382530515 32.484120444167324 0
      vertex 37.57567017185392 32.39793275240016 4
      vertex 37.562019382530515 32.484120444167324 4
    endloop
  endfacet
  facet normal 0 0 -1
    outer loop
      vertex 37.562019382530515 32.484120444167324 0
      vertex 40.1 42 0
      vertex 37.57567017185392 32.39793275240016 0
    endloop
  endfacet
  facet normal 0 0 1
    outer loop
      vertex 37.562019382530515 32.484120444167324 4
      vertex 37.57567017185392 32.39793275240016 4
      vertex 40.1 42 4
    endloop
  endfacet
  facet normal -0.9925461516413122 0.12186934340522725 0
    outer loop
      vertex 37.57567017185392 1.6020672475998357 0
      vertex 37.57567017185392 1.6020672475998357 4
      vertex 37.58630473842069 1.6886788418308658 0
    endloop
  endfacet
  facet normal 0 0 -1
    outer loop
      vertex 37.57567017185392 1.6020672475998357 0
      vertex 37.58630473842069 1.6886788418308658 0
      vertex 40.1 -8 0
    endloop
  endfacet
  facet normal -0.9925461516413122 0.12186934340522725 0
    outer loop
      vertex 37.57567017185392 1.6020672475998357 4
      vertex 37.58630473842069 1.6886788418308658 4
      vertex 37.58630473842069 1.6886788418308658 0
    endloop
  endfacet
  facet normal 0 0 1
    outer loop
      vertex 37.57567017185392 1.6020672475998357 4
      vertex 40.1 -8 4
      vertex 37.58630473842069 1.6886788418308658 4
    endloop
  endfacet
  facet normal -0.9925461516413122 -0.12186934340522725 0
    outer loop
      vertex 37.57567017185392 2.297932752400163 0
      vertex 37.58630473842069 2.2113211581691328 0
      vertex 37.58630473842069 2.2113211581691328 4
    endloop
  endfacet
  facet normal -0.9925461516413122 -0.12186934340522725 0
    outer loop
      vertex 37.57567017185392 2.297932752400163 0
      vertex 37.58630473842069 2.2113211581691328 4
      vertex 37.57567017185392 2.297932752400163 4
    endloop
  endfacet
  facet normal 0 0 -1
    outer loop
      vertex 37.57567017185392 2.297932752400163 0
      vertex 40.1 42 0
      vertex 37.58630473842069 2.2113211581691328 0
    endloop
  endfacet
  facet normal 0 0 1
    outer loop
      vertex 37.57567017185392 2.297932752400163 4
      vertex 37.58630473842069 2.2113211581691328 4
      vertex 37.57567017185392 31.702067247599835 4
    endloop
  endfacet
  facet normal -0.9925461516413122 0.12186934340522725 0
    outer loop
      vertex 37.57567017185392 31.702067247599835 0
      vertex 37.57567017185392 31.702067247599835 4
      vertex 37.58630473842069 31.788678841830865 0
    endloop
  endfacet
  facet normal 0 0 1
    outer loop
      vertex 37.57567017185392 31.702067247599835 4
      vertex 37.58630473842069 2.2113211581691328 4
      vertex 37.58630473842069 31.788678841830865 4
    endloop
  endfacet
  facet normal -0.9925461516413122 0.12186934340522725 0
    outer loop
      vertex 37.57567017185392 31.702067247599835 4
      vertex 37.58630473842069 31.788678841830865 4
      vertex 37.58630473842069 31.788678841830865 0
    endloop
  endfacet
  facet normal -0.9925461516413122 -0.12186934340522725 0
    outer loop
      vertex 37.57567017185392 32.39793275240016 0
      vertex 37.58630473842069 32.31132115816913 0
      vertex 37.58630473842069 32.31132115816913 4
    endloop
  endfacet
  facet normal -0.9925461516413122 -0.12186934340522725 0
    outer loop
      vertex 37.57567017185392 32.39793275240016 0
      vertex 37.58630473842069 32.31132115816913 4
      vertex 37.57567017185392 32.39793275240016 4
    endloop
  endfacet
  facet normal 0 0 -1
    outer loop
      vertex 37.57567017185392 32.39793275240016 0
      vertex 40.1 42 0
      vertex 37.58630473842069 32.31132115816913 0
    endloop
  endfacet
  facet normal 0 0 1
    outer loop
      vertex 37.57567017185392 32.39793275240016 4
      vertex 37.58630473842069 32.31132115816913 4
      vertex 40.1 42 4
    endloop
  endfacet
  facet normal -0.9961946980917447 0.08715574274766878 0
    outer loop
      vertex 37.58630473842069 1.6886788418308658 0
      vertex 37.58630473842069 1.6886788418308658 4
      vertex 37.593910125649565 1.7756088156396856 0
    endloop
  endfacet
  facet normal 0 0 -1
    outer loop
      vertex 37.58630473842069 1.6886788418308658 0
      vertex 37.593910125649565 1.7756088156396856 0
      vertex 40.1 -8 0
    endloop
  endfacet
  facet normal -0.9961946980917447 0.08715574274766878 0
    outer loop
      vertex 37.58630473842069 1.6886788418308658 4
      vertex 37.593910125649565 1.7756088156396856 4
      vertex 37.593910125649565 1.7756088156396856 0
    endloop
  endfacet
  facet normal 0 0 1
    outer loop
      vertex 37.58630473842069 1.6886788418308658 4
      vertex 40.1 -8 4
      vertex 37.593910125649565 1.7756088156396856 4
    endloop
  endfacet
  facet normal -0.9961946980917447 -0.08715574274766878 0
    outer loop
      vertex 37.58630473842069 2.2113211581691328 0
      vertex 37.593910125649565 2.124391184360313 0
      vertex 37.593910125649565 2.124391184360313 4
    endloop
  endfacet
  facet normal -0.9961946980917447 -0.08715574274766878 0
    outer loop
      vertex 37.58630473842069 2.2113211581691328 0
      vertex 37.593910125649565 2.124391184360313 4
      vertex 37.58630473842069 2.2113211581691328 4
    endloop
  endfacet
  facet normal 0 0 -1
    outer loop
      vertex 37.58630473842069 2.2113211581691328 0
      vertex 40.1 42 0
      vertex 37.593910125649565 2.124391184360313 0
    endloop
  endfacet
  facet normal 0 0 1
    outer loop
      vertex 37.58630473842069 2.2113211581691328 4
      vertex 37.593910125649565 2.124391184360313 4
      vertex 37.58630473842069 31.788678841830865 4
    endloop
  endfacet
  facet normal -0.9961946980917448 0.087155742747667 0
    outer loop
      vertex 37.58630473842069 31.788678841830865 0
      vertex 37.58630473842069 31.788678841830865 4
      vertex 37.593910125649565 31.875608815639687 0
    endloop
  endfacet
  facet normal 0 0 1
    outer loop
      vertex 37.58630473842069 31.788678841830865 4
      vertex 37.593910125649565 2.124391184360313 4
      vertex 37.593910125649565 31.875608815639687 4
    endloop
  endfacet
  facet normal -0.9961946980917448 0.087155742747667 0
    outer loop
      vertex 37.58630473842069 31.788678841830865 4
      vertex 37.593910125649565 31.875608815639687 4
      vertex 37.593910125649565 31.875608815639687 0
    endloop
  endfacet
  facet normal -0.9961946980917448 -0.087155742747667 0
    outer loop
      vertex 37.58630473842069 32.31132115816913 0
      vertex 37.593910125649565 32.22439118436031 0
      vertex 37.593910125649565 32.22439118436031 4
    endloop
  endfacet
  facet normal -0.9961946980917448 -0.087155742747667 0
    outer loop
      vertex 37.58630473842069 32.31132115816913 0
      vertex 37.593910125649565 32.22439118436031 4
      vertex 37.58630473842069 32.31132115816913 4
    endloop
  endfacet
  facet normal 0 0 -1
    outer loop
      vertex 37.58630473842069 32.31132115816913 0
      vertex 40.1 42 0
      vertex 37.593910125649565 32.22439118436031 0
    endloop
  endfacet
  facet normal 0 0 1
    outer loop
      vertex 37.58630473842069 32.31132115816913 4
      vertex 37.593910125649565 32.22439118436031 4
      vertex 40.1 42 4
    endloop
  endfacet
  facet normal -0.9986295347545755 0.05233595624291191 0
    outer loop
      vertex 37.593910125649565 1.7756088156396856 0
      vertex 37.593910125649565 1.7756088156396856 4
      vertex 37.59847706754774 1.8627512582437475 0
    endloop
  endfacet
  facet normal 0 0 -1
    outer loop
      vertex 37.593910125649565 1.7756088156396856 0
      vertex 37.59847706754774 1.8627512582437475 0
      vertex 40.1 42 0
    endloop
  endfacet
  facet normal 0 0 -1
    outer loop
      vertex 37.593910125649565 1.7756088156396856 0
      vertex 40.1 42 0
      vertex 40.1 -8 0
    endloop
  endfacet
  facet normal -0.9986295347545755 0.05233595624291191 0
    outer loop
      vertex 37.593910125649565 1.7756088156396856 4
      vertex 37.59847706754774 1.8627512582437475 4
      vertex 37.59847706754774 1.8627512582437475 0
    endloop
  endfacet
  facet normal 0 0 1
    outer loop
      vertex 37.593910125649565 1.7756088156396856 4
      vertex 40.1 -8 4
      vertex 37.59847706754774 1.8627512582437475 4
    endloop
  endfacet
  facet normal -0.9986295347545755 -0.05233595624291191 0
    outer loop
      vertex 37.593910125649565 2.124391184360313 0
      vertex 37.59847706754774 2.037248741756251 0
      vertex 37.59847706754774 2.037248741756251 4
    endloop
  endfacet
  facet normal -0.9986295347545755 -0.05233595624291191 0
    outer loop
      vertex 37.593910125649565 2.124391184360313 0
      vertex 37.59847706754774 2.037248741756251 4
      vertex 37.593910125649565 2.124391184360313 4
    endloop
  endfacet
  facet normal 0 0 -1
    outer loop
      vertex 37.593910125649565 2.124391184360313 0
      vertex 40.1 42 0
      vertex 37.59847706754774 2.037248741756251 0
    endloop
  endfacet
  facet normal 0 0 1
    outer loop
      vertex 37.593910125649565 2.124391184360313 4
      vertex 37.59847706754774 2.037248741756251 4
      vertex 37.593910125649565 31.875608815639687 4
    endloop
  endfacet
  facet normal -0.9986295347545753 0.05233595624291616 0
    outer loop
      vertex 37.593910125649565 31.875608815639687 0
      vertex 37.593910125649565 31.875608815639687 4
      vertex 37.59847706754774 31.962751258243742 0
    endloop
  endfacet
  facet normal 0 0 1
    outer loop
      vertex 37.593910125649565 31.875608815639687 4
      vertex 37.59847706754774 2.037248741756251 4
      vertex 37.59847706754774 31.962751258243742 4
    endloop
  endfacet
  facet normal -0.9986295347545753 0.05233595624291616 0
    outer loop
      vertex 37.593910125649565 31.875608815639687 4
      vertex 37.59847706754774 31.962751258243742 4
      vertex 37.59847706754774 31.962751258243742 0
    endloop
  endfacet
  facet normal -0.9986295347545753 -0.05233595624291616 0
    outer loop
      vertex 37.593910125649565 32.22439118436031 0
      vertex 37.59847706754774 32.13724874175625 0
      vertex 37.59847706754774 32.13724874175625 4
    endloop
  endfacet
  facet normal -0.9986295347545753 -0.05233595624291616 0
    outer loop
      vertex 37.593910125649565 32.22439118436031 0
      vertex 37.59847706754774 32.13724874175625 4
      vertex 37.593910125649565 32.22439118436031 4
    endloop
  endfacet
  facet normal 0 0 -1
    outer loop
      vertex 37.593910125649565 32.22439118436031 0
      vertex 40.1 42 0
      vertex 37.59847706754774 32.13724874175625 0
    endloop
  endfacet
  facet normal 0 0 1
    outer loop
      vertex 37.593910125649565 32.22439118436031 4
      vertex 37.59847706754774 32.13724874175625 4
      vertex 40.1 42 4
    endloop
  endfacet
  facet normal -0.9998476951563912 0.017452406437284636 0
    outer loop
      vertex 37.59847706754774 1.8627512582437475 0
      vertex 37.59847706754774 1.8627512582437475 4
      vertex 37.6 1.9499999999999993 0
    endloop
  endfacet
  facet normal 0 0 -1
    outer loop
      vertex 37.59847706754774 1.8627512582437475 0
      vertex 37.6 1.9499999999999993 0
      vertex 40.1 42 0
    endloop
  endfacet
  facet normal -0.9998476951563912 0.017452406437284636 0
    outer loop
      vertex 37.59847706754774 1.8627512582437475 4
      vertex 37.6 1.9499999999999993 4
      vertex 37.6 1.9499999999999993 0
    endloop
  endfacet
  facet normal 0 0 1
    outer loop
      vertex 37.59847706754774 1.8627512582437475 4
      vertex 40.1 -8 4
      vertex 37.6 1.9499999999999993 4
    endloop
  endfacet
  facet normal -0.9998476951563912 -0.017452406437284636 0
    outer loop
      vertex 37.59847706754774 2.037248741756251 0
      vertex 37.6 1.9499999999999993 0
      vertex 37.6 1.9499999999999993 4
    endloop
  endfacet
  facet normal -0.9998476951563912 -0.017452406437284636 0
    outer loop
      vertex 37.59847706754774 2.037248741756251 0
      vertex 37.6 1.9499999999999993 4
      vertex 37.59847706754774 2.037248741756251 4
    endloop
  endfacet
  facet normal 0 0 -1
    outer loop
      vertex 37.59847706754774 2.037248741756251 0
      vertex 40.1 42 0
      vertex 37.6 1.9499999999999993 0
    endloop
  endfacet
  facet normal 0 0 1
    outer loop
      vertex 37.59847706754774 2.037248741756251 4
      vertex 37.6 1.9499999999999993 4
      vertex 37.59847706754774 31.962751258243742 4
    endloop
  endfacet
  facet normal -0.9998476951563912 0.017452406437283928 0
    outer loop
      vertex 37.59847706754774 31.962751258243742 0
      vertex 37.59847706754774 31.962751258243742 4
      vertex 37.6 32.05 0
    endloop
  endfacet
  facet normal 0 0 1
    outer loop
      vertex 37.59847706754774 31.962751258243742 4
      vertex 37.6 1.9499999999999993 4
      vertex 37.6 32.05 4
    endloop
  endfacet
  facet normal -0.9998476951563912 0.017452406437283928 0
    outer loop
      vertex 37.59847706754774 31.962751258243742 4
      vertex 37.6 32.05 4
      vertex 37.6 32.05 0
    endloop
  endfacet
  facet normal -0.9998476951563912 -0.017452406437283928 0
    outer loop
      vertex 37.59847706754774 32.13724874175625 0
      vertex 37.6 32.05 0
      vertex 37.6 32.05 4
    endloop
  endfacet
  facet normal -0.9998476951563912 -0.017452406437283928 0
    outer loop
      vertex 37.59847706754774 32.13724874175625 0
      vertex 37.6 32.05 4
      vertex 37.59847706754774 32.13724874175625 4
    endloop
  endfacet
  facet normal 0 0 -1
    outer loop
      vertex 37.59847706754774 32.13724874175625 0
      vertex 40.1 42 0
      vertex 37.6 32.05 0
    endloop
  endfacet
  facet normal 0 0 1
    outer loop
      vertex 37.59847706754774 32.13724874175625 4
      vertex 37.6 32.05 4
      vertex 40.1 42 4
    endloop
  endfacet
  facet normal 0 0 1
    outer loop
      vertex 37.6 1.9499999999999993 4
      vertex 40.1 -8 4
      vertex 37.6 32.05 4
    endloop
  endfacet
  facet normal 0 0 1
    outer loop
      vertex 37.6 32.05 4
      vertex 40.1 -8 4
      vertex 40.1 42 4
    endloop
  endfacet
  facet normal 1 0 0
    outer loop
      vertex 40.1 -8 0
      vertex 40.1 42 0
      vertex 40.1 -8 4
    endloop
  endfacet
  facet normal 1 0 0
    outer loop
      vertex 40.1 -8 4
      vertex 40.1 42 0
      vertex 40.1 42 4
    endloop
  endfacet
endsolid OpenSCAD_Model
