solid OpenSCAD_Model
  facet normal -1 0 0
    outer loop
      vertex 72 -28 0
      vertex 72 -28 0.8000000000000007
      vertex 72 62 0
    endloop
  endfacet
  facet normal 0 0 -1
    outer loop
      vertex 72 -28 0
      vertex 72 62 0
      vertex 73.18 23.57 0
    endloop
  endfacet
  facet normal 0 0 -1
    outer loop
      vertex 72 -28 0
      vertex 73.18 -23.57 0
      vertex 73.2424478386895 -24.204043546552416 0
    endloop
  endfacet
  facet normal 0 0 -1
    outer loop
      vertex 72 -28 0
      vertex 73.18 23.57 0
      vertex 73.2424478386895 22.935956453447584 0
    endloop
  endfacet
  facet normal 0 0 -1
    outer loop
      vertex 72 -28 0
      vertex 73.2424478386895 -24.204043546552416 0
      vertex 73.42739151933831 -24.813721155186542 0
    endloop
  endfacet
  facet normal 0 0 -1
    outer loop
      vertex 72 -28 0
      vertex 73.2424478386895 -22.935956453447584 0
      vertex 73.18 -23.57 0
    endloop
  endfacet
  facet normal 0 0 -1
    outer loop
      vertex 72 -28 0
      vertex 73.2424478386895 22.935956453447584 0
      vertex 73.42739151933831 22.32627884481346 0
    endloop
  endfacet
  facet normal 0 0 -1
    outer loop
      vertex 72 -28 0
      vertex 73.42739151933831 -24.813721155186542 0
      vertex 73.72772376001673 -25.375603257313706 0
    endloop
  endfacet
  facet normal 0 0 -1
    outer loop
      vertex 72 -28 0
      vertex 73.42739151933831 22.32627884481346 0
      vertex 73.72772376001673 21.764396742686294 0
    endloop
  endfacet
  facet normal 0 0 -1
    outer loop
      vertex 72 -28 0
      vertex 73.72772376001673 -25.375603257313706 0
      vertex 74.13190296114372 -25.86809703885628 0
    endloop
  endfacet
  facet normal 0 0 -1
    outer loop
      vertex 72 -28 0
      vertex 73.72772376001673 21.764396742686294 0
      vertex 74.13190296114372 21.27190296114372 0
    endloop
  endfacet
  facet normal 0 0 -1
    outer loop
      vertex 72 -28 0
      vertex 74.13190296114372 -25.86809703885628 0
      vertex 74.62439674268629 -26.27227623998327 0
    endloop
  endfacet
  facet normal 0 0 -1
    outer loop
      vertex 72 -28 0
      vertex 74.13190296114372 21.27190296114372 0
      vertex 74.62439674268629 20.86772376001673 0
    endloop
  endfacet
  facet normal 0 0 -1
    outer loop
      vertex 72 -28 0
      vertex 74.62439674268629 -26.27227623998327 0
      vertex 75.18627884481346 -26.572608480661682 0
    endloop
  endfacet
  facet normal 0 0 -1
    outer loop
      vertex 72 -28 0
      vertex 74.62439674268629 20.86772376001673 0
      vertex 75.18627884481346 20.56739151933832 0
    endloop
  endfacet
  facet normal 0 0 -1
    outer loop
      vertex 72 -28 0
      vertex 75.18627884481346 -26.572608480661682 0
      vertex 75.79595645344759 -26.7575521613105 0
    endloop
  endfacet
  facet normal 0 0 -1
    outer loop
      vertex 72 -28 0
      vertex 75.18627884481346 20.56739151933832 0
      vertex 75.79595645344759 20.3824478386895 0
    endloop
  endfacet
  facet normal 0 0 -1
    outer loop
      vertex 72 -28 0
      vertex 75.79595645344759 -26.7575521613105 0
      vertex 76.43 -26.82 0
    endloop
  endfacet
  facet normal 0 0 -1
    outer loop
      vertex 72 -28 0
      vertex 75.79595645344759 20.3824478386895 0
      vertex 76.43 20.32 0
    endloop
  endfacet
  facet normal 0 0 -1
    outer loop
      vertex 72 -28 0
      vertex 76.43 -26.82 0
      vertex 128 -28 0
    endloop
  endfacet
  facet normal 0 0 -1
    outer loop
      vertex 72 -28 0
      vertex 76.43 20.32 0
      vertex 77.06404354655241 20.3824478386895 0
    endloop
  endfacet
  facet normal 0 0 -1
    outer loop
      vertex 72 -28 0
      vertex 77.06404354655241 20.3824478386895 0
      vertex 77.67372115518654 20.56739151933832 0
    endloop
  endfacet
  facet normal 0 0 -1
    outer loop
      vertex 72 -28 0
      vertex 77.67372115518654 20.56739151933832 0
      vertex 73.2424478386895 -22.935956453447584 0
    endloop
  endfacet
  facet normal 0 -1 0
    outer loop
      vertex 72 -28 0
      vertex 128 -28 0
      vertex 128 -28 0.8000000000000007
    endloop
  endfacet
  facet normal 0 -1 0
    outer loop
      vertex 72 -28 0
      vertex 128 -28 0.8000000000000007
      vertex 72 -28 0.8000000000000007
    endloop
  endfacet
  facet normal -1 0 0
    outer loop
      vertex 72 -28 0.8000000000000007
      vertex 72 -28 1.6
      vertex 72 62 0
    endloop
  endfacet
  facet normal 0 -1 0
    outer loop
      vertex 72 -28 0.8000000000000007
      vertex 128 -28 0.8000000000000007
      vertex 128 -28 20.400000000000002
    endloop
  endfacet
  facet normal 0 -1 0
    outer loop
      vertex 72 -28 0.8000000000000007
      vertex 128 -28 20.400000000000002
      vertex 72 -28 1.6
    endloop
  endfacet
  facet normal -1 0 0
    outer loop
      vertex 72 -28 1.6
      vertex 72 -28 20.400000000000002
      vertex 72 62 20.400000000000002
    endloop
  endfacet
  facet normal -1 0 0
    outer loop
      vertex 72 -28 1.6
      vertex 72 62 1.6
      vertex 72 62 0
    endloop
  endfacet
  facet normal -1 0 0
    outer loop
      vertex 72 -28 1.6
      vertex 72 62 20.400000000000002
      vertex 72 62 1.6
    endloop
  endfacet
  facet normal 0 -1 0
    outer loop
      vertex 72 -28 1.6
      vertex 81.70100640220824 -28 17.400000000000002
      vertex 72 -28 20.400000000000002
    endloop
  endfacet
  facet normal 0 -1 0
    outer loop
      vertex 72 -28 1.6
      vertex 86.59899359779178 -28 17.400000000000002
      vertex 81.70100640220824 -28 17.400000000000002
    endloop
  endfacet
  facet normal 0 -1 0
    outer loop
      vertex 72 -28 1.6
      vertex 113.40100640220822 -28 17.400000000000002
      vertex 86.59899359779178 -28 17.400000000000002
    endloop
  endfacet
  facet normal 0 -1 0
    outer loop
      vertex 72 -28 1.6
      vertex 118.29899359779176 -28 17.400000000000002
      vertex 113.40100640220822 -28 17.400000000000002
    endloop
  endfacet
  facet normal 0 -1 0
    outer loop
      vertex 72 -28 1.6
      vertex 128 -28 20.400000000000002
      vertex 118.29899359779176 -28 17.400000000000002
    endloop
  endfacet
  facet normal 0 0 1
    outer loop
      vertex 72 -28 20.400000000000002
      vertex 73.6 -26.4 20.400000000000002
      vertex 73.6 -25.612151127189353 20.400000000000002
    endloop
  endfacet
  facet normal 0 0 1
    outer loop
      vertex 72 -28 20.400000000000002
      vertex 73.6 -25.612151127189353 20.400000000000002
      vertex 73.6 -21.527848872810647 20.400000000000002
    endloop
  endfacet
  facet normal 0 0 1
    outer loop
      vertex 72 -28 20.400000000000002
      vertex 73.6 -21.527848872810647 20.400000000000002
      vertex 73.6 21.527848872810647 20.400000000000002
    endloop
  endfacet
  facet normal 0 0 1
    outer loop
      vertex 72 -28 20.400000000000002
      vertex 73.6 21.527848872810647 20.400000000000002
      vertex 73.6 25.612151127189353 20.400000000000002
    endloop
  endfacet
  facet normal 0 0 1
    outer loop
      vertex 72 -28 20.400000000000002
      vertex 73.6 25.612151127189353 20.400000000000002
      vertex 73.6 60.4 20.400000000000002
    endloop
  endfacet
  facet normal 0 0 1
    outer loop
      vertex 72 -28 20.400000000000002
      vertex 73.6 60.4 20.400000000000002
      vertex 72 62 20.400000000000002
    endloop
  endfacet
  facet normal 0 0 1
    outer loop
      vertex 72 -28 20.400000000000002
      vertex 81.39196236237647 -27.654815163639803 20.400000000000002
      vertex 73.6 -26.4 20.400000000000002
    endloop
  endfacet
  facet normal 0 0 1
    outer loop
      vertex 72 -28 20.400000000000002
      vertex 81.46884444908358 -27.749756633902887 20.400000000000002
      vertex 81.39196236237647 -27.654815163639803 20.400000000000002
    endloop
  endfacet
  facet normal 0 0 1
    outer loop
      vertex 72 -28 20.400000000000002
      vertex 81.54899311082912 -27.841957122256005 20.400000000000002
      vertex 81.46884444908358 -27.749756633902887 20.400000000000002
    endloop
  endfacet
  facet normal 0 0 1
    outer loop
      vertex 72 -28 20.400000000000002
      vertex 81.63231069881472 -27.93130429660649 20.400000000000002
      vertex 81.54899311082912 -27.841957122256005 20.400000000000002
    endloop
  endfacet
  facet normal 0 -1 0
    outer loop
      vertex 72 -28 20.400000000000002
      vertex 81.70100640220824 -28 17.400000000000002
      vertex 81.70100640220824 -28 20.400000000000002
    endloop
  endfacet
  facet normal 0 0 1
    outer loop
      vertex 72 -28 20.400000000000002
      vertex 81.70100640220824 -28 20.400000000000002
      vertex 81.63231069881472 -27.93130429660649 20.400000000000002
    endloop
  endfacet
  facet normal 0 1 0
    outer loop
      vertex 72 62 0
      vertex 72 62 1.6
      vertex 128 62 0.8000000000000007
    endloop
  endfacet
  facet normal 0 0 -1
    outer loop
      vertex 72 62 0
      vertex 73.2424478386895 24.204043546552416 0
      vertex 73.18 23.57 0
    endloop
  endfacet
  facet normal 0 0 -1
    outer loop
      vertex 72 62 0
      vertex 73.42739151933831 24.813721155186542 0
      vertex 73.2424478386895 24.204043546552416 0
    endloop
  endfacet
  facet normal 0 0 -1
    outer loop
      vertex 72 62 0
      vertex 73.72772376001673 25.375603257313706 0
      vertex 73.42739151933831 24.813721155186542 0
    endloop
  endfacet
  facet normal 0 0 -1
    outer loop
      vertex 72 62 0
      vertex 74.13190296114372 25.86809703885628 0
      vertex 73.72772376001673 25.375603257313706 0
    endloop
  endfacet
  facet normal 0 0 -1
    outer loop
      vertex 72 62 0
      vertex 74.62439674268629 26.27227623998327 0
      vertex 74.13190296114372 25.86809703885628 0
    endloop
  endfacet
  facet normal 0 0 -1
    outer loop
      vertex 72 62 0
      vertex 75.18627884481346 26.572608480661682 0
      vertex 74.62439674268629 26.27227623998327 0
    endloop
  endfacet
  facet normal 0 0 -1
    outer loop
      vertex 72 62 0
      vertex 75.79595645344759 26.7575521613105 0
      vertex 75.18627884481346 26.572608480661682 0
    endloop
  endfacet
  facet normal 0 0 -1
    outer loop
      vertex 72 62 0
      vertex 76.43 26.82 0
      vertex 75.79595645344759 26.7575521613105 0
    endloop
  endfacet
  facet normal 0 0 -1
    outer loop
      vertex 72 62 0
      vertex 128 62 0
      vertex 76.43 26.82 0
    endloop
  endfacet
  facet normal 0 1 0
    outer loop
      vertex 72 62 0
      vertex 128 62 0.8000000000000007
      vertex 128 62 0
    endloop
  endfacet
  facet normal 0 1 0
    outer loop
      vertex 72 62 1.6
      vertex 72 62 20.400000000000002
      vertex 128 62 20.400000000000002
    endloop
  endfacet
  facet normal 0 1 0
    outer loop
      vertex 72 62 1.6
      vertex 128 62 1.6
      vertex 128 62 0.8000000000000007
    endloop
  endfacet
  facet normal 0 1 0
    outer loop
      vertex 72 62 1.6
      vertex 128 62 20.400000000000002
      vertex 128 62 1.6
    endloop
  endfacet
  facet normal 0 0 1
    outer loop
      vertex 72 62 20.400000000000002
      vertex 73.6 60.4 20.400000000000002
      vertex 128 62 20.400000000000002
    endloop
  endfacet
  facet normal 0.995184726672198 0.09801714032954911 0
    outer loop
      vertex 73.18 -23.57 0
      vertex 73.18 -23.57 7.600000000000001
      vertex 73.2424478386895 -24.204043546552416 0
    endloop
  endfacet
  facet normal 0.995184726672198 -0.09801714032954911 0
    outer loop
      vertex 73.18 -23.57 0
      vertex 73.2424478386895 -22.935956453447584 0
      vertex 73.2424478386895 -22.935956453447584 7.600000000000001
    endloop
  endfacet
  facet normal 0.995184726672198 -0.09801714032954911 0
    outer loop
      vertex 73.18 -23.57 0
      vertex 73.2424478386895 -22.935956453447584 7.600000000000001
      vertex 73.18 -23.57 7.600000000000001
    endloop
  endfacet
  facet normal 0.995184726672198 0.09801714032954911 0
    outer loop
      vertex 73.18 -23.57 7.600000000000001
      vertex 73.2424478386895 -24.204043546552416 7.600000000000001
      vertex 73.2424478386895 -24.204043546552416 0
    endloop
  endfacet
  facet normal 0 0 -1
    outer loop
      vertex 73.18 -23.57 7.600000000000001
      vertex 73.2424478386895 -22.935956453447584 7.600000000000001
      vertex 73.2424478386895 -24.204043546552416 7.600000000000001
    endloop
  endfacet
  facet normal 0.995184726672198 0.09801714032954911 0
    outer loop
      vertex 73.18 23.57 0
      vertex 73.18 23.57 7.600000000000001
      vertex 73.2424478386895 22.935956453447584 0
    endloop
  endfacet
  facet normal 0.995184726672198 -0.09801714032954911 0
    outer loop
      vertex 73.18 23.57 0
      vertex 73.2424478386895 24.204043546552416 0
      vertex 73.2424478386895 24.204043546552416 7.600000000000001
    endloop
  endfacet
  facet normal 0.995184726672198 -0.09801714032954911 0
    outer loop
      vertex 73.18 23.57 0
      vertex 73.2424478386895 24.204043546552416 7.600000000000001
      vertex 73.18 23.57 7.600000000000001
    endloop
  endfacet
  facet normal 0.995184726672198 0.09801714032954911 0
    outer loop
      vertex 73.18 23.57 7.600000000000001
      vertex 73.2424478386895 22.935956453447584 7.600000000000001
      vertex 73.2424478386895 22.935956453447584 0
    endloop
  endfacet
  facet normal 0 0 -1
    outer loop
      vertex 73.18 23.57 7.600000000000001
      vertex 73.2424478386895 24.204043546552416 7.600000000000001
      vertex 73.2424478386895 22.935956453447584 7.600000000000001
    endloop
  endfacet
  facet normal 0.9569403357322102 0.290284677254458 0
    outer loop
      vertex 73.2424478386895 -24.204043546552416 0
      vertex 73.2424478386895 -24.204043546552416 7.600000000000001
      vertex 73.42739151933831 -24.813721155186542 0
    endloop
  endfacet
  facet normal 0 0 -1
    outer loop
      vertex 73.2424478386895 -24.204043546552416 7.600000000000001
      vertex 73.2424478386895 -22.935956453447584 7.600000000000001
      vertex 73.42739151933831 -24.813721155186542 7.600000000000001
    endloop
  endfacet
  facet normal 0.9569403357322102 0.290284677254458 0
    outer loop
      vertex 73.2424478386895 -24.204043546552416 7.600000000000001
      vertex 73.42739151933831 -24.813721155186542 7.600000000000001
      vertex 73.42739151933831 -24.813721155186542 0
    endloop
  endfacet
  facet normal 0.9569403357322102 -0.290284677254458 0
    outer loop
      vertex 73.2424478386895 -22.935956453447584 0
      vertex 73.42739151933831 -22.32627884481346 0
      vertex 73.42739151933831 -22.32627884481346 7.600000000000001
    endloop
  endfacet
  facet normal 0.9569403357322102 -0.290284677254458 0
    outer loop
      vertex 73.2424478386895 -22.935956453447584 0
      vertex 73.42739151933831 -22.32627884481346 7.600000000000001
      vertex 73.2424478386895 -22.935956453447584 7.600000000000001
    endloop
  endfacet
  facet normal 0 0 -1
    outer loop
      vertex 73.2424478386895 -22.935956453447584 0
      vertex 77.67372115518654 20.56739151933832 0
      vertex 73.42739151933831 -22.32627884481346 0
    endloop
  endfacet
  facet normal 0 0 -1
    outer loop
      vertex 73.2424478386895 -22.935956453447584 7.600000000000001
      vertex 73.42739151933831 -22.32627884481346 7.600000000000001
      vertex 73.42739151933831 -24.813721155186542 7.600000000000001
    endloop
  endfacet
  facet normal 0.9569403357322102 0.290284677254458 0
    outer loop
      vertex 73.2424478386895 22.935956453447584 0
      vertex 73.2424478386895 22.935956453447584 7.600000000000001
      vertex 73.42739151933831 22.32627884481346 0
    endloop
  endfacet
  facet normal 0 0 -1
    outer loop
      vertex 73.2424478386895 22.935956453447584 7.600000000000001
      vertex 73.2424478386895 24.204043546552416 7.600000000000001
      vertex 73.42739151933831 22.32627884481346 7.600000000000001
    endloop
  endfacet
  facet normal 0.9569403357322102 0.290284677254458 0
    outer loop
      vertex 73.2424478386895 22.935956453447584 7.600000000000001
      vertex 73.42739151933831 22.32627884481346 7.600000000000001
      vertex 73.42739151933831 22.32627884481346 0
    endloop
  endfacet
  facet normal 0.9569403357322102 -0.290284677254458 0
    outer loop
      vertex 73.2424478386895 24.204043546552416 0
      vertex 73.42739151933831 24.813721155186542 0
      vertex 73.42739151933831 24.813721155186542 7.600000000000001
    endloop
  endfacet
  facet normal 0.9569403357322102 -0.290284677254458 0
    outer loop
      vertex 73.2424478386895 24.204043546552416 0
      vertex 73.42739151933831 24.813721155186542 7.600000000000001
      vertex 73.2424478386895 24.204043546552416 7.600000000000001
    endloop
  endfacet
  facet normal 0 0 -1
    outer loop
      vertex 73.2424478386895 24.204043546552416 7.600000000000001
      vertex 73.42739151933831 24.813721155186542 7.600000000000001
      vertex 73.42739151933831 22.32627884481346 7.600000000000001
    endloop
  endfacet
  facet normal 0.8819212643483513 0.4713967368260047 0
    outer loop
      vertex 73.42739151933831 -24.813721155186542 0
      vertex 73.42739151933831 -24.813721155186542 7.600000000000001
      vertex 73.72772376001673 -25.375603257313706 0
    endloop
  endfacet
  facet normal 0 0 -1
    outer loop
      vertex 73.42739151933831 -24.813721155186542 7.600000000000001
      vertex 73.42739151933831 -22.32627884481346 7.600000000000001
      vertex 73.72772376001673 -25.375603257313706 7.600000000000001
    endloop
  endfacet
  facet normal 0.8819212643483513 0.4713967368260047 0
    outer loop
      vertex 73.42739151933831 -24.813721155186542 7.600000000000001
      vertex 73.72772376001673 -25.375603257313706 7.600000000000001
      vertex 73.72772376001673 -25.375603257313706 0
    endloop
  endfacet
  facet normal 0.8819212643483513 -0.4713967368260047 0
    outer loop
      vertex 73.42739151933831 -22.32627884481346 0
      vertex 73.72772376001673 -21.764396742686294 0
      vertex 73.72772376001673 -21.764396742686294 7.600000000000001
    endloop
  endfacet
  facet normal 0.8819212643483513 -0.4713967368260047 0
    outer loop
      vertex 73.42739151933831 -22.32627884481346 0
      vertex 73.72772376001673 -21.764396742686294 7.600000000000001
      vertex 73.42739151933831 -22.32627884481346 7.600000000000001
    endloop
  endfacet
  facet normal 0 0 -1
    outer loop
      vertex 73.42739151933831 -22.32627884481346 0
      vertex 77.67372115518654 20.56739151933832 0
      vertex 73.72772376001673 -21.764396742686294 0
    endloop
  endfacet
  facet normal 0 0 -1
    outer loop
      vertex 73.42739151933831 -22.32627884481346 7.600000000000001
      vertex 73.72772376001673 -21.764396742686294 7.600000000000001
      vertex 73.72772376001673 -25.375603257313706 7.600000000000001
    endloop
  endfacet
  facet normal 0.8819212643483513 0.4713967368260047 0
    outer loop
      vertex 73.42739151933831 22.32627884481346 0
      vertex 73.42739151933831 22.32627884481346 7.600000000000001
      vertex 73.72772376001673 21.764396742686294 0
    endloop
  endfacet
  facet normal 0 0 -1
    outer loop
      vertex 73.42739151933831 22.32627884481346 7.600000000000001
      vertex 73.42739151933831 24.813721155186542 7.600000000000001
      vertex 73.72772376001673 21.764396742686294 7.600000000000001
    endloop
  endfacet
  facet normal 0.8819212643483513 0.4713967368260047 0
    outer loop
      vertex 73.42739151933831 22.32627884481346 7.600000000000001
      vertex 73.72772376001673 21.764396742686294 7.600000000000001
      vertex 73.72772376001673 21.764396742686294 0
    endloop
  endfacet
  facet normal 0.8819212643483513 -0.4713967368260047 0
    outer loop
      vertex 73.42739151933831 24.813721155186542 0
      vertex 73.72772376001673 25.375603257313706 0
      vertex 73.72772376001673 25.375603257313706 7.600000000000001
    endloop
  endfacet
  facet normal 0.8819212643483513 -0.4713967368260047 0
    outer loop
      vertex 73.42739151933831 24.813721155186542 0
      vertex 73.72772376001673 25.375603257313706 7.600000000000001
      vertex 73.42739151933831 24.813721155186542 7.600000000000001
    endloop
  endfacet
  facet normal 0 0 -1
    outer loop
      vertex 73.42739151933831 24.813721155186542 7.600000000000001
      vertex 73.72772376001673 25.375603257313706 7.600000000000001
      vertex 73.72772376001673 21.764396742686294 7.600000000000001
    endloop
  endfacet
  facet normal 0 1 0
    outer loop
      vertex 73.6 -26.4 10.400000000000002
      vertex 73.6 -26.4 20.400000000000002
      vertex 74.38784887281065 -26.4 20.400000000000002
    endloop
  endfacet
  facet normal 1 0 0
    outer loop
      vertex 73.6 -26.4 10.400000000000002
      vertex 73.6 -25.612151127189353 10.400000000000002
      vertex 73.6 -26.4 20.400000000000002
    endloop
  endfacet
  facet normal 0 0 1
    outer loop
      vertex 73.6 -26.4 10.400000000000002
      vertex 73.95512626584708 -26.044873734152915 10.400000000000002
      vertex 73.6 -25.612151127189353 10.400000000000002
    endloop
  endfacet
  facet normal 0 0 1
    outer loop
      vertex 73.6 -26.4 10.400000000000002
      vertex 74.38784887281065 -26.4 10.400000000000002
      vertex 73.95512626584708 -26.044873734152915 10.400000000000002
    endloop
  endfacet
  facet normal 0 1 0
    outer loop
      vertex 73.6 -26.4 10.400000000000002
      vertex 74.38784887281065 -26.4 20.400000000000002
      vertex 74.38784887281065 -26.4 10.400000000000002
    endloop
  endfacet
  facet normal 1 0 0
    outer loop
      vertex 73.6 -26.4 20.400000000000002
      vertex 73.6 -25.612151127189353 10.400000000000002
      vertex 73.6 -25.612151127189353 20.400000000000002
    endloop
  endfacet
  facet normal 0 0 1
    outer loop
      vertex 73.6 -26.4 20.400000000000002
      vertex 80.78558406421588 -26.464730745359496 20.400000000000002
      vertex 74.38784887281065 -26.4 20.400000000000002
    endloop
  endfacet
  facet normal 0 0 1
    outer loop
      vertex 73.6 -26.4 20.400000000000002
      vertex 80.82130219296697 -26.581559480312315 20.400000000000002
      vertex 80.78558406421588 -26.464730745359496 20.400000000000002
    endloop
  endfacet
  facet normal 0 0 1
    outer loop
      vertex 73.6 -26.4 20.400000000000002
      vertex 80.86107582724932 -26.69707050163984 20.400000000000002
      vertex 80.82130219296697 -26.581559480312315 20.400000000000002
    endloop
  endfacet
  facet normal 0 0 1
    outer loop
      vertex 73.6 -26.4 20.400000000000002
      vertex 80.90485650901624 -26.811123076955692 20.400000000000002
      vertex 80.86107582724932 -26.69707050163984 20.400000000000002
    endloop
  endfacet
  facet normal 0 0 1
    outer loop
      vertex 73.6 -26.4 20.400000000000002
      vertex 80.95259089825089 -26.9235782507653 20.400000000000002
      vertex 80.90485650901624 -26.811123076955692 20.400000000000002
    endloop
  endfacet
  facet normal 0 0 1
    outer loop
      vertex 73.6 -26.4 20.400000000000002
      vertex 81.00422083795291 -27.03429901376177 20.400000000000002
      vertex 80.95259089825089 -26.9235782507653 20.400000000000002
    endloop
  endfacet
  facet normal 0 0 1
    outer loop
      vertex 73.6 -26.4 20.400000000000002
      vertex 81.05968342499375 -27.14315046975062 20.400000000000002
      vertex 81.00422083795291 -27.03429901376177 20.400000000000002
    endloop
  endfacet
  facet normal 0 0 1
    outer loop
      vertex 73.6 -26.4 20.400000000000002
      vertex 81.11891108675447 -27.25 20.400000000000002
      vertex 81.05968342499375 -27.14315046975062 20.400000000000002
    endloop
  endfacet
  facet normal 0 0 1
    outer loop
      vertex 73.6 -26.4 20.400000000000002
      vertex 81.18183166345251 -27.35471742481622 20.400000000000002
      vertex 81.11891108675447 -27.25 20.400000000000002
    endloop
  endfacet
  facet normal 0 0 1
    outer loop
      vertex 73.6 -26.4 20.400000000000002
      vertex 81.24836849605735 -27.457175162147614 20.400000000000002
      vertex 81.18183166345251 -27.35471742481622 20.400000000000002
    endloop
  endfacet
  facet normal 0 0 1
    outer loop
      vertex 73.6 -26.4 20.400000000000002
      vertex 81.31844051968768 -27.557248383023655 20.400000000000002
      vertex 81.24836849605735 -27.457175162147614 20.400000000000002
    endloop
  endfacet
  facet normal 0 0 1
    outer loop
      vertex 73.6 -26.4 20.400000000000002
      vertex 81.39196236237647 -27.654815163639803 20.400000000000002
      vertex 81.31844051968768 -27.557248383023655 20.400000000000002
    endloop
  endfacet
  facet normal -0.7730104533627294 -0.6343932841636547 0
    outer loop
      vertex 73.6 -25.612151127189353 10.400000000000002
      vertex 73.95512626584708 -26.044873734152915 10.400000000000002
      vertex 73.95512626584708 -26.044873734152915 20.400000000000002
    endloop
  endfacet
  facet normal -0.7730104533627294 -0.6343932841636547 0
    outer loop
      vertex 73.6 -25.612151127189353 10.400000000000002
      vertex 73.95512626584708 -26.044873734152915 20.400000000000002
      vertex 73.6 -25.612151127189353 20.400000000000002
    endloop
  endfacet
  facet normal 0 0 1
    outer loop
      vertex 73.6 -25.612151127189353 20.400000000000002
      vertex 73.95512626584708 -26.044873734152915 20.400000000000002
      vertex 73.95512626584708 -21.095126265847085 20.400000000000002
    endloop
  endfacet
  facet normal 0 0 1
    outer loop
      vertex 73.6 -25.612151127189353 20.400000000000002
      vertex 73.95512626584708 -21.095126265847085 20.400000000000002
      vertex 73.6 -21.527848872810647 20.400000000000002
    endloop
  endfacet
  facet normal -0.7730104533627294 0.6343932841636547 0
    outer loop
      vertex 73.6 -21.527848872810647 10.400000000000002
      vertex 73.6 -21.527848872810647 20.400000000000002
      vertex 73.95512626584708 -21.095126265847085 10.400000000000002
    endloop
  endfacet
  facet normal 1 0 0
    outer loop
      vertex 73.6 -21.527848872810647 10.400000000000002
      vertex 73.6 -20.227897972872242 10.400000000000002
      vertex 73.6 21.527848872810647 20.400000000000002
    endloop
  endfacet
  facet normal 1 0 0
    outer loop
      vertex 73.6 -21.527848872810647 10.400000000000002
      vertex 73.6 21.527848872810647 20.400000000000002
      vertex 73.6 -21.527848872810647 20.400000000000002
    endloop
  endfacet
  facet normal 0 0 1
    outer loop
      vertex 73.6 -21.527848872810647 10.400000000000002
      vertex 73.95512626584708 -21.095126265847085 10.400000000000002
      vertex 73.98549097471374 -19.911533705868802 10.400000000000002
    endloop
  endfacet
  facet normal 0 0 1
    outer loop
      vertex 73.6 -21.527848872810647 10.400000000000002
      vertex 73.98549097471374 -19.911533705868802 10.400000000000002
      vertex 73.6 -20.227897972872242 10.400000000000002
    endloop
  endfacet
  facet normal -0.7730104533627294 0.6343932841636547 0
    outer loop
      vertex 73.6 -21.527848872810647 20.400000000000002
      vertex 73.95512626584708 -21.095126265847085 20.400000000000002
      vertex 73.95512626584708 -21.095126265847085 10.400000000000002
    endloop
  endfacet
  facet normal -0.634393284163646 0.7730104533627365 0
    outer loop
      vertex 73.6 -20.227897972872242 1.6
      vertex 73.6 -20.227897972872242 10.400000000000002
      vertex 73.98549097471374 -19.911533705868802 10.400000000000002
    endloop
  endfacet
  facet normal 1 0 0
    outer loop
      vertex 73.6 -20.227897972872242 1.6
      vertex 73.6 16.856581644060206 1.6
      vertex 73.6 -20.227897972872242 10.400000000000002
    endloop
  endfacet
  facet normal 0 0 1
    outer loop
      vertex 73.6 -20.227897972872242 1.6
      vertex 73.98549097471374 -19.911533705868802 1.6
      vertex 73.6 16.856581644060206 1.6
    endloop
  endfacet
  facet normal -0.634393284163646 0.7730104533627365 0
    outer loop
      vertex 73.6 -20.227897972872242 1.6
      vertex 73.98549097471374 -19.911533705868802 10.400000000000002
      vertex 73.98549097471374 -19.911533705868802 1.6
    endloop
  endfacet
  facet normal 1 0 0
    outer loop
      vertex 73.6 -20.227897972872242 10.400000000000002
      vertex 73.6 16.856581644060206 1.6
      vertex 73.6 20.227897972872242 10.400000000000002
    endloop
  endfacet
  facet normal 1 0 0
    outer loop
      vertex 73.6 -20.227897972872242 10.400000000000002
      vertex 73.6 20.227897972872242 10.400000000000002
      vertex 73.6 21.527848872810647 20.400000000000002
    endloop
  endfacet
  facet normal 1 0 0
    outer loop
      vertex 73.6 16.856581644060206 1.6
      vertex 73.6 20.227897972872242 1.6
      vertex 73.6 20.227897972872242 10.400000000000002
    endloop
  endfacet
  facet normal 0 0 1
    outer loop
      vertex 73.6 16.856581644060206 1.6
      vertex 73.98549097471374 -19.911533705868802 1.6
      vertex 74.7461928975936 -19.50493005695034 1.6
    endloop
  endfacet
  facet normal 0 0 1
    outer loop
      vertex 73.6 16.856581644060206 1.6
      vertex 73.98549097471374 19.911533705868802 1.6
      vertex 73.6 20.227897972872242 1.6
    endloop
  endfacet
  facet normal 0 0 1
    outer loop
      vertex 73.6 16.856581644060206 1.6
      vertex 74.7461928975936 -19.50493005695034 1.6
      vertex 75.57160258312904 -19.254544766225784 1.6
    endloop
  endfacet
  facet normal 0 0 1
    outer loop
      vertex 73.6 16.856581644060206 1.6
      vertex 74.7461928975936 19.50493005695034 1.6
      vertex 73.98549097471374 19.911533705868802 1.6
    endloop
  endfacet
  facet normal 0 0 1
    outer loop
      vertex 73.6 16.856581644060206 1.6
      vertex 75.57160258312904 -19.254544766225784 1.6
      vertex 76.43 -19.17 1.6
    endloop
  endfacet
  facet normal 0 0 1
    outer loop
      vertex 73.6 16.856581644060206 1.6
      vertex 75.57160258312904 19.254544766225784 1.6
      vertex 74.7461928975936 19.50493005695034 1.6
    endloop
  endfacet
  facet normal 0 0 1
    outer loop
      vertex 73.6 16.856581644060206 1.6
      vertex 76.43 -19.17 1.6
      vertex 77.28839741687096 -19.254544766225784 1.6
    endloop
  endfacet
  facet normal 0 0 1
    outer loop
      vertex 73.6 16.856581644060206 1.6
      vertex 76.43 19.17 1.6
      vertex 75.57160258312904 19.254544766225784 1.6
    endloop
  endfacet
  facet normal 0 0 1
    outer loop
      vertex 73.6 16.856581644060206 1.6
      vertex 77.28839741687096 -19.254544766225784 1.6
      vertex 78.1138071024064 -19.50493005695034 1.6
    endloop
  endfacet
  facet normal 0 0 1
    outer loop
      vertex 73.6 16.856581644060206 1.6
      vertex 78.1138071024064 -19.50493005695034 1.6
      vertex 76.43 19.17 1.6
    endloop
  endfacet
  facet normal -0.634393284163646 -0.7730104533627365 0
    outer loop
      vertex 73.6 20.227897972872242 1.6
      vertex 73.98549097471374 19.911533705868802 1.6
      vertex 73.6 20.227897972872242 10.400000000000002
    endloop
  endfacet
  facet normal 1 0 0
    outer loop
      vertex 73.6 20.227897972872242 10.400000000000002
      vertex 73.6 21.527848872810647 10.400000000000002
      vertex 73.6 21.527848872810647 20.400000000000002
    endloop
  endfacet
  facet normal 0 0 1
    outer loop
      vertex 73.6 20.227897972872242 10.400000000000002
      vertex 73.95512626584708 21.095126265847085 10.400000000000002
      vertex 73.6 21.527848872810647 10.400000000000002
    endloop
  endfacet
  facet normal -0.634393284163646 -0.7730104533627365 0
    outer loop
      vertex 73.6 20.227897972872242 10.400000000000002
      vertex 73.98549097471374 19.911533705868802 1.6
      vertex 73.98549097471374 19.911533705868802 10.400000000000002
    endloop
  endfacet
  facet normal 0 0 1
    outer loop
      vertex 73.6 20.227897972872242 10.400000000000002
      vertex 73.98549097471374 19.911533705868802 10.400000000000002
      vertex 73.95512626584708 21.095126265847085 10.400000000000002
    endloop
  endfacet
  facet normal -0.7730104533627294 -0.6343932841636547 0
    outer loop
      vertex 73.6 21.527848872810647 10.400000000000002
      vertex 73.95512626584708 21.095126265847085 10.400000000000002
      vertex 73.95512626584708 21.095126265847085 20.400000000000002
    endloop
  endfacet
  facet normal -0.7730104533627294 -0.6343932841636547 0
    outer loop
      vertex 73.6 21.527848872810647 10.400000000000002
      vertex 73.95512626584708 21.095126265847085 20.400000000000002
      vertex 73.6 21.527848872810647 20.400000000000002
    endloop
  endfacet
  facet normal 0 0 1
    outer loop
      vertex 73.6 21.527848872810647 20.400000000000002
      vertex 73.95512626584708 21.095126265847085 20.400000000000002
      vertex 73.95512626584708 26.044873734152915 20.400000000000002
    endloop
  endfacet
  facet normal 0 0 1
    outer loop
      vertex 73.6 21.527848872810647 20.400000000000002
      vertex 73.95512626584708 26.044873734152915 20.400000000000002
      vertex 73.6 25.612151127189353 20.400000000000002
    endloop
  endfacet
  facet normal -0.7730104533627294 0.6343932841636547 0
    outer loop
      vertex 73.6 25.612151127189353 10.400000000000002
      vertex 73.6 25.612151127189353 20.400000000000002
      vertex 73.95512626584708 26.044873734152915 10.400000000000002
    endloop
  endfacet
  facet normal 1 0 0
    outer loop
      vertex 73.6 25.612151127189353 10.400000000000002
      vertex 73.6 26.91210202712776 10.400000000000002
      vertex 73.6 60.4 20.400000000000002
    endloop
  endfacet
  facet normal 1 0 0
    outer loop
      vertex 73.6 25.612151127189353 10.400000000000002
      vertex 73.6 60.4 20.400000000000002
      vertex 73.6 25.612151127189353 20.400000000000002
    endloop
  endfacet
  facet normal 0 0 1
    outer loop
      vertex 73.6 25.612151127189353 10.400000000000002
      vertex 73.95512626584708 26.044873734152915 10.400000000000002
      vertex 73.6 26.91210202712776 10.400000000000002
    endloop
  endfacet
  facet normal -0.7730104533627294 0.6343932841636547 0
    outer loop
      vertex 73.6 25.612151127189353 20.400000000000002
      vertex 73.95512626584708 26.044873734152915 20.400000000000002
      vertex 73.95512626584708 26.044873734152915 10.400000000000002
    endloop
  endfacet
  facet normal -0.634393284163646 0.7730104533627365 0
    outer loop
      vertex 73.6 26.91210202712776 1.6
      vertex 73.6 26.91210202712776 10.400000000000002
      vertex 73.98549097471374 27.2284662941312 10.400000000000002
    endloop
  endfacet
  facet normal 1 0 0
    outer loop
      vertex 73.6 26.91210202712776 1.6
      vertex 73.6 60.4 1.6
      vertex 73.6 26.91210202712776 10.400000000000002
    endloop
  endfacet
  facet normal 0 0 1
    outer loop
      vertex 73.6 26.91210202712776 1.6
      vertex 73.98549097471374 27.2284662941312 1.6
      vertex 73.6 60.4 1.6
    endloop
  endfacet
  facet normal -0.634393284163646 0.7730104533627365 0
    outer loop
      vertex 73.6 26.91210202712776 1.6
      vertex 73.98549097471374 27.2284662941312 10.400000000000002
      vertex 73.98549097471374 27.2284662941312 1.6
    endloop
  endfacet
  facet normal 1 0 0
    outer loop
      vertex 73.6 26.91210202712776 10.400000000000002
      vertex 73.6 60.4 1.6
      vertex 73.6 60.4 20.400000000000002
    endloop
  endfacet
  facet normal 0 0 1
    outer loop
      vertex 73.6 26.91210202712776 10.400000000000002
      vertex 73.95512626584708 26.044873734152915 10.400000000000002
      vertex 74.48550418443139 26.48014364305891 10.400000000000002
    endloop
  endfacet
  facet normal 0 0 1
    outer loop
      vertex 73.6 26.91210202712776 10.400000000000002
      vertex 74.48550418443139 26.48014364305891 10.400000000000002
      vertex 73.98549097471374 27.2284662941312 10.400000000000002
    endloop
  endfacet
  facet normal 0 0 1
    outer loop
      vertex 73.6 60.4 1.6
      vertex 73.98549097471374 27.2284662941312 1.6
      vertex 74.7461928975936 27.63506994304966 1.6
    endloop
  endfacet
  facet normal 0 0 1
    outer loop
      vertex 73.6 60.4 1.6
      vertex 74.7461928975936 27.63506994304966 1.6
      vertex 75.57160258312904 27.885455233774216 1.6
    endloop
  endfacet
  facet normal 0 0 1
    outer loop
      vertex 73.6 60.4 1.6
      vertex 75.57160258312904 27.885455233774216 1.6
      vertex 76.43 27.97 1.6
    endloop
  endfacet
  facet normal 0 0 1
    outer loop
      vertex 73.6 60.4 1.6
      vertex 76.43 27.97 1.6
      vertex 77.28839741687096 27.885455233774216 1.6
    endloop
  endfacet
  facet normal 0 0 1
    outer loop
      vertex 73.6 60.4 1.6
      vertex 77.28839741687096 27.885455233774216 1.6
      vertex 78.1138071024064 27.63506994304966 1.6
    endloop
  endfacet
  facet normal 0 0 1
    outer loop
      vertex 73.6 60.4 1.6
      vertex 78.1138071024064 27.63506994304966 1.6
      vertex 78.87450902528624 27.2284662941312 1.6
    endloop
  endfacet
  facet normal 0 0 1
    outer loop
      vertex 73.6 60.4 1.6
      vertex 78.87450902528624 27.2284662941312 1.6
      vertex 79.54126983722081 26.68126983722081 1.6
    endloop
  endfacet
  facet normal 0 0 1
    outer loop
      vertex 73.6 60.4 1.6
      vertex 79.54126983722081 26.68126983722081 1.6
      vertex 80.0884662941312 26.01450902528625 1.6
    endloop
  endfacet
  facet normal 0 0 1
    outer loop
      vertex 73.6 60.4 1.6
      vertex 80.0884662941312 26.01450902528625 1.6
      vertex 80.49506994304966 25.253807102406395 1.6
    endloop
  endfacet
  facet normal 0 0 1
    outer loop
      vertex 73.6 60.4 1.6
      vertex 80.49506994304966 25.253807102406395 1.6
      vertex 80.74545523377421 24.428397416870965 1.6
    endloop
  endfacet
  facet normal 0 0 1
    outer loop
      vertex 73.6 60.4 1.6
      vertex 80.74545523377421 24.428397416870965 1.6
      vertex 121.8861928975936 -19.50493005695034 1.6
    endloop
  endfacet
  facet normal 0 0 1
    outer loop
      vertex 73.6 60.4 1.6
      vertex 119.17 23.57 1.6
      vertex 119.25454476622579 24.428397416870965 1.6
    endloop
  endfacet
  facet normal 0 0 1
    outer loop
      vertex 73.6 60.4 1.6
      vertex 119.25454476622579 22.711602583129036 1.6
      vertex 119.17 23.57 1.6
    endloop
  endfacet
  facet normal 0 0 1
    outer loop
      vertex 73.6 60.4 1.6
      vertex 119.25454476622579 24.428397416870965 1.6
      vertex 119.50493005695034 25.253807102406395 1.6
    endloop
  endfacet
  facet normal 0 0 1
    outer loop
      vertex 73.6 60.4 1.6
      vertex 119.50493005695034 25.253807102406395 1.6
      vertex 119.9115337058688 26.01450902528625 1.6
    endloop
  endfacet
  facet normal 0 0 1
    outer loop
      vertex 73.6 60.4 1.6
      vertex 119.9115337058688 26.01450902528625 1.6
      vertex 120.45873016277919 26.68126983722081 1.6
    endloop
  endfacet
  facet normal 0 0 1
    outer loop
      vertex 73.6 60.4 1.6
      vertex 120.45873016277919 26.68126983722081 1.6
      vertex 121.12549097471376 27.2284662941312 1.6
    endloop
  endfacet
  facet normal 0 0 1
    outer loop
      vertex 73.6 60.4 1.6
      vertex 121.12549097471376 27.2284662941312 1.6
      vertex 121.8861928975936 27.63506994304966 1.6
    endloop
  endfacet
  facet normal 0 0 1
    outer loop
      vertex 73.6 60.4 1.6
      vertex 121.8861928975936 -19.50493005695034 1.6
      vertex 124.4 -3.5 1.6
    endloop
  endfacet
  facet normal 0 0 1
    outer loop
      vertex 73.6 60.4 1.6
      vertex 121.8861928975936 27.63506994304966 1.6
      vertex 122.71160258312904 27.885455233774216 1.6
    endloop
  endfacet
  facet normal 0 0 1
    outer loop
      vertex 73.6 60.4 1.6
      vertex 122.71160258312904 27.885455233774216 1.6
      vertex 123.57 27.97 1.6
    endloop
  endfacet
  facet normal 0 0 1
    outer loop
      vertex 73.6 60.4 1.6
      vertex 123.57 27.97 1.6
      vertex 124.42839741687096 27.885455233774216 1.6
    endloop
  endfacet
  facet normal 0 0 1
    outer loop
      vertex 73.6 60.4 1.6
      vertex 124.4 -3.5 1.6
      vertex 124.4 -2 1.6
    endloop
  endfacet
  facet normal 0 0 1
    outer loop
      vertex 73.6 60.4 1.6
      vertex 124.4 -2 1.6
      vertex 119.25454476622579 22.711602583129036 1.6
    endloop
  endfacet
  facet normal 0 0 1
    outer loop
      vertex 73.6 60.4 1.6
      vertex 124.42839741687096 27.885455233774216 1.6
      vertex 126.4 60.4 1.6
    endloop
  endfacet
  facet normal 0 -1 0
    outer loop
      vertex 73.6 60.4 1.6
      vertex 126.4 60.4 1.6
      vertex 126.4 60.4 20.400000000000002
    endloop
  endfacet
  facet normal 0 -1 0
    outer loop
      vertex 73.6 60.4 1.6
      vertex 126.4 60.4 20.400000000000002
      vertex 73.6 60.4 20.400000000000002
    endloop
  endfacet
  facet normal 0 0 1
    outer loop
      vertex 73.6 60.4 20.400000000000002
      vertex 126.4 60.4 20.400000000000002
      vertex 128 62 20.400000000000002
    endloop
  endfacet
  facet normal 0.7730104533627377 0.6343932841636446 0
    outer loop
      vertex 73.72772376001673 -25.375603257313706 0
      vertex 73.72772376001673 -25.375603257313706 7.600000000000001
      vertex 74.13190296114372 -25.86809703885628 0
    endloop
  endfacet
  facet normal 0 0 -1
    outer loop
      vertex 73.72772376001673 -25.375603257313706 7.600000000000001
      vertex 73.72772376001673 -21.764396742686294 7.600000000000001
      vertex 74.13190296114372 -25.86809703885628 7.600000000000001
    endloop
  endfacet
  facet normal 0.7730104533627377 0.6343932841636446 0
    outer loop
      vertex 73.72772376001673 -25.375603257313706 7.600000000000001
      vertex 74.13190296114372 -25.86809703885628 7.600000000000001
      vertex 74.13190296114372 -25.86809703885628 0
    endloop
  endfacet
  facet normal 0.7730104533627377 -0.6343932841636446 0
    outer loop
      vertex 73.72772376001673 -21.764396742686294 0
      vertex 74.13190296114372 -21.27190296114372 0
      vertex 74.13190296114372 -21.27190296114372 7.600000000000001
    endloop
  endfacet
  facet normal 0.7730104533627377 -0.6343932841636446 0
    outer loop
      vertex 73.72772376001673 -21.764396742686294 0
      vertex 74.13190296114372 -21.27190296114372 7.600000000000001
      vertex 73.72772376001673 -21.764396742686294 7.600000000000001
    endloop
  endfacet
  facet normal 0 0 -1
    outer loop
      vertex 73.72772376001673 -21.764396742686294 0
      vertex 77.67372115518654 20.56739151933832 0
      vertex 74.13190296114372 -21.27190296114372 0
    endloop
  endfacet
  facet normal 0 0 -1
    outer loop
      vertex 73.72772376001673 -21.764396742686294 7.600000000000001
      vertex 74.13190296114372 -21.27190296114372 7.600000000000001
      vertex 74.13190296114372 -25.86809703885628 7.600000000000001
    endloop
  endfacet
  facet normal 0.7730104533627377 0.6343932841636446 0
    outer loop
      vertex 73.72772376001673 21.764396742686294 0
      vertex 73.72772376001673 21.764396742686294 7.600000000000001
      vertex 74.13190296114372 21.27190296114372 0
    endloop
  endfacet
  facet normal 0 0 -1
    outer loop
      vertex 73.72772376001673 21.764396742686294 7.600000000000001
      vertex 73.72772376001673 25.375603257313706 7.600000000000001
      vertex 74.13190296114372 21.27190296114372 7.600000000000001
    endloop
  endfacet
  facet normal 0.7730104533627377 0.6343932841636446 0
    outer loop
      vertex 73.72772376001673 21.764396742686294 7.600000000000001
      vertex 74.13190296114372 21.27190296114372 7.600000000000001
      vertex 74.13190296114372 21.27190296114372 0
    endloop
  endfacet
  facet normal 0.7730104533627377 -0.6343932841636446 0
    outer loop
      vertex 73.72772376001673 25.375603257313706 0
      vertex 74.13190296114372 25.86809703885628 0
      vertex 74.13190296114372 25.86809703885628 7.600000000000001
    endloop
  endfacet
  facet normal 0.7730104533627377 -0.6343932841636446 0
    outer loop
      vertex 73.72772376001673 25.375603257313706 0
      vertex 74.13190296114372 25.86809703885628 7.600000000000001
      vertex 73.72772376001673 25.375603257313706 7.600000000000001
    endloop
  endfacet
  facet normal 0 0 -1
    outer loop
      vertex 73.72772376001673 25.375603257313706 7.600000000000001
      vertex 74.13190296114372 25.86809703885628 7.600000000000001
      vertex 74.13190296114372 21.27190296114372 7.600000000000001
    endloop
  endfacet
  facet normal -0.6343932841636439 -0.7730104533627381 0
    outer loop
      vertex 73.95512626584708 -26.044873734152915 10.400000000000002
      vertex 74.38784887281065 -26.4 10.400000000000002
      vertex 74.38784887281065 -26.4 20.400000000000002
    endloop
  endfacet
  facet normal -0.6343932841636439 -0.7730104533627381 0
    outer loop
      vertex 73.95512626584708 -26.044873734152915 10.400000000000002
      vertex 74.38784887281065 -26.4 20.400000000000002
      vertex 73.95512626584708 -26.044873734152915 20.400000000000002
    endloop
  endfacet
  facet normal 0 0 1
    outer loop
      vertex 73.95512626584708 -26.044873734152915 20.400000000000002
      vertex 74.38784887281065 -26.4 20.400000000000002
      vertex 78.47215112718935 -26.4 20.400000000000002
    endloop
  endfacet
  facet normal 0 0 1
    outer loop
      vertex 73.95512626584708 -26.044873734152915 20.400000000000002
      vertex 74.71362575929435 -23.911408063528224 20.400000000000002
      vertex 73.95512626584708 -21.095126265847085 20.400000000000002
    endloop
  endfacet
  facet normal 0 0 1
    outer loop
      vertex 73.95512626584708 -26.044873734152915 20.400000000000002
      vertex 74.81321081810525 -24.23969600663891 20.400000000000002
      vertex 74.71362575929435 -23.911408063528224 20.400000000000002
    endloop
  endfacet
  facet normal 0 0 1
    outer loop
      vertex 73.95512626584708 -26.044873734152915 20.400000000000002
      vertex 74.97492817847055 -24.542247907784304 20.400000000000002
      vertex 74.81321081810525 -24.23969600663891 20.400000000000002
    endloop
  endfacet
  facet normal 0 0 1
    outer loop
      vertex 73.95512626584708 -26.044873734152915 20.400000000000002
      vertex 75.19256313292354 -24.807436867076458 20.400000000000002
      vertex 74.97492817847055 -24.542247907784304 20.400000000000002
    endloop
  endfacet
  facet normal 0 0 1
    outer loop
      vertex 73.95512626584708 -26.044873734152915 20.400000000000002
      vertex 75.4577520922157 -25.025071821529455 20.400000000000002
      vertex 75.19256313292354 -24.807436867076458 20.400000000000002
    endloop
  endfacet
  facet normal 0 0 1
    outer loop
      vertex 73.95512626584708 -26.044873734152915 20.400000000000002
      vertex 75.76030399336109 -25.186789181894753 20.400000000000002
      vertex 75.4577520922157 -25.025071821529455 20.400000000000002
    endloop
  endfacet
  facet normal 0 0 1
    outer loop
      vertex 73.95512626584708 -26.044873734152915 20.400000000000002
      vertex 76.08859193647177 -25.286374240705655 20.400000000000002
      vertex 75.76030399336109 -25.186789181894753 20.400000000000002
    endloop
  endfacet
  facet normal 0 0 1
    outer loop
      vertex 73.95512626584708 -26.044873734152915 20.400000000000002
      vertex 76.43 -25.32 20.400000000000002
      vertex 76.08859193647177 -25.286374240705655 20.400000000000002
    endloop
  endfacet
  facet normal 0 0 1
    outer loop
      vertex 73.95512626584708 -26.044873734152915 20.400000000000002
      vertex 78.47215112718935 -26.4 20.400000000000002
      vertex 76.43 -25.32 20.400000000000002
    endloop
  endfacet
  facet normal -0.6343932841636483 0.7730104533627347 0
    outer loop
      vertex 73.95512626584708 -21.095126265847085 10.400000000000002
      vertex 73.95512626584708 -21.095126265847085 20.400000000000002
      vertex 74.48550418443139 -20.65985635694109 20.400000000000002
    endloop
  endfacet
  facet normal 0 0 1
    outer loop
      vertex 73.95512626584708 -21.095126265847085 10.400000000000002
      vertex 74.48550418443139 -20.65985635694109 10.400000000000002
      vertex 73.98549097471374 -19.911533705868802 10.400000000000002
    endloop
  endfacet
  facet normal -0.6343932841636483 0.7730104533627347 0
    outer loop
      vertex 73.95512626584708 -21.095126265847085 10.400000000000002
      vertex 74.48550418443139 -20.65985635694109 20.400000000000002
      vertex 74.48550418443139 -20.65985635694109 10.400000000000002
    endloop
  endfacet
  facet normal 0 0 1
    outer loop
      vertex 73.95512626584708 -21.095126265847085 20.400000000000002
      vertex 74.68 -23.57 20.400000000000002
      vertex 74.71362575929435 -23.228591936471776 20.400000000000002
    endloop
  endfacet
  facet normal 0 0 1
    outer loop
      vertex 73.95512626584708 -21.095126265847085 20.400000000000002
      vertex 74.71362575929435 -23.911408063528224 20.400000000000002
      vertex 74.68 -23.57 20.400000000000002
    endloop
  endfacet
  facet normal 0 0 1
    outer loop
      vertex 73.95512626584708 -21.095126265847085 20.400000000000002
      vertex 74.71362575929435 -23.228591936471776 20.400000000000002
      vertex 74.81321081810525 -22.900303993361092 20.400000000000002
    endloop
  endfacet
  facet normal 0 0 1
    outer loop
      vertex 73.95512626584708 -21.095126265847085 20.400000000000002
      vertex 74.81321081810525 -22.900303993361092 20.400000000000002
      vertex 74.97492817847055 -22.597752092215696 20.400000000000002
    endloop
  endfacet
  facet normal 0 0 1
    outer loop
      vertex 73.95512626584708 -21.095126265847085 20.400000000000002
      vertex 74.97492817847055 -22.597752092215696 20.400000000000002
      vertex 75.19256313292354 -22.332563132923543 20.400000000000002
    endloop
  endfacet
  facet normal 0 0 1
    outer loop
      vertex 73.95512626584708 -21.095126265847085 20.400000000000002
      vertex 75.19256313292354 -22.332563132923543 20.400000000000002
      vertex 75.4577520922157 -22.114928178470546 20.400000000000002
    endloop
  endfacet
  facet normal 0 0 1
    outer loop
      vertex 73.95512626584708 -21.095126265847085 20.400000000000002
      vertex 75.4577520922157 -22.114928178470546 20.400000000000002
      vertex 74.48550418443139 -20.65985635694109 20.400000000000002
    endloop
  endfacet
  facet normal 0 0 1
    outer loop
      vertex 73.95512626584708 21.095126265847085 10.400000000000002
      vertex 73.98549097471374 19.911533705868802 10.400000000000002
      vertex 74.48550418443139 20.65985635694109 10.400000000000002
    endloop
  endfacet
  facet normal -0.6343932841636483 -0.7730104533627347 0
    outer loop
      vertex 73.95512626584708 21.095126265847085 10.400000000000002
      vertex 74.48550418443139 20.65985635694109 10.400000000000002
      vertex 74.48550418443139 20.65985635694109 20.400000000000002
    endloop
  endfacet
  facet normal -0.6343932841636483 -0.7730104533627347 0
    outer loop
      vertex 73.95512626584708 21.095126265847085 10.400000000000002
      vertex 74.48550418443139 20.65985635694109 20.400000000000002
      vertex 73.95512626584708 21.095126265847085 20.400000000000002
    endloop
  endfacet
  facet normal 0 0 1
    outer loop
      vertex 73.95512626584708 21.095126265847085 20.400000000000002
      vertex 74.48550418443139 20.65985635694109 20.400000000000002
      vertex 73.95512626584708 26.044873734152915 20.400000000000002
    endloop
  endfacet
  facet normal -0.6343932841636483 0.7730104533627347 0
    outer loop
      vertex 73.95512626584708 26.044873734152915 10.400000000000002
      vertex 73.95512626584708 26.044873734152915 20.400000000000002
      vertex 74.48550418443139 26.48014364305891 10.400000000000002
    endloop
  endfacet
  facet normal 0 0 1
    outer loop
      vertex 73.95512626584708 26.044873734152915 20.400000000000002
      vertex 74.48550418443139 20.65985635694109 20.400000000000002
      vertex 74.48550418443139 26.48014364305891 20.400000000000002
    endloop
  endfacet
  facet normal -0.6343932841636483 0.7730104533627347 0
    outer loop
      vertex 73.95512626584708 26.044873734152915 20.400000000000002
      vertex 74.48550418443139 26.48014364305891 20.400000000000002
      vertex 74.48550418443139 26.48014364305891 10.400000000000002
    endloop
  endfacet
  facet normal -0.47139673682599476 0.8819212643483566 0
    outer loop
      vertex 73.98549097471374 -19.911533705868802 1.6
      vertex 73.98549097471374 -19.911533705868802 10.400000000000002
      vertex 74.7461928975936 -19.50493005695034 10.400000000000002
    endloop
  endfacet
  facet normal -0.47139673682599476 0.8819212643483566 0
    outer loop
      vertex 73.98549097471374 -19.911533705868802 1.6
      vertex 74.7461928975936 -19.50493005695034 10.400000000000002
      vertex 74.7461928975936 -19.50493005695034 1.6
    endloop
  endfacet
  facet normal 0 0 1
    outer loop
      vertex 73.98549097471374 -19.911533705868802 10.400000000000002
      vertex 74.48550418443139 -20.65985635694109 10.400000000000002
      vertex 74.7461928975936 -19.50493005695034 10.400000000000002
    endloop
  endfacet
  facet normal -0.47139673682599476 -0.8819212643483566 0
    outer loop
      vertex 73.98549097471374 19.911533705868802 1.6
      vertex 74.7461928975936 19.50493005695034 1.6
      vertex 73.98549097471374 19.911533705868802 10.400000000000002
    endloop
  endfacet
  facet normal -0.47139673682599476 -0.8819212643483566 0
    outer loop
      vertex 73.98549097471374 19.911533705868802 10.400000000000002
      vertex 74.7461928975936 19.50493005695034 1.6
      vertex 74.7461928975936 19.50493005695034 10.400000000000002
    endloop
  endfacet
  facet normal 0 0 1
    outer loop
      vertex 73.98549097471374 19.911533705868802 10.400000000000002
      vertex 74.7461928975936 19.50493005695034 10.400000000000002
      vertex 74.48550418443139 20.65985635694109 10.400000000000002
    endloop
  endfacet
  facet normal -0.47139673682599476 0.8819212643483566 0
    outer loop
      vertex 73.98549097471374 27.2284662941312 1.6
      vertex 73.98549097471374 27.2284662941312 10.400000000000002
      vertex 74.7461928975936 27.63506994304966 10.400000000000002
    endloop
  endfacet
  facet normal -0.47139673682599476 0.8819212643483566 0
    outer loop
      vertex 73.98549097471374 27.2284662941312 1.6
      vertex 74.7461928975936 27.63506994304966 10.400000000000002
      vertex 74.7461928975936 27.63506994304966 1.6
    endloop
  endfacet
  facet normal 0 0 1
    outer loop
      vertex 73.98549097471374 27.2284662941312 10.400000000000002
      vertex 74.48550418443139 26.48014364305891 10.400000000000002
      vertex 75.09060798672219 26.803578363789505 10.400000000000002
    endloop
  endfacet
  facet normal 0 0 1
    outer loop
      vertex 73.98549097471374 27.2284662941312 10.400000000000002
      vertex 75.09060798672219 26.803578363789505 10.400000000000002
      vertex 74.7461928975936 27.63506994304966 10.400000000000002
    endloop
  endfacet
  facet normal 0.6343932841636495 0.7730104533627336 0
    outer loop
      vertex 74.13190296114372 -25.86809703885628 0
      vertex 74.13190296114372 -25.86809703885628 7.600000000000001
      vertex 74.62439674268629 -26.27227623998327 7.600000000000001
    endloop
  endfacet
  facet normal 0.6343932841636495 0.7730104533627336 0
    outer loop
      vertex 74.13190296114372 -25.86809703885628 0
      vertex 74.62439674268629 -26.27227623998327 7.600000000000001
      vertex 74.62439674268629 -26.27227623998327 0
    endloop
  endfacet
  facet normal 0 0 -1
    outer loop
      vertex 74.13190296114372 -25.86809703885628 7.600000000000001
      vertex 74.13190296114372 -21.27190296114372 7.600000000000001
      vertex 74.62439674268629 -26.27227623998327 7.600000000000001
    endloop
  endfacet
  facet normal 0.6343932841636495 -0.7730104533627336 0
    outer loop
      vertex 74.13190296114372 -21.27190296114372 0
      vertex 74.62439674268629 -20.86772376001673 0
      vertex 74.13190296114372 -21.27190296114372 7.600000000000001
    endloop
  endfacet
  facet normal 0 0 -1
    outer loop
      vertex 74.13190296114372 -21.27190296114372 0
      vertex 77.67372115518654 20.56739151933832 0
      vertex 74.62439674268629 -20.86772376001673 0
    endloop
  endfacet
  facet normal 0.6343932841636495 -0.7730104533627336 0
    outer loop
      vertex 74.13190296114372 -21.27190296114372 7.600000000000001
      vertex 74.62439674268629 -20.86772376001673 0
      vertex 74.62439674268629 -20.86772376001673 7.600000000000001
    endloop
  endfacet
  facet normal 0 0 -1
    outer loop
      vertex 74.13190296114372 -21.27190296114372 7.600000000000001
      vertex 74.62439674268629 -20.86772376001673 7.600000000000001
      vertex 74.62439674268629 -26.27227623998327 7.600000000000001
    endloop
  endfacet
  facet normal 0.6343932841636495 0.7730104533627336 0
    outer loop
      vertex 74.13190296114372 21.27190296114372 0
      vertex 74.13190296114372 21.27190296114372 7.600000000000001
      vertex 74.62439674268629 20.86772376001673 7.600000000000001
    endloop
  endfacet
  facet normal 0.6343932841636495 0.7730104533627336 0
    outer loop
      vertex 74.13190296114372 21.27190296114372 0
      vertex 74.62439674268629 20.86772376001673 7.600000000000001
      vertex 74.62439674268629 20.86772376001673 0
    endloop
  endfacet
  facet normal 0 0 -1
    outer loop
      vertex 74.13190296114372 21.27190296114372 7.600000000000001
      vertex 74.13190296114372 25.86809703885628 7.600000000000001
      vertex 74.62439674268629 20.86772376001673 7.600000000000001
    endloop
  endfacet
  facet normal 0.6343932841636495 -0.7730104533627336 0
    outer loop
      vertex 74.13190296114372 25.86809703885628 0
      vertex 74.62439674268629 26.27227623998327 0
      vertex 74.13190296114372 25.86809703885628 7.600000000000001
    endloop
  endfacet
  facet normal 0.6343932841636495 -0.7730104533627336 0
    outer loop
      vertex 74.13190296114372 25.86809703885628 7.600000000000001
      vertex 74.62439674268629 26.27227623998327 0
      vertex 74.62439674268629 26.27227623998327 7.600000000000001
    endloop
  endfacet
  facet normal 0 0 -1
    outer loop
      vertex 74.13190296114372 25.86809703885628 7.600000000000001
      vertex 74.62439674268629 26.27227623998327 7.600000000000001
      vertex 74.62439674268629 20.86772376001673 7.600000000000001
    endloop
  endfacet
  facet normal 0 0 1
    outer loop
      vertex 74.38784887281065 -26.4 20.400000000000002
      vertex 80.78558406421588 -26.464730745359496 20.400000000000002
      vertex 78.47215112718935 -26.4 20.400000000000002
    endloop
  endfacet
  facet normal -0.4713967368259951 0.8819212643483564 0
    outer loop
      vertex 74.48550418443139 -20.65985635694109 10.400000000000002
      vertex 74.48550418443139 -20.65985635694109 20.400000000000002
      vertex 75.09060798672219 -20.336421636210495 20.400000000000002
    endloop
  endfacet
  facet normal 0 0 1
    outer loop
      vertex 74.48550418443139 -20.65985635694109 10.400000000000002
      vertex 75.09060798672219 -20.336421636210495 10.400000000000002
      vertex 74.7461928975936 -19.50493005695034 10.400000000000002
    endloop
  endfacet
  facet normal -0.4713967368259951 0.8819212643483564 0
    outer loop
      vertex 74.48550418443139 -20.65985635694109 10.400000000000002
      vertex 75.09060798672219 -20.336421636210495 20.400000000000002
      vertex 75.09060798672219 -20.336421636210495 10.400000000000002
    endloop
  endfacet
  facet normal 0 0 1
    outer loop
      vertex 74.48550418443139 -20.65985635694109 20.400000000000002
      vertex 75.4577520922157 -22.114928178470546 20.400000000000002
      vertex 75.76030399336109 -21.953210818105248 20.400000000000002
    endloop
  endfacet
  facet normal 0 0 1
    outer loop
      vertex 74.48550418443139 -20.65985635694109 20.400000000000002
      vertex 75.76030399336109 -21.953210818105248 20.400000000000002
      vertex 75.09060798672219 -20.336421636210495 20.400000000000002
    endloop
  endfacet
  facet normal 0 0 1
    outer loop
      vertex 74.48550418443139 20.65985635694109 10.400000000000002
      vertex 74.7461928975936 19.50493005695034 10.400000000000002
      vertex 75.09060798672219 20.336421636210495 10.400000000000002
    endloop
  endfacet
  facet normal -0.4713967368259951 -0.8819212643483564 0
    outer loop
      vertex 74.48550418443139 20.65985635694109 10.400000000000002
      vertex 75.09060798672219 20.336421636210495 10.400000000000002
      vertex 75.09060798672219 20.336421636210495 20.400000000000002
    endloop
  endfacet
  facet normal -0.4713967368259951 -0.8819212643483564 0
    outer loop
      vertex 74.48550418443139 20.65985635694109 10.400000000000002
      vertex 75.09060798672219 20.336421636210495 20.400000000000002
      vertex 74.48550418443139 20.65985635694109 20.400000000000002
    endloop
  endfacet
  facet normal 0 0 1
    outer loop
      vertex 74.48550418443139 20.65985635694109 20.400000000000002
      vertex 74.68 23.57 20.400000000000002
      vertex 74.48550418443139 26.48014364305891 20.400000000000002
    endloop
  endfacet
  facet normal 0 0 1
    outer loop
      vertex 74.48550418443139 20.65985635694109 20.400000000000002
      vertex 74.71362575929435 23.228591936471776 20.400000000000002
      vertex 74.68 23.57 20.400000000000002
    endloop
  endfacet
  facet normal 0 0 1
    outer loop
      vertex 74.48550418443139 20.65985635694109 20.400000000000002
      vertex 74.81321081810525 22.900303993361092 20.400000000000002
      vertex 74.71362575929435 23.228591936471776 20.400000000000002
    endloop
  endfacet
  facet normal 0 0 1
    outer loop
      vertex 74.48550418443139 20.65985635694109 20.400000000000002
      vertex 75.09060798672219 20.336421636210495 20.400000000000002
      vertex 74.81321081810525 22.900303993361092 20.400000000000002
    endloop
  endfacet
  facet normal -0.4713967368259951 0.8819212643483564 0
    outer loop
      vertex 74.48550418443139 26.48014364305891 10.400000000000002
      vertex 74.48550418443139 26.48014364305891 20.400000000000002
      vertex 75.09060798672219 26.803578363789505 10.400000000000002
    endloop
  endfacet
  facet normal 0 0 1
    outer loop
      vertex 74.48550418443139 26.48014364305891 20.400000000000002
      vertex 74.68 23.57 20.400000000000002
      vertex 74.71362575929435 23.911408063528224 20.400000000000002
    endloop
  endfacet
  facet normal 0 0 1
    outer loop
      vertex 74.48550418443139 26.48014364305891 20.400000000000002
      vertex 74.71362575929435 23.911408063528224 20.400000000000002
      vertex 74.81321081810525 24.23969600663891 20.400000000000002
    endloop
  endfacet
  facet normal 0 0 1
    outer loop
      vertex 74.48550418443139 26.48014364305891 20.400000000000002
      vertex 74.81321081810525 24.23969600663891 20.400000000000002
      vertex 74.97492817847055 24.542247907784304 20.400000000000002
    endloop
  endfacet
  facet normal 0 0 1
    outer loop
      vertex 74.48550418443139 26.48014364305891 20.400000000000002
      vertex 74.97492817847055 24.542247907784304 20.400000000000002
      vertex 75.19256313292354 24.807436867076458 20.400000000000002
    endloop
  endfacet
  facet normal -0.4713967368259951 0.8819212643483564 0
    outer loop
      vertex 74.48550418443139 26.48014364305891 20.400000000000002
      vertex 75.09060798672219 26.803578363789505 20.400000000000002
      vertex 75.09060798672219 26.803578363789505 10.400000000000002
    endloop
  endfacet
  facet normal 0 0 1
    outer loop
      vertex 74.48550418443139 26.48014364305891 20.400000000000002
      vertex 75.19256313292354 24.807436867076458 20.400000000000002
      vertex 75.09060798672219 26.803578363789505 20.400000000000002
    endloop
  endfacet
  facet normal 0.4713967368259956 0.881921264348356 0
    outer loop
      vertex 74.62439674268629 -26.27227623998327 0
      vertex 74.62439674268629 -26.27227623998327 7.600000000000001
      vertex 75.18627884481346 -26.572608480661682 7.600000000000001
    endloop
  endfacet
  facet normal 0.4713967368259956 0.881921264348356 0
    outer loop
      vertex 74.62439674268629 -26.27227623998327 0
      vertex 75.18627884481346 -26.572608480661682 7.600000000000001
      vertex 75.18627884481346 -26.572608480661682 0
    endloop
  endfacet
  facet normal 0 0 -1
    outer loop
      vertex 74.62439674268629 -26.27227623998327 7.600000000000001
      vertex 74.62439674268629 -20.86772376001673 7.600000000000001
      vertex 74.68 -23.57 7.600000000000001
    endloop
  endfacet
  facet normal 0 0 -1
    outer loop
      vertex 74.62439674268629 -26.27227623998327 7.600000000000001
      vertex 74.68 -23.57 7.600000000000001
      vertex 74.71362575929435 -23.911408063528224 7.600000000000001
    endloop
  endfacet
  facet normal 0 0 -1
    outer loop
      vertex 74.62439674268629 -26.27227623998327 7.600000000000001
      vertex 74.71362575929435 -23.911408063528224 7.600000000000001
      vertex 74.81321081810525 -24.23969600663891 7.600000000000001
    endloop
  endfacet
  facet normal 0 0 -1
    outer loop
      vertex 74.62439674268629 -26.27227623998327 7.600000000000001
      vertex 74.81321081810525 -24.23969600663891 7.600000000000001
      vertex 74.97492817847055 -24.542247907784304 7.600000000000001
    endloop
  endfacet
  facet normal 0 0 -1
    outer loop
      vertex 74.62439674268629 -26.27227623998327 7.600000000000001
      vertex 74.97492817847055 -24.542247907784304 7.600000000000001
      vertex 75.19256313292354 -24.807436867076458 7.600000000000001
    endloop
  endfacet
  facet normal 0 0 -1
    outer loop
      vertex 74.62439674268629 -26.27227623998327 7.600000000000001
      vertex 75.19256313292354 -24.807436867076458 7.600000000000001
      vertex 75.18627884481346 -26.572608480661682 7.600000000000001
    endloop
  endfacet
  facet normal 0.4713967368259956 -0.881921264348356 0
    outer loop
      vertex 74.62439674268629 -20.86772376001673 0
      vertex 75.18627884481346 -20.56739151933832 0
      vertex 74.62439674268629 -20.86772376001673 7.600000000000001
    endloop
  endfacet
  facet normal 0 0 -1
    outer loop
      vertex 74.62439674268629 -20.86772376001673 0
      vertex 77.67372115518654 20.56739151933832 0
      vertex 75.18627884481346 -20.56739151933832 0
    endloop
  endfacet
  facet normal 0 0 -1
    outer loop
      vertex 74.62439674268629 -20.86772376001673 7.600000000000001
      vertex 74.71362575929435 -23.228591936471776 7.600000000000001
      vertex 74.68 -23.57 7.600000000000001
    endloop
  endfacet
  facet normal 0 0 -1
    outer loop
      vertex 74.62439674268629 -20.86772376001673 7.600000000000001
      vertex 74.81321081810525 -22.900303993361092 7.600000000000001
      vertex 74.71362575929435 -23.228591936471776 7.600000000000001
    endloop
  endfacet
  facet normal 0 0 -1
    outer loop
      vertex 74.62439674268629 -20.86772376001673 7.600000000000001
      vertex 74.97492817847055 -22.597752092215696 7.600000000000001
      vertex 74.81321081810525 -22.900303993361092 7.600000000000001
    endloop
  endfacet
  facet normal 0.4713967368259956 -0.881921264348356 0
    outer loop
      vertex 74.62439674268629 -20.86772376001673 7.600000000000001
      vertex 75.18627884481346 -20.56739151933832 0
      vertex 75.18627884481346 -20.56739151933832 7.600000000000001
    endloop
  endfacet
  facet normal 0 0 -1
    outer loop
      vertex 74.62439674268629 -20.86772376001673 7.600000000000001
      vertex 75.18627884481346 -20.56739151933832 7.600000000000001
      vertex 74.97492817847055 -22.597752092215696 7.600000000000001
    endloop
  endfacet
  facet normal 0.4713967368259956 0.881921264348356 0
    outer loop
      vertex 74.62439674268629 20.86772376001673 0
      vertex 74.62439674268629 20.86772376001673 7.600000000000001
      vertex 75.18627884481346 20.56739151933832 7.600000000000001
    endloop
  endfacet
  facet normal 0.4713967368259956 0.881921264348356 0
    outer loop
      vertex 74.62439674268629 20.86772376001673 0
      vertex 75.18627884481346 20.56739151933832 7.600000000000001
      vertex 75.18627884481346 20.56739151933832 0
    endloop
  endfacet
  facet normal 0 0 -1
    outer loop
      vertex 74.62439674268629 20.86772376001673 7.600000000000001
      vertex 74.62439674268629 26.27227623998327 7.600000000000001
      vertex 74.68 23.57 7.600000000000001
    endloop
  endfacet
  facet normal 0 0 -1
    outer loop
      vertex 74.62439674268629 20.86772376001673 7.600000000000001
      vertex 74.68 23.57 7.600000000000001
      vertex 74.71362575929435 23.228591936471776 7.600000000000001
    endloop
  endfacet
  facet normal 0 0 -1
    outer loop
      vertex 74.62439674268629 20.86772376001673 7.600000000000001
      vertex 74.71362575929435 23.228591936471776 7.600000000000001
      vertex 74.81321081810525 22.900303993361092 7.600000000000001
    endloop
  endfacet
  facet normal 0 0 -1
    outer loop
      vertex 74.62439674268629 20.86772376001673 7.600000000000001
      vertex 74.81321081810525 22.900303993361092 7.600000000000001
      vertex 74.97492817847055 22.597752092215696 7.600000000000001
    endloop
  endfacet
  facet normal 0 0 -1
    outer loop
      vertex 74.62439674268629 20.86772376001673 7.600000000000001
      vertex 74.97492817847055 22.597752092215696 7.600000000000001
      vertex 75.18627884481346 20.56739151933832 7.600000000000001
    endloop
  endfacet
  facet normal 0.4713967368259956 -0.881921264348356 0
    outer loop
      vertex 74.62439674268629 26.27227623998327 0
      vertex 75.18627884481346 26.572608480661682 0
      vertex 74.62439674268629 26.27227623998327 7.600000000000001
    endloop
  endfacet
  facet normal 0 0 -1
    outer loop
      vertex 74.62439674268629 26.27227623998327 7.600000000000001
      vertex 74.71362575929435 23.911408063528224 7.600000000000001
      vertex 74.68 23.57 7.600000000000001
    endloop
  endfacet
  facet normal 0 0 -1
    outer loop
      vertex 74.62439674268629 26.27227623998327 7.600000000000001
      vertex 74.81321081810525 24.23969600663891 7.600000000000001
      vertex 74.71362575929435 23.911408063528224 7.600000000000001
    endloop
  endfacet
  facet normal 0 0 -1
    outer loop
      vertex 74.62439674268629 26.27227623998327 7.600000000000001
      vertex 74.97492817847055 24.542247907784304 7.600000000000001
      vertex 74.81321081810525 24.23969600663891 7.600000000000001
    endloop
  endfacet
  facet normal 0.4713967368259956 -0.881921264348356 0
    outer loop
      vertex 74.62439674268629 26.27227623998327 7.600000000000001
      vertex 75.18627884481346 26.572608480661682 0
      vertex 75.18627884481346 26.572608480661682 7.600000000000001
    endloop
  endfacet
  facet normal 0 0 -1
    outer loop
      vertex 74.62439674268629 26.27227623998327 7.600000000000001
      vertex 75.18627884481346 26.572608480661682 7.600000000000001
      vertex 75.19256313292354 24.807436867076458 7.600000000000001
    endloop
  endfacet
  facet normal 0 0 -1
    outer loop
      vertex 74.62439674268629 26.27227623998327 7.600000000000001
      vertex 75.19256313292354 24.807436867076458 7.600000000000001
      vertex 74.97492817847055 24.542247907784304 7.600000000000001
    endloop
  endfacet
  facet normal 0.9951847266721991 0.09801714032953647 0
    outer loop
      vertex 74.68 -23.57 7.600000000000001
      vertex 74.68 -23.57 20.400000000000002
      vertex 74.71362575929435 -23.911408063528224 7.600000000000001
    endloop
  endfacet
  facet normal 0.9951847266721991 -0.09801714032953647 0
    outer loop
      vertex 74.68 -23.57 7.600000000000001
      vertex 74.71362575929435 -23.228591936471776 7.600000000000001
      vertex 74.71362575929435 -23.228591936471776 20.400000000000002
    endloop
  endfacet
  facet normal 0.9951847266721991 -0.09801714032953647 0
    outer loop
      vertex 74.68 -23.57 7.600000000000001
      vertex 74.71362575929435 -23.228591936471776 20.400000000000002
      vertex 74.68 -23.57 20.400000000000002
    endloop
  endfacet
  facet normal 0.9951847266721991 0.09801714032953647 0
    outer loop
      vertex 74.68 -23.57 20.400000000000002
      vertex 74.71362575929435 -23.911408063528224 20.400000000000002
      vertex 74.71362575929435 -23.911408063528224 7.600000000000001
    endloop
  endfacet
  facet normal 0.9951847266721991 0.09801714032953647 0
    outer loop
      vertex 74.68 23.57 7.600000000000001
      vertex 74.68 23.57 20.400000000000002
      vertex 74.71362575929435 23.228591936471776 7.600000000000001
    endloop
  endfacet
  facet normal 0.9951847266721991 -0.09801714032953647 0
    outer loop
      vertex 74.68 23.57 7.600000000000001
      vertex 74.71362575929435 23.911408063528224 7.600000000000001
      vertex 74.71362575929435 23.911408063528224 20.400000000000002
    endloop
  endfacet
  facet normal 0.9951847266721991 -0.09801714032953647 0
    outer loop
      vertex 74.68 23.57 7.600000000000001
      vertex 74.71362575929435 23.911408063528224 20.400000000000002
      vertex 74.68 23.57 20.400000000000002
    endloop
  endfacet
  facet normal 0.9951847266721991 0.09801714032953647 0
    outer loop
      vertex 74.68 23.57 20.400000000000002
      vertex 74.71362575929435 23.228591936471776 20.400000000000002
      vertex 74.71362575929435 23.228591936471776 7.600000000000001
    endloop
  endfacet
  facet normal 0.9569403357322087 0.29028467725446305 0
    outer loop
      vertex 74.71362575929435 -23.911408063528224 7.600000000000001
      vertex 74.71362575929435 -23.911408063528224 20.400000000000002
      vertex 74.81321081810525 -24.23969600663891 7.600000000000001
    endloop
  endfacet
  facet normal 0.9569403357322087 0.29028467725446305 0
    outer loop
      vertex 74.71362575929435 -23.911408063528224 20.400000000000002
      vertex 74.81321081810525 -24.23969600663891 20.400000000000002
      vertex 74.81321081810525 -24.23969600663891 7.600000000000001
    endloop
  endfacet
  facet normal 0.9569403357322087 -0.29028467725446305 0
    outer loop
      vertex 74.71362575929435 -23.228591936471776 7.600000000000001
      vertex 74.81321081810525 -22.900303993361092 7.600000000000001
      vertex 74.81321081810525 -22.900303993361092 20.400000000000002
    endloop
  endfacet
  facet normal 0.9569403357322087 -0.29028467725446305 0
    outer loop
      vertex 74.71362575929435 -23.228591936471776 7.600000000000001
      vertex 74.81321081810525 -22.900303993361092 20.400000000000002
      vertex 74.71362575929435 -23.228591936471776 20.400000000000002
    endloop
  endfacet
  facet normal 0.9569403357322087 0.29028467725446305 0
    outer loop
      vertex 74.71362575929435 23.228591936471776 7.600000000000001
      vertex 74.71362575929435 23.228591936471776 20.400000000000002
      vertex 74.81321081810525 22.900303993361092 7.600000000000001
    endloop
  endfacet
  facet normal 0.9569403357322087 0.29028467725446305 0
    outer loop
      vertex 74.71362575929435 23.228591936471776 20.400000000000002
      vertex 74.81321081810525 22.900303993361092 20.400000000000002
      vertex 74.81321081810525 22.900303993361092 7.600000000000001
    endloop
  endfacet
  facet normal 0.9569403357322087 -0.29028467725446305 0
    outer loop
      vertex 74.71362575929435 23.911408063528224 7.600000000000001
      vertex 74.81321081810525 24.23969600663891 7.600000000000001
      vertex 74.81321081810525 24.23969600663891 20.400000000000002
    endloop
  endfacet
  facet normal 0.9569403357322087 -0.29028467725446305 0
    outer loop
      vertex 74.71362575929435 23.911408063528224 7.600000000000001
      vertex 74.81321081810525 24.23969600663891 20.400000000000002
      vertex 74.71362575929435 23.911408063528224 20.400000000000002
    endloop
  endfacet
  facet normal -0.29028467725446455 0.9569403357322082 0
    outer loop
      vertex 74.7461928975936 -19.50493005695034 1.6
      vertex 74.7461928975936 -19.50493005695034 10.400000000000002
      vertex 75.57160258312904 -19.254544766225784 10.400000000000002
    endloop
  endfacet
  facet normal -0.29028467725446455 0.9569403357322082 0
    outer loop
      vertex 74.7461928975936 -19.50493005695034 1.6
      vertex 75.57160258312904 -19.254544766225784 10.400000000000002
      vertex 75.57160258312904 -19.254544766225784 1.6
    endloop
  endfacet
  facet normal 0 0 1
    outer loop
      vertex 74.7461928975936 -19.50493005695034 10.400000000000002
      vertex 75.09060798672219 -20.336421636210495 10.400000000000002
      vertex 75.57160258312904 -19.254544766225784 10.400000000000002
    endloop
  endfacet
  facet normal -0.29028467725446455 -0.9569403357322082 0
    outer loop
      vertex 74.7461928975936 19.50493005695034 1.6
      vertex 75.57160258312904 19.254544766225784 1.6
      vertex 74.7461928975936 19.50493005695034 10.400000000000002
    endloop
  endfacet
  facet normal -0.29028467725446455 -0.9569403357322082 0
    outer loop
      vertex 74.7461928975936 19.50493005695034 10.400000000000002
      vertex 75.57160258312904 19.254544766225784 1.6
      vertex 75.57160258312904 19.254544766225784 10.400000000000002
    endloop
  endfacet
  facet normal 0 0 1
    outer loop
      vertex 74.7461928975936 19.50493005695034 10.400000000000002
      vertex 75.57160258312904 19.254544766225784 10.400000000000002
      vertex 75.09060798672219 20.336421636210495 10.400000000000002
    endloop
  endfacet
  facet normal -0.29028467725446455 0.9569403357322082 0
    outer loop
      vertex 74.7461928975936 27.63506994304966 1.6
      vertex 74.7461928975936 27.63506994304966 10.400000000000002
      vertex 75.57160258312904 27.885455233774216 10.400000000000002
    endloop
  endfacet
  facet normal -0.29028467725446455 0.9569403357322082 0
    outer loop
      vertex 74.7461928975936 27.63506994304966 1.6
      vertex 75.57160258312904 27.885455233774216 10.400000000000002
      vertex 75.57160258312904 27.885455233774216 1.6
    endloop
  endfacet
  facet normal 0 0 1
    outer loop
      vertex 74.7461928975936 27.63506994304966 10.400000000000002
      vertex 75.09060798672219 26.803578363789505 10.400000000000002
      vertex 75.74718387294355 27.002748481411306 10.400000000000002
    endloop
  endfacet
  facet normal 0 0 1
    outer loop
      vertex 74.7461928975936 27.63506994304966 10.400000000000002
      vertex 75.74718387294355 27.002748481411306 10.400000000000002
      vertex 75.57160258312904 27.885455233774216 10.400000000000002
    endloop
  endfacet
  facet normal 0.8819212643483497 0.4713967368260074 0
    outer loop
      vertex 74.81321081810525 -24.23969600663891 7.600000000000001
      vertex 74.81321081810525 -24.23969600663891 20.400000000000002
      vertex 74.97492817847055 -24.542247907784304 7.600000000000001
    endloop
  endfacet
  facet normal 0.8819212643483497 0.4713967368260074 0
    outer loop
      vertex 74.81321081810525 -24.23969600663891 20.400000000000002
      vertex 74.97492817847055 -24.542247907784304 20.400000000000002
      vertex 74.97492817847055 -24.542247907784304 7.600000000000001
    endloop
  endfacet
  facet normal 0.8819212643483497 -0.4713967368260074 0
    outer loop
      vertex 74.81321081810525 -22.900303993361092 7.600000000000001
      vertex 74.97492817847055 -22.597752092215696 7.600000000000001
      vertex 74.97492817847055 -22.597752092215696 20.400000000000002
    endloop
  endfacet
  facet normal 0.8819212643483497 -0.4713967368260074 0
    outer loop
      vertex 74.81321081810525 -22.900303993361092 7.600000000000001
      vertex 74.97492817847055 -22.597752092215696 20.400000000000002
      vertex 74.81321081810525 -22.900303993361092 20.400000000000002
    endloop
  endfacet
  facet normal 0.8819212643483497 0.4713967368260074 0
    outer loop
      vertex 74.81321081810525 22.900303993361092 7.600000000000001
      vertex 74.81321081810525 22.900303993361092 20.400000000000002
      vertex 74.97492817847055 22.597752092215696 7.600000000000001
    endloop
  endfacet
  facet normal 0.8819212643483497 0.4713967368260074 0
    outer loop
      vertex 74.81321081810525 22.900303993361092 20.400000000000002
      vertex 74.97492817847055 22.597752092215696 20.400000000000002
      vertex 74.97492817847055 22.597752092215696 7.600000000000001
    endloop
  endfacet
  facet normal 0 0 1
    outer loop
      vertex 74.81321081810525 22.900303993361092 20.400000000000002
      vertex 75.09060798672219 20.336421636210495 20.400000000000002
      vertex 74.97492817847055 22.597752092215696 20.400000000000002
    endloop
  endfacet
  facet normal 0.8819212643483497 -0.4713967368260074 0
    outer loop
      vertex 74.81321081810525 24.23969600663891 7.600000000000001
      vertex 74.97492817847055 24.542247907784304 7.600000000000001
      vertex 74.97492817847055 24.542247907784304 20.400000000000002
    endloop
  endfacet
  facet normal 0.8819212643483497 -0.4713967368260074 0
    outer loop
      vertex 74.81321081810525 24.23969600663891 7.600000000000001
      vertex 74.97492817847055 24.542247907784304 20.400000000000002
      vertex 74.81321081810525 24.23969600663891 20.400000000000002
    endloop
  endfacet
  facet normal 0.7730104533627449 0.6343932841636359 0
    outer loop
      vertex 74.97492817847055 -24.542247907784304 7.600000000000001
      vertex 74.97492817847055 -24.542247907784304 20.400000000000002
      vertex 75.19256313292354 -24.807436867076458 7.600000000000001
    endloop
  endfacet
  facet normal 0.7730104533627449 0.6343932841636359 0
    outer loop
      vertex 74.97492817847055 -24.542247907784304 20.400000000000002
      vertex 75.19256313292354 -24.807436867076458 20.400000000000002
      vertex 75.19256313292354 -24.807436867076458 7.600000000000001
    endloop
  endfacet
  facet normal 0 0 -1
    outer loop
      vertex 74.97492817847055 -22.597752092215696 7.600000000000001
      vertex 75.18627884481346 -20.56739151933832 7.600000000000001
      vertex 75.19256313292354 -22.332563132923543 7.600000000000001
    endloop
  endfacet
  facet normal 0.7730104533627449 -0.6343932841636359 0
    outer loop
      vertex 74.97492817847055 -22.597752092215696 7.600000000000001
      vertex 75.19256313292354 -22.332563132923543 7.600000000000001
      vertex 75.19256313292354 -22.332563132923543 20.400000000000002
    endloop
  endfacet
  facet normal 0.7730104533627449 -0.6343932841636359 0
    outer loop
      vertex 74.97492817847055 -22.597752092215696 7.600000000000001
      vertex 75.19256313292354 -22.332563132923543 20.400000000000002
      vertex 74.97492817847055 -22.597752092215696 20.400000000000002
    endloop
  endfacet
  facet normal 0.7730104533627449 0.6343932841636359 0
    outer loop
      vertex 74.97492817847055 22.597752092215696 7.600000000000001
      vertex 74.97492817847055 22.597752092215696 20.400000000000002
      vertex 75.19256313292354 22.332563132923543 7.600000000000001
    endloop
  endfacet
  facet normal 0 0 -1
    outer loop
      vertex 74.97492817847055 22.597752092215696 7.600000000000001
      vertex 75.19256313292354 22.332563132923543 7.600000000000001
      vertex 75.18627884481346 20.56739151933832 7.600000000000001
    endloop
  endfacet
  facet normal 0 0 1
    outer loop
      vertex 74.97492817847055 22.597752092215696 20.400000000000002
      vertex 75.09060798672219 20.336421636210495 20.400000000000002
      vertex 75.19256313292354 22.332563132923543 20.400000000000002
    endloop
  endfacet
  facet normal 0.7730104533627449 0.6343932841636359 0
    outer loop
      vertex 74.97492817847055 22.597752092215696 20.400000000000002
      vertex 75.19256313292354 22.332563132923543 20.400000000000002
      vertex 75.19256313292354 22.332563132923543 7.600000000000001
    endloop
  endfacet
  facet normal 0.7730104533627449 -0.6343932841636359 0
    outer loop
      vertex 74.97492817847055 24.542247907784304 7.600000000000001
      vertex 75.19256313292354 24.807436867076458 7.600000000000001
      vertex 75.19256313292354 24.807436867076458 20.400000000000002
    endloop
  endfacet
  facet normal 0.7730104533627449 -0.6343932841636359 0
    outer loop
      vertex 74.97492817847055 24.542247907784304 7.600000000000001
      vertex 75.19256313292354 24.807436867076458 20.400000000000002
      vertex 74.97492817847055 24.542247907784304 20.400000000000002
    endloop
  endfacet
  facet normal -0.29028467725446117 0.9569403357322093 0
    outer loop
      vertex 75.09060798672219 -20.336421636210495 10.400000000000002
      vertex 75.09060798672219 -20.336421636210495 20.400000000000002
      vertex 75.74718387294355 -20.137251518588695 20.400000000000002
    endloop
  endfacet
  facet normal 0 0 1
    outer loop
      vertex 75.09060798672219 -20.336421636210495 10.400000000000002
      vertex 75.74718387294355 -20.137251518588695 10.400000000000002
      vertex 75.57160258312904 -19.254544766225784 10.400000000000002
    endloop
  endfacet
  facet normal -0.29028467725446117 0.9569403357322093 0
    outer loop
      vertex 75.09060798672219 -20.336421636210495 10.400000000000002
      vertex 75.74718387294355 -20.137251518588695 20.400000000000002
      vertex 75.74718387294355 -20.137251518588695 10.400000000000002
    endloop
  endfacet
  facet normal 0 0 1
    outer loop
      vertex 75.09060798672219 -20.336421636210495 20.400000000000002
      vertex 75.76030399336109 -21.953210818105248 20.400000000000002
      vertex 76.08859193647177 -21.853625759294346 20.400000000000002
    endloop
  endfacet
  facet normal 0 0 1
    outer loop
      vertex 75.09060798672219 -20.336421636210495 20.400000000000002
      vertex 76.08859193647177 -21.853625759294346 20.400000000000002
      vertex 75.74718387294355 -20.137251518588695 20.400000000000002
    endloop
  endfacet
  facet normal 0 0 1
    outer loop
      vertex 75.09060798672219 20.336421636210495 10.400000000000002
      vertex 75.57160258312904 19.254544766225784 10.400000000000002
      vertex 75.74718387294355 20.137251518588695 10.400000000000002
    endloop
  endfacet
  facet normal -0.29028467725446117 -0.9569403357322093 0
    outer loop
      vertex 75.09060798672219 20.336421636210495 10.400000000000002
      vertex 75.74718387294355 20.137251518588695 10.400000000000002
      vertex 75.74718387294355 20.137251518588695 20.400000000000002
    endloop
  endfacet
  facet normal -0.29028467725446117 -0.9569403357322093 0
    outer loop
      vertex 75.09060798672219 20.336421636210495 10.400000000000002
      vertex 75.74718387294355 20.137251518588695 20.400000000000002
      vertex 75.09060798672219 20.336421636210495 20.400000000000002
    endloop
  endfacet
  facet normal 0 0 1
    outer loop
      vertex 75.09060798672219 20.336421636210495 20.400000000000002
      vertex 75.4577520922157 22.114928178470546 20.400000000000002
      vertex 75.19256313292354 22.332563132923543 20.400000000000002
    endloop
  endfacet
  facet normal 0 0 1
    outer loop
      vertex 75.09060798672219 20.336421636210495 20.400000000000002
      vertex 75.74718387294355 20.137251518588695 20.400000000000002
      vertex 75.4577520922157 22.114928178470546 20.400000000000002
    endloop
  endfacet
  facet normal -0.29028467725446117 0.9569403357322093 0
    outer loop
      vertex 75.09060798672219 26.803578363789505 10.400000000000002
      vertex 75.09060798672219 26.803578363789505 20.400000000000002
      vertex 75.74718387294355 27.002748481411306 10.400000000000002
    endloop
  endfacet
  facet normal 0 0 1
    outer loop
      vertex 75.09060798672219 26.803578363789505 20.400000000000002
      vertex 75.19256313292354 24.807436867076458 20.400000000000002
      vertex 75.4577520922157 25.025071821529455 20.400000000000002
    endloop
  endfacet
  facet normal 0 0 1
    outer loop
      vertex 75.09060798672219 26.803578363789505 20.400000000000002
      vertex 75.4577520922157 25.025071821529455 20.400000000000002
      vertex 75.76030399336109 25.186789181894753 20.400000000000002
    endloop
  endfacet
  facet normal -0.29028467725446117 0.9569403357322093 0
    outer loop
      vertex 75.09060798672219 26.803578363789505 20.400000000000002
      vertex 75.74718387294355 27.002748481411306 20.400000000000002
      vertex 75.74718387294355 27.002748481411306 10.400000000000002
    endloop
  endfacet
  facet normal 0 0 1
    outer loop
      vertex 75.09060798672219 26.803578363789505 20.400000000000002
      vertex 75.76030399336109 25.186789181894753 20.400000000000002
      vertex 75.74718387294355 27.002748481411306 20.400000000000002
    endloop
  endfacet
  facet normal 0.29028467725446166 0.9569403357322092 0
    outer loop
      vertex 75.18627884481346 -26.572608480661682 0
      vertex 75.18627884481346 -26.572608480661682 7.600000000000001
      vertex 75.79595645344759 -26.7575521613105 7.600000000000001
    endloop
  endfacet
  facet normal 0.29028467725446166 0.9569403357322092 0
    outer loop
      vertex 75.18627884481346 -26.572608480661682 0
      vertex 75.79595645344759 -26.7575521613105 7.600000000000001
      vertex 75.79595645344759 -26.7575521613105 0
    endloop
  endfacet
  facet normal 0 0 -1
    outer loop
      vertex 75.18627884481346 -26.572608480661682 7.600000000000001
      vertex 75.19256313292354 -24.807436867076458 7.600000000000001
      vertex 75.4577520922157 -25.025071821529455 7.600000000000001
    endloop
  endfacet
  facet normal 0 0 -1
    outer loop
      vertex 75.18627884481346 -26.572608480661682 7.600000000000001
      vertex 75.4577520922157 -25.025071821529455 7.600000000000001
      vertex 75.76030399336109 -25.186789181894753 7.600000000000001
    endloop
  endfacet
  facet normal 0 0 -1
    outer loop
      vertex 75.18627884481346 -26.572608480661682 7.600000000000001
      vertex 75.76030399336109 -25.186789181894753 7.600000000000001
      vertex 75.79595645344759 -26.7575521613105 7.600000000000001
    endloop
  endfacet
  facet normal 0.29028467725446166 -0.9569403357322092 0
    outer loop
      vertex 75.18627884481346 -20.56739151933832 0
      vertex 75.79595645344759 -20.3824478386895 0
      vertex 75.18627884481346 -20.56739151933832 7.600000000000001
    endloop
  endfacet
  facet normal 0 0 -1
    outer loop
      vertex 75.18627884481346 -20.56739151933832 0
      vertex 77.67372115518654 20.56739151933832 0
      vertex 75.79595645344759 -20.3824478386895 0
    endloop
  endfacet
  facet normal 0 0 -1
    outer loop
      vertex 75.18627884481346 -20.56739151933832 7.600000000000001
      vertex 75.4577520922157 -22.114928178470546 7.600000000000001
      vertex 75.19256313292354 -22.332563132923543 7.600000000000001
    endloop
  endfacet
  facet normal 0 0 -1
    outer loop
      vertex 75.18627884481346 -20.56739151933832 7.600000000000001
      vertex 75.76030399336109 -21.953210818105248 7.600000000000001
      vertex 75.4577520922157 -22.114928178470546 7.600000000000001
    endloop
  endfacet
  facet normal 0.29028467725446166 -0.9569403357322092 0
    outer loop
      vertex 75.18627884481346 -20.56739151933832 7.600000000000001
      vertex 75.79595645344759 -20.3824478386895 0
      vertex 75.79595645344759 -20.3824478386895 7.600000000000001
    endloop
  endfacet
  facet normal 0 0 -1
    outer loop
      vertex 75.18627884481346 -20.56739151933832 7.600000000000001
      vertex 75.79595645344759 -20.3824478386895 7.600000000000001
      vertex 75.76030399336109 -21.953210818105248 7.600000000000001
    endloop
  endfacet
  facet normal 0.29028467725446166 0.9569403357322092 0
    outer loop
      vertex 75.18627884481346 20.56739151933832 0
      vertex 75.18627884481346 20.56739151933832 7.600000000000001
      vertex 75.79595645344759 20.3824478386895 7.600000000000001
    endloop
  endfacet
  facet normal 0.29028467725446166 0.9569403357322092 0
    outer loop
      vertex 75.18627884481346 20.56739151933832 0
      vertex 75.79595645344759 20.3824478386895 7.600000000000001
      vertex 75.79595645344759 20.3824478386895 0
    endloop
  endfacet
  facet normal 0 0 -1
    outer loop
      vertex 75.18627884481346 20.56739151933832 7.600000000000001
      vertex 75.19256313292354 22.332563132923543 7.600000000000001
      vertex 75.4577520922157 22.114928178470546 7.600000000000001
    endloop
  endfacet
  facet normal 0 0 -1
    outer loop
      vertex 75.18627884481346 20.56739151933832 7.600000000000001
      vertex 75.4577520922157 22.114928178470546 7.600000000000001
      vertex 75.79595645344759 20.3824478386895 7.600000000000001
    endloop
  endfacet
  facet normal 0.29028467725446166 -0.9569403357322092 0
    outer loop
      vertex 75.18627884481346 26.572608480661682 0
      vertex 75.79595645344759 26.7575521613105 0
      vertex 75.18627884481346 26.572608480661682 7.600000000000001
    endloop
  endfacet
  facet normal 0 0 -1
    outer loop
      vertex 75.18627884481346 26.572608480661682 7.600000000000001
      vertex 75.4577520922157 25.025071821529455 7.600000000000001
      vertex 75.19256313292354 24.807436867076458 7.600000000000001
    endloop
  endfacet
  facet normal 0 0 -1
    outer loop
      vertex 75.18627884481346 26.572608480661682 7.600000000000001
      vertex 75.76030399336109 25.186789181894753 7.600000000000001
      vertex 75.4577520922157 25.025071821529455 7.600000000000001
    endloop
  endfacet
  facet normal 0.29028467725446166 -0.9569403357322092 0
    outer loop
      vertex 75.18627884481346 26.572608480661682 7.600000000000001
      vertex 75.79595645344759 26.7575521613105 0
      vertex 75.79595645344759 26.7575521613105 7.600000000000001
    endloop
  endfacet
  facet normal 0 0 -1
    outer loop
      vertex 75.18627884481346 26.572608480661682 7.600000000000001
      vertex 75.79595645344759 26.7575521613105 7.600000000000001
      vertex 76.08859193647177 25.286374240705655 7.600000000000001
    endloop
  endfacet
  facet normal 0 0 -1
    outer loop
      vertex 75.18627884481346 26.572608480661682 7.600000000000001
      vertex 76.08859193647177 25.286374240705655 7.600000000000001
      vertex 75.76030399336109 25.186789181894753 7.600000000000001
    endloop
  endfacet
  facet normal 0.6343932841636382 0.7730104533627429 0
    outer loop
      vertex 75.19256313292354 -24.807436867076458 7.600000000000001
      vertex 75.19256313292354 -24.807436867076458 20.400000000000002
      vertex 75.4577520922157 -25.025071821529455 7.600000000000001
    endloop
  endfacet
  facet normal 0.6343932841636382 0.7730104533627429 0
    outer loop
      vertex 75.19256313292354 -24.807436867076458 20.400000000000002
      vertex 75.4577520922157 -25.025071821529455 20.400000000000002
      vertex 75.4577520922157 -25.025071821529455 7.600000000000001
    endloop
  endfacet
  facet normal 0.6343932841636382 -0.7730104533627429 0
    outer loop
      vertex 75.19256313292354 -22.332563132923543 7.600000000000001
      vertex 75.4577520922157 -22.114928178470546 7.600000000000001
      vertex 75.4577520922157 -22.114928178470546 20.400000000000002
    endloop
  endfacet
  facet normal 0.6343932841636382 -0.7730104533627429 0
    outer loop
      vertex 75.19256313292354 -22.332563132923543 7.600000000000001
      vertex 75.4577520922157 -22.114928178470546 20.400000000000002
      vertex 75.19256313292354 -22.332563132923543 20.400000000000002
    endloop
  endfacet
  facet normal 0.6343932841636382 0.7730104533627429 0
    outer loop
      vertex 75.19256313292354 22.332563132923543 7.600000000000001
      vertex 75.19256313292354 22.332563132923543 20.400000000000002
      vertex 75.4577520922157 22.114928178470546 7.600000000000001
    endloop
  endfacet
  facet normal 0.6343932841636382 0.7730104533627429 0
    outer loop
      vertex 75.19256313292354 22.332563132923543 20.400000000000002
      vertex 75.4577520922157 22.114928178470546 20.400000000000002
      vertex 75.4577520922157 22.114928178470546 7.600000000000001
    endloop
  endfacet
  facet normal 0.6343932841636382 -0.7730104533627429 0
    outer loop
      vertex 75.19256313292354 24.807436867076458 7.600000000000001
      vertex 75.4577520922157 25.025071821529455 7.600000000000001
      vertex 75.4577520922157 25.025071821529455 20.400000000000002
    endloop
  endfacet
  facet normal 0.6343932841636382 -0.7730104533627429 0
    outer loop
      vertex 75.19256313292354 24.807436867076458 7.600000000000001
      vertex 75.4577520922157 25.025071821529455 20.400000000000002
      vertex 75.19256313292354 24.807436867076458 20.400000000000002
    endloop
  endfacet
  facet normal 0.4713967368260037 0.8819212643483517 0
    outer loop
      vertex 75.4577520922157 -25.025071821529455 7.600000000000001
      vertex 75.4577520922157 -25.025071821529455 20.400000000000002
      vertex 75.76030399336109 -25.186789181894753 7.600000000000001
    endloop
  endfacet
  facet normal 0.4713967368260037 0.8819212643483517 0
    outer loop
      vertex 75.4577520922157 -25.025071821529455 20.400000000000002
      vertex 75.76030399336109 -25.186789181894753 20.400000000000002
      vertex 75.76030399336109 -25.186789181894753 7.600000000000001
    endloop
  endfacet
  facet normal 0.4713967368260037 -0.8819212643483517 0
    outer loop
      vertex 75.4577520922157 -22.114928178470546 7.600000000000001
      vertex 75.76030399336109 -21.953210818105248 7.600000000000001
      vertex 75.76030399336109 -21.953210818105248 20.400000000000002
    endloop
  endfacet
  facet normal 0.4713967368260037 -0.8819212643483517 0
    outer loop
      vertex 75.4577520922157 -22.114928178470546 7.600000000000001
      vertex 75.76030399336109 -21.953210818105248 20.400000000000002
      vertex 75.4577520922157 -22.114928178470546 20.400000000000002
    endloop
  endfacet
  facet normal 0.4713967368260037 0.8819212643483517 0
    outer loop
      vertex 75.4577520922157 22.114928178470546 7.600000000000001
      vertex 75.4577520922157 22.114928178470546 20.400000000000002
      vertex 75.76030399336109 21.953210818105248 7.600000000000001
    endloop
  endfacet
  facet normal 0 0 -1
    outer loop
      vertex 75.4577520922157 22.114928178470546 7.600000000000001
      vertex 75.76030399336109 21.953210818105248 7.600000000000001
      vertex 75.79595645344759 20.3824478386895 7.600000000000001
    endloop
  endfacet
  facet normal 0 0 1
    outer loop
      vertex 75.4577520922157 22.114928178470546 20.400000000000002
      vertex 75.74718387294355 20.137251518588695 20.400000000000002
      vertex 75.76030399336109 21.953210818105248 20.400000000000002
    endloop
  endfacet
  facet normal 0.4713967368260037 0.8819212643483517 0
    outer loop
      vertex 75.4577520922157 22.114928178470546 20.400000000000002
      vertex 75.76030399336109 21.953210818105248 20.400000000000002
      vertex 75.76030399336109 21.953210818105248 7.600000000000001
    endloop
  endfacet
  facet normal 0.4713967368260037 -0.8819212643483517 0
    outer loop
      vertex 75.4577520922157 25.025071821529455 7.600000000000001
      vertex 75.76030399336109 25.186789181894753 7.600000000000001
      vertex 75.76030399336109 25.186789181894753 20.400000000000002
    endloop
  endfacet
  facet normal 0.4713967368260037 -0.8819212643483517 0
    outer loop
      vertex 75.4577520922157 25.025071821529455 7.600000000000001
      vertex 75.76030399336109 25.186789181894753 20.400000000000002
      vertex 75.4577520922157 25.025071821529455 20.400000000000002
    endloop
  endfacet
  facet normal -0.0980171403295558 0.9951847266721974 0
    outer loop
      vertex 75.57160258312904 -19.254544766225784 1.6
      vertex 75.57160258312904 -19.254544766225784 10.400000000000002
      vertex 76.43 -19.17 10.400000000000002
    endloop
  endfacet
  facet normal -0.0980171403295558 0.9951847266721974 0
    outer loop
      vertex 75.57160258312904 -19.254544766225784 1.6
      vertex 76.43 -19.17 10.400000000000002
      vertex 76.43 -19.17 1.6
    endloop
  endfacet
  facet normal 0 0 1
    outer loop
      vertex 75.57160258312904 -19.254544766225784 10.400000000000002
      vertex 75.74718387294355 -20.137251518588695 10.400000000000002
      vertex 76.43 -19.17 10.400000000000002
    endloop
  endfacet
  facet normal -0.0980171403295558 -0.9951847266721974 0
    outer loop
      vertex 75.57160258312904 19.254544766225784 1.6
      vertex 76.43 19.17 1.6
      vertex 75.57160258312904 19.254544766225784 10.400000000000002
    endloop
  endfacet
  facet normal -0.0980171403295558 -0.9951847266721974 0
    outer loop
      vertex 75.57160258312904 19.254544766225784 10.400000000000002
      vertex 76.43 19.17 1.6
      vertex 76.43 19.17 10.400000000000002
    endloop
  endfacet
  facet normal 0 0 1
    outer loop
      vertex 75.57160258312904 19.254544766225784 10.400000000000002
      vertex 76.43 19.17 10.400000000000002
      vertex 75.74718387294355 20.137251518588695 10.400000000000002
    endloop
  endfacet
  facet normal -0.0980171403295558 0.9951847266721974 0
    outer loop
      vertex 75.57160258312904 27.885455233774216 1.6
      vertex 75.57160258312904 27.885455233774216 10.400000000000002
      vertex 76.43 27.97 10.400000000000002
    endloop
  endfacet
  facet normal -0.0980171403295558 0.9951847266721974 0
    outer loop
      vertex 75.57160258312904 27.885455233774216 1.6
      vertex 76.43 27.97 10.400000000000002
      vertex 76.43 27.97 1.6
    endloop
  endfacet
  facet normal 0 0 1
    outer loop
      vertex 75.57160258312904 27.885455233774216 10.400000000000002
      vertex 75.74718387294355 27.002748481411306 10.400000000000002
      vertex 76.43 27.07 10.400000000000002
    endloop
  endfacet
  facet normal 0 0 1
    outer loop
      vertex 75.57160258312904 27.885455233774216 10.400000000000002
      vertex 76.43 27.07 10.400000000000002
      vertex 76.43 27.97 10.400000000000002
    endloop
  endfacet
  facet normal -0.09801714032956112 0.9951847266721968 0
    outer loop
      vertex 75.74718387294355 -20.137251518588695 10.400000000000002
      vertex 75.74718387294355 -20.137251518588695 20.400000000000002
      vertex 76.43 -20.07 20.400000000000002
    endloop
  endfacet
  facet normal 0 0 1
    outer loop
      vertex 75.74718387294355 -20.137251518588695 10.400000000000002
      vertex 76.43 -20.07 10.400000000000002
      vertex 76.43 -19.17 10.400000000000002
    endloop
  endfacet
  facet normal -0.09801714032956112 0.9951847266721968 0
    outer loop
      vertex 75.74718387294355 -20.137251518588695 10.400000000000002
      vertex 76.43 -20.07 20.400000000000002
      vertex 76.43 -20.07 10.400000000000002
    endloop
  endfacet
  facet normal 0 0 1
    outer loop
      vertex 75.74718387294355 -20.137251518588695 20.400000000000002
      vertex 76.08859193647177 -21.853625759294346 20.400000000000002
      vertex 76.43 -21.82 20.400000000000002
    endloop
  endfacet
  facet normal 0 0 1
    outer loop
      vertex 75.74718387294355 -20.137251518588695 20.400000000000002
      vertex 76.43 -21.82 20.400000000000002
      vertex 76.77140806352823 -21.853625759294346 20.400000000000002
    endloop
  endfacet
  facet normal 0 0 1
    outer loop
      vertex 75.74718387294355 -20.137251518588695 20.400000000000002
      vertex 76.77140806352823 -21.853625759294346 20.400000000000002
      vertex 76.43 -20.07 20.400000000000002
    endloop
  endfacet
  facet normal 0 0 1
    outer loop
      vertex 75.74718387294355 20.137251518588695 10.400000000000002
      vertex 76.43 19.17 10.400000000000002
      vertex 76.43 20.07 10.400000000000002
    endloop
  endfacet
  facet normal -0.09801714032956112 -0.9951847266721968 0
    outer loop
      vertex 75.74718387294355 20.137251518588695 10.400000000000002
      vertex 76.43 20.07 10.400000000000002
      vertex 76.43 20.07 20.400000000000002
    endloop
  endfacet
  facet normal -0.09801714032956112 -0.9951847266721968 0
    outer loop
      vertex 75.74718387294355 20.137251518588695 10.400000000000002
      vertex 76.43 20.07 20.400000000000002
      vertex 75.74718387294355 20.137251518588695 20.400000000000002
    endloop
  endfacet
  facet normal 0 0 1
    outer loop
      vertex 75.74718387294355 20.137251518588695 20.400000000000002
      vertex 76.08859193647177 21.853625759294346 20.400000000000002
      vertex 75.76030399336109 21.953210818105248 20.400000000000002
    endloop
  endfacet
  facet normal 0 0 1
    outer loop
      vertex 75.74718387294355 20.137251518588695 20.400000000000002
      vertex 76.43 20.07 20.400000000000002
      vertex 76.08859193647177 21.853625759294346 20.400000000000002
    endloop
  endfacet
  facet normal -0.09801714032956112 0.9951847266721968 0
    outer loop
      vertex 75.74718387294355 27.002748481411306 10.400000000000002
      vertex 75.74718387294355 27.002748481411306 20.400000000000002
      vertex 76.43 27.07 10.400000000000002
    endloop
  endfacet
  facet normal 0 0 1
    outer loop
      vertex 75.74718387294355 27.002748481411306 20.400000000000002
      vertex 75.76030399336109 25.186789181894753 20.400000000000002
      vertex 76.08859193647177 25.286374240705655 20.400000000000002
    endloop
  endfacet
  facet normal 0 0 1
    outer loop
      vertex 75.74718387294355 27.002748481411306 20.400000000000002
      vertex 76.08859193647177 25.286374240705655 20.400000000000002
      vertex 76.43 27.07 20.400000000000002
    endloop
  endfacet
  facet normal -0.09801714032956112 0.9951847266721968 0
    outer loop
      vertex 75.74718387294355 27.002748481411306 20.400000000000002
      vertex 76.43 27.07 20.400000000000002
      vertex 76.43 27.07 10.400000000000002
    endloop
  endfacet
  facet normal 0.29028467725446594 0.9569403357322079 0
    outer loop
      vertex 75.76030399336109 -25.186789181894753 7.600000000000001
      vertex 75.76030399336109 -25.186789181894753 20.400000000000002
      vertex 76.08859193647177 -25.286374240705655 7.600000000000001
    endloop
  endfacet
  facet normal 0 0 -1
    outer loop
      vertex 75.76030399336109 -25.186789181894753 7.600000000000001
      vertex 76.08859193647177 -25.286374240705655 7.600000000000001
      vertex 75.79595645344759 -26.7575521613105 7.600000000000001
    endloop
  endfacet
  facet normal 0.29028467725446594 0.9569403357322079 0
    outer loop
      vertex 75.76030399336109 -25.186789181894753 20.400000000000002
      vertex 76.08859193647177 -25.286374240705655 20.400000000000002
      vertex 76.08859193647177 -25.286374240705655 7.600000000000001
    endloop
  endfacet
  facet normal 0 0 -1
    outer loop
      vertex 75.76030399336109 -21.953210818105248 7.600000000000001
      vertex 75.79595645344759 -20.3824478386895 7.600000000000001
      vertex 76.08859193647177 -21.853625759294346 7.600000000000001
    endloop
  endfacet
  facet normal 0.29028467725446594 -0.9569403357322079 0
    outer loop
      vertex 75.76030399336109 -21.953210818105248 7.600000000000001
      vertex 76.08859193647177 -21.853625759294346 7.600000000000001
      vertex 76.08859193647177 -21.853625759294346 20.400000000000002
    endloop
  endfacet
  facet normal 0.29028467725446594 -0.9569403357322079 0
    outer loop
      vertex 75.76030399336109 -21.953210818105248 7.600000000000001
      vertex 76.08859193647177 -21.853625759294346 20.400000000000002
      vertex 75.76030399336109 -21.953210818105248 20.400000000000002
    endloop
  endfacet
  facet normal 0.29028467725446594 0.9569403357322079 0
    outer loop
      vertex 75.76030399336109 21.953210818105248 7.600000000000001
      vertex 75.76030399336109 21.953210818105248 20.400000000000002
      vertex 76.08859193647177 21.853625759294346 7.600000000000001
    endloop
  endfacet
  facet normal 0 0 -1
    outer loop
      vertex 75.76030399336109 21.953210818105248 7.600000000000001
      vertex 76.08859193647177 21.853625759294346 7.600000000000001
      vertex 75.79595645344759 20.3824478386895 7.600000000000001
    endloop
  endfacet
  facet normal 0.29028467725446594 0.9569403357322079 0
    outer loop
      vertex 75.76030399336109 21.953210818105248 20.400000000000002
      vertex 76.08859193647177 21.853625759294346 20.400000000000002
      vertex 76.08859193647177 21.853625759294346 7.600000000000001
    endloop
  endfacet
  facet normal 0.29028467725446594 -0.9569403357322079 0
    outer loop
      vertex 75.76030399336109 25.186789181894753 7.600000000000001
      vertex 76.08859193647177 25.286374240705655 7.600000000000001
      vertex 76.08859193647177 25.286374240705655 20.400000000000002
    endloop
  endfacet
  facet normal 0.29028467725446594 -0.9569403357322079 0
    outer loop
      vertex 75.76030399336109 25.186789181894753 7.600000000000001
      vertex 76.08859193647177 25.286374240705655 20.400000000000002
      vertex 75.76030399336109 25.186789181894753 20.400000000000002
    endloop
  endfacet
  facet normal 0.0980171403295596 0.9951847266721969 0
    outer loop
      vertex 75.79595645344759 -26.7575521613105 0
      vertex 75.79595645344759 -26.7575521613105 7.600000000000001
      vertex 76.43 -26.82 7.600000000000001
    endloop
  endfacet
  facet normal 0.0980171403295596 0.9951847266721969 0
    outer loop
      vertex 75.79595645344759 -26.7575521613105 0
      vertex 76.43 -26.82 7.600000000000001
      vertex 76.43 -26.82 0
    endloop
  endfacet
  facet normal 0 0 -1
    outer loop
      vertex 75.79595645344759 -26.7575521613105 7.600000000000001
      vertex 76.08859193647177 -25.286374240705655 7.600000000000001
      vertex 76.43 -25.32 7.600000000000001
    endloop
  endfacet
  facet normal 0 0 -1
    outer loop
      vertex 75.79595645344759 -26.7575521613105 7.600000000000001
      vertex 76.43 -25.32 7.600000000000001
      vertex 76.43 -26.82 7.600000000000001
    endloop
  endfacet
  facet normal 0.0980171403295596 -0.9951847266721969 0
    outer loop
      vertex 75.79595645344759 -20.3824478386895 0
      vertex 76.43 -20.32 0
      vertex 75.79595645344759 -20.3824478386895 7.600000000000001
    endloop
  endfacet
  facet normal 0 0 -1
    outer loop
      vertex 75.79595645344759 -20.3824478386895 0
      vertex 77.67372115518654 20.56739151933832 0
      vertex 76.43 -20.32 0
    endloop
  endfacet
  facet normal 0 0 -1
    outer loop
      vertex 75.79595645344759 -20.3824478386895 7.600000000000001
      vertex 76.43 -21.82 7.600000000000001
      vertex 76.08859193647177 -21.853625759294346 7.600000000000001
    endloop
  endfacet
  facet normal 0.0980171403295596 -0.9951847266721969 0
    outer loop
      vertex 75.79595645344759 -20.3824478386895 7.600000000000001
      vertex 76.43 -20.32 0
      vertex 76.43 -20.32 7.600000000000001
    endloop
  endfacet
  facet normal 0 0 -1
    outer loop
      vertex 75.79595645344759 -20.3824478386895 7.600000000000001
      vertex 76.43 -20.32 7.600000000000001
      vertex 76.43 -21.82 7.600000000000001
    endloop
  endfacet
  facet normal 0.0980171403295596 0.9951847266721969 0
    outer loop
      vertex 75.79595645344759 20.3824478386895 0
      vertex 75.79595645344759 20.3824478386895 7.600000000000001
      vertex 76.43 20.32 7.600000000000001
    endloop
  endfacet
  facet normal 0.0980171403295596 0.9951847266721969 0
    outer loop
      vertex 75.79595645344759 20.3824478386895 0
      vertex 76.43 20.32 7.600000000000001
      vertex 76.43 20.32 0
    endloop
  endfacet
  facet normal 0 0 -1
    outer loop
      vertex 75.79595645344759 20.3824478386895 7.600000000000001
      vertex 76.08859193647177 21.853625759294346 7.600000000000001
      vertex 76.43 20.32 7.600000000000001
    endloop
  endfacet
  facet normal 0.0980171403295596 -0.9951847266721969 0
    outer loop
      vertex 75.79595645344759 26.7575521613105 0
      vertex 76.43 26.82 0
      vertex 75.79595645344759 26.7575521613105 7.600000000000001
    endloop
  endfacet
  facet normal 0 0 -1
    outer loop
      vertex 75.79595645344759 26.7575521613105 7.600000000000001
      vertex 76.43 25.32 7.600000000000001
      vertex 76.08859193647177 25.286374240705655 7.600000000000001
    endloop
  endfacet
  facet normal 0.0980171403295596 -0.9951847266721969 0
    outer loop
      vertex 75.79595645344759 26.7575521613105 7.600000000000001
      vertex 76.43 26.82 0
      vertex 76.43 26.82 7.600000000000001
    endloop
  endfacet
  facet normal 0 0 -1
    outer loop
      vertex 75.79595645344759 26.7575521613105 7.600000000000001
      vertex 76.43 26.82 7.600000000000001
      vertex 76.43 25.32 7.600000000000001
    endloop
  endfacet
  facet normal 0.09801714032955397 0.9951847266721975 0
    outer loop
      vertex 76.08859193647177 -25.286374240705655 7.600000000000001
      vertex 76.08859193647177 -25.286374240705655 20.400000000000002
      vertex 76.43 -25.32 7.600000000000001
    endloop
  endfacet
  facet normal 0.09801714032955397 0.9951847266721975 0
    outer loop
      vertex 76.08859193647177 -25.286374240705655 20.400000000000002
      vertex 76.43 -25.32 20.400000000000002
      vertex 76.43 -25.32 7.600000000000001
    endloop
  endfacet
  facet normal 0.09801714032955397 -0.9951847266721975 0
    outer loop
      vertex 76.08859193647177 -21.853625759294346 7.600000000000001
      vertex 76.43 -21.82 7.600000000000001
      vertex 76.43 -21.82 20.400000000000002
    endloop
  endfacet
  facet normal 0.09801714032955397 -0.9951847266721975 0
    outer loop
      vertex 76.08859193647177 -21.853625759294346 7.600000000000001
      vertex 76.43 -21.82 20.400000000000002
      vertex 76.08859193647177 -21.853625759294346 20.400000000000002
    endloop
  endfacet
  facet normal 0.09801714032955397 0.9951847266721975 0
    outer loop
      vertex 76.08859193647177 21.853625759294346 7.600000000000001
      vertex 76.08859193647177 21.853625759294346 20.400000000000002
      vertex 76.43 21.82 7.600000000000001
    endloop
  endfacet
  facet normal 0 0 -1
    outer loop
      vertex 76.08859193647177 21.853625759294346 7.600000000000001
      vertex 76.43 21.82 7.600000000000001
      vertex 76.43 20.32 7.600000000000001
    endloop
  endfacet
  facet normal 0 0 1
    outer loop
      vertex 76.08859193647177 21.853625759294346 20.400000000000002
      vertex 76.43 20.07 20.400000000000002
      vertex 76.43 21.82 20.400000000000002
    endloop
  endfacet
  facet normal 0.09801714032955397 0.9951847266721975 0
    outer loop
      vertex 76.08859193647177 21.853625759294346 20.400000000000002
      vertex 76.43 21.82 20.400000000000002
      vertex 76.43 21.82 7.600000000000001
    endloop
  endfacet
  facet normal 0.09801714032955397 -0.9951847266721975 0
    outer loop
      vertex 76.08859193647177 25.286374240705655 7.600000000000001
      vertex 76.43 25.32 7.600000000000001
      vertex 76.43 25.32 20.400000000000002
    endloop
  endfacet
  facet normal 0.09801714032955397 -0.9951847266721975 0
    outer loop
      vertex 76.08859193647177 25.286374240705655 7.600000000000001
      vertex 76.43 25.32 20.400000000000002
      vertex 76.08859193647177 25.286374240705655 20.400000000000002
    endloop
  endfacet
  facet normal 0 0 1
    outer loop
      vertex 76.08859193647177 25.286374240705655 20.400000000000002
      vertex 76.43 25.32 20.400000000000002
      vertex 76.43 27.07 20.400000000000002
    endloop
  endfacet
  facet normal -0.0980171403295618 0.9951847266721968 0
    outer loop
      vertex 76.43 -26.82 0
      vertex 76.43 -26.82 7.600000000000001
      vertex 77.06404354655241 -26.7575521613105 7.600000000000001
    endloop
  endfacet
  facet normal 0 0 -1
    outer loop
      vertex 76.43 -26.82 0
      vertex 77.06404354655241 -26.7575521613105 0
      vertex 128 -28 0
    endloop
  endfacet
  facet normal -0.0980171403295618 0.9951847266721968 0
    outer loop
      vertex 76.43 -26.82 0
      vertex 77.06404354655241 -26.7575521613105 7.600000000000001
      vertex 77.06404354655241 -26.7575521613105 0
    endloop
  endfacet
  facet normal 0 0 -1
    outer loop
      vertex 76.43 -26.82 7.600000000000001
      vertex 76.43 -25.32 7.600000000000001
      vertex 77.06404354655241 -26.7575521613105 7.600000000000001
    endloop
  endfacet
  facet normal -0.09801714032955801 0.9951847266721972 0
    outer loop
      vertex 76.43 -25.32 7.600000000000001
      vertex 76.43 -25.32 20.400000000000002
      vertex 76.77140806352823 -25.286374240705655 7.600000000000001
    endloop
  endfacet
  facet normal 0 0 -1
    outer loop
      vertex 76.43 -25.32 7.600000000000001
      vertex 76.77140806352823 -25.286374240705655 7.600000000000001
      vertex 77.06404354655241 -26.7575521613105 7.600000000000001
    endloop
  endfacet
  facet normal -0.09801714032955801 0.9951847266721972 0
    outer loop
      vertex 76.43 -25.32 20.400000000000002
      vertex 76.77140806352823 -25.286374240705655 20.400000000000002
      vertex 76.77140806352823 -25.286374240705655 7.600000000000001
    endloop
  endfacet
  facet normal 0 0 1
    outer loop
      vertex 76.43 -25.32 20.400000000000002
      vertex 78.47215112718935 -26.4 20.400000000000002
      vertex 76.77140806352823 -25.286374240705655 20.400000000000002
    endloop
  endfacet
  facet normal 0 0 -1
    outer loop
      vertex 76.43 -21.82 7.600000000000001
      vertex 76.43 -20.32 7.600000000000001
      vertex 77.06404354655241 -20.3824478386895 7.600000000000001
    endloop
  endfacet
  facet normal -0.09801714032955801 -0.9951847266721972 0
    outer loop
      vertex 76.43 -21.82 7.600000000000001
      vertex 76.77140806352823 -21.853625759294346 7.600000000000001
      vertex 76.77140806352823 -21.853625759294346 20.400000000000002
    endloop
  endfacet
  facet normal -0.09801714032955801 -0.9951847266721972 0
    outer loop
      vertex 76.43 -21.82 7.600000000000001
      vertex 76.77140806352823 -21.853625759294346 20.400000000000002
      vertex 76.43 -21.82 20.400000000000002
    endloop
  endfacet
  facet normal 0 0 -1
    outer loop
      vertex 76.43 -21.82 7.600000000000001
      vertex 77.06404354655241 -20.3824478386895 7.600000000000001
      vertex 76.77140806352823 -21.853625759294346 7.600000000000001
    endloop
  endfacet
  facet normal -0.0980171403295618 -0.9951847266721968 0
    outer loop
      vertex 76.43 -20.32 0
      vertex 77.06404354655241 -20.3824478386895 0
      vertex 76.43 -20.32 7.600000000000001
    endloop
  endfacet
  facet normal 0 0 -1
    outer loop
      vertex 76.43 -20.32 0
      vertex 77.67372115518654 20.56739151933832 0
      vertex 78.2356032573137 20.86772376001673 0
    endloop
  endfacet
  facet normal 0 0 -1
    outer loop
      vertex 76.43 -20.32 0
      vertex 78.2356032573137 20.86772376001673 0
      vertex 78.72809703885628 21.27190296114372 0
    endloop
  endfacet
  facet normal 0 0 -1
    outer loop
      vertex 76.43 -20.32 0
      vertex 78.72809703885628 21.27190296114372 0
      vertex 79.13227623998327 21.764396742686294 0
    endloop
  endfacet
  facet normal 0 0 -1
    outer loop
      vertex 76.43 -20.32 0
      vertex 79.13227623998327 21.764396742686294 0
      vertex 79.43260848066168 22.32627884481346 0
    endloop
  endfacet
  facet normal 0 0 -1
    outer loop
      vertex 76.43 -20.32 0
      vertex 79.43260848066168 22.32627884481346 0
      vertex 79.6175521613105 22.935956453447584 0
    endloop
  endfacet
  facet normal 0 0 -1
    outer loop
      vertex 76.43 -20.32 0
      vertex 79.6175521613105 22.935956453447584 0
      vertex 79.68 23.57 0
    endloop
  endfacet
  facet normal 0 0 -1
    outer loop
      vertex 76.43 -20.32 0
      vertex 79.68 23.57 0
      vertex 128 62 0
    endloop
  endfacet
  facet normal 0 0 -1
    outer loop
      vertex 76.43 -20.32 0
      vertex 120.32 23.57 0
      vertex 120.3824478386895 22.935956453447584 0
    endloop
  endfacet
  facet normal 0 0 -1
    outer loop
      vertex 76.43 -20.32 0
      vertex 120.3824478386895 22.935956453447584 0
      vertex 77.06404354655241 -20.3824478386895 0
    endloop
  endfacet
  facet normal 0 0 -1
    outer loop
      vertex 76.43 -20.32 0
      vertex 120.3824478386895 24.204043546552416 0
      vertex 120.32 23.57 0
    endloop
  endfacet
  facet normal 0 0 -1
    outer loop
      vertex 76.43 -20.32 0
      vertex 128 62 0
      vertex 120.3824478386895 24.204043546552416 0
    endloop
  endfacet
  facet normal -0.0980171403295618 -0.9951847266721968 0
    outer loop
      vertex 76.43 -20.32 7.600000000000001
      vertex 77.06404354655241 -20.3824478386895 0
      vertex 77.06404354655241 -20.3824478386895 7.600000000000001
    endloop
  endfacet
  facet normal 0.09801714032956313 0.9951847266721966 0
    outer loop
      vertex 76.43 -20.07 10.400000000000002
      vertex 76.43 -20.07 20.400000000000002
      vertex 77.11281612705645 -20.137251518588695 20.400000000000002
    endloop
  endfacet
  facet normal 0 0 1
    outer loop
      vertex 76.43 -20.07 10.400000000000002
      vertex 77.11281612705645 -20.137251518588695 10.400000000000002
      vertex 77.28839741687096 -19.254544766225784 10.400000000000002
    endloop
  endfacet
  facet normal 0.09801714032956313 0.9951847266721966 0
    outer loop
      vertex 76.43 -20.07 10.400000000000002
      vertex 77.11281612705645 -20.137251518588695 20.400000000000002
      vertex 77.11281612705645 -20.137251518588695 10.400000000000002
    endloop
  endfacet
  facet normal 0 0 1
    outer loop
      vertex 76.43 -20.07 10.400000000000002
      vertex 77.28839741687096 -19.254544766225784 10.400000000000002
      vertex 76.43 -19.17 10.400000000000002
    endloop
  endfacet
  facet normal 0 0 1
    outer loop
      vertex 76.43 -20.07 20.400000000000002
      vertex 76.77140806352823 -21.853625759294346 20.400000000000002
      vertex 77.09969600663891 -21.953210818105248 20.400000000000002
    endloop
  endfacet
  facet normal 0 0 1
    outer loop
      vertex 76.43 -20.07 20.400000000000002
      vertex 77.09969600663891 -21.953210818105248 20.400000000000002
      vertex 77.11281612705645 -20.137251518588695 20.400000000000002
    endloop
  endfacet
  facet normal 0.09801714032955741 0.9951847266721972 0
    outer loop
      vertex 76.43 -19.17 1.6
      vertex 76.43 -19.17 10.400000000000002
      vertex 77.28839741687096 -19.254544766225784 10.400000000000002
    endloop
  endfacet
  facet normal 0.09801714032955741 0.9951847266721972 0
    outer loop
      vertex 76.43 -19.17 1.6
      vertex 77.28839741687096 -19.254544766225784 10.400000000000002
      vertex 77.28839741687096 -19.254544766225784 1.6
    endloop
  endfacet
  facet normal 0.09801714032955741 -0.9951847266721972 0
    outer loop
      vertex 76.43 19.17 1.6
      vertex 77.28839741687096 19.254544766225784 1.6
      vertex 76.43 19.17 10.400000000000002
    endloop
  endfacet
  facet normal 0 0 1
    outer loop
      vertex 76.43 19.17 1.6
      vertex 78.1138071024064 -19.50493005695034 1.6
      vertex 77.28839741687096 19.254544766225784 1.6
    endloop
  endfacet
  facet normal 0.09801714032955741 -0.9951847266721972 0
    outer loop
      vertex 76.43 19.17 10.400000000000002
      vertex 77.28839741687096 19.254544766225784 1.6
      vertex 77.28839741687096 19.254544766225784 10.400000000000002
    endloop
  endfacet
  facet normal 0 0 1
    outer loop
      vertex 76.43 19.17 10.400000000000002
      vertex 77.28839741687096 19.254544766225784 10.400000000000002
      vertex 76.43 20.07 10.400000000000002
    endloop
  endfacet
  facet normal 0.09801714032956313 -0.9951847266721966 0
    outer loop
      vertex 76.43 20.07 10.400000000000002
      vertex 77.11281612705645 20.137251518588695 10.400000000000002
      vertex 77.11281612705645 20.137251518588695 20.400000000000002
    endloop
  endfacet
  facet normal 0.09801714032956313 -0.9951847266721966 0
    outer loop
      vertex 76.43 20.07 10.400000000000002
      vertex 77.11281612705645 20.137251518588695 20.400000000000002
      vertex 76.43 20.07 20.400000000000002
    endloop
  endfacet
  facet normal 0 0 1
    outer loop
      vertex 76.43 20.07 10.400000000000002
      vertex 77.28839741687096 19.254544766225784 10.400000000000002
      vertex 77.11281612705645 20.137251518588695 10.400000000000002
    endloop
  endfacet
  facet normal 0 0 1
    outer loop
      vertex 76.43 20.07 20.400000000000002
      vertex 76.77140806352823 21.853625759294346 20.400000000000002
      vertex 76.43 21.82 20.400000000000002
    endloop
  endfacet
  facet normal 0 0 1
    outer loop
      vertex 76.43 20.07 20.400000000000002
      vertex 77.11281612705645 20.137251518588695 20.400000000000002
      vertex 76.77140806352823 21.853625759294346 20.400000000000002
    endloop
  endfacet
  facet normal -0.0980171403295618 0.9951847266721968 0
    outer loop
      vertex 76.43 20.32 0
      vertex 76.43 20.32 7.600000000000001
      vertex 77.06404354655241 20.3824478386895 7.600000000000001
    endloop
  endfacet
  facet normal -0.0980171403295618 0.9951847266721968 0
    outer loop
      vertex 76.43 20.32 0
      vertex 77.06404354655241 20.3824478386895 7.600000000000001
      vertex 77.06404354655241 20.3824478386895 0
    endloop
  endfacet
  facet normal 0 0 -1
    outer loop
      vertex 76.43 20.32 7.600000000000001
      vertex 76.43 21.82 7.600000000000001
      vertex 77.06404354655241 20.3824478386895 7.600000000000001
    endloop
  endfacet
  facet normal -0.09801714032955801 0.9951847266721972 0
    outer loop
      vertex 76.43 21.82 7.600000000000001
      vertex 76.43 21.82 20.400000000000002
      vertex 76.77140806352823 21.853625759294346 7.600000000000001
    endloop
  endfacet
  facet normal 0 0 -1
    outer loop
      vertex 76.43 21.82 7.600000000000001
      vertex 76.77140806352823 21.853625759294346 7.600000000000001
      vertex 77.06404354655241 20.3824478386895 7.600000000000001
    endloop
  endfacet
  facet normal -0.09801714032955801 0.9951847266721972 0
    outer loop
      vertex 76.43 21.82 20.400000000000002
      vertex 76.77140806352823 21.853625759294346 20.400000000000002
      vertex 76.77140806352823 21.853625759294346 7.600000000000001
    endloop
  endfacet
  facet normal 0 0 -1
    outer loop
      vertex 76.43 25.32 7.600000000000001
      vertex 76.43 26.82 7.600000000000001
      vertex 76.77140806352823 25.286374240705655 7.600000000000001
    endloop
  endfacet
  facet normal -0.09801714032955801 -0.9951847266721972 0
    outer loop
      vertex 76.43 25.32 7.600000000000001
      vertex 76.77140806352823 25.286374240705655 7.600000000000001
      vertex 76.77140806352823 25.286374240705655 20.400000000000002
    endloop
  endfacet
  facet normal -0.09801714032955801 -0.9951847266721972 0
    outer loop
      vertex 76.43 25.32 7.600000000000001
      vertex 76.77140806352823 25.286374240705655 20.400000000000002
      vertex 76.43 25.32 20.400000000000002
    endloop
  endfacet
  facet normal 0 0 1
    outer loop
      vertex 76.43 25.32 20.400000000000002
      vertex 76.77140806352823 25.286374240705655 20.400000000000002
      vertex 76.43 27.07 20.400000000000002
    endloop
  endfacet
  facet normal -0.0980171403295618 -0.9951847266721968 0
    outer loop
      vertex 76.43 26.82 0
      vertex 77.06404354655241 26.7575521613105 0
      vertex 76.43 26.82 7.600000000000001
    endloop
  endfacet
  facet normal 0 0 -1
    outer loop
      vertex 76.43 26.82 0
      vertex 128 62 0
      vertex 77.06404354655241 26.7575521613105 0
    endloop
  endfacet
  facet normal -0.0980171403295618 -0.9951847266721968 0
    outer loop
      vertex 76.43 26.82 7.600000000000001
      vertex 77.06404354655241 26.7575521613105 0
      vertex 77.06404354655241 26.7575521613105 7.600000000000001
    endloop
  endfacet
  facet normal 0 0 -1
    outer loop
      vertex 76.43 26.82 7.600000000000001
      vertex 77.06404354655241 26.7575521613105 7.600000000000001
      vertex 76.77140806352823 25.286374240705655 7.600000000000001
    endloop
  endfacet
  facet normal 0.09801714032956313 0.9951847266721966 0
    outer loop
      vertex 76.43 27.07 10.400000000000002
      vertex 76.43 27.07 20.400000000000002
      vertex 77.11281612705645 27.002748481411306 10.400000000000002
    endloop
  endfacet
  facet normal 0 0 1
    outer loop
      vertex 76.43 27.07 10.400000000000002
      vertex 77.11281612705645 27.002748481411306 10.400000000000002
      vertex 76.43 27.97 10.400000000000002
    endloop
  endfacet
  facet normal 0 0 1
    outer loop
      vertex 76.43 27.07 20.400000000000002
      vertex 76.77140806352823 25.286374240705655 20.400000000000002
      vertex 77.11281612705645 27.002748481411306 20.400000000000002
    endloop
  endfacet
  facet normal 0.09801714032956313 0.9951847266721966 0
    outer loop
      vertex 76.43 27.07 20.400000000000002
      vertex 77.11281612705645 27.002748481411306 20.400000000000002
      vertex 77.11281612705645 27.002748481411306 10.400000000000002
    endloop
  endfacet
  facet normal 0.09801714032955741 0.9951847266721972 0
    outer loop
      vertex 76.43 27.97 1.6
      vertex 76.43 27.97 10.400000000000002
      vertex 77.28839741687096 27.885455233774216 10.400000000000002
    endloop
  endfacet
  facet normal 0.09801714032955741 0.9951847266721972 0
    outer loop
      vertex 76.43 27.97 1.6
      vertex 77.28839741687096 27.885455233774216 10.400000000000002
      vertex 77.28839741687096 27.885455233774216 1.6
    endloop
  endfacet
  facet normal 0 0 1
    outer loop
      vertex 76.43 27.97 10.400000000000002
      vertex 77.11281612705645 27.002748481411306 10.400000000000002
      vertex 77.28839741687096 27.885455233774216 10.400000000000002
    endloop
  endfacet
  facet normal -0.29028467725446594 0.9569403357322079 0
    outer loop
      vertex 76.77140806352823 -25.286374240705655 7.600000000000001
      vertex 76.77140806352823 -25.286374240705655 20.400000000000002
      vertex 77.09969600663891 -25.186789181894753 7.600000000000001
    endloop
  endfacet
  facet normal 0 0 -1
    outer loop
      vertex 76.77140806352823 -25.286374240705655 7.600000000000001
      vertex 77.09969600663891 -25.186789181894753 7.600000000000001
      vertex 77.06404354655241 -26.7575521613105 7.600000000000001
    endloop
  endfacet
  facet normal -0.29028467725446594 0.9569403357322079 0
    outer loop
      vertex 76.77140806352823 -25.286374240705655 20.400000000000002
      vertex 77.09969600663891 -25.186789181894753 20.400000000000002
      vertex 77.09969600663891 -25.186789181894753 7.600000000000001
    endloop
  endfacet
  facet normal 0 0 1
    outer loop
      vertex 76.77140806352823 -25.286374240705655 20.400000000000002
      vertex 78.47215112718935 -26.4 20.400000000000002
      vertex 77.09969600663891 -25.186789181894753 20.400000000000002
    endloop
  endfacet
  facet normal 0 0 -1
    outer loop
      vertex 76.77140806352823 -21.853625759294346 7.600000000000001
      vertex 77.06404354655241 -20.3824478386895 7.600000000000001
      vertex 77.09969600663891 -21.953210818105248 7.600000000000001
    endloop
  endfacet
  facet normal -0.29028467725446594 -0.9569403357322079 0
    outer loop
      vertex 76.77140806352823 -21.853625759294346 7.600000000000001
      vertex 77.09969600663891 -21.953210818105248 7.600000000000001
      vertex 77.09969600663891 -21.953210818105248 20.400000000000002
    endloop
  endfacet
  facet normal -0.29028467725446594 -0.9569403357322079 0
    outer loop
      vertex 76.77140806352823 -21.853625759294346 7.600000000000001
      vertex 77.09969600663891 -21.953210818105248 20.400000000000002
      vertex 76.77140806352823 -21.853625759294346 20.400000000000002
    endloop
  endfacet
  facet normal -0.29028467725446594 0.9569403357322079 0
    outer loop
      vertex 76.77140806352823 21.853625759294346 7.600000000000001
      vertex 76.77140806352823 21.853625759294346 20.400000000000002
      vertex 77.09969600663891 21.953210818105248 7.600000000000001
    endloop
  endfacet
  facet normal 0 0 -1
    outer loop
      vertex 76.77140806352823 21.853625759294346 7.600000000000001
      vertex 77.09969600663891 21.953210818105248 7.600000000000001
      vertex 77.67372115518654 20.56739151933832 7.600000000000001
    endloop
  endfacet
  facet normal 0 0 -1
    outer loop
      vertex 76.77140806352823 21.853625759294346 7.600000000000001
      vertex 77.67372115518654 20.56739151933832 7.600000000000001
      vertex 77.06404354655241 20.3824478386895 7.600000000000001
    endloop
  endfacet
  facet normal -0.29028467725446594 0.9569403357322079 0
    outer loop
      vertex 76.77140806352823 21.853625759294346 20.400000000000002
      vertex 77.09969600663891 21.953210818105248 20.400000000000002
      vertex 77.09969600663891 21.953210818105248 7.600000000000001
    endloop
  endfacet
  facet normal 0 0 1
    outer loop
      vertex 76.77140806352823 21.853625759294346 20.400000000000002
      vertex 77.11281612705645 20.137251518588695 20.400000000000002
      vertex 77.09969600663891 21.953210818105248 20.400000000000002
    endloop
  endfacet
  facet normal 0 0 -1
    outer loop
      vertex 76.77140806352823 25.286374240705655 7.600000000000001
      vertex 77.06404354655241 26.7575521613105 7.600000000000001
      vertex 77.09969600663891 25.186789181894753 7.600000000000001
    endloop
  endfacet
  facet normal -0.29028467725446594 -0.9569403357322079 0
    outer loop
      vertex 76.77140806352823 25.286374240705655 7.600000000000001
      vertex 77.09969600663891 25.186789181894753 7.600000000000001
      vertex 77.09969600663891 25.186789181894753 20.400000000000002
    endloop
  endfacet
  facet normal -0.29028467725446594 -0.9569403357322079 0
    outer loop
      vertex 76.77140806352823 25.286374240705655 7.600000000000001
      vertex 77.09969600663891 25.186789181894753 20.400000000000002
      vertex 76.77140806352823 25.286374240705655 20.400000000000002
    endloop
  endfacet
  facet normal 0 0 1
    outer loop
      vertex 76.77140806352823 25.286374240705655 20.400000000000002
      vertex 77.09969600663891 25.186789181894753 20.400000000000002
      vertex 77.11281612705645 27.002748481411306 20.400000000000002
    endloop
  endfacet
  facet normal -0.29028467725446166 0.9569403357322092 0
    outer loop
      vertex 77.06404354655241 -26.7575521613105 0
      vertex 77.06404354655241 -26.7575521613105 7.600000000000001
      vertex 77.67372115518654 -26.572608480661682 7.600000000000001
    endloop
  endfacet
  facet normal 0 0 -1
    outer loop
      vertex 77.06404354655241 -26.7575521613105 0
      vertex 77.67372115518654 -26.572608480661682 0
      vertex 128 -28 0
    endloop
  endfacet
  facet normal -0.29028467725446166 0.9569403357322092 0
    outer loop
      vertex 77.06404354655241 -26.7575521613105 0
      vertex 77.67372115518654 -26.572608480661682 7.600000000000001
      vertex 77.67372115518654 -26.572608480661682 0
    endloop
  endfacet
  facet normal 0 0 -1
    outer loop
      vertex 77.06404354655241 -26.7575521613105 7.600000000000001
      vertex 77.09969600663891 -25.186789181894753 7.600000000000001
      vertex 77.67372115518654 -26.572608480661682 7.600000000000001
    endloop
  endfacet
  facet normal -0.29028467725446166 -0.9569403357322092 0
    outer loop
      vertex 77.06404354655241 -20.3824478386895 0
      vertex 77.67372115518654 -20.56739151933832 0
      vertex 77.06404354655241 -20.3824478386895 7.600000000000001
    endloop
  endfacet
  facet normal 0 0 -1
    outer loop
      vertex 77.06404354655241 -20.3824478386895 0
      vertex 120.3824478386895 22.935956453447584 0
      vertex 77.67372115518654 -20.56739151933832 0
    endloop
  endfacet
  facet normal -0.29028467725446166 -0.9569403357322092 0
    outer loop
      vertex 77.06404354655241 -20.3824478386895 7.600000000000001
      vertex 77.67372115518654 -20.56739151933832 0
      vertex 77.67372115518654 -20.56739151933832 7.600000000000001
    endloop
  endfacet
  facet normal 0 0 -1
    outer loop
      vertex 77.06404354655241 -20.3824478386895 7.600000000000001
      vertex 77.67372115518654 -20.56739151933832 7.600000000000001
      vertex 77.09969600663891 -21.953210818105248 7.600000000000001
    endloop
  endfacet
  facet normal -0.29028467725446166 0.9569403357322092 0
    outer loop
      vertex 77.06404354655241 20.3824478386895 0
      vertex 77.06404354655241 20.3824478386895 7.600000000000001
      vertex 77.67372115518654 20.56739151933832 7.600000000000001
    endloop
  endfacet
  facet normal -0.29028467725446166 0.9569403357322092 0
    outer loop
      vertex 77.06404354655241 20.3824478386895 0
      vertex 77.67372115518654 20.56739151933832 7.600000000000001
      vertex 77.67372115518654 20.56739151933832 0
    endloop
  endfacet
  facet normal -0.29028467725446166 -0.9569403357322092 0
    outer loop
      vertex 77.06404354655241 26.7575521613105 0
      vertex 77.67372115518654 26.572608480661682 0
      vertex 77.06404354655241 26.7575521613105 7.600000000000001
    endloop
  endfacet
  facet normal 0 0 -1
    outer loop
      vertex 77.06404354655241 26.7575521613105 0
      vertex 128 62 0
      vertex 77.67372115518654 26.572608480661682 0
    endloop
  endfacet
  facet normal 0 0 -1
    outer loop
      vertex 77.06404354655241 26.7575521613105 7.600000000000001
      vertex 77.4022479077843 25.025071821529455 7.600000000000001
      vertex 77.09969600663891 25.186789181894753 7.600000000000001
    endloop
  endfacet
  facet normal -0.29028467725446166 -0.9569403357322092 0
    outer loop
      vertex 77.06404354655241 26.7575521613105 7.600000000000001
      vertex 77.67372115518654 26.572608480661682 0
      vertex 77.67372115518654 26.572608480661682 7.600000000000001
    endloop
  endfacet
  facet normal 0 0 -1
    outer loop
      vertex 77.06404354655241 26.7575521613105 7.600000000000001
      vertex 77.67372115518654 26.572608480661682 7.600000000000001
      vertex 77.4022479077843 25.025071821529455 7.600000000000001
    endloop
  endfacet
  facet normal -0.4713967368260037 0.8819212643483517 0
    outer loop
      vertex 77.09969600663891 -25.186789181894753 7.600000000000001
      vertex 77.09969600663891 -25.186789181894753 20.400000000000002
      vertex 77.4022479077843 -25.025071821529455 7.600000000000001
    endloop
  endfacet
  facet normal 0 0 -1
    outer loop
      vertex 77.09969600663891 -25.186789181894753 7.600000000000001
      vertex 77.4022479077843 -25.025071821529455 7.600000000000001
      vertex 77.67372115518654 -26.572608480661682 7.600000000000001
    endloop
  endfacet
  facet normal -0.4713967368260037 0.8819212643483517 0
    outer loop
      vertex 77.09969600663891 -25.186789181894753 20.400000000000002
      vertex 77.4022479077843 -25.025071821529455 20.400000000000002
      vertex 77.4022479077843 -25.025071821529455 7.600000000000001
    endloop
  endfacet
  facet normal 0 0 1
    outer loop
      vertex 77.09969600663891 -25.186789181894753 20.400000000000002
      vertex 78.47215112718935 -26.4 20.400000000000002
      vertex 77.4022479077843 -25.025071821529455 20.400000000000002
    endloop
  endfacet
  facet normal -0.4713967368260037 -0.8819212643483517 0
    outer loop
      vertex 77.09969600663891 -21.953210818105248 7.600000000000001
      vertex 77.4022479077843 -22.114928178470546 7.600000000000001
      vertex 77.4022479077843 -22.114928178470546 20.400000000000002
    endloop
  endfacet
  facet normal -0.4713967368260037 -0.8819212643483517 0
    outer loop
      vertex 77.09969600663891 -21.953210818105248 7.600000000000001
      vertex 77.4022479077843 -22.114928178470546 20.400000000000002
      vertex 77.09969600663891 -21.953210818105248 20.400000000000002
    endloop
  endfacet
  facet normal 0 0 -1
    outer loop
      vertex 77.09969600663891 -21.953210818105248 7.600000000000001
      vertex 77.67372115518654 -20.56739151933832 7.600000000000001
      vertex 77.4022479077843 -22.114928178470546 7.600000000000001
    endloop
  endfacet
  facet normal 0 0 1
    outer loop
      vertex 77.09969600663891 -21.953210818105248 20.400000000000002
      vertex 77.4022479077843 -22.114928178470546 20.400000000000002
      vertex 77.11281612705645 -20.137251518588695 20.400000000000002
    endloop
  endfacet
  facet normal -0.4713967368260037 0.8819212643483517 0
    outer loop
      vertex 77.09969600663891 21.953210818105248 7.600000000000001
      vertex 77.09969600663891 21.953210818105248 20.400000000000002
      vertex 77.4022479077843 22.114928178470546 7.600000000000001
    endloop
  endfacet
  facet normal 0 0 -1
    outer loop
      vertex 77.09969600663891 21.953210818105248 7.600000000000001
      vertex 77.4022479077843 22.114928178470546 7.600000000000001
      vertex 77.67372115518654 20.56739151933832 7.600000000000001
    endloop
  endfacet
  facet normal 0 0 1
    outer loop
      vertex 77.09969600663891 21.953210818105248 20.400000000000002
      vertex 77.11281612705645 20.137251518588695 20.400000000000002
      vertex 77.76939201327781 20.336421636210495 20.400000000000002
    endloop
  endfacet
  facet normal -0.4713967368260037 0.8819212643483517 0
    outer loop
      vertex 77.09969600663891 21.953210818105248 20.400000000000002
      vertex 77.4022479077843 22.114928178470546 20.400000000000002
      vertex 77.4022479077843 22.114928178470546 7.600000000000001
    endloop
  endfacet
  facet normal 0 0 1
    outer loop
      vertex 77.09969600663891 21.953210818105248 20.400000000000002
      vertex 77.76939201327781 20.336421636210495 20.400000000000002
      vertex 77.4022479077843 22.114928178470546 20.400000000000002
    endloop
  endfacet
  facet normal -0.4713967368260037 -0.8819212643483517 0
    outer loop
      vertex 77.09969600663891 25.186789181894753 7.600000000000001
      vertex 77.4022479077843 25.025071821529455 7.600000000000001
      vertex 77.4022479077843 25.025071821529455 20.400000000000002
    endloop
  endfacet
  facet normal -0.4713967368260037 -0.8819212643483517 0
    outer loop
      vertex 77.09969600663891 25.186789181894753 7.600000000000001
      vertex 77.4022479077843 25.025071821529455 20.400000000000002
      vertex 77.09969600663891 25.186789181894753 20.400000000000002
    endloop
  endfacet
  facet normal 0 0 1
    outer loop
      vertex 77.09969600663891 25.186789181894753 20.400000000000002
      vertex 77.4022479077843 25.025071821529455 20.400000000000002
      vertex 77.11281612705645 27.002748481411306 20.400000000000002
    endloop
  endfacet
  facet normal 0.29028467725446117 0.9569403357322093 0
    outer loop
      vertex 77.11281612705645 -20.137251518588695 10.400000000000002
      vertex 77.11281612705645 -20.137251518588695 20.400000000000002
      vertex 77.76939201327781 -20.336421636210495 20.400000000000002
    endloop
  endfacet
  facet normal 0 0 1
    outer loop
      vertex 77.11281612705645 -20.137251518588695 10.400000000000002
      vertex 77.76939201327781 -20.336421636210495 10.400000000000002
      vertex 78.1138071024064 -19.50493005695034 10.400000000000002
    endloop
  endfacet
  facet normal 0.29028467725446117 0.9569403357322093 0
    outer loop
      vertex 77.11281612705645 -20.137251518588695 10.400000000000002
      vertex 77.76939201327781 -20.336421636210495 20.400000000000002
      vertex 77.76939201327781 -20.336421636210495 10.400000000000002
    endloop
  endfacet
  facet normal 0 0 1
    outer loop
      vertex 77.11281612705645 -20.137251518588695 10.400000000000002
      vertex 78.1138071024064 -19.50493005695034 10.400000000000002
      vertex 77.28839741687096 -19.254544766225784 10.400000000000002
    endloop
  endfacet
  facet normal 0 0 1
    outer loop
      vertex 77.11281612705645 -20.137251518588695 20.400000000000002
      vertex 77.4022479077843 -22.114928178470546 20.400000000000002
      vertex 77.66743686707646 -22.332563132923543 20.400000000000002
    endloop
  endfacet
  facet normal 0 0 1
    outer loop
      vertex 77.11281612705645 -20.137251518588695 20.400000000000002
      vertex 77.66743686707646 -22.332563132923543 20.400000000000002
      vertex 77.76939201327781 -20.336421636210495 20.400000000000002
    endloop
  endfacet
  facet normal 0 0 1
    outer loop
      vertex 77.11281612705645 20.137251518588695 10.400000000000002
      vertex 77.28839741687096 19.254544766225784 10.400000000000002
      vertex 78.1138071024064 19.50493005695034 10.400000000000002
    endloop
  endfacet
  facet normal 0.29028467725446117 -0.9569403357322093 0
    outer loop
      vertex 77.11281612705645 20.137251518588695 10.400000000000002
      vertex 77.76939201327781 20.336421636210495 10.400000000000002
      vertex 77.76939201327781 20.336421636210495 20.400000000000002
    endloop
  endfacet
  facet normal 0.29028467725446117 -0.9569403357322093 0
    outer loop
      vertex 77.11281612705645 20.137251518588695 10.400000000000002
      vertex 77.76939201327781 20.336421636210495 20.400000000000002
      vertex 77.11281612705645 20.137251518588695 20.400000000000002
    endloop
  endfacet
  facet normal 0 0 1
    outer loop
      vertex 77.11281612705645 20.137251518588695 10.400000000000002
      vertex 78.1138071024064 19.50493005695034 10.400000000000002
      vertex 77.76939201327781 20.336421636210495 10.400000000000002
    endloop
  endfacet
  facet normal 0.29028467725446117 0.9569403357322093 0
    outer loop
      vertex 77.11281612705645 27.002748481411306 10.400000000000002
      vertex 77.11281612705645 27.002748481411306 20.400000000000002
      vertex 77.76939201327781 26.803578363789505 10.400000000000002
    endloop
  endfacet
  facet normal 0 0 1
    outer loop
      vertex 77.11281612705645 27.002748481411306 10.400000000000002
      vertex 77.76939201327781 26.803578363789505 10.400000000000002
      vertex 77.28839741687096 27.885455233774216 10.400000000000002
    endloop
  endfacet
  facet normal 0 0 1
    outer loop
      vertex 77.11281612705645 27.002748481411306 20.400000000000002
      vertex 77.4022479077843 25.025071821529455 20.400000000000002
      vertex 77.76939201327781 26.803578363789505 20.400000000000002
    endloop
  endfacet
  facet normal 0.29028467725446117 0.9569403357322093 0
    outer loop
      vertex 77.11281612705645 27.002748481411306 20.400000000000002
      vertex 77.76939201327781 26.803578363789505 20.400000000000002
      vertex 77.76939201327781 26.803578363789505 10.400000000000002
    endloop
  endfacet
  facet normal 0.29028467725446455 0.9569403357322082 0
    outer loop
      vertex 77.28839741687096 -19.254544766225784 1.6
      vertex 77.28839741687096 -19.254544766225784 10.400000000000002
      vertex 78.1138071024064 -19.50493005695034 10.400000000000002
    endloop
  endfacet
  facet normal 0.29028467725446455 0.9569403357322082 0
    outer loop
      vertex 77.28839741687096 -19.254544766225784 1.6
      vertex 78.1138071024064 -19.50493005695034 10.400000000000002
      vertex 78.1138071024064 -19.50493005695034 1.6
    endloop
  endfacet
  facet normal 0 0 1
    outer loop
      vertex 77.28839741687096 19.254544766225784 1.6
      vertex 78.1138071024064 -19.50493005695034 1.6
      vertex 78.1138071024064 19.50493005695034 1.6
    endloop
  endfacet
  facet normal 0.29028467725446455 -0.9569403357322082 0
    outer loop
      vertex 77.28839741687096 19.254544766225784 1.6
      vertex 78.1138071024064 19.50493005695034 1.6
      vertex 77.28839741687096 19.254544766225784 10.400000000000002
    endloop
  endfacet
  facet normal 0.29028467725446455 -0.9569403357322082 0
    outer loop
      vertex 77.28839741687096 19.254544766225784 10.400000000000002
      vertex 78.1138071024064 19.50493005695034 1.6
      vertex 78.1138071024064 19.50493005695034 10.400000000000002
    endloop
  endfacet
  facet normal 0.29028467725446455 0.9569403357322082 0
    outer loop
      vertex 77.28839741687096 27.885455233774216 1.6
      vertex 77.28839741687096 27.885455233774216 10.400000000000002
      vertex 78.1138071024064 27.63506994304966 10.400000000000002
    endloop
  endfacet
  facet normal 0.29028467725446455 0.9569403357322082 0
    outer loop
      vertex 77.28839741687096 27.885455233774216 1.6
      vertex 78.1138071024064 27.63506994304966 10.400000000000002
      vertex 78.1138071024064 27.63506994304966 1.6
    endloop
  endfacet
  facet normal 0 0 1
    outer loop
      vertex 77.28839741687096 27.885455233774216 10.400000000000002
      vertex 77.76939201327781 26.803578363789505 10.400000000000002
      vertex 78.1138071024064 27.63506994304966 10.400000000000002
    endloop
  endfacet
  facet normal -0.6343932841636382 0.7730104533627429 0
    outer loop
      vertex 77.4022479077843 -25.025071821529455 7.600000000000001
      vertex 77.4022479077843 -25.025071821529455 20.400000000000002
      vertex 77.66743686707646 -24.807436867076458 7.600000000000001
    endloop
  endfacet
  facet normal 0 0 -1
    outer loop
      vertex 77.4022479077843 -25.025071821529455 7.600000000000001
      vertex 77.66743686707646 -24.807436867076458 7.600000000000001
      vertex 77.67372115518654 -26.572608480661682 7.600000000000001
    endloop
  endfacet
  facet normal -0.6343932841636382 0.7730104533627429 0
    outer loop
      vertex 77.4022479077843 -25.025071821529455 20.400000000000002
      vertex 77.66743686707646 -24.807436867076458 20.400000000000002
      vertex 77.66743686707646 -24.807436867076458 7.600000000000001
    endloop
  endfacet
  facet normal 0 0 1
    outer loop
      vertex 77.4022479077843 -25.025071821529455 20.400000000000002
      vertex 78.47215112718935 -26.4 20.400000000000002
      vertex 77.66743686707646 -24.807436867076458 20.400000000000002
    endloop
  endfacet
  facet normal -0.6343932841636382 -0.7730104533627429 0
    outer loop
      vertex 77.4022479077843 -22.114928178470546 7.600000000000001
      vertex 77.66743686707646 -22.332563132923543 7.600000000000001
      vertex 77.66743686707646 -22.332563132923543 20.400000000000002
    endloop
  endfacet
  facet normal -0.6343932841636382 -0.7730104533627429 0
    outer loop
      vertex 77.4022479077843 -22.114928178470546 7.600000000000001
      vertex 77.66743686707646 -22.332563132923543 20.400000000000002
      vertex 77.4022479077843 -22.114928178470546 20.400000000000002
    endloop
  endfacet
  facet normal 0 0 -1
    outer loop
      vertex 77.4022479077843 -22.114928178470546 7.600000000000001
      vertex 77.67372115518654 -20.56739151933832 7.600000000000001
      vertex 77.66743686707646 -22.332563132923543 7.600000000000001
    endloop
  endfacet
  facet normal -0.6343932841636382 0.7730104533627429 0
    outer loop
      vertex 77.4022479077843 22.114928178470546 7.600000000000001
      vertex 77.4022479077843 22.114928178470546 20.400000000000002
      vertex 77.66743686707646 22.332563132923543 7.600000000000001
    endloop
  endfacet
  facet normal 0 0 -1
    outer loop
      vertex 77.4022479077843 22.114928178470546 7.600000000000001
      vertex 77.66743686707646 22.332563132923543 7.600000000000001
      vertex 77.67372115518654 20.56739151933832 7.600000000000001
    endloop
  endfacet
  facet normal -0.6343932841636382 0.7730104533627429 0
    outer loop
      vertex 77.4022479077843 22.114928178470546 20.400000000000002
      vertex 77.66743686707646 22.332563132923543 20.400000000000002
      vertex 77.66743686707646 22.332563132923543 7.600000000000001
    endloop
  endfacet
  facet normal 0 0 1
    outer loop
      vertex 77.4022479077843 22.114928178470546 20.400000000000002
      vertex 77.76939201327781 20.336421636210495 20.400000000000002
      vertex 77.66743686707646 22.332563132923543 20.400000000000002
    endloop
  endfacet
  facet normal -0.6343932841636382 -0.7730104533627429 0
    outer loop
      vertex 77.4022479077843 25.025071821529455 7.600000000000001
      vertex 77.66743686707646 24.807436867076458 7.600000000000001
      vertex 77.66743686707646 24.807436867076458 20.400000000000002
    endloop
  endfacet
  facet normal -0.6343932841636382 -0.7730104533627429 0
    outer loop
      vertex 77.4022479077843 25.025071821529455 7.600000000000001
      vertex 77.66743686707646 24.807436867076458 20.400000000000002
      vertex 77.4022479077843 25.025071821529455 20.400000000000002
    endloop
  endfacet
  facet normal 0 0 -1
    outer loop
      vertex 77.4022479077843 25.025071821529455 7.600000000000001
      vertex 77.67372115518654 26.572608480661682 7.600000000000001
      vertex 77.66743686707646 24.807436867076458 7.600000000000001
    endloop
  endfacet
  facet normal 0 0 1
    outer loop
      vertex 77.4022479077843 25.025071821529455 20.400000000000002
      vertex 77.66743686707646 24.807436867076458 20.400000000000002
      vertex 77.76939201327781 26.803578363789505 20.400000000000002
    endloop
  endfacet
  facet normal -0.7730104533627449 0.6343932841636359 0
    outer loop
      vertex 77.66743686707646 -24.807436867076458 7.600000000000001
      vertex 77.66743686707646 -24.807436867076458 20.400000000000002
      vertex 77.88507182152945 -24.542247907784304 7.600000000000001
    endloop
  endfacet
  facet normal 0 0 -1
    outer loop
      vertex 77.66743686707646 -24.807436867076458 7.600000000000001
      vertex 77.88507182152945 -24.542247907784304 7.600000000000001
      vertex 77.67372115518654 -26.572608480661682 7.600000000000001
    endloop
  endfacet
  facet normal -0.7730104533627449 0.6343932841636359 0
    outer loop
      vertex 77.66743686707646 -24.807436867076458 20.400000000000002
      vertex 77.88507182152945 -24.542247907784304 20.400000000000002
      vertex 77.88507182152945 -24.542247907784304 7.600000000000001
    endloop
  endfacet
  facet normal 0 0 1
    outer loop
      vertex 77.66743686707646 -24.807436867076458 20.400000000000002
      vertex 78.47215112718935 -26.4 20.400000000000002
      vertex 77.88507182152945 -24.542247907784304 20.400000000000002
    endloop
  endfacet
  facet normal 0 0 -1
    outer loop
      vertex 77.66743686707646 -22.332563132923543 7.600000000000001
      vertex 77.67372115518654 -20.56739151933832 7.600000000000001
      vertex 78.2356032573137 -20.86772376001673 7.600000000000001
    endloop
  endfacet
  facet normal -0.7730104533627449 -0.6343932841636359 0
    outer loop
      vertex 77.66743686707646 -22.332563132923543 7.600000000000001
      vertex 77.88507182152945 -22.597752092215696 7.600000000000001
      vertex 77.88507182152945 -22.597752092215696 20.400000000000002
    endloop
  endfacet
  facet normal -0.7730104533627449 -0.6343932841636359 0
    outer loop
      vertex 77.66743686707646 -22.332563132923543 7.600000000000001
      vertex 77.88507182152945 -22.597752092215696 20.400000000000002
      vertex 77.66743686707646 -22.332563132923543 20.400000000000002
    endloop
  endfacet
  facet normal 0 0 -1
    outer loop
      vertex 77.66743686707646 -22.332563132923543 7.600000000000001
      vertex 78.2356032573137 -20.86772376001673 7.600000000000001
      vertex 77.88507182152945 -22.597752092215696 7.600000000000001
    endloop
  endfacet
  facet normal 0 0 1
    outer loop
      vertex 77.66743686707646 -22.332563132923543 20.400000000000002
      vertex 77.88507182152945 -22.597752092215696 20.400000000000002
      vertex 77.76939201327781 -20.336421636210495 20.400000000000002
    endloop
  endfacet
  facet normal -0.7730104533627449 0.6343932841636359 0
    outer loop
      vertex 77.66743686707646 22.332563132923543 7.600000000000001
      vertex 77.66743686707646 22.332563132923543 20.400000000000002
      vertex 77.88507182152945 22.597752092215696 7.600000000000001
    endloop
  endfacet
  facet normal 0 0 -1
    outer loop
      vertex 77.66743686707646 22.332563132923543 7.600000000000001
      vertex 77.88507182152945 22.597752092215696 7.600000000000001
      vertex 78.2356032573137 20.86772376001673 7.600000000000001
    endloop
  endfacet
  facet normal 0 0 -1
    outer loop
      vertex 77.66743686707646 22.332563132923543 7.600000000000001
      vertex 78.2356032573137 20.86772376001673 7.600000000000001
      vertex 77.67372115518654 20.56739151933832 7.600000000000001
    endloop
  endfacet
  facet normal 0 0 1
    outer loop
      vertex 77.66743686707646 22.332563132923543 20.400000000000002
      vertex 77.76939201327781 20.336421636210495 20.400000000000002
      vertex 78.37449581556861 20.65985635694109 20.400000000000002
    endloop
  endfacet
  facet normal -0.7730104533627449 0.6343932841636359 0
    outer loop
      vertex 77.66743686707646 22.332563132923543 20.400000000000002
      vertex 77.88507182152945 22.597752092215696 20.400000000000002
      vertex 77.88507182152945 22.597752092215696 7.600000000000001
    endloop
  endfacet
  facet normal 0 0 1
    outer loop
      vertex 77.66743686707646 22.332563132923543 20.400000000000002
      vertex 78.37449581556861 20.65985635694109 20.400000000000002
      vertex 77.88507182152945 22.597752092215696 20.400000000000002
    endloop
  endfacet
  facet normal 0 0 -1
    outer loop
      vertex 77.66743686707646 24.807436867076458 7.600000000000001
      vertex 77.67372115518654 26.572608480661682 7.600000000000001
      vertex 77.88507182152945 24.542247907784304 7.600000000000001
    endloop
  endfacet
  facet normal -0.7730104533627449 -0.6343932841636359 0
    outer loop
      vertex 77.66743686707646 24.807436867076458 7.600000000000001
      vertex 77.88507182152945 24.542247907784304 7.600000000000001
      vertex 77.88507182152945 24.542247907784304 20.400000000000002
    endloop
  endfacet
  facet normal -0.7730104533627449 -0.6343932841636359 0
    outer loop
      vertex 77.66743686707646 24.807436867076458 7.600000000000001
      vertex 77.88507182152945 24.542247907784304 20.400000000000002
      vertex 77.66743686707646 24.807436867076458 20.400000000000002
    endloop
  endfacet
  facet normal 0 0 1
    outer loop
      vertex 77.66743686707646 24.807436867076458 20.400000000000002
      vertex 77.88507182152945 24.542247907784304 20.400000000000002
      vertex 77.76939201327781 26.803578363789505 20.400000000000002
    endloop
  endfacet
  facet normal -0.47139673682600497 0.8819212643483512 0
    outer loop
      vertex 77.67372115518654 -26.572608480661682 0
      vertex 77.67372115518654 -26.572608480661682 7.600000000000001
      vertex 78.2356032573137 -26.27227623998327 7.600000000000001
    endloop
  endfacet
  facet normal 0 0 -1
    outer loop
      vertex 77.67372115518654 -26.572608480661682 0
      vertex 78.2356032573137 -26.27227623998327 0
      vertex 121.7643967426863 -26.27227623998327 0
    endloop
  endfacet
  facet normal -0.47139673682600497 0.8819212643483512 0
    outer loop
      vertex 77.67372115518654 -26.572608480661682 0
      vertex 78.2356032573137 -26.27227623998327 7.600000000000001
      vertex 78.2356032573137 -26.27227623998327 0
    endloop
  endfacet
  facet normal 0 0 -1
    outer loop
      vertex 77.67372115518654 -26.572608480661682 0
      vertex 121.7643967426863 -26.27227623998327 0
      vertex 122.32627884481346 -26.572608480661682 0
    endloop
  endfacet
  facet normal 0 0 -1
    outer loop
      vertex 77.67372115518654 -26.572608480661682 0
      vertex 122.32627884481346 -26.572608480661682 0
      vertex 122.93595645344759 -26.7575521613105 0
    endloop
  endfacet
  facet normal 0 0 -1
    outer loop
      vertex 77.67372115518654 -26.572608480661682 0
      vertex 122.93595645344759 -26.7575521613105 0
      vertex 128 -28 0
    endloop
  endfacet
  facet normal 0 0 -1
    outer loop
      vertex 77.67372115518654 -26.572608480661682 7.600000000000001
      vertex 77.88507182152945 -24.542247907784304 7.600000000000001
      vertex 78.2356032573137 -26.27227623998327 7.600000000000001
    endloop
  endfacet
  facet normal -0.47139673682600497 -0.8819212643483512 0
    outer loop
      vertex 77.67372115518654 -20.56739151933832 0
      vertex 78.2356032573137 -20.86772376001673 0
      vertex 77.67372115518654 -20.56739151933832 7.600000000000001
    endloop
  endfacet
  facet normal 0 0 -1
    outer loop
      vertex 77.67372115518654 -20.56739151933832 0
      vertex 120.3824478386895 22.935956453447584 0
      vertex 120.56739151933832 22.32627884481346 0
    endloop
  endfacet
  facet normal 0 0 -1
    outer loop
      vertex 77.67372115518654 -20.56739151933832 0
      vertex 120.56739151933832 22.32627884481346 0
      vertex 78.2356032573137 -20.86772376001673 0
    endloop
  endfacet
  facet normal -0.47139673682600497 -0.8819212643483512 0
    outer loop
      vertex 77.67372115518654 -20.56739151933832 7.600000000000001
      vertex 78.2356032573137 -20.86772376001673 0
      vertex 78.2356032573137 -20.86772376001673 7.600000000000001
    endloop
  endfacet
  facet normal -0.47139673682600497 0.8819212643483512 0
    outer loop
      vertex 77.67372115518654 20.56739151933832 0
      vertex 77.67372115518654 20.56739151933832 7.600000000000001
      vertex 78.2356032573137 20.86772376001673 7.600000000000001
    endloop
  endfacet
  facet normal -0.47139673682600497 0.8819212643483512 0
    outer loop
      vertex 77.67372115518654 20.56739151933832 0
      vertex 78.2356032573137 20.86772376001673 7.600000000000001
      vertex 78.2356032573137 20.86772376001673 0
    endloop
  endfacet
  facet normal -0.47139673682600497 -0.8819212643483512 0
    outer loop
      vertex 77.67372115518654 26.572608480661682 0
      vertex 78.2356032573137 26.27227623998327 0
      vertex 77.67372115518654 26.572608480661682 7.600000000000001
    endloop
  endfacet
  facet normal 0 0 -1
    outer loop
      vertex 77.67372115518654 26.572608480661682 0
      vertex 128 62 0
      vertex 78.2356032573137 26.27227623998327 0
    endloop
  endfacet
  facet normal -0.47139673682600497 -0.8819212643483512 0
    outer loop
      vertex 77.67372115518654 26.572608480661682 7.600000000000001
      vertex 78.2356032573137 26.27227623998327 0
      vertex 78.2356032573137 26.27227623998327 7.600000000000001
    endloop
  endfacet
  facet normal 0 0 -1
    outer loop
      vertex 77.67372115518654 26.572608480661682 7.600000000000001
      vertex 78.2356032573137 26.27227623998327 7.600000000000001
      vertex 77.88507182152945 24.542247907784304 7.600000000000001
    endloop
  endfacet
  facet normal 0.4713967368259951 0.8819212643483564 0
    outer loop
      vertex 77.76939201327781 -20.336421636210495 10.400000000000002
      vertex 77.76939201327781 -20.336421636210495 20.400000000000002
      vertex 78.37449581556861 -20.65985635694109 20.400000000000002
    endloop
  endfacet
  facet normal 0 0 1
    outer loop
      vertex 77.76939201327781 -20.336421636210495 10.400000000000002
      vertex 78.37449581556861 -20.65985635694109 10.400000000000002
      vertex 78.87450902528624 -19.911533705868802 10.400000000000002
    endloop
  endfacet
  facet normal 0.4713967368259951 0.8819212643483564 0
    outer loop
      vertex 77.76939201327781 -20.336421636210495 10.400000000000002
      vertex 78.37449581556861 -20.65985635694109 20.400000000000002
      vertex 78.37449581556861 -20.65985635694109 10.400000000000002
    endloop
  endfacet
  facet normal 0 0 1
    outer loop
      vertex 77.76939201327781 -20.336421636210495 10.400000000000002
      vertex 78.87450902528624 -19.911533705868802 10.400000000000002
      vertex 78.1138071024064 -19.50493005695034 10.400000000000002
    endloop
  endfacet
  facet normal 0 0 1
    outer loop
      vertex 77.76939201327781 -20.336421636210495 20.400000000000002
      vertex 77.88507182152945 -22.597752092215696 20.400000000000002
      vertex 78.04678918189475 -22.900303993361092 20.400000000000002
    endloop
  endfacet
  facet normal 0 0 1
    outer loop
      vertex 77.76939201327781 -20.336421636210495 20.400000000000002
      vertex 78.04678918189475 -22.900303993361092 20.400000000000002
      vertex 78.14637424070565 -23.228591936471776 20.400000000000002
    endloop
  endfacet
  facet normal 0 0 1
    outer loop
      vertex 77.76939201327781 -20.336421636210495 20.400000000000002
      vertex 78.14637424070565 -23.228591936471776 20.400000000000002
      vertex 78.37449581556861 -20.65985635694109 20.400000000000002
    endloop
  endfacet
  facet normal 0 0 1
    outer loop
      vertex 77.76939201327781 20.336421636210495 10.400000000000002
      vertex 78.1138071024064 19.50493005695034 10.400000000000002
      vertex 78.87450902528624 19.911533705868802 10.400000000000002
    endloop
  endfacet
  facet normal 0.4713967368259951 -0.8819212643483564 0
    outer loop
      vertex 77.76939201327781 20.336421636210495 10.400000000000002
      vertex 78.37449581556861 20.65985635694109 10.400000000000002
      vertex 78.37449581556861 20.65985635694109 20.400000000000002
    endloop
  endfacet
  facet normal 0.4713967368259951 -0.8819212643483564 0
    outer loop
      vertex 77.76939201327781 20.336421636210495 10.400000000000002
      vertex 78.37449581556861 20.65985635694109 20.400000000000002
      vertex 77.76939201327781 20.336421636210495 20.400000000000002
    endloop
  endfacet
  facet normal 0 0 1
    outer loop
      vertex 77.76939201327781 20.336421636210495 10.400000000000002
      vertex 78.87450902528624 19.911533705868802 10.400000000000002
      vertex 78.37449581556861 20.65985635694109 10.400000000000002
    endloop
  endfacet
  facet normal 0.4713967368259951 0.8819212643483564 0
    outer loop
      vertex 77.76939201327781 26.803578363789505 10.400000000000002
      vertex 77.76939201327781 26.803578363789505 20.400000000000002
      vertex 78.37449581556861 26.48014364305891 10.400000000000002
    endloop
  endfacet
  facet normal 0 0 1
    outer loop
      vertex 77.76939201327781 26.803578363789505 10.400000000000002
      vertex 78.37449581556861 26.48014364305891 10.400000000000002
      vertex 78.1138071024064 27.63506994304966 10.400000000000002
    endloop
  endfacet
  facet normal 0 0 1
    outer loop
      vertex 77.76939201327781 26.803578363789505 20.400000000000002
      vertex 77.88507182152945 24.542247907784304 20.400000000000002
      vertex 78.04678918189475 24.23969600663891 20.400000000000002
    endloop
  endfacet
  facet normal 0 0 1
    outer loop
      vertex 77.76939201327781 26.803578363789505 20.400000000000002
      vertex 78.04678918189475 24.23969600663891 20.400000000000002
      vertex 78.37449581556861 26.48014364305891 20.400000000000002
    endloop
  endfacet
  facet normal 0.4713967368259951 0.8819212643483564 0
    outer loop
      vertex 77.76939201327781 26.803578363789505 20.400000000000002
      vertex 78.37449581556861 26.48014364305891 20.400000000000002
      vertex 78.37449581556861 26.48014364305891 10.400000000000002
    endloop
  endfacet
  facet normal -0.8819212643483497 0.4713967368260074 0
    outer loop
      vertex 77.88507182152945 -24.542247907784304 7.600000000000001
      vertex 77.88507182152945 -24.542247907784304 20.400000000000002
      vertex 78.04678918189475 -24.23969600663891 7.600000000000001
    endloop
  endfacet
  facet normal 0 0 -1
    outer loop
      vertex 77.88507182152945 -24.542247907784304 7.600000000000001
      vertex 78.04678918189475 -24.23969600663891 7.600000000000001
      vertex 78.2356032573137 -26.27227623998327 7.600000000000001
    endloop
  endfacet
  facet normal -0.8819212643483497 0.4713967368260074 0
    outer loop
      vertex 77.88507182152945 -24.542247907784304 20.400000000000002
      vertex 78.04678918189475 -24.23969600663891 20.400000000000002
      vertex 78.04678918189475 -24.23969600663891 7.600000000000001
    endloop
  endfacet
  facet normal 0 0 1
    outer loop
      vertex 77.88507182152945 -24.542247907784304 20.400000000000002
      vertex 78.47215112718935 -26.4 20.400000000000002
      vertex 78.04678918189475 -24.23969600663891 20.400000000000002
    endloop
  endfacet
  facet normal -0.8819212643483497 -0.4713967368260074 0
    outer loop
      vertex 77.88507182152945 -22.597752092215696 7.600000000000001
      vertex 78.04678918189475 -22.900303993361092 7.600000000000001
      vertex 78.04678918189475 -22.900303993361092 20.400000000000002
    endloop
  endfacet
  facet normal -0.8819212643483497 -0.4713967368260074 0
    outer loop
      vertex 77.88507182152945 -22.597752092215696 7.600000000000001
      vertex 78.04678918189475 -22.900303993361092 20.400000000000002
      vertex 77.88507182152945 -22.597752092215696 20.400000000000002
    endloop
  endfacet
  facet normal 0 0 -1
    outer loop
      vertex 77.88507182152945 -22.597752092215696 7.600000000000001
      vertex 78.2356032573137 -20.86772376001673 7.600000000000001
      vertex 78.04678918189475 -22.900303993361092 7.600000000000001
    endloop
  endfacet
  facet normal -0.8819212643483497 0.4713967368260074 0
    outer loop
      vertex 77.88507182152945 22.597752092215696 7.600000000000001
      vertex 77.88507182152945 22.597752092215696 20.400000000000002
      vertex 78.04678918189475 22.900303993361092 7.600000000000001
    endloop
  endfacet
  facet normal 0 0 -1
    outer loop
      vertex 77.88507182152945 22.597752092215696 7.600000000000001
      vertex 78.04678918189475 22.900303993361092 7.600000000000001
      vertex 78.2356032573137 20.86772376001673 7.600000000000001
    endloop
  endfacet
  facet normal -0.8819212643483497 0.4713967368260074 0
    outer loop
      vertex 77.88507182152945 22.597752092215696 20.400000000000002
      vertex 78.04678918189475 22.900303993361092 20.400000000000002
      vertex 78.04678918189475 22.900303993361092 7.600000000000001
    endloop
  endfacet
  facet normal 0 0 1
    outer loop
      vertex 77.88507182152945 22.597752092215696 20.400000000000002
      vertex 78.37449581556861 20.65985635694109 20.400000000000002
      vertex 78.04678918189475 22.900303993361092 20.400000000000002
    endloop
  endfacet
  facet normal -0.8819212643483497 -0.4713967368260074 0
    outer loop
      vertex 77.88507182152945 24.542247907784304 7.600000000000001
      vertex 78.04678918189475 24.23969600663891 7.600000000000001
      vertex 78.04678918189475 24.23969600663891 20.400000000000002
    endloop
  endfacet
  facet normal -0.8819212643483497 -0.4713967368260074 0
    outer loop
      vertex 77.88507182152945 24.542247907784304 7.600000000000001
      vertex 78.04678918189475 24.23969600663891 20.400000000000002
      vertex 77.88507182152945 24.542247907784304 20.400000000000002
    endloop
  endfacet
  facet normal 0 0 -1
    outer loop
      vertex 77.88507182152945 24.542247907784304 7.600000000000001
      vertex 78.2356032573137 26.27227623998327 7.600000000000001
      vertex 78.04678918189475 24.23969600663891 7.600000000000001
    endloop
  endfacet
  facet normal -0.9569403357322087 0.29028467725446305 0
    outer loop
      vertex 78.04678918189475 -24.23969600663891 7.600000000000001
      vertex 78.04678918189475 -24.23969600663891 20.400000000000002
      vertex 78.14637424070565 -23.911408063528224 7.600000000000001
    endloop
  endfacet
  facet normal 0 0 -1
    outer loop
      vertex 78.04678918189475 -24.23969600663891 7.600000000000001
      vertex 78.14637424070565 -23.911408063528224 7.600000000000001
      vertex 78.2356032573137 -26.27227623998327 7.600000000000001
    endloop
  endfacet
  facet normal -0.9569403357322087 0.29028467725446305 0
    outer loop
      vertex 78.04678918189475 -24.23969600663891 20.400000000000002
      vertex 78.14637424070565 -23.911408063528224 20.400000000000002
      vertex 78.14637424070565 -23.911408063528224 7.600000000000001
    endloop
  endfacet
  facet normal 0 0 1
    outer loop
      vertex 78.04678918189475 -24.23969600663891 20.400000000000002
      vertex 78.47215112718935 -26.4 20.400000000000002
      vertex 78.14637424070565 -23.911408063528224 20.400000000000002
    endloop
  endfacet
  facet normal -0.9569403357322087 -0.29028467725446305 0
    outer loop
      vertex 78.04678918189475 -22.900303993361092 7.600000000000001
      vertex 78.14637424070565 -23.228591936471776 7.600000000000001
      vertex 78.14637424070565 -23.228591936471776 20.400000000000002
    endloop
  endfacet
  facet normal -0.9569403357322087 -0.29028467725446305 0
    outer loop
      vertex 78.04678918189475 -22.900303993361092 7.600000000000001
      vertex 78.14637424070565 -23.228591936471776 20.400000000000002
      vertex 78.04678918189475 -22.900303993361092 20.400000000000002
    endloop
  endfacet
  facet normal 0 0 -1
    outer loop
      vertex 78.04678918189475 -22.900303993361092 7.600000000000001
      vertex 78.2356032573137 -20.86772376001673 7.600000000000001
      vertex 78.14637424070565 -23.228591936471776 7.600000000000001
    endloop
  endfacet
  facet normal -0.9569403357322087 0.29028467725446305 0
    outer loop
      vertex 78.04678918189475 22.900303993361092 7.600000000000001
      vertex 78.04678918189475 22.900303993361092 20.400000000000002
      vertex 78.14637424070565 23.228591936471776 7.600000000000001
    endloop
  endfacet
  facet normal 0 0 -1
    outer loop
      vertex 78.04678918189475 22.900303993361092 7.600000000000001
      vertex 78.14637424070565 23.228591936471776 7.600000000000001
      vertex 78.2356032573137 20.86772376001673 7.600000000000001
    endloop
  endfacet
  facet normal -0.9569403357322087 0.29028467725446305 0
    outer loop
      vertex 78.04678918189475 22.900303993361092 20.400000000000002
      vertex 78.14637424070565 23.228591936471776 20.400000000000002
      vertex 78.14637424070565 23.228591936471776 7.600000000000001
    endloop
  endfacet
  facet normal 0 0 1
    outer loop
      vertex 78.04678918189475 22.900303993361092 20.400000000000002
      vertex 78.37449581556861 20.65985635694109 20.400000000000002
      vertex 78.14637424070565 23.228591936471776 20.400000000000002
    endloop
  endfacet
  facet normal -0.9569403357322087 -0.29028467725446305 0
    outer loop
      vertex 78.04678918189475 24.23969600663891 7.600000000000001
      vertex 78.14637424070565 23.911408063528224 7.600000000000001
      vertex 78.14637424070565 23.911408063528224 20.400000000000002
    endloop
  endfacet
  facet normal -0.9569403357322087 -0.29028467725446305 0
    outer loop
      vertex 78.04678918189475 24.23969600663891 7.600000000000001
      vertex 78.14637424070565 23.911408063528224 20.400000000000002
      vertex 78.04678918189475 24.23969600663891 20.400000000000002
    endloop
  endfacet
  facet normal 0 0 -1
    outer loop
      vertex 78.04678918189475 24.23969600663891 7.600000000000001
      vertex 78.2356032573137 26.27227623998327 7.600000000000001
      vertex 78.14637424070565 23.911408063528224 7.600000000000001
    endloop
  endfacet
  facet normal 0 0 1
    outer loop
      vertex 78.04678918189475 24.23969600663891 20.400000000000002
      vertex 78.14637424070565 23.911408063528224 20.400000000000002
      vertex 78.37449581556861 26.48014364305891 20.400000000000002
    endloop
  endfacet
  facet normal 0.4713967368260016 0.8819212643483528 0
    outer loop
      vertex 78.1138071024064 -19.50493005695034 1.6
      vertex 78.1138071024064 -19.50493005695034 10.400000000000002
      vertex 78.87450902528624 -19.911533705868802 10.400000000000002
    endloop
  endfacet
  facet normal 0 0 1
    outer loop
      vertex 78.1138071024064 -19.50493005695034 1.6
      vertex 78.87450902528624 -19.911533705868802 1.6
      vertex 78.87450902528624 19.911533705868802 1.6
    endloop
  endfacet
  facet normal 0.4713967368260016 0.8819212643483528 0
    outer loop
      vertex 78.1138071024064 -19.50493005695034 1.6
      vertex 78.87450902528624 -19.911533705868802 10.400000000000002
      vertex 78.87450902528624 -19.911533705868802 1.6
    endloop
  endfacet
  facet normal 0 0 1
    outer loop
      vertex 78.1138071024064 -19.50493005695034 1.6
      vertex 78.87450902528624 19.911533705868802 1.6
      vertex 78.1138071024064 19.50493005695034 1.6
    endloop
  endfacet
  facet normal 0.4713967368260016 -0.8819212643483528 0
    outer loop
      vertex 78.1138071024064 19.50493005695034 1.6
      vertex 78.87450902528624 19.911533705868802 1.6
      vertex 78.1138071024064 19.50493005695034 10.400000000000002
    endloop
  endfacet
  facet normal 0.4713967368260016 -0.8819212643483528 0
    outer loop
      vertex 78.1138071024064 19.50493005695034 10.400000000000002
      vertex 78.87450902528624 19.911533705868802 1.6
      vertex 78.87450902528624 19.911533705868802 10.400000000000002
    endloop
  endfacet
  facet normal 0.4713967368260016 0.8819212643483528 0
    outer loop
      vertex 78.1138071024064 27.63506994304966 1.6
      vertex 78.1138071024064 27.63506994304966 10.400000000000002
      vertex 78.87450902528624 27.2284662941312 10.400000000000002
    endloop
  endfacet
  facet normal 0.4713967368260016 0.8819212643483528 0
    outer loop
      vertex 78.1138071024064 27.63506994304966 1.6
      vertex 78.87450902528624 27.2284662941312 10.400000000000002
      vertex 78.87450902528624 27.2284662941312 1.6
    endloop
  endfacet
  facet normal 0 0 1
    outer loop
      vertex 78.1138071024064 27.63506994304966 10.400000000000002
      vertex 78.37449581556861 26.48014364305891 10.400000000000002
      vertex 78.87450902528624 27.2284662941312 10.400000000000002
    endloop
  endfacet
  facet normal -0.9951847266721952 0.0980171403295775 0
    outer loop
      vertex 78.14637424070565 -23.911408063528224 7.600000000000001
      vertex 78.14637424070565 -23.911408063528224 20.400000000000002
      vertex 78.18 -23.57 7.600000000000001
    endloop
  endfacet
  facet normal 0 0 -1
    outer loop
      vertex 78.14637424070565 -23.911408063528224 7.600000000000001
      vertex 78.18 -23.57 7.600000000000001
      vertex 78.2356032573137 -26.27227623998327 7.600000000000001
    endloop
  endfacet
  facet normal -0.9951847266721952 0.0980171403295775 0
    outer loop
      vertex 78.14637424070565 -23.911408063528224 20.400000000000002
      vertex 78.18 -23.57 20.400000000000002
      vertex 78.18 -23.57 7.600000000000001
    endloop
  endfacet
  facet normal 0 0 1
    outer loop
      vertex 78.14637424070565 -23.911408063528224 20.400000000000002
      vertex 78.47215112718935 -26.4 20.400000000000002
      vertex 78.18 -23.57 20.400000000000002
    endloop
  endfacet
  facet normal -0.9951847266721952 -0.0980171403295775 0
    outer loop
      vertex 78.14637424070565 -23.228591936471776 7.600000000000001
      vertex 78.18 -23.57 7.600000000000001
      vertex 78.18 -23.57 20.400000000000002
    endloop
  endfacet
  facet normal -0.9951847266721952 -0.0980171403295775 0
    outer loop
      vertex 78.14637424070565 -23.228591936471776 7.600000000000001
      vertex 78.18 -23.57 20.400000000000002
      vertex 78.14637424070565 -23.228591936471776 20.400000000000002
    endloop
  endfacet
  facet normal 0 0 -1
    outer loop
      vertex 78.14637424070565 -23.228591936471776 7.600000000000001
      vertex 78.2356032573137 -20.86772376001673 7.600000000000001
      vertex 78.18 -23.57 7.600000000000001
    endloop
  endfacet
  facet normal 0 0 1
    outer loop
      vertex 78.14637424070565 -23.228591936471776 20.400000000000002
      vertex 78.18 -23.57 20.400000000000002
      vertex 78.47215112718935 -26.4 20.400000000000002
    endloop
  endfacet
  facet normal 0 0 1
    outer loop
      vertex 78.14637424070565 -23.228591936471776 20.400000000000002
      vertex 78.47215112718935 -26.4 20.400000000000002
      vertex 78.37449581556861 -20.65985635694109 20.400000000000002
    endloop
  endfacet
  facet normal -0.9951847266721952 0.0980171403295775 0
    outer loop
      vertex 78.14637424070565 23.228591936471776 7.600000000000001
      vertex 78.14637424070565 23.228591936471776 20.400000000000002
      vertex 78.18 23.57 7.600000000000001
    endloop
  endfacet
  facet normal 0 0 -1
    outer loop
      vertex 78.14637424070565 23.228591936471776 7.600000000000001
      vertex 78.18 23.57 7.600000000000001
      vertex 78.2356032573137 20.86772376001673 7.600000000000001
    endloop
  endfacet
  facet normal -0.9951847266721952 0.0980171403295775 0
    outer loop
      vertex 78.14637424070565 23.228591936471776 20.400000000000002
      vertex 78.18 23.57 20.400000000000002
      vertex 78.18 23.57 7.600000000000001
    endloop
  endfacet
  facet normal 0 0 1
    outer loop
      vertex 78.14637424070565 23.228591936471776 20.400000000000002
      vertex 78.37449581556861 20.65985635694109 20.400000000000002
      vertex 78.18 23.57 20.400000000000002
    endloop
  endfacet
  facet normal -0.9951847266721952 -0.0980171403295775 0
    outer loop
      vertex 78.14637424070565 23.911408063528224 7.600000000000001
      vertex 78.18 23.57 7.600000000000001
      vertex 78.18 23.57 20.400000000000002
    endloop
  endfacet
  facet normal -0.9951847266721952 -0.0980171403295775 0
    outer loop
      vertex 78.14637424070565 23.911408063528224 7.600000000000001
      vertex 78.18 23.57 20.400000000000002
      vertex 78.14637424070565 23.911408063528224 20.400000000000002
    endloop
  endfacet
  facet normal 0 0 -1
    outer loop
      vertex 78.14637424070565 23.911408063528224 7.600000000000001
      vertex 78.2356032573137 26.27227623998327 7.600000000000001
      vertex 78.18 23.57 7.600000000000001
    endloop
  endfacet
  facet normal 0 0 1
    outer loop
      vertex 78.14637424070565 23.911408063528224 20.400000000000002
      vertex 78.18 23.57 20.400000000000002
      vertex 78.37449581556861 26.48014364305891 20.400000000000002
    endloop
  endfacet
  facet normal 0 0 -1
    outer loop
      vertex 78.18 -23.57 7.600000000000001
      vertex 78.2356032573137 -20.86772376001673 7.600000000000001
      vertex 78.2356032573137 -26.27227623998327 7.600000000000001
    endloop
  endfacet
  facet normal 0 0 -1
    outer loop
      vertex 78.18 23.57 7.600000000000001
      vertex 78.2356032573137 26.27227623998327 7.600000000000001
      vertex 78.2356032573137 20.86772376001673 7.600000000000001
    endloop
  endfacet
  facet normal 0 0 1
    outer loop
      vertex 78.18 23.57 20.400000000000002
      vertex 78.37449581556861 20.65985635694109 20.400000000000002
      vertex 78.37449581556861 26.48014364305891 20.400000000000002
    endloop
  endfacet
  facet normal -0.6343932841636385 0.7730104533627427 0
    outer loop
      vertex 78.2356032573137 -26.27227623998327 0
      vertex 78.2356032573137 -26.27227623998327 7.600000000000001
      vertex 78.72809703885628 -25.86809703885628 7.600000000000001
    endloop
  endfacet
  facet normal 0 0 -1
    outer loop
      vertex 78.2356032573137 -26.27227623998327 0
      vertex 78.72809703885628 -25.86809703885628 0
      vertex 121.27190296114372 -25.86809703885628 0
    endloop
  endfacet
  facet normal -0.6343932841636385 0.7730104533627427 0
    outer loop
      vertex 78.2356032573137 -26.27227623998327 0
      vertex 78.72809703885628 -25.86809703885628 7.600000000000001
      vertex 78.72809703885628 -25.86809703885628 0
    endloop
  endfacet
  facet normal 0 0 -1
    outer loop
      vertex 78.2356032573137 -26.27227623998327 0
      vertex 121.27190296114372 -25.86809703885628 0
      vertex 121.7643967426863 -26.27227623998327 0
    endloop
  endfacet
  facet normal 0 0 -1
    outer loop
      vertex 78.2356032573137 -26.27227623998327 7.600000000000001
      vertex 78.2356032573137 -20.86772376001673 7.600000000000001
      vertex 78.72809703885628 -25.86809703885628 7.600000000000001
    endloop
  endfacet
  facet normal -0.6343932841636385 -0.7730104533627427 0
    outer loop
      vertex 78.2356032573137 -20.86772376001673 0
      vertex 78.72809703885628 -21.27190296114372 0
      vertex 78.2356032573137 -20.86772376001673 7.600000000000001
    endloop
  endfacet
  facet normal 0 0 -1
    outer loop
      vertex 78.2356032573137 -20.86772376001673 0
      vertex 120.56739151933832 22.32627884481346 0
      vertex 120.86772376001673 21.764396742686294 0
    endloop
  endfacet
  facet normal 0 0 -1
    outer loop
      vertex 78.2356032573137 -20.86772376001673 0
      vertex 120.86772376001673 21.764396742686294 0
      vertex 78.72809703885628 -21.27190296114372 0
    endloop
  endfacet
  facet normal -0.6343932841636385 -0.7730104533627427 0
    outer loop
      vertex 78.2356032573137 -20.86772376001673 7.600000000000001
      vertex 78.72809703885628 -21.27190296114372 0
      vertex 78.72809703885628 -21.27190296114372 7.600000000000001
    endloop
  endfacet
  facet normal 0 0 -1
    outer loop
      vertex 78.2356032573137 -20.86772376001673 7.600000000000001
      vertex 78.72809703885628 -21.27190296114372 7.600000000000001
      vertex 78.72809703885628 -25.86809703885628 7.600000000000001
    endloop
  endfacet
  facet normal -0.6343932841636385 0.7730104533627427 0
    outer loop
      vertex 78.2356032573137 20.86772376001673 0
      vertex 78.2356032573137 20.86772376001673 7.600000000000001
      vertex 78.72809703885628 21.27190296114372 7.600000000000001
    endloop
  endfacet
  facet normal -0.6343932841636385 0.7730104533627427 0
    outer loop
      vertex 78.2356032573137 20.86772376001673 0
      vertex 78.72809703885628 21.27190296114372 7.600000000000001
      vertex 78.72809703885628 21.27190296114372 0
    endloop
  endfacet
  facet normal 0 0 -1
    outer loop
      vertex 78.2356032573137 20.86772376001673 7.600000000000001
      vertex 78.2356032573137 26.27227623998327 7.600000000000001
      vertex 78.72809703885628 21.27190296114372 7.600000000000001
    endloop
  endfacet
  facet normal -0.6343932841636385 -0.7730104533627427 0
    outer loop
      vertex 78.2356032573137 26.27227623998327 0
      vertex 78.72809703885628 25.86809703885628 0
      vertex 78.2356032573137 26.27227623998327 7.600000000000001
    endloop
  endfacet
  facet normal 0 0 -1
    outer loop
      vertex 78.2356032573137 26.27227623998327 0
      vertex 128 62 0
      vertex 78.72809703885628 25.86809703885628 0
    endloop
  endfacet
  facet normal -0.6343932841636385 -0.7730104533627427 0
    outer loop
      vertex 78.2356032573137 26.27227623998327 7.600000000000001
      vertex 78.72809703885628 25.86809703885628 0
      vertex 78.72809703885628 25.86809703885628 7.600000000000001
    endloop
  endfacet
  facet normal 0 0 -1
    outer loop
      vertex 78.2356032573137 26.27227623998327 7.600000000000001
      vertex 78.72809703885628 25.86809703885628 7.600000000000001
      vertex 78.72809703885628 21.27190296114372 7.600000000000001
    endloop
  endfacet
  facet normal 0.6343932841636483 0.7730104533627347 0
    outer loop
      vertex 78.37449581556861 -20.65985635694109 10.400000000000002
      vertex 78.37449581556861 -20.65985635694109 20.400000000000002
      vertex 78.90487373415291 -21.095126265847085 20.400000000000002
    endloop
  endfacet
  facet normal 0 0 1
    outer loop
      vertex 78.37449581556861 -20.65985635694109 10.400000000000002
      vertex 78.90487373415291 -21.095126265847085 10.400000000000002
      vertex 78.87450902528624 -19.911533705868802 10.400000000000002
    endloop
  endfacet
  facet normal 0.6343932841636483 0.7730104533627347 0
    outer loop
      vertex 78.37449581556861 -20.65985635694109 10.400000000000002
      vertex 78.90487373415291 -21.095126265847085 20.400000000000002
      vertex 78.90487373415291 -21.095126265847085 10.400000000000002
    endloop
  endfacet
  facet normal 0 0 1
    outer loop
      vertex 78.37449581556861 -20.65985635694109 20.400000000000002
      vertex 78.47215112718935 -26.4 20.400000000000002
      vertex 78.90487373415291 -26.044873734152915 20.400000000000002
    endloop
  endfacet
  facet normal 0 0 1
    outer loop
      vertex 78.37449581556861 -20.65985635694109 20.400000000000002
      vertex 78.90487373415291 -26.044873734152915 20.400000000000002
      vertex 78.90487373415291 -21.095126265847085 20.400000000000002
    endloop
  endfacet
  facet normal 0 0 1
    outer loop
      vertex 78.37449581556861 20.65985635694109 10.400000000000002
      vertex 78.87450902528624 19.911533705868802 10.400000000000002
      vertex 79.54126983722081 20.45873016277919 10.400000000000002
    endloop
  endfacet
  facet normal 0.6343932841636483 -0.7730104533627347 0
    outer loop
      vertex 78.37449581556861 20.65985635694109 10.400000000000002
      vertex 78.90487373415291 21.095126265847085 10.400000000000002
      vertex 78.90487373415291 21.095126265847085 20.400000000000002
    endloop
  endfacet
  facet normal 0.6343932841636483 -0.7730104533627347 0
    outer loop
      vertex 78.37449581556861 20.65985635694109 10.400000000000002
      vertex 78.90487373415291 21.095126265847085 20.400000000000002
      vertex 78.37449581556861 20.65985635694109 20.400000000000002
    endloop
  endfacet
  facet normal 0 0 1
    outer loop
      vertex 78.37449581556861 20.65985635694109 10.400000000000002
      vertex 79.54126983722081 20.45873016277919 10.400000000000002
      vertex 78.90487373415291 21.095126265847085 10.400000000000002
    endloop
  endfacet
  facet normal 0 0 1
    outer loop
      vertex 78.37449581556861 20.65985635694109 20.400000000000002
      vertex 78.90487373415291 21.095126265847085 20.400000000000002
      vertex 78.37449581556861 26.48014364305891 20.400000000000002
    endloop
  endfacet
  facet normal 0.6343932841636483 0.7730104533627347 0
    outer loop
      vertex 78.37449581556861 26.48014364305891 10.400000000000002
      vertex 78.37449581556861 26.48014364305891 20.400000000000002
      vertex 78.90487373415291 26.044873734152915 10.400000000000002
    endloop
  endfacet
  facet normal 0 0 1
    outer loop
      vertex 78.37449581556861 26.48014364305891 10.400000000000002
      vertex 78.90487373415291 26.044873734152915 10.400000000000002
      vertex 78.87450902528624 27.2284662941312 10.400000000000002
    endloop
  endfacet
  facet normal 0 0 1
    outer loop
      vertex 78.37449581556861 26.48014364305891 20.400000000000002
      vertex 78.90487373415291 21.095126265847085 20.400000000000002
      vertex 78.90487373415291 26.044873734152915 20.400000000000002
    endloop
  endfacet
  facet normal 0.6343932841636483 0.7730104533627347 0
    outer loop
      vertex 78.37449581556861 26.48014364305891 20.400000000000002
      vertex 78.90487373415291 26.044873734152915 20.400000000000002
      vertex 78.90487373415291 26.044873734152915 10.400000000000002
    endloop
  endfacet
  facet normal 0 1 0
    outer loop
      vertex 78.47215112718935 -26.4 10.400000000000002
      vertex 78.47215112718935 -26.4 20.400000000000002
      vertex 79.77210202712776 -26.4 10.400000000000002
    endloop
  endfacet
  facet normal 0.6343932841636439 -0.7730104533627381 0
    outer loop
      vertex 78.47215112718935 -26.4 10.400000000000002
      vertex 78.90487373415291 -26.044873734152915 10.400000000000002
      vertex 78.47215112718935 -26.4 20.400000000000002
    endloop
  endfacet
  facet normal 0 0 1
    outer loop
      vertex 78.47215112718935 -26.4 10.400000000000002
      vertex 79.77210202712776 -26.4 10.400000000000002
      vertex 78.90487373415291 -26.044873734152915 10.400000000000002
    endloop
  endfacet
  facet normal 0.6343932841636439 -0.7730104533627381 0
    outer loop
      vertex 78.47215112718935 -26.4 20.400000000000002
      vertex 78.90487373415291 -26.044873734152915 10.400000000000002
      vertex 78.90487373415291 -26.044873734152915 20.400000000000002
    endloop
  endfacet
  facet normal 0 1 0
    outer loop
      vertex 78.47215112718935 -26.4 20.400000000000002
      vertex 80.76823951327134 -26.4 17.400000000000002
      vertex 79.77210202712776 -26.4 10.400000000000002
    endloop
  endfacet
  facet normal 0 1 0
    outer loop
      vertex 78.47215112718935 -26.4 20.400000000000002
      vertex 80.76823951327134 -26.4 20.400000000000002
      vertex 80.76823951327134 -26.4 17.400000000000002
    endloop
  endfacet
  facet normal 0 0 1
    outer loop
      vertex 78.47215112718935 -26.4 20.400000000000002
      vertex 80.78558406421588 -26.464730745359496 20.400000000000002
      vertex 80.76823951327134 -26.4 20.400000000000002
    endloop
  endfacet
  facet normal -0.7730104533627377 0.6343932841636446 0
    outer loop
      vertex 78.72809703885628 -25.86809703885628 0
      vertex 78.72809703885628 -25.86809703885628 7.600000000000001
      vertex 79.13227623998327 -25.375603257313706 0
    endloop
  endfacet
  facet normal 0 0 -1
    outer loop
      vertex 78.72809703885628 -25.86809703885628 0
      vertex 79.13227623998327 -25.375603257313706 0
      vertex 120.86772376001673 -25.375603257313706 0
    endloop
  endfacet
  facet normal 0 0 -1
    outer loop
      vertex 78.72809703885628 -25.86809703885628 0
      vertex 120.86772376001673 -25.375603257313706 0
      vertex 121.27190296114372 -25.86809703885628 0
    endloop
  endfacet
  facet normal 0 0 -1
    outer loop
      vertex 78.72809703885628 -25.86809703885628 7.600000000000001
      vertex 78.72809703885628 -21.27190296114372 7.600000000000001
      vertex 79.13227623998327 -25.375603257313706 7.600000000000001
    endloop
  endfacet
  facet normal -0.7730104533627377 0.6343932841636446 0
    outer loop
      vertex 78.72809703885628 -25.86809703885628 7.600000000000001
      vertex 79.13227623998327 -25.375603257313706 7.600000000000001
      vertex 79.13227623998327 -25.375603257313706 0
    endloop
  endfacet
  facet normal -0.7730104533627377 -0.6343932841636446 0
    outer loop
      vertex 78.72809703885628 -21.27190296114372 0
      vertex 79.13227623998327 -21.764396742686294 0
      vertex 79.13227623998327 -21.764396742686294 7.600000000000001
    endloop
  endfacet
  facet normal -0.7730104533627377 -0.6343932841636446 0
    outer loop
      vertex 78.72809703885628 -21.27190296114372 0
      vertex 79.13227623998327 -21.764396742686294 7.600000000000001
      vertex 78.72809703885628 -21.27190296114372 7.600000000000001
    endloop
  endfacet
  facet normal 0 0 -1
    outer loop
      vertex 78.72809703885628 -21.27190296114372 0
      vertex 120.86772376001673 21.764396742686294 0
      vertex 121.27190296114372 21.27190296114372 0
    endloop
  endfacet
  facet normal 0 0 -1
    outer loop
      vertex 78.72809703885628 -21.27190296114372 0
      vertex 121.27190296114372 21.27190296114372 0
      vertex 79.13227623998327 -21.764396742686294 0
    endloop
  endfacet
  facet normal 0 0 -1
    outer loop
      vertex 78.72809703885628 -21.27190296114372 7.600000000000001
      vertex 79.13227623998327 -21.764396742686294 7.600000000000001
      vertex 79.13227623998327 -25.375603257313706 7.600000000000001
    endloop
  endfacet
  facet normal -0.7730104533627377 0.6343932841636446 0
    outer loop
      vertex 78.72809703885628 21.27190296114372 0
      vertex 78.72809703885628 21.27190296114372 7.600000000000001
      vertex 79.13227623998327 21.764396742686294 0
    endloop
  endfacet
  facet normal 0 0 -1
    outer loop
      vertex 78.72809703885628 21.27190296114372 7.600000000000001
      vertex 78.72809703885628 25.86809703885628 7.600000000000001
      vertex 79.13227623998327 21.764396742686294 7.600000000000001
    endloop
  endfacet
  facet normal -0.7730104533627377 0.6343932841636446 0
    outer loop
      vertex 78.72809703885628 21.27190296114372 7.600000000000001
      vertex 79.13227623998327 21.764396742686294 7.600000000000001
      vertex 79.13227623998327 21.764396742686294 0
    endloop
  endfacet
  facet normal -0.7730104533627377 -0.6343932841636446 0
    outer loop
      vertex 78.72809703885628 25.86809703885628 0
      vertex 79.13227623998327 25.375603257313706 0
      vertex 79.13227623998327 25.375603257313706 7.600000000000001
    endloop
  endfacet
  facet normal -0.7730104533627377 -0.6343932841636446 0
    outer loop
      vertex 78.72809703885628 25.86809703885628 0
      vertex 79.13227623998327 25.375603257313706 7.600000000000001
      vertex 78.72809703885628 25.86809703885628 7.600000000000001
    endloop
  endfacet
  facet normal 0 0 -1
    outer loop
      vertex 78.72809703885628 25.86809703885628 0
      vertex 128 62 0
      vertex 79.13227623998327 25.375603257313706 0
    endloop
  endfacet
  facet normal 0 0 -1
    outer loop
      vertex 78.72809703885628 25.86809703885628 7.600000000000001
      vertex 79.13227623998327 25.375603257313706 7.600000000000001
      vertex 79.13227623998327 21.764396742686294 7.600000000000001
    endloop
  endfacet
  facet normal 0.6343932841636406 0.773010453362741 0
    outer loop
      vertex 78.87450902528624 -19.911533705868802 1.6
      vertex 78.87450902528624 -19.911533705868802 10.400000000000002
      vertex 79.54126983722081 -20.45873016277919 10.400000000000002
    endloop
  endfacet
  facet normal 0 0 1
    outer loop
      vertex 78.87450902528624 -19.911533705868802 1.6
      vertex 79.54126983722081 -20.45873016277919 1.6
      vertex 79.54126983722081 20.45873016277919 1.6
    endloop
  endfacet
  facet normal 0.6343932841636406 0.773010453362741 0
    outer loop
      vertex 78.87450902528624 -19.911533705868802 1.6
      vertex 79.54126983722081 -20.45873016277919 10.400000000000002
      vertex 79.54126983722081 -20.45873016277919 1.6
    endloop
  endfacet
  facet normal 0 0 1
    outer loop
      vertex 78.87450902528624 -19.911533705868802 1.6
      vertex 79.54126983722081 20.45873016277919 1.6
      vertex 78.87450902528624 19.911533705868802 1.6
    endloop
  endfacet
  facet normal 0 0 1
    outer loop
      vertex 78.87450902528624 -19.911533705868802 10.400000000000002
      vertex 78.90487373415291 -21.095126265847085 10.400000000000002
      vertex 79.54126983722081 -20.45873016277919 10.400000000000002
    endloop
  endfacet
  facet normal 0.6343932841636406 -0.773010453362741 0
    outer loop
      vertex 78.87450902528624 19.911533705868802 1.6
      vertex 79.54126983722081 20.45873016277919 1.6
      vertex 78.87450902528624 19.911533705868802 10.400000000000002
    endloop
  endfacet
  facet normal 0.6343932841636406 -0.773010453362741 0
    outer loop
      vertex 78.87450902528624 19.911533705868802 10.400000000000002
      vertex 79.54126983722081 20.45873016277919 1.6
      vertex 79.54126983722081 20.45873016277919 10.400000000000002
    endloop
  endfacet
  facet normal 0.6343932841636406 0.773010453362741 0
    outer loop
      vertex 78.87450902528624 27.2284662941312 1.6
      vertex 78.87450902528624 27.2284662941312 10.400000000000002
      vertex 79.54126983722081 26.68126983722081 10.400000000000002
    endloop
  endfacet
  facet normal 0.6343932841636406 0.773010453362741 0
    outer loop
      vertex 78.87450902528624 27.2284662941312 1.6
      vertex 79.54126983722081 26.68126983722081 10.400000000000002
      vertex 79.54126983722081 26.68126983722081 1.6
    endloop
  endfacet
  facet normal 0 0 1
    outer loop
      vertex 78.87450902528624 27.2284662941312 10.400000000000002
      vertex 78.90487373415291 26.044873734152915 10.400000000000002
      vertex 79.34014364305891 25.51449581556861 10.400000000000002
    endloop
  endfacet
  facet normal 0 0 1
    outer loop
      vertex 78.87450902528624 27.2284662941312 10.400000000000002
      vertex 79.34014364305891 25.51449581556861 10.400000000000002
      vertex 79.54126983722081 26.68126983722081 10.400000000000002
    endloop
  endfacet
  facet normal 0.7730104533627347 -0.6343932841636483 0
    outer loop
      vertex 78.90487373415291 -26.044873734152915 10.400000000000002
      vertex 79.34014364305891 -25.51449581556861 10.400000000000002
      vertex 78.90487373415291 -26.044873734152915 20.400000000000002
    endloop
  endfacet
  facet normal 0 0 1
    outer loop
      vertex 78.90487373415291 -26.044873734152915 10.400000000000002
      vertex 79.77210202712776 -26.4 10.400000000000002
      vertex 79.34014364305891 -25.51449581556861 10.400000000000002
    endloop
  endfacet
  facet normal 0.7730104533627347 -0.6343932841636483 0
    outer loop
      vertex 78.90487373415291 -26.044873734152915 20.400000000000002
      vertex 79.34014364305891 -25.51449581556861 10.400000000000002
      vertex 79.34014364305891 -25.51449581556861 20.400000000000002
    endloop
  endfacet
  facet normal 0 0 1
    outer loop
      vertex 78.90487373415291 -26.044873734152915 20.400000000000002
      vertex 79.34014364305891 -25.51449581556861 20.400000000000002
      vertex 78.90487373415291 -21.095126265847085 20.400000000000002
    endloop
  endfacet
  facet normal 0.7730104533627347 0.6343932841636483 0
    outer loop
      vertex 78.90487373415291 -21.095126265847085 10.400000000000002
      vertex 78.90487373415291 -21.095126265847085 20.400000000000002
      vertex 79.34014364305891 -21.625504184431392 20.400000000000002
    endloop
  endfacet
  facet normal 0 0 1
    outer loop
      vertex 78.90487373415291 -21.095126265847085 10.400000000000002
      vertex 79.34014364305891 -21.625504184431392 10.400000000000002
      vertex 79.54126983722081 -20.45873016277919 10.400000000000002
    endloop
  endfacet
  facet normal 0.7730104533627347 0.6343932841636483 0
    outer loop
      vertex 78.90487373415291 -21.095126265847085 10.400000000000002
      vertex 79.34014364305891 -21.625504184431392 20.400000000000002
      vertex 79.34014364305891 -21.625504184431392 10.400000000000002
    endloop
  endfacet
  facet normal 0 0 1
    outer loop
      vertex 78.90487373415291 -21.095126265847085 20.400000000000002
      vertex 79.34014364305891 -25.51449581556861 20.400000000000002
      vertex 79.34014364305891 -21.625504184431392 20.400000000000002
    endloop
  endfacet
  facet normal 0.7730104533627347 -0.6343932841636483 0
    outer loop
      vertex 78.90487373415291 21.095126265847085 10.400000000000002
      vertex 79.34014364305891 21.625504184431392 10.400000000000002
      vertex 79.34014364305891 21.625504184431392 20.400000000000002
    endloop
  endfacet
  facet normal 0.7730104533627347 -0.6343932841636483 0
    outer loop
      vertex 78.90487373415291 21.095126265847085 10.400000000000002
      vertex 79.34014364305891 21.625504184431392 20.400000000000002
      vertex 78.90487373415291 21.095126265847085 20.400000000000002
    endloop
  endfacet
  facet normal 0 0 1
    outer loop
      vertex 78.90487373415291 21.095126265847085 10.400000000000002
      vertex 79.54126983722081 20.45873016277919 10.400000000000002
      vertex 79.34014364305891 21.625504184431392 10.400000000000002
    endloop
  endfacet
  facet normal 0 0 1
    outer loop
      vertex 78.90487373415291 21.095126265847085 20.400000000000002
      vertex 79.34014364305891 21.625504184431392 20.400000000000002
      vertex 78.90487373415291 26.044873734152915 20.400000000000002
    endloop
  endfacet
  facet normal 0.7730104533627347 0.6343932841636483 0
    outer loop
      vertex 78.90487373415291 26.044873734152915 10.400000000000002
      vertex 78.90487373415291 26.044873734152915 20.400000000000002
      vertex 79.34014364305891 25.51449581556861 10.400000000000002
    endloop
  endfacet
  facet normal 0 0 1
    outer loop
      vertex 78.90487373415291 26.044873734152915 20.400000000000002
      vertex 79.34014364305891 21.625504184431392 20.400000000000002
      vertex 79.34014364305891 25.51449581556861 20.400000000000002
    endloop
  endfacet
  facet normal 0.7730104533627347 0.6343932841636483 0
    outer loop
      vertex 78.90487373415291 26.044873734152915 20.400000000000002
      vertex 79.34014364305891 25.51449581556861 20.400000000000002
      vertex 79.34014364305891 25.51449581556861 10.400000000000002
    endloop
  endfacet
  facet normal -0.8819212643483513 0.4713967368260047 0
    outer loop
      vertex 79.13227623998327 -25.375603257313706 0
      vertex 79.13227623998327 -25.375603257313706 7.600000000000001
      vertex 79.43260848066168 -24.813721155186542 0
    endloop
  endfacet
  facet normal 0 0 -1
    outer loop
      vertex 79.13227623998327 -25.375603257313706 0
      vertex 79.43260848066168 -24.813721155186542 0
      vertex 120.56739151933832 -24.813721155186542 0
    endloop
  endfacet
  facet normal 0 0 -1
    outer loop
      vertex 79.13227623998327 -25.375603257313706 0
      vertex 120.56739151933832 -24.813721155186542 0
      vertex 120.86772376001673 -25.375603257313706 0
    endloop
  endfacet
  facet normal 0 0 -1
    outer loop
      vertex 79.13227623998327 -25.375603257313706 7.600000000000001
      vertex 79.13227623998327 -21.764396742686294 7.600000000000001
      vertex 79.43260848066168 -24.813721155186542 7.600000000000001
    endloop
  endfacet
  facet normal -0.8819212643483513 0.4713967368260047 0
    outer loop
      vertex 79.13227623998327 -25.375603257313706 7.600000000000001
      vertex 79.43260848066168 -24.813721155186542 7.600000000000001
      vertex 79.43260848066168 -24.813721155186542 0
    endloop
  endfacet
  facet normal -0.8819212643483513 -0.4713967368260047 0
    outer loop
      vertex 79.13227623998327 -21.764396742686294 0
      vertex 79.43260848066168 -22.32627884481346 0
      vertex 79.43260848066168 -22.32627884481346 7.600000000000001
    endloop
  endfacet
  facet normal -0.8819212643483513 -0.4713967368260047 0
    outer loop
      vertex 79.13227623998327 -21.764396742686294 0
      vertex 79.43260848066168 -22.32627884481346 7.600000000000001
      vertex 79.13227623998327 -21.764396742686294 7.600000000000001
    endloop
  endfacet
  facet normal 0 0 -1
    outer loop
      vertex 79.13227623998327 -21.764396742686294 0
      vertex 121.27190296114372 21.27190296114372 0
      vertex 121.7643967426863 20.86772376001673 0
    endloop
  endfacet
  facet normal 0 0 -1
    outer loop
      vertex 79.13227623998327 -21.764396742686294 0
      vertex 121.7643967426863 20.86772376001673 0
      vertex 79.43260848066168 -22.32627884481346 0
    endloop
  endfacet
  facet normal 0 0 -1
    outer loop
      vertex 79.13227623998327 -21.764396742686294 7.600000000000001
      vertex 79.43260848066168 -22.32627884481346 7.600000000000001
      vertex 79.43260848066168 -24.813721155186542 7.600000000000001
    endloop
  endfacet
  facet normal -0.8819212643483513 0.4713967368260047 0
    outer loop
      vertex 79.13227623998327 21.764396742686294 0
      vertex 79.13227623998327 21.764396742686294 7.600000000000001
      vertex 79.43260848066168 22.32627884481346 0
    endloop
  endfacet
  facet normal 0 0 -1
    outer loop
      vertex 79.13227623998327 21.764396742686294 7.600000000000001
      vertex 79.13227623998327 25.375603257313706 7.600000000000001
      vertex 79.43260848066168 22.32627884481346 7.600000000000001
    endloop
  endfacet
  facet normal -0.8819212643483513 0.4713967368260047 0
    outer loop
      vertex 79.13227623998327 21.764396742686294 7.600000000000001
      vertex 79.43260848066168 22.32627884481346 7.600000000000001
      vertex 79.43260848066168 22.32627884481346 0
    endloop
  endfacet
  facet normal -0.8819212643483513 -0.4713967368260047 0
    outer loop
      vertex 79.13227623998327 25.375603257313706 0
      vertex 79.43260848066168 24.813721155186542 0
      vertex 79.43260848066168 24.813721155186542 7.600000000000001
    endloop
  endfacet
  facet normal -0.8819212643483513 -0.4713967368260047 0
    outer loop
      vertex 79.13227623998327 25.375603257313706 0
      vertex 79.43260848066168 24.813721155186542 7.600000000000001
      vertex 79.13227623998327 25.375603257313706 7.600000000000001
    endloop
  endfacet
  facet normal 0 0 -1
    outer loop
      vertex 79.13227623998327 25.375603257313706 0
      vertex 128 62 0
      vertex 79.43260848066168 24.813721155186542 0
    endloop
  endfacet
  facet normal 0 0 -1
    outer loop
      vertex 79.13227623998327 25.375603257313706 7.600000000000001
      vertex 79.43260848066168 24.813721155186542 7.600000000000001
      vertex 79.43260848066168 22.32627884481346 7.600000000000001
    endloop
  endfacet
  facet normal 0.8819212643483596 -0.4713967368259892 0
    outer loop
      vertex 79.34014364305891 -25.51449581556861 10.400000000000002
      vertex 79.6635783637895 -24.909392013277813 10.400000000000002
      vertex 79.34014364305891 -25.51449581556861 20.400000000000002
    endloop
  endfacet
  facet normal 0 0 1
    outer loop
      vertex 79.34014364305891 -25.51449581556861 10.400000000000002
      vertex 79.77210202712776 -26.4 10.400000000000002
      vertex 79.6635783637895 -24.909392013277813 10.400000000000002
    endloop
  endfacet
  facet normal 0.8819212643483596 -0.4713967368259892 0
    outer loop
      vertex 79.34014364305891 -25.51449581556861 20.400000000000002
      vertex 79.6635783637895 -24.909392013277813 10.400000000000002
      vertex 79.6635783637895 -24.909392013277813 20.400000000000002
    endloop
  endfacet
  facet normal 0 0 1
    outer loop
      vertex 79.34014364305891 -25.51449581556861 20.400000000000002
      vertex 79.6635783637895 -24.909392013277813 20.400000000000002
      vertex 79.34014364305891 -21.625504184431392 20.400000000000002
    endloop
  endfacet
  facet normal 0.8819212643483596 0.4713967368259892 0
    outer loop
      vertex 79.34014364305891 -21.625504184431392 10.400000000000002
      vertex 79.34014364305891 -21.625504184431392 20.400000000000002
      vertex 79.6635783637895 -22.230607986722188 20.400000000000002
    endloop
  endfacet
  facet normal 0 0 1
    outer loop
      vertex 79.34014364305891 -21.625504184431392 10.400000000000002
      vertex 79.6635783637895 -22.230607986722188 10.400000000000002
      vertex 79.54126983722081 -20.45873016277919 10.400000000000002
    endloop
  endfacet
  facet normal 0.8819212643483596 0.4713967368259892 0
    outer loop
      vertex 79.34014364305891 -21.625504184431392 10.400000000000002
      vertex 79.6635783637895 -22.230607986722188 20.400000000000002
      vertex 79.6635783637895 -22.230607986722188 10.400000000000002
    endloop
  endfacet
  facet normal 0 0 1
    outer loop
      vertex 79.34014364305891 -21.625504184431392 20.400000000000002
      vertex 79.6635783637895 -24.909392013277813 20.400000000000002
      vertex 79.6635783637895 -22.230607986722188 20.400000000000002
    endloop
  endfacet
  facet normal 0 0 1
    outer loop
      vertex 79.34014364305891 21.625504184431392 10.400000000000002
      vertex 79.54126983722081 20.45873016277919 10.400000000000002
      vertex 80.0884662941312 21.12549097471375 10.400000000000002
    endloop
  endfacet
  facet normal 0.8819212643483596 -0.4713967368259892 0
    outer loop
      vertex 79.34014364305891 21.625504184431392 10.400000000000002
      vertex 79.6635783637895 22.230607986722188 10.400000000000002
      vertex 79.6635783637895 22.230607986722188 20.400000000000002
    endloop
  endfacet
  facet normal 0.8819212643483596 -0.4713967368259892 0
    outer loop
      vertex 79.34014364305891 21.625504184431392 10.400000000000002
      vertex 79.6635783637895 22.230607986722188 20.400000000000002
      vertex 79.34014364305891 21.625504184431392 20.400000000000002
    endloop
  endfacet
  facet normal 0 0 1
    outer loop
      vertex 79.34014364305891 21.625504184431392 10.400000000000002
      vertex 80.0884662941312 21.12549097471375 10.400000000000002
      vertex 79.6635783637895 22.230607986722188 10.400000000000002
    endloop
  endfacet
  facet normal 0 0 1
    outer loop
      vertex 79.34014364305891 21.625504184431392 20.400000000000002
      vertex 79.6635783637895 22.230607986722188 20.400000000000002
      vertex 79.34014364305891 25.51449581556861 20.400000000000002
    endloop
  endfacet
  facet normal 0.8819212643483596 0.4713967368259892 0
    outer loop
      vertex 79.34014364305891 25.51449581556861 10.400000000000002
      vertex 79.34014364305891 25.51449581556861 20.400000000000002
      vertex 79.6635783637895 24.909392013277813 10.400000000000002
    endloop
  endfacet
  facet normal 0 0 1
    outer loop
      vertex 79.34014364305891 25.51449581556861 10.400000000000002
      vertex 79.6635783637895 24.909392013277813 10.400000000000002
      vertex 79.54126983722081 26.68126983722081 10.400000000000002
    endloop
  endfacet
  facet normal 0 0 1
    outer loop
      vertex 79.34014364305891 25.51449581556861 20.400000000000002
      vertex 79.6635783637895 22.230607986722188 20.400000000000002
      vertex 79.6635783637895 24.909392013277813 20.400000000000002
    endloop
  endfacet
  facet normal 0.8819212643483596 0.4713967368259892 0
    outer loop
      vertex 79.34014364305891 25.51449581556861 20.400000000000002
      vertex 79.6635783637895 24.909392013277813 20.400000000000002
      vertex 79.6635783637895 24.909392013277813 10.400000000000002
    endloop
  endfacet
  facet normal -0.9569403357322102 0.290284677254458 0
    outer loop
      vertex 79.43260848066168 -24.813721155186542 0
      vertex 79.43260848066168 -24.813721155186542 7.600000000000001
      vertex 79.6175521613105 -24.204043546552416 0
    endloop
  endfacet
  facet normal 0 0 -1
    outer loop
      vertex 79.43260848066168 -24.813721155186542 0
      vertex 79.6175521613105 -24.204043546552416 0
      vertex 120.3824478386895 -24.204043546552416 0
    endloop
  endfacet
  facet normal 0 0 -1
    outer loop
      vertex 79.43260848066168 -24.813721155186542 0
      vertex 120.3824478386895 -24.204043546552416 0
      vertex 120.56739151933832 -24.813721155186542 0
    endloop
  endfacet
  facet normal 0 0 -1
    outer loop
      vertex 79.43260848066168 -24.813721155186542 7.600000000000001
      vertex 79.43260848066168 -22.32627884481346 7.600000000000001
      vertex 79.6175521613105 -24.204043546552416 7.600000000000001
    endloop
  endfacet
  facet normal -0.9569403357322102 0.290284677254458 0
    outer loop
      vertex 79.43260848066168 -24.813721155186542 7.600000000000001
      vertex 79.6175521613105 -24.204043546552416 7.600000000000001
      vertex 79.6175521613105 -24.204043546552416 0
    endloop
  endfacet
  facet normal -0.9569403357322102 -0.290284677254458 0
    outer loop
      vertex 79.43260848066168 -22.32627884481346 0
      vertex 79.6175521613105 -22.935956453447584 0
      vertex 79.6175521613105 -22.935956453447584 7.600000000000001
    endloop
  endfacet
  facet normal -0.9569403357322102 -0.290284677254458 0
    outer loop
      vertex 79.43260848066168 -22.32627884481346 0
      vertex 79.6175521613105 -22.935956453447584 7.600000000000001
      vertex 79.43260848066168 -22.32627884481346 7.600000000000001
    endloop
  endfacet
  facet normal 0 0 -1
    outer loop
      vertex 79.43260848066168 -22.32627884481346 0
      vertex 120.56739151933832 -22.32627884481346 0
      vertex 79.6175521613105 -22.935956453447584 0
    endloop
  endfacet
  facet normal 0 0 -1
    outer loop
      vertex 79.43260848066168 -22.32627884481346 0
      vertex 121.7643967426863 20.86772376001673 0
      vertex 122.32627884481346 20.56739151933832 0
    endloop
  endfacet
  facet normal 0 0 -1
    outer loop
      vertex 79.43260848066168 -22.32627884481346 0
      vertex 122.32627884481346 20.56739151933832 0
      vertex 120.56739151933832 -22.32627884481346 0
    endloop
  endfacet
  facet normal 0 0 -1
    outer loop
      vertex 79.43260848066168 -22.32627884481346 7.600000000000001
      vertex 79.6175521613105 -22.935956453447584 7.600000000000001
      vertex 79.6175521613105 -24.204043546552416 7.600000000000001
    endloop
  endfacet
  facet normal -0.9569403357322102 0.290284677254458 0
    outer loop
      vertex 79.43260848066168 22.32627884481346 0
      vertex 79.43260848066168 22.32627884481346 7.600000000000001
      vertex 79.6175521613105 22.935956453447584 0
    endloop
  endfacet
  facet normal 0 0 -1
    outer loop
      vertex 79.43260848066168 22.32627884481346 7.600000000000001
      vertex 79.43260848066168 24.813721155186542 7.600000000000001
      vertex 79.6175521613105 22.935956453447584 7.600000000000001
    endloop
  endfacet
  facet normal -0.9569403357322102 0.290284677254458 0
    outer loop
      vertex 79.43260848066168 22.32627884481346 7.600000000000001
      vertex 79.6175521613105 22.935956453447584 7.600000000000001
      vertex 79.6175521613105 22.935956453447584 0
    endloop
  endfacet
  facet normal -0.9569403357322102 -0.290284677254458 0
    outer loop
      vertex 79.43260848066168 24.813721155186542 0
      vertex 79.6175521613105 24.204043546552416 0
      vertex 79.6175521613105 24.204043546552416 7.600000000000001
    endloop
  endfacet
  facet normal -0.9569403357322102 -0.290284677254458 0
    outer loop
      vertex 79.43260848066168 24.813721155186542 0
      vertex 79.6175521613105 24.204043546552416 7.600000000000001
      vertex 79.43260848066168 24.813721155186542 7.600000000000001
    endloop
  endfacet
  facet normal 0 0 -1
    outer loop
      vertex 79.43260848066168 24.813721155186542 0
      vertex 128 62 0
      vertex 79.6175521613105 24.204043546552416 0
    endloop
  endfacet
  facet normal 0 0 -1
    outer loop
      vertex 79.43260848066168 24.813721155186542 7.600000000000001
      vertex 79.6175521613105 24.204043546552416 7.600000000000001
      vertex 79.6175521613105 22.935956453447584 7.600000000000001
    endloop
  endfacet
  facet normal 0.7730104533627397 0.6343932841636422 0
    outer loop
      vertex 79.54126983722081 -20.45873016277919 1.6
      vertex 79.54126983722081 -20.45873016277919 10.400000000000002
      vertex 80.0884662941312 -21.12549097471375 10.400000000000002
    endloop
  endfacet
  facet normal 0 0 1
    outer loop
      vertex 79.54126983722081 -20.45873016277919 1.6
      vertex 80.0884662941312 -21.12549097471375 1.6
      vertex 119.9115337058688 -21.12549097471375 1.6
    endloop
  endfacet
  facet normal 0.7730104533627397 0.6343932841636422 0
    outer loop
      vertex 79.54126983722081 -20.45873016277919 1.6
      vertex 80.0884662941312 -21.12549097471375 10.400000000000002
      vertex 80.0884662941312 -21.12549097471375 1.6
    endloop
  endfacet
  facet normal 0 0 1
    outer loop
      vertex 79.54126983722081 -20.45873016277919 1.6
      vertex 119.9115337058688 -21.12549097471375 1.6
      vertex 120.45873016277919 -20.45873016277919 1.6
    endloop
  endfacet
  facet normal 0 0 1
    outer loop
      vertex 79.54126983722081 -20.45873016277919 1.6
      vertex 120.45873016277919 -20.45873016277919 1.6
      vertex 79.54126983722081 20.45873016277919 1.6
    endloop
  endfacet
  facet normal 0 0 1
    outer loop
      vertex 79.54126983722081 -20.45873016277919 10.400000000000002
      vertex 79.6635783637895 -22.230607986722188 10.400000000000002
      vertex 80.0884662941312 -21.12549097471375 10.400000000000002
    endloop
  endfacet
  facet normal 0.7730104533627397 -0.6343932841636422 0
    outer loop
      vertex 79.54126983722081 20.45873016277919 1.6
      vertex 80.0884662941312 21.12549097471375 1.6
      vertex 79.54126983722081 20.45873016277919 10.400000000000002
    endloop
  endfacet
  facet normal 0 0 1
    outer loop
      vertex 79.54126983722081 20.45873016277919 1.6
      vertex 120.45873016277919 -20.45873016277919 1.6
      vertex 80.0884662941312 21.12549097471375 1.6
    endloop
  endfacet
  facet normal 0.7730104533627397 -0.6343932841636422 0
    outer loop
      vertex 79.54126983722081 20.45873016277919 10.400000000000002
      vertex 80.0884662941312 21.12549097471375 1.6
      vertex 80.0884662941312 21.12549097471375 10.400000000000002
    endloop
  endfacet
  facet normal 0.7730104533627397 0.6343932841636422 0
    outer loop
      vertex 79.54126983722081 26.68126983722081 1.6
      vertex 79.54126983722081 26.68126983722081 10.400000000000002
      vertex 80.0884662941312 26.01450902528625 10.400000000000002
    endloop
  endfacet
  facet normal 0.7730104533627397 0.6343932841636422 0
    outer loop
      vertex 79.54126983722081 26.68126983722081 1.6
      vertex 80.0884662941312 26.01450902528625 10.400000000000002
      vertex 80.0884662941312 26.01450902528625 1.6
    endloop
  endfacet
  facet normal 0 0 1
    outer loop
      vertex 79.54126983722081 26.68126983722081 10.400000000000002
      vertex 79.6635783637895 24.909392013277813 10.400000000000002
      vertex 79.8627484814113 24.252816127056448 10.400000000000002
    endloop
  endfacet
  facet normal 0 0 1
    outer loop
      vertex 79.54126983722081 26.68126983722081 10.400000000000002
      vertex 79.8627484814113 24.252816127056448 10.400000000000002
      vertex 80.0884662941312 26.01450902528625 10.400000000000002
    endloop
  endfacet
  facet normal -0.9951847266721958 0.0980171403295712 0
    outer loop
      vertex 79.6175521613105 -24.204043546552416 0
      vertex 79.6175521613105 -24.204043546552416 7.600000000000001
      vertex 79.68 -23.57 0
    endloop
  endfacet
  facet normal 0 0 -1
    outer loop
      vertex 79.6175521613105 -24.204043546552416 0
      vertex 79.68 -23.57 0
      vertex 120.32 -23.57 0
    endloop
  endfacet
  facet normal 0 0 -1
    outer loop
      vertex 79.6175521613105 -24.204043546552416 0
      vertex 120.32 -23.57 0
      vertex 120.3824478386895 -24.204043546552416 0
    endloop
  endfacet
  facet normal 0 0 -1
    outer loop
      vertex 79.6175521613105 -24.204043546552416 7.600000000000001
      vertex 79.6175521613105 -22.935956453447584 7.600000000000001
      vertex 79.68 -23.57 7.600000000000001
    endloop
  endfacet
  facet normal -0.9951847266721958 0.0980171403295712 0
    outer loop
      vertex 79.6175521613105 -24.204043546552416 7.600000000000001
      vertex 79.68 -23.57 7.600000000000001
      vertex 79.68 -23.57 0
    endloop
  endfacet
  facet normal -0.9951847266721958 -0.0980171403295712 0
    outer loop
      vertex 79.6175521613105 -22.935956453447584 0
      vertex 79.68 -23.57 0
      vertex 79.68 -23.57 7.600000000000001
    endloop
  endfacet
  facet normal -0.9951847266721958 -0.0980171403295712 0
    outer loop
      vertex 79.6175521613105 -22.935956453447584 0
      vertex 79.68 -23.57 7.600000000000001
      vertex 79.6175521613105 -22.935956453447584 7.600000000000001
    endloop
  endfacet
  facet normal 0 0 -1
    outer loop
      vertex 79.6175521613105 -22.935956453447584 0
      vertex 120.3824478386895 -22.935956453447584 0
      vertex 79.68 -23.57 0
    endloop
  endfacet
  facet normal 0 0 -1
    outer loop
      vertex 79.6175521613105 -22.935956453447584 0
      vertex 120.56739151933832 -22.32627884481346 0
      vertex 120.3824478386895 -22.935956453447584 0
    endloop
  endfacet
  facet normal -0.9951847266721958 0.0980171403295712 0
    outer loop
      vertex 79.6175521613105 22.935956453447584 0
      vertex 79.6175521613105 22.935956453447584 7.600000000000001
      vertex 79.68 23.57 0
    endloop
  endfacet
  facet normal 0 0 -1
    outer loop
      vertex 79.6175521613105 22.935956453447584 7.600000000000001
      vertex 79.6175521613105 24.204043546552416 7.600000000000001
      vertex 79.68 23.57 7.600000000000001
    endloop
  endfacet
  facet normal -0.9951847266721958 0.0980171403295712 0
    outer loop
      vertex 79.6175521613105 22.935956453447584 7.600000000000001
      vertex 79.68 23.57 7.600000000000001
      vertex 79.68 23.57 0
    endloop
  endfacet
  facet normal -0.9951847266721958 -0.0980171403295712 0
    outer loop
      vertex 79.6175521613105 24.204043546552416 0
      vertex 79.68 23.57 0
      vertex 79.68 23.57 7.600000000000001
    endloop
  endfacet
  facet normal -0.9951847266721958 -0.0980171403295712 0
    outer loop
      vertex 79.6175521613105 24.204043546552416 0
      vertex 79.68 23.57 7.600000000000001
      vertex 79.6175521613105 24.204043546552416 7.600000000000001
    endloop
  endfacet
  facet normal 0 0 -1
    outer loop
      vertex 79.6175521613105 24.204043546552416 0
      vertex 128 62 0
      vertex 79.68 23.57 0
    endloop
  endfacet
  facet normal 0 0 1
    outer loop
      vertex 79.6635783637895 -24.909392013277813 10.400000000000002
      vertex 79.77210202712776 -26.4 10.400000000000002
      vertex 80.0884662941312 -26.01450902528625 10.400000000000002
    endloop
  endfacet
  facet normal 0.9569403357322082 -0.29028467725446444 0
    outer loop
      vertex 79.6635783637895 -24.909392013277813 10.400000000000002
      vertex 79.8627484814113 -24.252816127056448 10.400000000000002
      vertex 79.6635783637895 -24.909392013277813 20.400000000000002
    endloop
  endfacet
  facet normal 0 0 1
    outer loop
      vertex 79.6635783637895 -24.909392013277813 10.400000000000002
      vertex 80.0884662941312 -26.01450902528625 10.400000000000002
      vertex 79.8627484814113 -24.252816127056448 10.400000000000002
    endloop
  endfacet
  facet normal 0.9569403357322082 -0.29028467725446444 0
    outer loop
      vertex 79.6635783637895 -24.909392013277813 20.400000000000002
      vertex 79.8627484814113 -24.252816127056448 10.400000000000002
      vertex 79.8627484814113 -24.252816127056448 20.400000000000002
    endloop
  endfacet
  facet normal 0 0 1
    outer loop
      vertex 79.6635783637895 -24.909392013277813 20.400000000000002
      vertex 79.8627484814113 -24.252816127056448 20.400000000000002
      vertex 79.6635783637895 -22.230607986722188 20.400000000000002
    endloop
  endfacet
  facet normal 0.9569403357322082 0.29028467725446444 0
    outer loop
      vertex 79.6635783637895 -22.230607986722188 10.400000000000002
      vertex 79.6635783637895 -22.230607986722188 20.400000000000002
      vertex 79.8627484814113 -22.887183872943552 20.400000000000002
    endloop
  endfacet
  facet normal 0 0 1
    outer loop
      vertex 79.6635783637895 -22.230607986722188 10.400000000000002
      vertex 79.8627484814113 -22.887183872943552 10.400000000000002
      vertex 80.0884662941312 -21.12549097471375 10.400000000000002
    endloop
  endfacet
  facet normal 0.9569403357322082 0.29028467725446444 0
    outer loop
      vertex 79.6635783637895 -22.230607986722188 10.400000000000002
      vertex 79.8627484814113 -22.887183872943552 20.400000000000002
      vertex 79.8627484814113 -22.887183872943552 10.400000000000002
    endloop
  endfacet
  facet normal 0 0 1
    outer loop
      vertex 79.6635783637895 -22.230607986722188 20.400000000000002
      vertex 79.8627484814113 -24.252816127056448 20.400000000000002
      vertex 79.8627484814113 -22.887183872943552 20.400000000000002
    endloop
  endfacet
  facet normal 0.9569403357322082 -0.29028467725446444 0
    outer loop
      vertex 79.6635783637895 22.230607986722188 10.400000000000002
      vertex 79.8627484814113 22.887183872943552 10.400000000000002
      vertex 79.8627484814113 22.887183872943552 20.400000000000002
    endloop
  endfacet
  facet normal 0.9569403357322082 -0.29028467725446444 0
    outer loop
      vertex 79.6635783637895 22.230607986722188 10.400000000000002
      vertex 79.8627484814113 22.887183872943552 20.400000000000002
      vertex 79.6635783637895 22.230607986722188 20.400000000000002
    endloop
  endfacet
  facet normal 0 0 1
    outer loop
      vertex 79.6635783637895 22.230607986722188 10.400000000000002
      vertex 80.0884662941312 21.12549097471375 10.400000000000002
      vertex 79.8627484814113 22.887183872943552 10.400000000000002
    endloop
  endfacet
  facet normal 0 0 1
    outer loop
      vertex 79.6635783637895 22.230607986722188 20.400000000000002
      vertex 79.8627484814113 22.887183872943552 20.400000000000002
      vertex 79.6635783637895 24.909392013277813 20.400000000000002
    endloop
  endfacet
  facet normal 0.9569403357322082 0.29028467725446444 0
    outer loop
      vertex 79.6635783637895 24.909392013277813 10.400000000000002
      vertex 79.6635783637895 24.909392013277813 20.400000000000002
      vertex 79.8627484814113 24.252816127056448 10.400000000000002
    endloop
  endfacet
  facet normal 0 0 1
    outer loop
      vertex 79.6635783637895 24.909392013277813 20.400000000000002
      vertex 79.8627484814113 22.887183872943552 20.400000000000002
      vertex 79.8627484814113 24.252816127056448 20.400000000000002
    endloop
  endfacet
  facet normal 0.9569403357322082 0.29028467725446444 0
    outer loop
      vertex 79.6635783637895 24.909392013277813 20.400000000000002
      vertex 79.8627484814113 24.252816127056448 20.400000000000002
      vertex 79.8627484814113 24.252816127056448 10.400000000000002
    endloop
  endfacet
  facet normal 0 0 -1
    outer loop
      vertex 79.68 -23.57 0
      vertex 120.3824478386895 -22.935956453447584 0
      vertex 120.32 -23.57 0
    endloop
  endfacet
  facet normal 0 1 0
    outer loop
      vertex 79.77210202712776 -26.4 1.6
      vertex 79.77210202712776 -26.4 10.400000000000002
      vertex 83.14341835593979 -26.4 1.6
    endloop
  endfacet
  facet normal 0.77301045336274 -0.6343932841636416 0
    outer loop
      vertex 79.77210202712776 -26.4 1.6
      vertex 80.0884662941312 -26.01450902528625 1.6
      vertex 79.77210202712776 -26.4 10.400000000000002
    endloop
  endfacet
  facet normal 0 0 1
    outer loop
      vertex 79.77210202712776 -26.4 1.6
      vertex 83.14341835593979 -26.4 1.6
      vertex 80.0884662941312 -26.01450902528625 1.6
    endloop
  endfacet
  facet normal 0.77301045336274 -0.6343932841636416 0
    outer loop
      vertex 79.77210202712776 -26.4 10.400000000000002
      vertex 80.0884662941312 -26.01450902528625 1.6
      vertex 80.0884662941312 -26.01450902528625 10.400000000000002
    endloop
  endfacet
  facet normal 0 1 0
    outer loop
      vertex 79.77210202712776 -26.4 10.400000000000002
      vertex 80.76823951327134 -26.4 17.400000000000002
      vertex 87.53176048672866 -26.4 17.400000000000002
    endloop
  endfacet
  facet normal 0 1 0
    outer loop
      vertex 79.77210202712776 -26.4 10.400000000000002
      vertex 87.53176048672866 -26.4 17.400000000000002
      vertex 120.22789797287224 -26.4 10.400000000000002
    endloop
  endfacet
  facet normal 0 1 0
    outer loop
      vertex 79.77210202712776 -26.4 10.400000000000002
      vertex 120.22789797287224 -26.4 10.400000000000002
      vertex 83.14341835593979 -26.4 1.6
    endloop
  endfacet
  facet normal 0.9951847266721952 -0.09801714032957749 0
    outer loop
      vertex 79.8627484814113 -24.252816127056448 10.400000000000002
      vertex 79.93 -23.57 10.400000000000002
      vertex 79.8627484814113 -24.252816127056448 20.400000000000002
    endloop
  endfacet
  facet normal 0 0 1
    outer loop
      vertex 79.8627484814113 -24.252816127056448 10.400000000000002
      vertex 80.0884662941312 -26.01450902528625 10.400000000000002
      vertex 79.93 -23.57 10.400000000000002
    endloop
  endfacet
  facet normal 0.9951847266721952 -0.09801714032957749 0
    outer loop
      vertex 79.8627484814113 -24.252816127056448 20.400000000000002
      vertex 79.93 -23.57 10.400000000000002
      vertex 79.93 -23.57 20.400000000000002
    endloop
  endfacet
  facet normal 0 0 1
    outer loop
      vertex 79.8627484814113 -24.252816127056448 20.400000000000002
      vertex 79.93 -23.57 20.400000000000002
      vertex 79.8627484814113 -22.887183872943552 20.400000000000002
    endloop
  endfacet
  facet normal 0.9951847266721952 0.09801714032957749 0
    outer loop
      vertex 79.8627484814113 -22.887183872943552 10.400000000000002
      vertex 79.8627484814113 -22.887183872943552 20.400000000000002
      vertex 79.93 -23.57 20.400000000000002
    endloop
  endfacet
  facet normal 0 0 1
    outer loop
      vertex 79.8627484814113 -22.887183872943552 10.400000000000002
      vertex 79.93 -23.57 10.400000000000002
      vertex 80.0884662941312 -21.12549097471375 10.400000000000002
    endloop
  endfacet
  facet normal 0.9951847266721952 0.09801714032957749 0
    outer loop
      vertex 79.8627484814113 -22.887183872943552 10.400000000000002
      vertex 79.93 -23.57 20.400000000000002
      vertex 79.93 -23.57 10.400000000000002
    endloop
  endfacet
  facet normal 0.9951847266721952 -0.09801714032957749 0
    outer loop
      vertex 79.8627484814113 22.887183872943552 10.400000000000002
      vertex 79.93 23.57 10.400000000000002
      vertex 79.93 23.57 20.400000000000002
    endloop
  endfacet
  facet normal 0.9951847266721952 -0.09801714032957749 0
    outer loop
      vertex 79.8627484814113 22.887183872943552 10.400000000000002
      vertex 79.93 23.57 20.400000000000002
      vertex 79.8627484814113 22.887183872943552 20.400000000000002
    endloop
  endfacet
  facet normal 0 0 1
    outer loop
      vertex 79.8627484814113 22.887183872943552 10.400000000000002
      vertex 80.0884662941312 21.12549097471375 10.400000000000002
      vertex 79.93 23.57 10.400000000000002
    endloop
  endfacet
  facet normal 0 0 1
    outer loop
      vertex 79.8627484814113 22.887183872943552 20.400000000000002
      vertex 79.93 23.57 20.400000000000002
      vertex 79.8627484814113 24.252816127056448 20.400000000000002
    endloop
  endfacet
  facet normal 0.9951847266721952 0.09801714032957749 0
    outer loop
      vertex 79.8627484814113 24.252816127056448 10.400000000000002
      vertex 79.8627484814113 24.252816127056448 20.400000000000002
      vertex 79.93 23.57 10.400000000000002
    endloop
  endfacet
  facet normal 0 0 1
    outer loop
      vertex 79.8627484814113 24.252816127056448 10.400000000000002
      vertex 79.93 23.57 10.400000000000002
      vertex 80.0884662941312 26.01450902528625 10.400000000000002
    endloop
  endfacet
  facet normal 0.9951847266721952 0.09801714032957749 0
    outer loop
      vertex 79.8627484814113 24.252816127056448 20.400000000000002
      vertex 79.93 23.57 20.400000000000002
      vertex 79.93 23.57 10.400000000000002
    endloop
  endfacet
  facet normal 0 0 1
    outer loop
      vertex 79.93 -23.57 10.400000000000002
      vertex 80.0884662941312 -26.01450902528625 10.400000000000002
      vertex 80.0884662941312 -21.12549097471375 10.400000000000002
    endloop
  endfacet
  facet normal 0 0 1
    outer loop
      vertex 79.93 23.57 10.400000000000002
      vertex 80.0884662941312 21.12549097471375 10.400000000000002
      vertex 80.0884662941312 26.01450902528625 10.400000000000002
    endloop
  endfacet
  facet normal 0.8819212643483556 -0.4713967368259964 0
    outer loop
      vertex 80.0884662941312 -26.01450902528625 1.6
      vertex 80.49506994304966 -25.253807102406395 1.6
      vertex 80.0884662941312 -26.01450902528625 10.400000000000002
    endloop
  endfacet
  facet normal 0 0 1
    outer loop
      vertex 80.0884662941312 -26.01450902528625 1.6
      vertex 83.14341835593979 -26.4 1.6
      vertex 80.49506994304966 -25.253807102406395 1.6
    endloop
  endfacet
  facet normal 0.8819212643483556 -0.4713967368259964 0
    outer loop
      vertex 80.0884662941312 -26.01450902528625 10.400000000000002
      vertex 80.49506994304966 -25.253807102406395 1.6
      vertex 80.49506994304966 -25.253807102406395 10.400000000000002
    endloop
  endfacet
  facet normal 0 0 1
    outer loop
      vertex 80.0884662941312 -26.01450902528625 10.400000000000002
      vertex 80.49506994304966 -25.253807102406395 10.400000000000002
      vertex 80.0884662941312 -21.12549097471375 10.400000000000002
    endloop
  endfacet
  facet normal 0.8819212643483556 0.4713967368259964 0
    outer loop
      vertex 80.0884662941312 -21.12549097471375 1.6
      vertex 80.0884662941312 -21.12549097471375 10.400000000000002
      vertex 80.49506994304966 -21.886192897593606 10.400000000000002
    endloop
  endfacet
  facet normal 0 0 1
    outer loop
      vertex 80.0884662941312 -21.12549097471375 1.6
      vertex 80.49506994304966 -21.886192897593606 1.6
      vertex 119.50493005695034 -21.886192897593606 1.6
    endloop
  endfacet
  facet normal 0.8819212643483556 0.4713967368259964 0
    outer loop
      vertex 80.0884662941312 -21.12549097471375 1.6
      vertex 80.49506994304966 -21.886192897593606 10.400000000000002
      vertex 80.49506994304966 -21.886192897593606 1.6
    endloop
  endfacet
  facet normal 0 0 1
    outer loop
      vertex 80.0884662941312 -21.12549097471375 1.6
      vertex 119.50493005695034 -21.886192897593606 1.6
      vertex 119.9115337058688 -21.12549097471375 1.6
    endloop
  endfacet
  facet normal 0 0 1
    outer loop
      vertex 80.0884662941312 -21.12549097471375 10.400000000000002
      vertex 80.49506994304966 -25.253807102406395 10.400000000000002
      vertex 80.49506994304966 -21.886192897593606 10.400000000000002
    endloop
  endfacet
  facet normal 0.8819212643483556 -0.4713967368259964 0
    outer loop
      vertex 80.0884662941312 21.12549097471375 1.6
      vertex 80.49506994304966 21.886192897593606 1.6
      vertex 80.0884662941312 21.12549097471375 10.400000000000002
    endloop
  endfacet
  facet normal 0 0 1
    outer loop
      vertex 80.0884662941312 21.12549097471375 1.6
      vertex 120.45873016277919 -20.45873016277919 1.6
      vertex 121.12549097471376 -19.911533705868802 1.6
    endloop
  endfacet
  facet normal 0 0 1
    outer loop
      vertex 80.0884662941312 21.12549097471375 1.6
      vertex 121.12549097471376 -19.911533705868802 1.6
      vertex 80.49506994304966 21.886192897593606 1.6
    endloop
  endfacet
  facet normal 0.8819212643483556 -0.4713967368259964 0
    outer loop
      vertex 80.0884662941312 21.12549097471375 10.400000000000002
      vertex 80.49506994304966 21.886192897593606 1.6
      vertex 80.49506994304966 21.886192897593606 10.400000000000002
    endloop
  endfacet
  facet normal 0 0 1
    outer loop
      vertex 80.0884662941312 21.12549097471375 10.400000000000002
      vertex 80.49506994304966 21.886192897593606 10.400000000000002
      vertex 80.0884662941312 26.01450902528625 10.400000000000002
    endloop
  endfacet
  facet normal 0.8819212643483556 0.4713967368259964 0
    outer loop
      vertex 80.0884662941312 26.01450902528625 1.6
      vertex 80.0884662941312 26.01450902528625 10.400000000000002
      vertex 80.49506994304966 25.253807102406395 10.400000000000002
    endloop
  endfacet
  facet normal 0.8819212643483556 0.4713967368259964 0
    outer loop
      vertex 80.0884662941312 26.01450902528625 1.6
      vertex 80.49506994304966 25.253807102406395 10.400000000000002
      vertex 80.49506994304966 25.253807102406395 1.6
    endloop
  endfacet
  facet normal 0 0 1
    outer loop
      vertex 80.0884662941312 26.01450902528625 10.400000000000002
      vertex 80.49506994304966 21.886192897593606 10.400000000000002
      vertex 80.49506994304966 25.253807102406395 10.400000000000002
    endloop
  endfacet
  facet normal 0.956940335732209 -0.290284677254462 0
    outer loop
      vertex 80.49506994304966 -25.253807102406395 1.6
      vertex 80.74545523377421 -24.428397416870965 1.6
      vertex 80.49506994304966 -25.253807102406395 10.400000000000002
    endloop
  endfacet
  facet normal 0 0 1
    outer loop
      vertex 80.49506994304966 -25.253807102406395 1.6
      vertex 83.14341835593979 -26.4 1.6
      vertex 80.74545523377421 -24.428397416870965 1.6
    endloop
  endfacet
  facet normal 0.956940335732209 -0.290284677254462 0
    outer loop
      vertex 80.49506994304966 -25.253807102406395 10.400000000000002
      vertex 80.74545523377421 -24.428397416870965 1.6
      vertex 80.74545523377421 -24.428397416870965 10.400000000000002
    endloop
  endfacet
  facet normal 0 0 1
    outer loop
      vertex 80.49506994304966 -25.253807102406395 10.400000000000002
      vertex 80.74545523377421 -24.428397416870965 10.400000000000002
      vertex 80.49506994304966 -21.886192897593606 10.400000000000002
    endloop
  endfacet
  facet normal 0.956940335732209 0.290284677254462 0
    outer loop
      vertex 80.49506994304966 -21.886192897593606 1.6
      vertex 80.49506994304966 -21.886192897593606 10.400000000000002
      vertex 80.74545523377421 -22.711602583129036 10.400000000000002
    endloop
  endfacet
  facet normal 0 0 1
    outer loop
      vertex 80.49506994304966 -21.886192897593606 1.6
      vertex 80.74545523377421 -22.711602583129036 1.6
      vertex 119.50493005695034 -21.886192897593606 1.6
    endloop
  endfacet
  facet normal 0.956940335732209 0.290284677254462 0
    outer loop
      vertex 80.49506994304966 -21.886192897593606 1.6
      vertex 80.74545523377421 -22.711602583129036 10.400000000000002
      vertex 80.74545523377421 -22.711602583129036 1.6
    endloop
  endfacet
  facet normal 0 0 1
    outer loop
      vertex 80.49506994304966 -21.886192897593606 10.400000000000002
      vertex 80.74545523377421 -24.428397416870965 10.400000000000002
      vertex 80.74545523377421 -22.711602583129036 10.400000000000002
    endloop
  endfacet
  facet normal 0.956940335732209 -0.290284677254462 0
    outer loop
      vertex 80.49506994304966 21.886192897593606 1.6
      vertex 80.74545523377421 22.711602583129036 1.6
      vertex 80.49506994304966 21.886192897593606 10.400000000000002
    endloop
  endfacet
  facet normal 0 0 1
    outer loop
      vertex 80.49506994304966 21.886192897593606 1.6
      vertex 121.12549097471376 -19.911533705868802 1.6
      vertex 121.8861928975936 -19.50493005695034 1.6
    endloop
  endfacet
  facet normal 0 0 1
    outer loop
      vertex 80.49506994304966 21.886192897593606 1.6
      vertex 121.8861928975936 -19.50493005695034 1.6
      vertex 80.74545523377421 22.711602583129036 1.6
    endloop
  endfacet
  facet normal 0.956940335732209 -0.290284677254462 0
    outer loop
      vertex 80.49506994304966 21.886192897593606 10.400000000000002
      vertex 80.74545523377421 22.711602583129036 1.6
      vertex 80.74545523377421 22.711602583129036 10.400000000000002
    endloop
  endfacet
  facet normal 0 0 1
    outer loop
      vertex 80.49506994304966 21.886192897593606 10.400000000000002
      vertex 80.74545523377421 22.711602583129036 10.400000000000002
      vertex 80.49506994304966 25.253807102406395 10.400000000000002
    endloop
  endfacet
  facet normal 0.956940335732209 0.290284677254462 0
    outer loop
      vertex 80.49506994304966 25.253807102406395 1.6
      vertex 80.49506994304966 25.253807102406395 10.400000000000002
      vertex 80.74545523377421 24.428397416870965 10.400000000000002
    endloop
  endfacet
  facet normal 0.956940335732209 0.290284677254462 0
    outer loop
      vertex 80.49506994304966 25.253807102406395 1.6
      vertex 80.74545523377421 24.428397416870965 10.400000000000002
      vertex 80.74545523377421 24.428397416870965 1.6
    endloop
  endfacet
  facet normal 0 0 1
    outer loop
      vertex 80.49506994304966 25.253807102406395 10.400000000000002
      vertex 80.74545523377421 22.711602583129036 10.400000000000002
      vertex 80.74545523377421 24.428397416870965 10.400000000000002
    endloop
  endfacet
  facet normal 0.9951847266721965 -0.09801714032956477 0
    outer loop
      vertex 80.74545523377421 -24.428397416870965 1.6
      vertex 80.83 -23.57 1.6
      vertex 80.74545523377421 -24.428397416870965 10.400000000000002
    endloop
  endfacet
  facet normal 0 0 1
    outer loop
      vertex 80.74545523377421 -24.428397416870965 1.6
      vertex 83.14341835593979 -26.4 1.6
      vertex 80.83 -23.57 1.6
    endloop
  endfacet
  facet normal 0.9951847266721965 -0.09801714032956477 0
    outer loop
      vertex 80.74545523377421 -24.428397416870965 10.400000000000002
      vertex 80.83 -23.57 1.6
      vertex 80.83 -23.57 10.400000000000002
    endloop
  endfacet
  facet normal 0 0 1
    outer loop
      vertex 80.74545523377421 -24.428397416870965 10.400000000000002
      vertex 80.83 -23.57 10.400000000000002
      vertex 80.74545523377421 -22.711602583129036 10.400000000000002
    endloop
  endfacet
  facet normal 0.9951847266721965 0.09801714032956477 0
    outer loop
      vertex 80.74545523377421 -22.711602583129036 1.6
      vertex 80.74545523377421 -22.711602583129036 10.400000000000002
      vertex 80.83 -23.57 10.400000000000002
    endloop
  endfacet
  facet normal 0 0 1
    outer loop
      vertex 80.74545523377421 -22.711602583129036 1.6
      vertex 80.83 -23.57 1.6
      vertex 119.50493005695034 -21.886192897593606 1.6
    endloop
  endfacet
  facet normal 0.9951847266721965 0.09801714032956477 0
    outer loop
      vertex 80.74545523377421 -22.711602583129036 1.6
      vertex 80.83 -23.57 10.400000000000002
      vertex 80.83 -23.57 1.6
    endloop
  endfacet
  facet normal 0.9951847266721965 -0.09801714032956477 0
    outer loop
      vertex 80.74545523377421 22.711602583129036 1.6
      vertex 80.83 23.57 1.6
      vertex 80.74545523377421 22.711602583129036 10.400000000000002
    endloop
  endfacet
  facet normal 0 0 1
    outer loop
      vertex 80.74545523377421 22.711602583129036 1.6
      vertex 121.8861928975936 -19.50493005695034 1.6
      vertex 80.83 23.57 1.6
    endloop
  endfacet
  facet normal 0.9951847266721965 -0.09801714032956477 0
    outer loop
      vertex 80.74545523377421 22.711602583129036 10.400000000000002
      vertex 80.83 23.57 1.6
      vertex 80.83 23.57 10.400000000000002
    endloop
  endfacet
  facet normal 0 0 1
    outer loop
      vertex 80.74545523377421 22.711602583129036 10.400000000000002
      vertex 80.83 23.57 10.400000000000002
      vertex 80.74545523377421 24.428397416870965 10.400000000000002
    endloop
  endfacet
  facet normal 0.9951847266721965 0.09801714032956477 0
    outer loop
      vertex 80.74545523377421 24.428397416870965 1.6
      vertex 80.74545523377421 24.428397416870965 10.400000000000002
      vertex 80.83 23.57 10.400000000000002
    endloop
  endfacet
  facet normal 0 0 1
    outer loop
      vertex 80.74545523377421 24.428397416870965 1.6
      vertex 80.83 23.57 1.6
      vertex 121.8861928975936 -19.50493005695034 1.6
    endloop
  endfacet
  facet normal 0.9951847266721965 0.09801714032956477 0
    outer loop
      vertex 80.74545523377421 24.428397416870965 1.6
      vertex 80.83 23.57 10.400000000000002
      vertex 80.83 23.57 1.6
    endloop
  endfacet
  facet normal 0.9659258262890651 0.25881904510253284 0
    outer loop
      vertex 80.76823951327134 -26.4 17.400000000000002
      vertex 80.76823951327134 -26.4 20.400000000000002
      vertex 80.78558406421588 -26.464730745359496 20.400000000000002
    endloop
  endfacet
  facet normal 0 0 1
    outer loop
      vertex 80.76823951327134 -26.4 17.400000000000002
      vertex 80.78558406421588 -26.464730745359496 17.400000000000002
      vertex 87.53176048672866 -26.4 17.400000000000002
    endloop
  endfacet
  facet normal 0.9659258262890651 0.25881904510253284 0
    outer loop
      vertex 80.76823951327134 -26.4 17.400000000000002
      vertex 80.78558406421588 -26.464730745359496 20.400000000000002
      vertex 80.78558406421588 -26.464730745359496 17.400000000000002
    endloop
  endfacet
  facet normal 0.9563047559630192 0.2923717047227896 0
    outer loop
      vertex 80.78558406421588 -26.464730745359496 17.400000000000002
      vertex 80.78558406421588 -26.464730745359496 20.400000000000002
      vertex 80.82130219296697 -26.581559480312315 17.400000000000002
    endloop
  endfacet
  facet normal 0 0 1
    outer loop
      vertex 80.78558406421588 -26.464730745359496 17.400000000000002
      vertex 80.82130219296697 -26.581559480312315 17.400000000000002
      vertex 87.53176048672866 -26.4 17.400000000000002
    endloop
  endfacet
  facet normal 0.9563047559630192 0.2923717047227896 0
    outer loop
      vertex 80.78558406421588 -26.464730745359496 20.400000000000002
      vertex 80.82130219296697 -26.581559480312315 20.400000000000002
      vertex 80.82130219296697 -26.581559480312315 17.400000000000002
    endloop
  endfacet
  facet normal 0.9455185755993247 0.3255681544571336 0
    outer loop
      vertex 80.82130219296697 -26.581559480312315 17.400000000000002
      vertex 80.82130219296697 -26.581559480312315 20.400000000000002
      vertex 80.86107582724932 -26.69707050163984 17.400000000000002
    endloop
  endfacet
  facet normal 0 0 1
    outer loop
      vertex 80.82130219296697 -26.581559480312315 17.400000000000002
      vertex 80.86107582724932 -26.69707050163984 17.400000000000002
      vertex 87.53176048672866 -26.4 17.400000000000002
    endloop
  endfacet
  facet normal 0.9455185755993247 0.3255681544571336 0
    outer loop
      vertex 80.82130219296697 -26.581559480312315 20.400000000000002
      vertex 80.86107582724932 -26.69707050163984 20.400000000000002
      vertex 80.86107582724932 -26.69707050163984 17.400000000000002
    endloop
  endfacet
  facet normal 0 0 1
    outer loop
      vertex 80.83 -23.57 1.6
      vertex 83.14341835593979 -26.4 1.6
      vertex 119.50493005695034 -21.886192897593606 1.6
    endloop
  endfacet
  facet normal 0.9335804264972168 0.358367949545261 0
    outer loop
      vertex 80.86107582724932 -26.69707050163984 17.400000000000002
      vertex 80.86107582724932 -26.69707050163984 20.400000000000002
      vertex 80.90485650901624 -26.811123076955692 17.400000000000002
    endloop
  endfacet
  facet normal 0 0 1
    outer loop
      vertex 80.86107582724932 -26.69707050163984 17.400000000000002
      vertex 80.90485650901624 -26.811123076955692 17.400000000000002
      vertex 87.53176048672866 -26.4 17.400000000000002
    endloop
  endfacet
  facet normal 0.9335804264972168 0.358367949545261 0
    outer loop
      vertex 80.86107582724932 -26.69707050163984 20.400000000000002
      vertex 80.90485650901624 -26.811123076955692 20.400000000000002
      vertex 80.90485650901624 -26.811123076955692 17.400000000000002
    endloop
  endfacet
  facet normal 0.9205048534524521 0.390731128489246 0
    outer loop
      vertex 80.90485650901624 -26.811123076955692 17.400000000000002
      vertex 80.90485650901624 -26.811123076955692 20.400000000000002
      vertex 80.95259089825089 -26.9235782507653 17.400000000000002
    endloop
  endfacet
  facet normal 0 0 1
    outer loop
      vertex 80.90485650901624 -26.811123076955692 17.400000000000002
      vertex 80.95259089825089 -26.9235782507653 17.400000000000002
      vertex 87.53176048672866 -26.4 17.400000000000002
    endloop
  endfacet
  facet normal 0.9205048534524521 0.390731128489246 0
    outer loop
      vertex 80.90485650901624 -26.811123076955692 20.400000000000002
      vertex 80.95259089825089 -26.9235782507653 20.400000000000002
      vertex 80.95259089825089 -26.9235782507653 17.400000000000002
    endloop
  endfacet
  facet normal 0.9063077870366333 0.4226182617407353 0
    outer loop
      vertex 80.95259089825089 -26.9235782507653 17.400000000000002
      vertex 80.95259089825089 -26.9235782507653 20.400000000000002
      vertex 81.00422083795291 -27.03429901376177 17.400000000000002
    endloop
  endfacet
  facet normal 0 0 1
    outer loop
      vertex 80.95259089825089 -26.9235782507653 17.400000000000002
      vertex 81.00422083795291 -27.03429901376177 17.400000000000002
      vertex 87.53176048672866 -26.4 17.400000000000002
    endloop
  endfacet
  facet normal 0.9063077870366333 0.4226182617407353 0
    outer loop
      vertex 80.95259089825089 -26.9235782507653 20.400000000000002
      vertex 81.00422083795291 -27.03429901376177 20.400000000000002
      vertex 81.00422083795291 -27.03429901376177 17.400000000000002
    endloop
  endfacet
  facet normal 0.8910065241883844 0.4539904997395144 0
    outer loop
      vertex 81.00422083795291 -27.03429901376177 17.400000000000002
      vertex 81.00422083795291 -27.03429901376177 20.400000000000002
      vertex 81.05968342499375 -27.14315046975062 17.400000000000002
    endloop
  endfacet
  facet normal 0 0 1
    outer loop
      vertex 81.00422083795291 -27.03429901376177 17.400000000000002
      vertex 81.05968342499375 -27.14315046975062 17.400000000000002
      vertex 87.53176048672866 -26.4 17.400000000000002
    endloop
  endfacet
  facet normal 0.8910065241883844 0.4539904997395144 0
    outer loop
      vertex 81.00422083795291 -27.03429901376177 20.400000000000002
      vertex 81.05968342499375 -27.14315046975062 20.400000000000002
      vertex 81.05968342499375 -27.14315046975062 17.400000000000002
    endloop
  endfacet
  facet normal 0.8746197071393707 0.4848096202463825 0
    outer loop
      vertex 81.05968342499375 -27.14315046975062 17.400000000000002
      vertex 81.05968342499375 -27.14315046975062 20.400000000000002
      vertex 81.11891108675447 -27.25 17.400000000000002
    endloop
  endfacet
  facet normal 0 0 1
    outer loop
      vertex 81.05968342499375 -27.14315046975062 17.400000000000002
      vertex 81.11891108675447 -27.25 17.400000000000002
      vertex 87.53176048672866 -26.4 17.400000000000002
    endloop
  endfacet
  facet normal 0.8746197071393707 0.4848096202463825 0
    outer loop
      vertex 81.05968342499375 -27.14315046975062 20.400000000000002
      vertex 81.11891108675447 -27.25 20.400000000000002
      vertex 81.11891108675447 -27.25 17.400000000000002
    endloop
  endfacet
  facet normal 0.8571673007021032 0.5150380749100693 0
    outer loop
      vertex 81.11891108675447 -27.25 17.400000000000002
      vertex 81.11891108675447 -27.25 20.400000000000002
      vertex 81.18183166345251 -27.35471742481622 17.400000000000002
    endloop
  endfacet
  facet normal 0 0 1
    outer loop
      vertex 81.11891108675447 -27.25 17.400000000000002
      vertex 81.18183166345251 -27.35471742481622 17.400000000000002
      vertex 87.53176048672866 -26.4 17.400000000000002
    endloop
  endfacet
  facet normal 0.8571673007021032 0.5150380749100693 0
    outer loop
      vertex 81.11891108675447 -27.25 20.400000000000002
      vertex 81.18183166345251 -27.35471742481622 20.400000000000002
      vertex 81.18183166345251 -27.35471742481622 17.400000000000002
    endloop
  endfacet
  facet normal 0.8386705679454417 0.544639035015 0
    outer loop
      vertex 81.18183166345251 -27.35471742481622 17.400000000000002
      vertex 81.18183166345251 -27.35471742481622 20.400000000000002
      vertex 81.24836849605735 -27.457175162147614 17.400000000000002
    endloop
  endfacet
  facet normal 0 0 1
    outer loop
      vertex 81.18183166345251 -27.35471742481622 17.400000000000002
      vertex 81.24836849605735 -27.457175162147614 17.400000000000002
      vertex 87.53176048672866 -26.4 17.400000000000002
    endloop
  endfacet
  facet normal 0.8386705679454417 0.544639035015 0
    outer loop
      vertex 81.18183166345251 -27.35471742481622 20.400000000000002
      vertex 81.24836849605735 -27.457175162147614 20.400000000000002
      vertex 81.24836849605735 -27.457175162147614 17.400000000000002
    endloop
  endfacet
  facet normal 0.8191520442889846 0.5735764363510565 0
    outer loop
      vertex 81.24836849605735 -27.457175162147614 17.400000000000002
      vertex 81.24836849605735 -27.457175162147614 20.400000000000002
      vertex 81.31844051968768 -27.557248383023655 17.400000000000002
    endloop
  endfacet
  facet normal 0 0 1
    outer loop
      vertex 81.24836849605735 -27.457175162147614 17.400000000000002
      vertex 81.31844051968768 -27.557248383023655 17.400000000000002
      vertex 87.53176048672866 -26.4 17.400000000000002
    endloop
  endfacet
  facet normal 0.8191520442889846 0.5735764363510565 0
    outer loop
      vertex 81.24836849605735 -27.457175162147614 20.400000000000002
      vertex 81.31844051968768 -27.557248383023655 20.400000000000002
      vertex 81.31844051968768 -27.557248383023655 17.400000000000002
    endloop
  endfacet
  facet normal 0.7986355100472855 0.601815023152058 0
    outer loop
      vertex 81.31844051968768 -27.557248383023655 17.400000000000002
      vertex 81.31844051968768 -27.557248383023655 20.400000000000002
      vertex 81.39196236237647 -27.654815163639803 17.400000000000002
    endloop
  endfacet
  facet normal 0 0 1
    outer loop
      vertex 81.31844051968768 -27.557248383023655 17.400000000000002
      vertex 81.39196236237647 -27.654815163639803 17.400000000000002
      vertex 87.53176048672866 -26.4 17.400000000000002
    endloop
  endfacet
  facet normal 0.7986355100472855 0.601815023152058 0
    outer loop
      vertex 81.31844051968768 -27.557248383023655 20.400000000000002
      vertex 81.39196236237647 -27.654815163639803 20.400000000000002
      vertex 81.39196236237647 -27.654815163639803 17.400000000000002
    endloop
  endfacet
  facet normal 0.7771459614569811 0.6293203910498246 0
    outer loop
      vertex 81.39196236237647 -27.654815163639803 17.400000000000002
      vertex 81.39196236237647 -27.654815163639803 20.400000000000002
      vertex 81.46884444908358 -27.749756633902887 17.400000000000002
    endloop
  endfacet
  facet normal 0 0 1
    outer loop
      vertex 81.39196236237647 -27.654815163639803 17.400000000000002
      vertex 81.46884444908358 -27.749756633902887 17.400000000000002
      vertex 87.53176048672866 -26.4 17.400000000000002
    endloop
  endfacet
  facet normal 0.7771459614569811 0.6293203910498246 0
    outer loop
      vertex 81.39196236237647 -27.654815163639803 20.400000000000002
      vertex 81.46884444908358 -27.749756633902887 20.400000000000002
      vertex 81.46884444908358 -27.749756633902887 17.400000000000002
    endloop
  endfacet
  facet normal 0.7547095802227938 0.6560590289904823 0
    outer loop
      vertex 81.46884444908358 -27.749756633902887 17.400000000000002
      vertex 81.46884444908358 -27.749756633902887 20.400000000000002
      vertex 81.54899311082912 -27.841957122256005 17.400000000000002
    endloop
  endfacet
  facet normal 0 0 1
    outer loop
      vertex 81.46884444908358 -27.749756633902887 17.400000000000002
      vertex 81.54899311082912 -27.841957122256005 17.400000000000002
      vertex 87.53176048672866 -26.4 17.400000000000002
    endloop
  endfacet
  facet normal 0.7547095802227938 0.6560590289904823 0
    outer loop
      vertex 81.46884444908358 -27.749756633902887 20.400000000000002
      vertex 81.54899311082912 -27.841957122256005 20.400000000000002
      vertex 81.54899311082912 -27.841957122256005 17.400000000000002
    endloop
  endfacet
  facet normal 0.731353701619154 0.6819983600625164 0
    outer loop
      vertex 81.54899311082912 -27.841957122256005 17.400000000000002
      vertex 81.54899311082912 -27.841957122256005 20.400000000000002
      vertex 81.63231069881472 -27.93130429660649 17.400000000000002
    endloop
  endfacet
  facet normal 0 0 1
    outer loop
      vertex 81.54899311082912 -27.841957122256005 17.400000000000002
      vertex 81.63231069881472 -27.93130429660649 17.400000000000002
      vertex 87.53176048672866 -26.4 17.400000000000002
    endloop
  endfacet
  facet normal 0.731353701619154 0.6819983600625164 0
    outer loop
      vertex 81.54899311082912 -27.841957122256005 20.400000000000002
      vertex 81.63231069881472 -27.93130429660649 20.400000000000002
      vertex 81.63231069881472 -27.93130429660649 17.400000000000002
    endloop
  endfacet
  facet normal 0.7071067811865109 0.7071067811865841 0
    outer loop
      vertex 81.63231069881472 -27.93130429660649 17.400000000000002
      vertex 81.63231069881472 -27.93130429660649 20.400000000000002
      vertex 81.70100640220824 -28 20.400000000000002
    endloop
  endfacet
  facet normal 0 0 1
    outer loop
      vertex 81.63231069881472 -27.93130429660649 17.400000000000002
      vertex 81.70100640220824 -28 17.400000000000002
      vertex 87.53176048672866 -26.4 17.400000000000002
    endloop
  endfacet
  facet normal 0.7071067811865109 0.7071067811865841 0
    outer loop
      vertex 81.63231069881472 -27.93130429660649 17.400000000000002
      vertex 81.70100640220824 -28 20.400000000000002
      vertex 81.70100640220824 -28 17.400000000000002
    endloop
  endfacet
  facet normal 0 0 1
    outer loop
      vertex 81.70100640220824 -28 17.400000000000002
      vertex 86.59899359779178 -28 17.400000000000002
      vertex 87.53176048672866 -26.4 17.400000000000002
    endloop
  endfacet
  facet normal 0 0 1
    outer loop
      vertex 83.14341835593979 -26.4 1.6
      vertex 119.17 -23.57 1.6
      vertex 119.25454476622579 -22.711602583129036 1.6
    endloop
  endfacet
  facet normal 0 0 1
    outer loop
      vertex 83.14341835593979 -26.4 1.6
      vertex 119.25454476622579 -24.428397416870965 1.6
      vertex 119.17 -23.57 1.6
    endloop
  endfacet
  facet normal 0 0 1
    outer loop
      vertex 83.14341835593979 -26.4 1.6
      vertex 119.25454476622579 -22.711602583129036 1.6
      vertex 119.50493005695034 -21.886192897593606 1.6
    endloop
  endfacet
  facet normal 0 0 1
    outer loop
      vertex 83.14341835593979 -26.4 1.6
      vertex 119.50493005695034 -25.253807102406395 1.6
      vertex 119.25454476622579 -24.428397416870965 1.6
    endloop
  endfacet
  facet normal 0 0 1
    outer loop
      vertex 83.14341835593979 -26.4 1.6
      vertex 119.9115337058688 -26.01450902528625 1.6
      vertex 119.50493005695034 -25.253807102406395 1.6
    endloop
  endfacet
  facet normal 0 0 1
    outer loop
      vertex 83.14341835593979 -26.4 1.6
      vertex 120.22789797287224 -26.4 1.6
      vertex 119.9115337058688 -26.01450902528625 1.6
    endloop
  endfacet
  facet normal 0 1 0
    outer loop
      vertex 83.14341835593979 -26.4 1.6
      vertex 120.22789797287224 -26.4 10.400000000000002
      vertex 120.22789797287224 -26.4 1.6
    endloop
  endfacet
  facet normal -0.7071067811865841 0.7071067811865109 0
    outer loop
      vertex 86.59899359779178 -28 17.400000000000002
      vertex 86.59899359779178 -28 20.400000000000002
      vertex 86.66768930118528 -27.93130429660649 20.400000000000002
    endloop
  endfacet
  facet normal 0 0 1
    outer loop
      vertex 86.59899359779178 -28 17.400000000000002
      vertex 86.66768930118528 -27.93130429660649 17.400000000000002
      vertex 87.53176048672866 -26.4 17.400000000000002
    endloop
  endfacet
  facet normal -0.7071067811865841 0.7071067811865109 0
    outer loop
      vertex 86.59899359779178 -28 17.400000000000002
      vertex 86.66768930118528 -27.93130429660649 20.400000000000002
      vertex 86.66768930118528 -27.93130429660649 17.400000000000002
    endloop
  endfacet
  facet normal 0 -1 0
    outer loop
      vertex 86.59899359779178 -28 17.400000000000002
      vertex 113.40100640220822 -28 17.400000000000002
      vertex 113.40100640220822 -28 20.400000000000002
    endloop
  endfacet
  facet normal 0 -1 0
    outer loop
      vertex 86.59899359779178 -28 17.400000000000002
      vertex 113.40100640220822 -28 20.400000000000002
      vertex 86.59899359779178 -28 20.400000000000002
    endloop
  endfacet
  facet normal 0 0 1
    outer loop
      vertex 86.59899359779178 -28 20.400000000000002
      vertex 113.01844051968769 -27.557248383023655 20.400000000000002
      vertex 86.66768930118528 -27.93130429660649 20.400000000000002
    endloop
  endfacet
  facet normal 0 0 1
    outer loop
      vertex 86.59899359779178 -28 20.400000000000002
      vertex 113.09196236237648 -27.654815163639803 20.400000000000002
      vertex 113.01844051968769 -27.557248383023655 20.400000000000002
    endloop
  endfacet
  facet normal 0 0 1
    outer loop
      vertex 86.59899359779178 -28 20.400000000000002
      vertex 113.16884444908358 -27.749756633902887 20.400000000000002
      vertex 113.09196236237648 -27.654815163639803 20.400000000000002
    endloop
  endfacet
  facet normal 0 0 1
    outer loop
      vertex 86.59899359779178 -28 20.400000000000002
      vertex 113.24899311082912 -27.841957122256005 20.400000000000002
      vertex 113.16884444908358 -27.749756633902887 20.400000000000002
    endloop
  endfacet
  facet normal 0 0 1
    outer loop
      vertex 86.59899359779178 -28 20.400000000000002
      vertex 113.33231069881472 -27.93130429660649 20.400000000000002
      vertex 113.24899311082912 -27.841957122256005 20.400000000000002
    endloop
  endfacet
  facet normal 0 0 1
    outer loop
      vertex 86.59899359779178 -28 20.400000000000002
      vertex 113.40100640220822 -28 20.400000000000002
      vertex 113.33231069881472 -27.93130429660649 20.400000000000002
    endloop
  endfacet
  facet normal -0.731353701619154 0.6819983600625164 0
    outer loop
      vertex 86.66768930118528 -27.93130429660649 17.400000000000002
      vertex 86.66768930118528 -27.93130429660649 20.400000000000002
      vertex 86.75100688917088 -27.841957122256005 17.400000000000002
    endloop
  endfacet
  facet normal 0 0 1
    outer loop
      vertex 86.66768930118528 -27.93130429660649 17.400000000000002
      vertex 86.75100688917088 -27.841957122256005 17.400000000000002
      vertex 87.53176048672866 -26.4 17.400000000000002
    endloop
  endfacet
  facet normal -0.731353701619154 0.6819983600625164 0
    outer loop
      vertex 86.66768930118528 -27.93130429660649 20.400000000000002
      vertex 86.75100688917088 -27.841957122256005 20.400000000000002
      vertex 86.75100688917088 -27.841957122256005 17.400000000000002
    endloop
  endfacet
  facet normal 0 0 1
    outer loop
      vertex 86.66768930118528 -27.93130429660649 20.400000000000002
      vertex 112.88183166345252 -27.35471742481622 20.400000000000002
      vertex 86.75100688917088 -27.841957122256005 20.400000000000002
    endloop
  endfacet
  facet normal 0 0 1
    outer loop
      vertex 86.66768930118528 -27.93130429660649 20.400000000000002
      vertex 112.94836849605736 -27.457175162147614 20.400000000000002
      vertex 112.88183166345252 -27.35471742481622 20.400000000000002
    endloop
  endfacet
  facet normal 0 0 1
    outer loop
      vertex 86.66768930118528 -27.93130429660649 20.400000000000002
      vertex 113.01844051968769 -27.557248383023655 20.400000000000002
      vertex 112.94836849605736 -27.457175162147614 20.400000000000002
    endloop
  endfacet
  facet normal -0.7547095802227938 0.6560590289904823 0
    outer loop
      vertex 86.75100688917088 -27.841957122256005 17.400000000000002
      vertex 86.75100688917088 -27.841957122256005 20.400000000000002
      vertex 86.83115555091642 -27.749756633902887 17.400000000000002
    endloop
  endfacet
  facet normal 0 0 1
    outer loop
      vertex 86.75100688917088 -27.841957122256005 17.400000000000002
      vertex 86.83115555091642 -27.749756633902887 17.400000000000002
      vertex 87.53176048672866 -26.4 17.400000000000002
    endloop
  endfacet
  facet normal -0.7547095802227938 0.6560590289904823 0
    outer loop
      vertex 86.75100688917088 -27.841957122256005 20.400000000000002
      vertex 86.83115555091642 -27.749756633902887 20.400000000000002
      vertex 86.83115555091642 -27.749756633902887 17.400000000000002
    endloop
  endfacet
  facet normal 0 0 1
    outer loop
      vertex 86.75100688917088 -27.841957122256005 20.400000000000002
      vertex 112.81891108675447 -27.25 20.400000000000002
      vertex 86.83115555091642 -27.749756633902887 20.400000000000002
    endloop
  endfacet
  facet normal 0 0 1
    outer loop
      vertex 86.75100688917088 -27.841957122256005 20.400000000000002
      vertex 112.88183166345252 -27.35471742481622 20.400000000000002
      vertex 112.81891108675447 -27.25 20.400000000000002
    endloop
  endfacet
  facet normal -0.7771459614569811 0.6293203910498246 0
    outer loop
      vertex 86.83115555091642 -27.749756633902887 17.400000000000002
      vertex 86.83115555091642 -27.749756633902887 20.400000000000002
      vertex 86.90803763762352 -27.654815163639803 17.400000000000002
    endloop
  endfacet
  facet normal 0 0 1
    outer loop
      vertex 86.83115555091642 -27.749756633902887 17.400000000000002
      vertex 86.90803763762352 -27.654815163639803 17.400000000000002
      vertex 87.53176048672866 -26.4 17.400000000000002
    endloop
  endfacet
  facet normal -0.7771459614569811 0.6293203910498246 0
    outer loop
      vertex 86.83115555091642 -27.749756633902887 20.400000000000002
      vertex 86.90803763762352 -27.654815163639803 20.400000000000002
      vertex 86.90803763762352 -27.654815163639803 17.400000000000002
    endloop
  endfacet
  facet normal 0 0 1
    outer loop
      vertex 86.83115555091642 -27.749756633902887 20.400000000000002
      vertex 112.75968342499375 -27.14315046975062 20.400000000000002
      vertex 86.90803763762352 -27.654815163639803 20.400000000000002
    endloop
  endfacet
  facet normal 0 0 1
    outer loop
      vertex 86.83115555091642 -27.749756633902887 20.400000000000002
      vertex 112.81891108675447 -27.25 20.400000000000002
      vertex 112.75968342499375 -27.14315046975062 20.400000000000002
    endloop
  endfacet
  facet normal -0.7986355100472855 0.601815023152058 0
    outer loop
      vertex 86.90803763762352 -27.654815163639803 17.400000000000002
      vertex 86.90803763762352 -27.654815163639803 20.400000000000002
      vertex 86.98155948031231 -27.557248383023655 17.400000000000002
    endloop
  endfacet
  facet normal 0 0 1
    outer loop
      vertex 86.90803763762352 -27.654815163639803 17.400000000000002
      vertex 86.98155948031231 -27.557248383023655 17.400000000000002
      vertex 87.53176048672866 -26.4 17.400000000000002
    endloop
  endfacet
  facet normal -0.7986355100472855 0.601815023152058 0
    outer loop
      vertex 86.90803763762352 -27.654815163639803 20.400000000000002
      vertex 86.98155948031231 -27.557248383023655 20.400000000000002
      vertex 86.98155948031231 -27.557248383023655 17.400000000000002
    endloop
  endfacet
  facet normal 0 0 1
    outer loop
      vertex 86.90803763762352 -27.654815163639803 20.400000000000002
      vertex 112.56107582724933 -26.69707050163984 20.400000000000002
      vertex 86.98155948031231 -27.557248383023655 20.400000000000002
    endloop
  endfacet
  facet normal 0 0 1
    outer loop
      vertex 86.90803763762352 -27.654815163639803 20.400000000000002
      vertex 112.60485650901624 -26.811123076955692 20.400000000000002
      vertex 112.56107582724933 -26.69707050163984 20.400000000000002
    endloop
  endfacet
  facet normal 0 0 1
    outer loop
      vertex 86.90803763762352 -27.654815163639803 20.400000000000002
      vertex 112.65259089825089 -26.9235782507653 20.400000000000002
      vertex 112.60485650901624 -26.811123076955692 20.400000000000002
    endloop
  endfacet
  facet normal 0 0 1
    outer loop
      vertex 86.90803763762352 -27.654815163639803 20.400000000000002
      vertex 112.70422083795292 -27.03429901376177 20.400000000000002
      vertex 112.65259089825089 -26.9235782507653 20.400000000000002
    endloop
  endfacet
  facet normal 0 0 1
    outer loop
      vertex 86.90803763762352 -27.654815163639803 20.400000000000002
      vertex 112.75968342499375 -27.14315046975062 20.400000000000002
      vertex 112.70422083795292 -27.03429901376177 20.400000000000002
    endloop
  endfacet
  facet normal -0.8191520442889846 0.5735764363510565 0
    outer loop
      vertex 86.98155948031231 -27.557248383023655 17.400000000000002
      vertex 86.98155948031231 -27.557248383023655 20.400000000000002
      vertex 87.05163150394264 -27.457175162147614 17.400000000000002
    endloop
  endfacet
  facet normal 0 0 1
    outer loop
      vertex 86.98155948031231 -27.557248383023655 17.400000000000002
      vertex 87.05163150394264 -27.457175162147614 17.400000000000002
      vertex 87.53176048672866 -26.4 17.400000000000002
    endloop
  endfacet
  facet normal -0.8191520442889846 0.5735764363510565 0
    outer loop
      vertex 86.98155948031231 -27.557248383023655 20.400000000000002
      vertex 87.05163150394264 -27.457175162147614 20.400000000000002
      vertex 87.05163150394264 -27.457175162147614 17.400000000000002
    endloop
  endfacet
  facet normal 0 0 1
    outer loop
      vertex 86.98155948031231 -27.557248383023655 20.400000000000002
      vertex 112.56107582724933 -26.69707050163984 20.400000000000002
      vertex 87.05163150394264 -27.457175162147614 20.400000000000002
    endloop
  endfacet
  facet normal -0.8386705679454417 0.544639035015 0
    outer loop
      vertex 87.05163150394264 -27.457175162147614 17.400000000000002
      vertex 87.05163150394264 -27.457175162147614 20.400000000000002
      vertex 87.11816833654748 -27.35471742481622 17.400000000000002
    endloop
  endfacet
  facet normal 0 0 1
    outer loop
      vertex 87.05163150394264 -27.457175162147614 17.400000000000002
      vertex 87.11816833654748 -27.35471742481622 17.400000000000002
      vertex 87.53176048672866 -26.4 17.400000000000002
    endloop
  endfacet
  facet normal -0.8386705679454417 0.544639035015 0
    outer loop
      vertex 87.05163150394264 -27.457175162147614 20.400000000000002
      vertex 87.11816833654748 -27.35471742481622 20.400000000000002
      vertex 87.11816833654748 -27.35471742481622 17.400000000000002
    endloop
  endfacet
  facet normal 0 0 1
    outer loop
      vertex 87.05163150394264 -27.457175162147614 20.400000000000002
      vertex 112.56107582724933 -26.69707050163984 20.400000000000002
      vertex 87.11816833654748 -27.35471742481622 20.400000000000002
    endloop
  endfacet
  facet normal -0.8571673007021032 0.5150380749100693 0
    outer loop
      vertex 87.11816833654748 -27.35471742481622 17.400000000000002
      vertex 87.11816833654748 -27.35471742481622 20.400000000000002
      vertex 87.18108891324553 -27.25 17.400000000000002
    endloop
  endfacet
  facet normal 0 0 1
    outer loop
      vertex 87.11816833654748 -27.35471742481622 17.400000000000002
      vertex 87.18108891324553 -27.25 17.400000000000002
      vertex 87.53176048672866 -26.4 17.400000000000002
    endloop
  endfacet
  facet normal -0.8571673007021032 0.5150380749100693 0
    outer loop
      vertex 87.11816833654748 -27.35471742481622 20.400000000000002
      vertex 87.18108891324553 -27.25 20.400000000000002
      vertex 87.18108891324553 -27.25 17.400000000000002
    endloop
  endfacet
  facet normal 0 0 1
    outer loop
      vertex 87.11816833654748 -27.35471742481622 20.400000000000002
      vertex 112.56107582724933 -26.69707050163984 20.400000000000002
      vertex 87.18108891324553 -27.25 20.400000000000002
    endloop
  endfacet
  facet normal -0.8746197071393707 0.4848096202463825 0
    outer loop
      vertex 87.18108891324553 -27.25 17.400000000000002
      vertex 87.18108891324553 -27.25 20.400000000000002
      vertex 87.24031657500625 -27.14315046975062 17.400000000000002
    endloop
  endfacet
  facet normal 0 0 1
    outer loop
      vertex 87.18108891324553 -27.25 17.400000000000002
      vertex 87.24031657500625 -27.14315046975062 17.400000000000002
      vertex 87.53176048672866 -26.4 17.400000000000002
    endloop
  endfacet
  facet normal -0.8746197071393707 0.4848096202463825 0
    outer loop
      vertex 87.18108891324553 -27.25 20.400000000000002
      vertex 87.24031657500625 -27.14315046975062 20.400000000000002
      vertex 87.24031657500625 -27.14315046975062 17.400000000000002
    endloop
  endfacet
  facet normal 0 0 1
    outer loop
      vertex 87.18108891324553 -27.25 20.400000000000002
      vertex 112.56107582724933 -26.69707050163984 20.400000000000002
      vertex 87.24031657500625 -27.14315046975062 20.400000000000002
    endloop
  endfacet
  facet normal -0.8910065241883844 0.4539904997395144 0
    outer loop
      vertex 87.24031657500625 -27.14315046975062 17.400000000000002
      vertex 87.24031657500625 -27.14315046975062 20.400000000000002
      vertex 87.29577916204708 -27.03429901376177 17.400000000000002
    endloop
  endfacet
  facet normal 0 0 1
    outer loop
      vertex 87.24031657500625 -27.14315046975062 17.400000000000002
      vertex 87.29577916204708 -27.03429901376177 17.400000000000002
      vertex 87.53176048672866 -26.4 17.400000000000002
    endloop
  endfacet
  facet normal -0.8910065241883844 0.4539904997395144 0
    outer loop
      vertex 87.24031657500625 -27.14315046975062 20.400000000000002
      vertex 87.29577916204708 -27.03429901376177 20.400000000000002
      vertex 87.29577916204708 -27.03429901376177 17.400000000000002
    endloop
  endfacet
  facet normal 0 0 1
    outer loop
      vertex 87.24031657500625 -27.14315046975062 20.400000000000002
      vertex 112.56107582724933 -26.69707050163984 20.400000000000002
      vertex 87.29577916204708 -27.03429901376177 20.400000000000002
    endloop
  endfacet
  facet normal -0.9063077870366333 0.4226182617407353 0
    outer loop
      vertex 87.29577916204708 -27.03429901376177 17.400000000000002
      vertex 87.29577916204708 -27.03429901376177 20.400000000000002
      vertex 87.34740910174911 -26.9235782507653 17.400000000000002
    endloop
  endfacet
  facet normal 0 0 1
    outer loop
      vertex 87.29577916204708 -27.03429901376177 17.400000000000002
      vertex 87.34740910174911 -26.9235782507653 17.400000000000002
      vertex 87.53176048672866 -26.4 17.400000000000002
    endloop
  endfacet
  facet normal -0.9063077870366333 0.4226182617407353 0
    outer loop
      vertex 87.29577916204708 -27.03429901376177 20.400000000000002
      vertex 87.34740910174911 -26.9235782507653 20.400000000000002
      vertex 87.34740910174911 -26.9235782507653 17.400000000000002
    endloop
  endfacet
  facet normal 0 0 1
    outer loop
      vertex 87.29577916204708 -27.03429901376177 20.400000000000002
      vertex 112.56107582724933 -26.69707050163984 20.400000000000002
      vertex 87.34740910174911 -26.9235782507653 20.400000000000002
    endloop
  endfacet
  facet normal -0.9205048534524521 0.390731128489246 0
    outer loop
      vertex 87.34740910174911 -26.9235782507653 17.400000000000002
      vertex 87.34740910174911 -26.9235782507653 20.400000000000002
      vertex 87.39514349098376 -26.811123076955692 17.400000000000002
    endloop
  endfacet
  facet normal 0 0 1
    outer loop
      vertex 87.34740910174911 -26.9235782507653 17.400000000000002
      vertex 87.39514349098376 -26.811123076955692 17.400000000000002
      vertex 87.53176048672866 -26.4 17.400000000000002
    endloop
  endfacet
  facet normal -0.9205048534524521 0.390731128489246 0
    outer loop
      vertex 87.34740910174911 -26.9235782507653 20.400000000000002
      vertex 87.39514349098376 -26.811123076955692 20.400000000000002
      vertex 87.39514349098376 -26.811123076955692 17.400000000000002
    endloop
  endfacet
  facet normal 0 0 1
    outer loop
      vertex 87.34740910174911 -26.9235782507653 20.400000000000002
      vertex 112.56107582724933 -26.69707050163984 20.400000000000002
      vertex 87.39514349098376 -26.811123076955692 20.400000000000002
    endloop
  endfacet
  facet normal -0.9335804264972168 0.358367949545261 0
    outer loop
      vertex 87.39514349098376 -26.811123076955692 17.400000000000002
      vertex 87.39514349098376 -26.811123076955692 20.400000000000002
      vertex 87.43892417275067 -26.69707050163984 17.400000000000002
    endloop
  endfacet
  facet normal 0 0 1
    outer loop
      vertex 87.39514349098376 -26.811123076955692 17.400000000000002
      vertex 87.43892417275067 -26.69707050163984 17.400000000000002
      vertex 87.53176048672866 -26.4 17.400000000000002
    endloop
  endfacet
  facet normal -0.9335804264972168 0.358367949545261 0
    outer loop
      vertex 87.39514349098376 -26.811123076955692 20.400000000000002
      vertex 87.43892417275067 -26.69707050163984 20.400000000000002
      vertex 87.43892417275067 -26.69707050163984 17.400000000000002
    endloop
  endfacet
  facet normal 0 0 1
    outer loop
      vertex 87.39514349098376 -26.811123076955692 20.400000000000002
      vertex 112.56107582724933 -26.69707050163984 20.400000000000002
      vertex 87.43892417275067 -26.69707050163984 20.400000000000002
    endloop
  endfacet
  facet normal -0.945518575599289 0.3255681544572376 0
    outer loop
      vertex 87.43892417275067 -26.69707050163984 17.400000000000002
      vertex 87.43892417275067 -26.69707050163984 20.400000000000002
      vertex 87.47869780703304 -26.581559480312315 17.400000000000002
    endloop
  endfacet
  facet normal 0 0 1
    outer loop
      vertex 87.43892417275067 -26.69707050163984 17.400000000000002
      vertex 87.47869780703304 -26.581559480312315 17.400000000000002
      vertex 87.53176048672866 -26.4 17.400000000000002
    endloop
  endfacet
  facet normal -0.945518575599289 0.3255681544572376 0
    outer loop
      vertex 87.43892417275067 -26.69707050163984 20.400000000000002
      vertex 87.47869780703304 -26.581559480312315 20.400000000000002
      vertex 87.47869780703304 -26.581559480312315 17.400000000000002
    endloop
  endfacet
  facet normal 0 0 1
    outer loop
      vertex 87.43892417275067 -26.69707050163984 20.400000000000002
      vertex 112.56107582724933 -26.69707050163984 20.400000000000002
      vertex 87.47869780703304 -26.581559480312315 20.400000000000002
    endloop
  endfacet
  facet normal -0.9563047559630519 0.29237170472268326 0
    outer loop
      vertex 87.47869780703304 -26.581559480312315 17.400000000000002
      vertex 87.47869780703304 -26.581559480312315 20.400000000000002
      vertex 87.51441593578411 -26.464730745359496 17.400000000000002
    endloop
  endfacet
  facet normal 0 0 1
    outer loop
      vertex 87.47869780703304 -26.581559480312315 17.400000000000002
      vertex 87.51441593578411 -26.464730745359496 17.400000000000002
      vertex 87.53176048672866 -26.4 17.400000000000002
    endloop
  endfacet
  facet normal -0.9563047559630519 0.29237170472268326 0
    outer loop
      vertex 87.47869780703304 -26.581559480312315 20.400000000000002
      vertex 87.51441593578411 -26.464730745359496 20.400000000000002
      vertex 87.51441593578411 -26.464730745359496 17.400000000000002
    endloop
  endfacet
  facet normal 0 0 1
    outer loop
      vertex 87.47869780703304 -26.581559480312315 20.400000000000002
      vertex 112.52130219296696 -26.581559480312315 20.400000000000002
      vertex 87.51441593578411 -26.464730745359496 20.400000000000002
    endloop
  endfacet
  facet normal 0 0 1
    outer loop
      vertex 87.47869780703304 -26.581559480312315 20.400000000000002
      vertex 112.56107582724933 -26.69707050163984 20.400000000000002
      vertex 112.52130219296696 -26.581559480312315 20.400000000000002
    endloop
  endfacet
  facet normal -0.9659258262890651 0.25881904510253284 0
    outer loop
      vertex 87.51441593578411 -26.464730745359496 17.400000000000002
      vertex 87.51441593578411 -26.464730745359496 20.400000000000002
      vertex 87.53176048672866 -26.4 20.400000000000002
    endloop
  endfacet
  facet normal -0.9659258262890651 0.25881904510253284 0
    outer loop
      vertex 87.51441593578411 -26.464730745359496 17.400000000000002
      vertex 87.53176048672866 -26.4 20.400000000000002
      vertex 87.53176048672866 -26.4 17.400000000000002
    endloop
  endfacet
  facet normal 0 0 1
    outer loop
      vertex 87.51441593578411 -26.464730745359496 20.400000000000002
      vertex 112.46823951327134 -26.4 20.400000000000002
      vertex 87.53176048672866 -26.4 20.400000000000002
    endloop
  endfacet
  facet normal 0 0 1
    outer loop
      vertex 87.51441593578411 -26.464730745359496 20.400000000000002
      vertex 112.48558406421589 -26.464730745359496 20.400000000000002
      vertex 112.46823951327134 -26.4 20.400000000000002
    endloop
  endfacet
  facet normal 0 0 1
    outer loop
      vertex 87.51441593578411 -26.464730745359496 20.400000000000002
      vertex 112.52130219296696 -26.581559480312315 20.400000000000002
      vertex 112.48558406421589 -26.464730745359496 20.400000000000002
    endloop
  endfacet
  facet normal 0 1 0
    outer loop
      vertex 87.53176048672866 -26.4 17.400000000000002
      vertex 87.53176048672866 -26.4 20.400000000000002
      vertex 120.22789797287224 -26.4 10.400000000000002
    endloop
  endfacet
  facet normal 0 1 0
    outer loop
      vertex 87.53176048672866 -26.4 20.400000000000002
      vertex 112.46823951327134 -26.4 17.400000000000002
      vertex 120.22789797287224 -26.4 10.400000000000002
    endloop
  endfacet
  facet normal 0 1 0
    outer loop
      vertex 87.53176048672866 -26.4 20.400000000000002
      vertex 112.46823951327134 -26.4 20.400000000000002
      vertex 112.46823951327134 -26.4 17.400000000000002
    endloop
  endfacet
  facet normal 0.9659258262890651 0.25881904510253284 0
    outer loop
      vertex 112.46823951327134 -26.4 17.400000000000002
      vertex 112.46823951327134 -26.4 20.400000000000002
      vertex 112.48558406421589 -26.464730745359496 20.400000000000002
    endloop
  endfacet
  facet normal 0 0 1
    outer loop
      vertex 112.46823951327134 -26.4 17.400000000000002
      vertex 112.48558406421589 -26.464730745359496 17.400000000000002
      vertex 119.23176048672866 -26.4 17.400000000000002
    endloop
  endfacet
  facet normal 0.9659258262890651 0.25881904510253284 0
    outer loop
      vertex 112.46823951327134 -26.4 17.400000000000002
      vertex 112.48558406421589 -26.464730745359496 20.400000000000002
      vertex 112.48558406421589 -26.464730745359496 17.400000000000002
    endloop
  endfacet
  facet normal 0 1 0
    outer loop
      vertex 112.46823951327134 -26.4 17.400000000000002
      vertex 119.23176048672866 -26.4 17.400000000000002
      vertex 120.22789797287224 -26.4 10.400000000000002
    endloop
  endfacet
  facet normal 0.9563047559630519 0.29237170472268326 0
    outer loop
      vertex 112.48558406421589 -26.464730745359496 17.400000000000002
      vertex 112.48558406421589 -26.464730745359496 20.400000000000002
      vertex 112.52130219296696 -26.581559480312315 17.400000000000002
    endloop
  endfacet
  facet normal 0 0 1
    outer loop
      vertex 112.48558406421589 -26.464730745359496 17.400000000000002
      vertex 112.52130219296696 -26.581559480312315 17.400000000000002
      vertex 119.23176048672866 -26.4 17.400000000000002
    endloop
  endfacet
  facet normal 0.9563047559630519 0.29237170472268326 0
    outer loop
      vertex 112.48558406421589 -26.464730745359496 20.400000000000002
      vertex 112.52130219296696 -26.581559480312315 20.400000000000002
      vertex 112.52130219296696 -26.581559480312315 17.400000000000002
    endloop
  endfacet
  facet normal 0.945518575599289 0.3255681544572376 0
    outer loop
      vertex 112.52130219296696 -26.581559480312315 17.400000000000002
      vertex 112.52130219296696 -26.581559480312315 20.400000000000002
      vertex 112.56107582724933 -26.69707050163984 17.400000000000002
    endloop
  endfacet
  facet normal 0 0 1
    outer loop
      vertex 112.52130219296696 -26.581559480312315 17.400000000000002
      vertex 112.56107582724933 -26.69707050163984 17.400000000000002
      vertex 119.23176048672866 -26.4 17.400000000000002
    endloop
  endfacet
  facet normal 0.945518575599289 0.3255681544572376 0
    outer loop
      vertex 112.52130219296696 -26.581559480312315 20.400000000000002
      vertex 112.56107582724933 -26.69707050163984 20.400000000000002
      vertex 112.56107582724933 -26.69707050163984 17.400000000000002
    endloop
  endfacet
  facet normal 0.9335804264972168 0.358367949545261 0
    outer loop
      vertex 112.56107582724933 -26.69707050163984 17.400000000000002
      vertex 112.56107582724933 -26.69707050163984 20.400000000000002
      vertex 112.60485650901624 -26.811123076955692 17.400000000000002
    endloop
  endfacet
  facet normal 0 0 1
    outer loop
      vertex 112.56107582724933 -26.69707050163984 17.400000000000002
      vertex 112.60485650901624 -26.811123076955692 17.400000000000002
      vertex 119.23176048672866 -26.4 17.400000000000002
    endloop
  endfacet
  facet normal 0.9335804264972168 0.358367949545261 0
    outer loop
      vertex 112.56107582724933 -26.69707050163984 20.400000000000002
      vertex 112.60485650901624 -26.811123076955692 20.400000000000002
      vertex 112.60485650901624 -26.811123076955692 17.400000000000002
    endloop
  endfacet
  facet normal 0.9205048534524521 0.390731128489246 0
    outer loop
      vertex 112.60485650901624 -26.811123076955692 17.400000000000002
      vertex 112.60485650901624 -26.811123076955692 20.400000000000002
      vertex 112.65259089825089 -26.9235782507653 17.400000000000002
    endloop
  endfacet
  facet normal 0 0 1
    outer loop
      vertex 112.60485650901624 -26.811123076955692 17.400000000000002
      vertex 112.65259089825089 -26.9235782507653 17.400000000000002
      vertex 119.23176048672866 -26.4 17.400000000000002
    endloop
  endfacet
  facet normal 0.9205048534524521 0.390731128489246 0
    outer loop
      vertex 112.60485650901624 -26.811123076955692 20.400000000000002
      vertex 112.65259089825089 -26.9235782507653 20.400000000000002
      vertex 112.65259089825089 -26.9235782507653 17.400000000000002
    endloop
  endfacet
  facet normal 0.9063077870366333 0.4226182617407353 0
    outer loop
      vertex 112.65259089825089 -26.9235782507653 17.400000000000002
      vertex 112.65259089825089 -26.9235782507653 20.400000000000002
      vertex 112.70422083795292 -27.03429901376177 17.400000000000002
    endloop
  endfacet
  facet normal 0 0 1
    outer loop
      vertex 112.65259089825089 -26.9235782507653 17.400000000000002
      vertex 112.70422083795292 -27.03429901376177 17.400000000000002
      vertex 119.23176048672866 -26.4 17.400000000000002
    endloop
  endfacet
  facet normal 0.9063077870366333 0.4226182617407353 0
    outer loop
      vertex 112.65259089825089 -26.9235782507653 20.400000000000002
      vertex 112.70422083795292 -27.03429901376177 20.400000000000002
      vertex 112.70422083795292 -27.03429901376177 17.400000000000002
    endloop
  endfacet
  facet normal 0.8910065241883844 0.4539904997395144 0
    outer loop
      vertex 112.70422083795292 -27.03429901376177 17.400000000000002
      vertex 112.70422083795292 -27.03429901376177 20.400000000000002
      vertex 112.75968342499375 -27.14315046975062 17.400000000000002
    endloop
  endfacet
  facet normal 0 0 1
    outer loop
      vertex 112.70422083795292 -27.03429901376177 17.400000000000002
      vertex 112.75968342499375 -27.14315046975062 17.400000000000002
      vertex 119.23176048672866 -26.4 17.400000000000002
    endloop
  endfacet
  facet normal 0.8910065241883844 0.4539904997395144 0
    outer loop
      vertex 112.70422083795292 -27.03429901376177 20.400000000000002
      vertex 112.75968342499375 -27.14315046975062 20.400000000000002
      vertex 112.75968342499375 -27.14315046975062 17.400000000000002
    endloop
  endfacet
  facet normal 0.8746197071393707 0.4848096202463825 0
    outer loop
      vertex 112.75968342499375 -27.14315046975062 17.400000000000002
      vertex 112.75968342499375 -27.14315046975062 20.400000000000002
      vertex 112.81891108675447 -27.25 17.400000000000002
    endloop
  endfacet
  facet normal 0 0 1
    outer loop
      vertex 112.75968342499375 -27.14315046975062 17.400000000000002
      vertex 112.81891108675447 -27.25 17.400000000000002
      vertex 119.23176048672866 -26.4 17.400000000000002
    endloop
  endfacet
  facet normal 0.8746197071393707 0.4848096202463825 0
    outer loop
      vertex 112.75968342499375 -27.14315046975062 20.400000000000002
      vertex 112.81891108675447 -27.25 20.400000000000002
      vertex 112.81891108675447 -27.25 17.400000000000002
    endloop
  endfacet
  facet normal 0.8571673007021032 0.5150380749100693 0
    outer loop
      vertex 112.81891108675447 -27.25 17.400000000000002
      vertex 112.81891108675447 -27.25 20.400000000000002
      vertex 112.88183166345252 -27.35471742481622 17.400000000000002
    endloop
  endfacet
  facet normal 0 0 1
    outer loop
      vertex 112.81891108675447 -27.25 17.400000000000002
      vertex 112.88183166345252 -27.35471742481622 17.400000000000002
      vertex 119.23176048672866 -26.4 17.400000000000002
    endloop
  endfacet
  facet normal 0.8571673007021032 0.5150380749100693 0
    outer loop
      vertex 112.81891108675447 -27.25 20.400000000000002
      vertex 112.88183166345252 -27.35471742481622 20.400000000000002
      vertex 112.88183166345252 -27.35471742481622 17.400000000000002
    endloop
  endfacet
  facet normal 0.8386705679454417 0.544639035015 0
    outer loop
      vertex 112.88183166345252 -27.35471742481622 17.400000000000002
      vertex 112.88183166345252 -27.35471742481622 20.400000000000002
      vertex 112.94836849605736 -27.457175162147614 17.400000000000002
    endloop
  endfacet
  facet normal 0 0 1
    outer loop
      vertex 112.88183166345252 -27.35471742481622 17.400000000000002
      vertex 112.94836849605736 -27.457175162147614 17.400000000000002
      vertex 119.23176048672866 -26.4 17.400000000000002
    endloop
  endfacet
  facet normal 0.8386705679454417 0.544639035015 0
    outer loop
      vertex 112.88183166345252 -27.35471742481622 20.400000000000002
      vertex 112.94836849605736 -27.457175162147614 20.400000000000002
      vertex 112.94836849605736 -27.457175162147614 17.400000000000002
    endloop
  endfacet
  facet normal 0.8191520442889846 0.5735764363510565 0
    outer loop
      vertex 112.94836849605736 -27.457175162147614 17.400000000000002
      vertex 112.94836849605736 -27.457175162147614 20.400000000000002
      vertex 113.01844051968769 -27.557248383023655 17.400000000000002
    endloop
  endfacet
  facet normal 0 0 1
    outer loop
      vertex 112.94836849605736 -27.457175162147614 17.400000000000002
      vertex 113.01844051968769 -27.557248383023655 17.400000000000002
      vertex 119.23176048672866 -26.4 17.400000000000002
    endloop
  endfacet
  facet normal 0.8191520442889846 0.5735764363510565 0
    outer loop
      vertex 112.94836849605736 -27.457175162147614 20.400000000000002
      vertex 113.01844051968769 -27.557248383023655 20.400000000000002
      vertex 113.01844051968769 -27.557248383023655 17.400000000000002
    endloop
  endfacet
  facet normal 0.7986355100472855 0.601815023152058 0
    outer loop
      vertex 113.01844051968769 -27.557248383023655 17.400000000000002
      vertex 113.01844051968769 -27.557248383023655 20.400000000000002
      vertex 113.09196236237648 -27.654815163639803 17.400000000000002
    endloop
  endfacet
  facet normal 0 0 1
    outer loop
      vertex 113.01844051968769 -27.557248383023655 17.400000000000002
      vertex 113.09196236237648 -27.654815163639803 17.400000000000002
      vertex 119.23176048672866 -26.4 17.400000000000002
    endloop
  endfacet
  facet normal 0.7986355100472855 0.601815023152058 0
    outer loop
      vertex 113.01844051968769 -27.557248383023655 20.400000000000002
      vertex 113.09196236237648 -27.654815163639803 20.400000000000002
      vertex 113.09196236237648 -27.654815163639803 17.400000000000002
    endloop
  endfacet
  facet normal 0.7771459614569811 0.6293203910498246 0
    outer loop
      vertex 113.09196236237648 -27.654815163639803 17.400000000000002
      vertex 113.09196236237648 -27.654815163639803 20.400000000000002
      vertex 113.16884444908358 -27.749756633902887 17.400000000000002
    endloop
  endfacet
  facet normal 0 0 1
    outer loop
      vertex 113.09196236237648 -27.654815163639803 17.400000000000002
      vertex 113.16884444908358 -27.749756633902887 17.400000000000002
      vertex 119.23176048672866 -26.4 17.400000000000002
    endloop
  endfacet
  facet normal 0.7771459614569811 0.6293203910498246 0
    outer loop
      vertex 113.09196236237648 -27.654815163639803 20.400000000000002
      vertex 113.16884444908358 -27.749756633902887 20.400000000000002
      vertex 113.16884444908358 -27.749756633902887 17.400000000000002
    endloop
  endfacet
  facet normal 0.7547095802227938 0.6560590289904823 0
    outer loop
      vertex 113.16884444908358 -27.749756633902887 17.400000000000002
      vertex 113.16884444908358 -27.749756633902887 20.400000000000002
      vertex 113.24899311082912 -27.841957122256005 17.400000000000002
    endloop
  endfacet
  facet normal 0 0 1
    outer loop
      vertex 113.16884444908358 -27.749756633902887 17.400000000000002
      vertex 113.24899311082912 -27.841957122256005 17.400000000000002
      vertex 119.23176048672866 -26.4 17.400000000000002
    endloop
  endfacet
  facet normal 0.7547095802227938 0.6560590289904823 0
    outer loop
      vertex 113.16884444908358 -27.749756633902887 20.400000000000002
      vertex 113.24899311082912 -27.841957122256005 20.400000000000002
      vertex 113.24899311082912 -27.841957122256005 17.400000000000002
    endloop
  endfacet
  facet normal 0.731353701619154 0.6819983600625164 0
    outer loop
      vertex 113.24899311082912 -27.841957122256005 17.400000000000002
      vertex 113.24899311082912 -27.841957122256005 20.400000000000002
      vertex 113.33231069881472 -27.93130429660649 17.400000000000002
    endloop
  endfacet
  facet normal 0 0 1
    outer loop
      vertex 113.24899311082912 -27.841957122256005 17.400000000000002
      vertex 113.33231069881472 -27.93130429660649 17.400000000000002
      vertex 119.23176048672866 -26.4 17.400000000000002
    endloop
  endfacet
  facet normal 0.731353701619154 0.6819983600625164 0
    outer loop
      vertex 113.24899311082912 -27.841957122256005 20.400000000000002
      vertex 113.33231069881472 -27.93130429660649 20.400000000000002
      vertex 113.33231069881472 -27.93130429660649 17.400000000000002
    endloop
  endfacet
  facet normal 0.7071067811865841 0.7071067811865109 0
    outer loop
      vertex 113.33231069881472 -27.93130429660649 17.400000000000002
      vertex 113.33231069881472 -27.93130429660649 20.400000000000002
      vertex 113.40100640220822 -28 20.400000000000002
    endloop
  endfacet
  facet normal 0 0 1
    outer loop
      vertex 113.33231069881472 -27.93130429660649 17.400000000000002
      vertex 113.40100640220822 -28 17.400000000000002
      vertex 119.23176048672866 -26.4 17.400000000000002
    endloop
  endfacet
  facet normal 0.7071067811865841 0.7071067811865109 0
    outer loop
      vertex 113.33231069881472 -27.93130429660649 17.400000000000002
      vertex 113.40100640220822 -28 20.400000000000002
      vertex 113.40100640220822 -28 17.400000000000002
    endloop
  endfacet
  facet normal 0 0 1
    outer loop
      vertex 113.40100640220822 -28 17.400000000000002
      vertex 118.29899359779176 -28 17.400000000000002
      vertex 119.23176048672866 -26.4 17.400000000000002
    endloop
  endfacet
  facet normal -0.7071067811865109 0.7071067811865841 0
    outer loop
      vertex 118.29899359779176 -28 17.400000000000002
      vertex 118.29899359779176 -28 20.400000000000002
      vertex 118.36768930118528 -27.93130429660649 20.400000000000002
    endloop
  endfacet
  facet normal 0 0 1
    outer loop
      vertex 118.29899359779176 -28 17.400000000000002
      vertex 118.36768930118528 -27.93130429660649 17.400000000000002
      vertex 119.23176048672866 -26.4 17.400000000000002
    endloop
  endfacet
  facet normal -0.7071067811865109 0.7071067811865841 0
    outer loop
      vertex 118.29899359779176 -28 17.400000000000002
      vertex 118.36768930118528 -27.93130429660649 20.400000000000002
      vertex 118.36768930118528 -27.93130429660649 17.400000000000002
    endloop
  endfacet
  facet normal 0 -1 0
    outer loop
      vertex 118.29899359779176 -28 17.400000000000002
      vertex 128 -28 20.400000000000002
      vertex 118.29899359779176 -28 20.400000000000002
    endloop
  endfacet
  facet normal 0 0 1
    outer loop
      vertex 118.29899359779176 -28 20.400000000000002
      vertex 122.20301683324797 -26.523440681375057 20.400000000000002
      vertex 118.36768930118528 -27.93130429660649 20.400000000000002
    endloop
  endfacet
  facet normal 0 0 1
    outer loop
      vertex 118.29899359779176 -28 20.400000000000002
      vertex 128 -28 20.400000000000002
      vertex 122.20301683324797 -26.523440681375057 20.400000000000002
    endloop
  endfacet
  facet normal -0.731353701619154 0.6819983600625164 0
    outer loop
      vertex 118.36768930118528 -27.93130429660649 17.400000000000002
      vertex 118.36768930118528 -27.93130429660649 20.400000000000002
      vertex 118.45100688917088 -27.841957122256005 17.400000000000002
    endloop
  endfacet
  facet normal 0 0 1
    outer loop
      vertex 118.36768930118528 -27.93130429660649 17.400000000000002
      vertex 118.45100688917088 -27.841957122256005 17.400000000000002
      vertex 119.23176048672866 -26.4 17.400000000000002
    endloop
  endfacet
  facet normal -0.731353701619154 0.6819983600625164 0
    outer loop
      vertex 118.36768930118528 -27.93130429660649 20.400000000000002
      vertex 118.45100688917088 -27.841957122256005 20.400000000000002
      vertex 118.45100688917088 -27.841957122256005 17.400000000000002
    endloop
  endfacet
  facet normal 0 0 1
    outer loop
      vertex 118.36768930118528 -27.93130429660649 20.400000000000002
      vertex 122.20301683324797 -26.523440681375057 20.400000000000002
      vertex 118.45100688917088 -27.841957122256005 20.400000000000002
    endloop
  endfacet
  facet normal -0.7547095802227938 0.6560590289904823 0
    outer loop
      vertex 118.45100688917088 -27.841957122256005 17.400000000000002
      vertex 118.45100688917088 -27.841957122256005 20.400000000000002
      vertex 118.53115555091642 -27.749756633902887 17.400000000000002
    endloop
  endfacet
  facet normal 0 0 1
    outer loop
      vertex 118.45100688917088 -27.841957122256005 17.400000000000002
      vertex 118.53115555091642 -27.749756633902887 17.400000000000002
      vertex 119.23176048672866 -26.4 17.400000000000002
    endloop
  endfacet
  facet normal -0.7547095802227938 0.6560590289904823 0
    outer loop
      vertex 118.45100688917088 -27.841957122256005 20.400000000000002
      vertex 118.53115555091642 -27.749756633902887 20.400000000000002
      vertex 118.53115555091642 -27.749756633902887 17.400000000000002
    endloop
  endfacet
  facet normal 0 0 1
    outer loop
      vertex 118.45100688917088 -27.841957122256005 20.400000000000002
      vertex 122.20301683324797 -26.523440681375057 20.400000000000002
      vertex 118.53115555091642 -27.749756633902887 20.400000000000002
    endloop
  endfacet
  facet normal -0.7771459614569811 0.6293203910498246 0
    outer loop
      vertex 118.53115555091642 -27.749756633902887 17.400000000000002
      vertex 118.53115555091642 -27.749756633902887 20.400000000000002
      vertex 118.60803763762353 -27.654815163639803 17.400000000000002
    endloop
  endfacet
  facet normal 0 0 1
    outer loop
      vertex 118.53115555091642 -27.749756633902887 17.400000000000002
      vertex 118.60803763762353 -27.654815163639803 17.400000000000002
      vertex 119.23176048672866 -26.4 17.400000000000002
    endloop
  endfacet
  facet normal -0.7771459614569811 0.6293203910498246 0
    outer loop
      vertex 118.53115555091642 -27.749756633902887 20.400000000000002
      vertex 118.60803763762353 -27.654815163639803 20.400000000000002
      vertex 118.60803763762353 -27.654815163639803 17.400000000000002
    endloop
  endfacet
  facet normal 0 0 1
    outer loop
      vertex 118.53115555091642 -27.749756633902887 20.400000000000002
      vertex 122.20301683324797 -26.523440681375057 20.400000000000002
      vertex 118.60803763762353 -27.654815163639803 20.400000000000002
    endloop
  endfacet
  facet normal -0.7986355100472855 0.601815023152058 0
    outer loop
      vertex 118.60803763762353 -27.654815163639803 17.400000000000002
      vertex 118.60803763762353 -27.654815163639803 20.400000000000002
      vertex 118.68155948031232 -27.557248383023655 17.400000000000002
    endloop
  endfacet
  facet normal 0 0 1
    outer loop
      vertex 118.60803763762353 -27.654815163639803 17.400000000000002
      vertex 118.68155948031232 -27.557248383023655 17.400000000000002
      vertex 119.23176048672866 -26.4 17.400000000000002
    endloop
  endfacet
  facet normal -0.7986355100472855 0.601815023152058 0
    outer loop
      vertex 118.60803763762353 -27.654815163639803 20.400000000000002
      vertex 118.68155948031232 -27.557248383023655 20.400000000000002
      vertex 118.68155948031232 -27.557248383023655 17.400000000000002
    endloop
  endfacet
  facet normal 0 0 1
    outer loop
      vertex 118.60803763762353 -27.654815163639803 20.400000000000002
      vertex 122.20301683324797 -26.523440681375057 20.400000000000002
      vertex 118.68155948031232 -27.557248383023655 20.400000000000002
    endloop
  endfacet
  facet normal -0.8191520442889846 0.5735764363510565 0
    outer loop
      vertex 118.68155948031232 -27.557248383023655 17.400000000000002
      vertex 118.68155948031232 -27.557248383023655 20.400000000000002
      vertex 118.75163150394265 -27.457175162147614 17.400000000000002
    endloop
  endfacet
  facet normal 0 0 1
    outer loop
      vertex 118.68155948031232 -27.557248383023655 17.400000000000002
      vertex 118.75163150394265 -27.457175162147614 17.400000000000002
      vertex 119.23176048672866 -26.4 17.400000000000002
    endloop
  endfacet
  facet normal -0.8191520442889846 0.5735764363510565 0
    outer loop
      vertex 118.68155948031232 -27.557248383023655 20.400000000000002
      vertex 118.75163150394265 -27.457175162147614 20.400000000000002
      vertex 118.75163150394265 -27.457175162147614 17.400000000000002
    endloop
  endfacet
  facet normal 0 0 1
    outer loop
      vertex 118.68155948031232 -27.557248383023655 20.400000000000002
      vertex 122.20301683324797 -26.523440681375057 20.400000000000002
      vertex 118.75163150394265 -27.457175162147614 20.400000000000002
    endloop
  endfacet
  facet normal -0.8386705679454417 0.544639035015 0
    outer loop
      vertex 118.75163150394265 -27.457175162147614 17.400000000000002
      vertex 118.75163150394265 -27.457175162147614 20.400000000000002
      vertex 118.81816833654749 -27.35471742481622 17.400000000000002
    endloop
  endfacet
  facet normal 0 0 1
    outer loop
      vertex 118.75163150394265 -27.457175162147614 17.400000000000002
      vertex 118.81816833654749 -27.35471742481622 17.400000000000002
      vertex 119.23176048672866 -26.4 17.400000000000002
    endloop
  endfacet
  facet normal -0.8386705679454417 0.544639035015 0
    outer loop
      vertex 118.75163150394265 -27.457175162147614 20.400000000000002
      vertex 118.81816833654749 -27.35471742481622 20.400000000000002
      vertex 118.81816833654749 -27.35471742481622 17.400000000000002
    endloop
  endfacet
  facet normal 0 0 1
    outer loop
      vertex 118.75163150394265 -27.457175162147614 20.400000000000002
      vertex 122.20301683324797 -26.523440681375057 20.400000000000002
      vertex 118.81816833654749 -27.35471742481622 20.400000000000002
    endloop
  endfacet
  facet normal -0.8571673007021032 0.5150380749100693 0
    outer loop
      vertex 118.81816833654749 -27.35471742481622 17.400000000000002
      vertex 118.81816833654749 -27.35471742481622 20.400000000000002
      vertex 118.88108891324553 -27.25 17.400000000000002
    endloop
  endfacet
  facet normal 0 0 1
    outer loop
      vertex 118.81816833654749 -27.35471742481622 17.400000000000002
      vertex 118.88108891324553 -27.25 17.400000000000002
      vertex 119.23176048672866 -26.4 17.400000000000002
    endloop
  endfacet
  facet normal -0.8571673007021032 0.5150380749100693 0
    outer loop
      vertex 118.81816833654749 -27.35471742481622 20.400000000000002
      vertex 118.88108891324553 -27.25 20.400000000000002
      vertex 118.88108891324553 -27.25 17.400000000000002
    endloop
  endfacet
  facet normal 0 0 1
    outer loop
      vertex 118.81816833654749 -27.35471742481622 20.400000000000002
      vertex 122.20301683324797 -26.523440681375057 20.400000000000002
      vertex 118.88108891324553 -27.25 20.400000000000002
    endloop
  endfacet
  facet normal -0.8746197071393707 0.4848096202463825 0
    outer loop
      vertex 118.88108891324553 -27.25 17.400000000000002
      vertex 118.88108891324553 -27.25 20.400000000000002
      vertex 118.94031657500625 -27.14315046975062 17.400000000000002
    endloop
  endfacet
  facet normal 0 0 1
    outer loop
      vertex 118.88108891324553 -27.25 17.400000000000002
      vertex 118.94031657500625 -27.14315046975062 17.400000000000002
      vertex 119.23176048672866 -26.4 17.400000000000002
    endloop
  endfacet
  facet normal -0.8746197071393707 0.4848096202463825 0
    outer loop
      vertex 118.88108891324553 -27.25 20.400000000000002
      vertex 118.94031657500625 -27.14315046975062 20.400000000000002
      vertex 118.94031657500625 -27.14315046975062 17.400000000000002
    endloop
  endfacet
  facet normal 0 0 1
    outer loop
      vertex 118.88108891324553 -27.25 20.400000000000002
      vertex 122.20301683324797 -26.523440681375057 20.400000000000002
      vertex 118.94031657500625 -27.14315046975062 20.400000000000002
    endloop
  endfacet
  facet normal -0.8910065241883844 0.4539904997395144 0
    outer loop
      vertex 118.94031657500625 -27.14315046975062 17.400000000000002
      vertex 118.94031657500625 -27.14315046975062 20.400000000000002
      vertex 118.99577916204709 -27.03429901376177 17.400000000000002
    endloop
  endfacet
  facet normal 0 0 1
    outer loop
      vertex 118.94031657500625 -27.14315046975062 17.400000000000002
      vertex 118.99577916204709 -27.03429901376177 17.400000000000002
      vertex 119.23176048672866 -26.4 17.400000000000002
    endloop
  endfacet
  facet normal -0.8910065241883844 0.4539904997395144 0
    outer loop
      vertex 118.94031657500625 -27.14315046975062 20.400000000000002
      vertex 118.99577916204709 -27.03429901376177 20.400000000000002
      vertex 118.99577916204709 -27.03429901376177 17.400000000000002
    endloop
  endfacet
  facet normal 0 0 1
    outer loop
      vertex 118.94031657500625 -27.14315046975062 20.400000000000002
      vertex 122.20301683324797 -26.523440681375057 20.400000000000002
      vertex 118.99577916204709 -27.03429901376177 20.400000000000002
    endloop
  endfacet
  facet normal -0.9063077870366333 0.4226182617407353 0
    outer loop
      vertex 118.99577916204709 -27.03429901376177 17.400000000000002
      vertex 118.99577916204709 -27.03429901376177 20.400000000000002
      vertex 119.04740910174911 -26.9235782507653 17.400000000000002
    endloop
  endfacet
  facet normal 0 0 1
    outer loop
      vertex 118.99577916204709 -27.03429901376177 17.400000000000002
      vertex 119.04740910174911 -26.9235782507653 17.400000000000002
      vertex 119.23176048672866 -26.4 17.400000000000002
    endloop
  endfacet
  facet normal -0.9063077870366333 0.4226182617407353 0
    outer loop
      vertex 118.99577916204709 -27.03429901376177 20.400000000000002
      vertex 119.04740910174911 -26.9235782507653 20.400000000000002
      vertex 119.04740910174911 -26.9235782507653 17.400000000000002
    endloop
  endfacet
  facet normal 0 0 1
    outer loop
      vertex 118.99577916204709 -27.03429901376177 20.400000000000002
      vertex 122.20301683324797 -26.523440681375057 20.400000000000002
      vertex 119.04740910174911 -26.9235782507653 20.400000000000002
    endloop
  endfacet
  facet normal -0.9205048534524521 0.390731128489246 0
    outer loop
      vertex 119.04740910174911 -26.9235782507653 17.400000000000002
      vertex 119.04740910174911 -26.9235782507653 20.400000000000002
      vertex 119.09514349098376 -26.811123076955692 17.400000000000002
    endloop
  endfacet
  facet normal 0 0 1
    outer loop
      vertex 119.04740910174911 -26.9235782507653 17.400000000000002
      vertex 119.09514349098376 -26.811123076955692 17.400000000000002
      vertex 119.23176048672866 -26.4 17.400000000000002
    endloop
  endfacet
  facet normal -0.9205048534524521 0.390731128489246 0
    outer loop
      vertex 119.04740910174911 -26.9235782507653 20.400000000000002
      vertex 119.09514349098376 -26.811123076955692 20.400000000000002
      vertex 119.09514349098376 -26.811123076955692 17.400000000000002
    endloop
  endfacet
  facet normal 0 0 1
    outer loop
      vertex 119.04740910174911 -26.9235782507653 20.400000000000002
      vertex 122.20301683324797 -26.523440681375057 20.400000000000002
      vertex 119.09514349098376 -26.811123076955692 20.400000000000002
    endloop
  endfacet
  facet normal -0.9335804264972168 0.358367949545261 0
    outer loop
      vertex 119.09514349098376 -26.811123076955692 17.400000000000002
      vertex 119.09514349098376 -26.811123076955692 20.400000000000002
      vertex 119.13892417275068 -26.69707050163984 17.400000000000002
    endloop
  endfacet
  facet normal 0 0 1
    outer loop
      vertex 119.09514349098376 -26.811123076955692 17.400000000000002
      vertex 119.13892417275068 -26.69707050163984 17.400000000000002
      vertex 119.23176048672866 -26.4 17.400000000000002
    endloop
  endfacet
  facet normal -0.9335804264972168 0.358367949545261 0
    outer loop
      vertex 119.09514349098376 -26.811123076955692 20.400000000000002
      vertex 119.13892417275068 -26.69707050163984 20.400000000000002
      vertex 119.13892417275068 -26.69707050163984 17.400000000000002
    endloop
  endfacet
  facet normal 0 0 1
    outer loop
      vertex 119.09514349098376 -26.811123076955692 20.400000000000002
      vertex 122.20301683324797 -26.523440681375057 20.400000000000002
      vertex 119.13892417275068 -26.69707050163984 20.400000000000002
    endloop
  endfacet
  facet normal -0.9455185755993247 0.3255681544571336 0
    outer loop
      vertex 119.13892417275068 -26.69707050163984 17.400000000000002
      vertex 119.13892417275068 -26.69707050163984 20.400000000000002
      vertex 119.17869780703303 -26.581559480312315 17.400000000000002
    endloop
  endfacet
  facet normal 0 0 1
    outer loop
      vertex 119.13892417275068 -26.69707050163984 17.400000000000002
      vertex 119.17869780703303 -26.581559480312315 17.400000000000002
      vertex 119.23176048672866 -26.4 17.400000000000002
    endloop
  endfacet
  facet normal -0.9455185755993247 0.3255681544571336 0
    outer loop
      vertex 119.13892417275068 -26.69707050163984 20.400000000000002
      vertex 119.17869780703303 -26.581559480312315 20.400000000000002
      vertex 119.17869780703303 -26.581559480312315 17.400000000000002
    endloop
  endfacet
  facet normal 0 0 1
    outer loop
      vertex 119.13892417275068 -26.69707050163984 20.400000000000002
      vertex 122.20301683324797 -26.523440681375057 20.400000000000002
      vertex 119.17869780703303 -26.581559480312315 20.400000000000002
    endloop
  endfacet
  facet normal -0.9951847266721965 0.09801714032956477 0
    outer loop
      vertex 119.17 -23.57 1.6
      vertex 119.17 -23.57 10.400000000000002
      vertex 119.25454476622579 -22.711602583129036 10.400000000000002
    endloop
  endfacet
  facet normal -0.9951847266721965 -0.09801714032956477 0
    outer loop
      vertex 119.17 -23.57 1.6
      vertex 119.25454476622579 -24.428397416870965 1.6
      vertex 119.17 -23.57 10.400000000000002
    endloop
  endfacet
  facet normal -0.9951847266721965 0.09801714032956477 0
    outer loop
      vertex 119.17 -23.57 1.6
      vertex 119.25454476622579 -22.711602583129036 10.400000000000002
      vertex 119.25454476622579 -22.711602583129036 1.6
    endloop
  endfacet
  facet normal -0.9951847266721965 -0.09801714032956477 0
    outer loop
      vertex 119.17 -23.57 10.400000000000002
      vertex 119.25454476622579 -24.428397416870965 1.6
      vertex 119.25454476622579 -24.428397416870965 10.400000000000002
    endloop
  endfacet
  facet normal 0 0 1
    outer loop
      vertex 119.17 -23.57 10.400000000000002
      vertex 119.25454476622579 -24.428397416870965 10.400000000000002
      vertex 119.25454476622579 -22.711602583129036 10.400000000000002
    endloop
  endfacet
  facet normal -0.9951847266721965 0.09801714032956477 0
    outer loop
      vertex 119.17 23.57 1.6
      vertex 119.17 23.57 10.400000000000002
      vertex 119.25454476622579 24.428397416870965 10.400000000000002
    endloop
  endfacet
  facet normal -0.9951847266721965 -0.09801714032956477 0
    outer loop
      vertex 119.17 23.57 1.6
      vertex 119.25454476622579 22.711602583129036 1.6
      vertex 119.17 23.57 10.400000000000002
    endloop
  endfacet
  facet normal -0.9951847266721965 0.09801714032956477 0
    outer loop
      vertex 119.17 23.57 1.6
      vertex 119.25454476622579 24.428397416870965 10.400000000000002
      vertex 119.25454476622579 24.428397416870965 1.6
    endloop
  endfacet
  facet normal -0.9951847266721965 -0.09801714032956477 0
    outer loop
      vertex 119.17 23.57 10.400000000000002
      vertex 119.25454476622579 22.711602583129036 1.6
      vertex 119.25454476622579 22.711602583129036 10.400000000000002
    endloop
  endfacet
  facet normal 0 0 1
    outer loop
      vertex 119.17 23.57 10.400000000000002
      vertex 119.25454476622579 22.711602583129036 10.400000000000002
      vertex 119.25454476622579 24.428397416870965 10.400000000000002
    endloop
  endfacet
  facet normal -0.9563047559630192 0.2923717047227896 0
    outer loop
      vertex 119.17869780703303 -26.581559480312315 17.400000000000002
      vertex 119.17869780703303 -26.581559480312315 20.400000000000002
      vertex 119.21441593578412 -26.464730745359496 17.400000000000002
    endloop
  endfacet
  facet normal 0 0 1
    outer loop
      vertex 119.17869780703303 -26.581559480312315 17.400000000000002
      vertex 119.21441593578412 -26.464730745359496 17.400000000000002
      vertex 119.23176048672866 -26.4 17.400000000000002
    endloop
  endfacet
  facet normal -0.9563047559630192 0.2923717047227896 0
    outer loop
      vertex 119.17869780703303 -26.581559480312315 20.400000000000002
      vertex 119.21441593578412 -26.464730745359496 20.400000000000002
      vertex 119.21441593578412 -26.464730745359496 17.400000000000002
    endloop
  endfacet
  facet normal 0 0 1
    outer loop
      vertex 119.17869780703303 -26.581559480312315 20.400000000000002
      vertex 121.52784887281065 -26.4 20.400000000000002
      vertex 119.21441593578412 -26.464730745359496 20.400000000000002
    endloop
  endfacet
  facet normal 0 0 1
    outer loop
      vertex 119.17869780703303 -26.581559480312315 20.400000000000002
      vertex 122.20301683324797 -26.523440681375057 20.400000000000002
      vertex 121.52784887281065 -26.4 20.400000000000002
    endloop
  endfacet
  facet normal -0.9659258262890651 0.25881904510253284 0
    outer loop
      vertex 119.21441593578412 -26.464730745359496 17.400000000000002
      vertex 119.21441593578412 -26.464730745359496 20.400000000000002
      vertex 119.23176048672866 -26.4 20.400000000000002
    endloop
  endfacet
  facet normal -0.9659258262890651 0.25881904510253284 0
    outer loop
      vertex 119.21441593578412 -26.464730745359496 17.400000000000002
      vertex 119.23176048672866 -26.4 20.400000000000002
      vertex 119.23176048672866 -26.4 17.400000000000002
    endloop
  endfacet
  facet normal 0 0 1
    outer loop
      vertex 119.21441593578412 -26.464730745359496 20.400000000000002
      vertex 121.52784887281065 -26.4 20.400000000000002
      vertex 119.23176048672866 -26.4 20.400000000000002
    endloop
  endfacet
  facet normal 0 1 0
    outer loop
      vertex 119.23176048672866 -26.4 17.400000000000002
      vertex 119.23176048672866 -26.4 20.400000000000002
      vertex 120.22789797287224 -26.4 10.400000000000002
    endloop
  endfacet
  facet normal 0 1 0
    outer loop
      vertex 119.23176048672866 -26.4 20.400000000000002
      vertex 121.52784887281065 -26.4 20.400000000000002
      vertex 120.22789797287224 -26.4 10.400000000000002
    endloop
  endfacet
  facet normal -0.956940335732209 -0.290284677254462 0
    outer loop
      vertex 119.25454476622579 -24.428397416870965 1.6
      vertex 119.50493005695034 -25.253807102406395 1.6
      vertex 119.25454476622579 -24.428397416870965 10.400000000000002
    endloop
  endfacet
  facet normal -0.956940335732209 -0.290284677254462 0
    outer loop
      vertex 119.25454476622579 -24.428397416870965 10.400000000000002
      vertex 119.50493005695034 -25.253807102406395 1.6
      vertex 119.50493005695034 -25.253807102406395 10.400000000000002
    endloop
  endfacet
  facet normal 0 0 1
    outer loop
      vertex 119.25454476622579 -24.428397416870965 10.400000000000002
      vertex 119.50493005695034 -25.253807102406395 10.400000000000002
      vertex 119.25454476622579 -22.711602583129036 10.400000000000002
    endloop
  endfacet
  facet normal -0.956940335732209 0.290284677254462 0
    outer loop
      vertex 119.25454476622579 -22.711602583129036 1.6
      vertex 119.25454476622579 -22.711602583129036 10.400000000000002
      vertex 119.50493005695034 -21.886192897593606 10.400000000000002
    endloop
  endfacet
  facet normal -0.956940335732209 0.290284677254462 0
    outer loop
      vertex 119.25454476622579 -22.711602583129036 1.6
      vertex 119.50493005695034 -21.886192897593606 10.400000000000002
      vertex 119.50493005695034 -21.886192897593606 1.6
    endloop
  endfacet
  facet normal 0 0 1
    outer loop
      vertex 119.25454476622579 -22.711602583129036 10.400000000000002
      vertex 119.50493005695034 -25.253807102406395 10.400000000000002
      vertex 119.50493005695034 -21.886192897593606 10.400000000000002
    endloop
  endfacet
  facet normal -0.956940335732209 -0.290284677254462 0
    outer loop
      vertex 119.25454476622579 22.711602583129036 1.6
      vertex 119.50493005695034 21.886192897593606 1.6
      vertex 119.25454476622579 22.711602583129036 10.400000000000002
    endloop
  endfacet
  facet normal 0 0 1
    outer loop
      vertex 119.25454476622579 22.711602583129036 1.6
      vertex 124.4 -2 1.6
      vertex 119.50493005695034 21.886192897593606 1.6
    endloop
  endfacet
  facet normal -0.956940335732209 -0.290284677254462 0
    outer loop
      vertex 119.25454476622579 22.711602583129036 10.400000000000002
      vertex 119.50493005695034 21.886192897593606 1.6
      vertex 119.50493005695034 21.886192897593606 10.400000000000002
    endloop
  endfacet
  facet normal 0 0 1
    outer loop
      vertex 119.25454476622579 22.711602583129036 10.400000000000002
      vertex 119.50493005695034 21.886192897593606 10.400000000000002
      vertex 119.25454476622579 24.428397416870965 10.400000000000002
    endloop
  endfacet
  facet normal -0.956940335732209 0.290284677254462 0
    outer loop
      vertex 119.25454476622579 24.428397416870965 1.6
      vertex 119.25454476622579 24.428397416870965 10.400000000000002
      vertex 119.50493005695034 25.253807102406395 10.400000000000002
    endloop
  endfacet
  facet normal -0.956940335732209 0.290284677254462 0
    outer loop
      vertex 119.25454476622579 24.428397416870965 1.6
      vertex 119.50493005695034 25.253807102406395 10.400000000000002
      vertex 119.50493005695034 25.253807102406395 1.6
    endloop
  endfacet
  facet normal 0 0 1
    outer loop
      vertex 119.25454476622579 24.428397416870965 10.400000000000002
      vertex 119.50493005695034 21.886192897593606 10.400000000000002
      vertex 119.50493005695034 25.253807102406395 10.400000000000002
    endloop
  endfacet
  facet normal -0.8819212643483556 -0.4713967368259964 0
    outer loop
      vertex 119.50493005695034 -25.253807102406395 1.6
      vertex 119.9115337058688 -26.01450902528625 1.6
      vertex 119.50493005695034 -25.253807102406395 10.400000000000002
    endloop
  endfacet
  facet normal -0.8819212643483556 -0.4713967368259964 0
    outer loop
      vertex 119.50493005695034 -25.253807102406395 10.400000000000002
      vertex 119.9115337058688 -26.01450902528625 1.6
      vertex 119.9115337058688 -26.01450902528625 10.400000000000002
    endloop
  endfacet
  facet normal 0 0 1
    outer loop
      vertex 119.50493005695034 -25.253807102406395 10.400000000000002
      vertex 119.9115337058688 -26.01450902528625 10.400000000000002
      vertex 119.50493005695034 -21.886192897593606 10.400000000000002
    endloop
  endfacet
  facet normal -0.8819212643483556 0.4713967368259964 0
    outer loop
      vertex 119.50493005695034 -21.886192897593606 1.6
      vertex 119.50493005695034 -21.886192897593606 10.400000000000002
      vertex 119.9115337058688 -21.12549097471375 10.400000000000002
    endloop
  endfacet
  facet normal -0.8819212643483556 0.4713967368259964 0
    outer loop
      vertex 119.50493005695034 -21.886192897593606 1.6
      vertex 119.9115337058688 -21.12549097471375 10.400000000000002
      vertex 119.9115337058688 -21.12549097471375 1.6
    endloop
  endfacet
  facet normal 0 0 1
    outer loop
      vertex 119.50493005695034 -21.886192897593606 10.400000000000002
      vertex 119.9115337058688 -26.01450902528625 10.400000000000002
      vertex 119.9115337058688 -21.12549097471375 10.400000000000002
    endloop
  endfacet
  facet normal -0.8819212643483556 -0.4713967368259964 0
    outer loop
      vertex 119.50493005695034 21.886192897593606 1.6
      vertex 119.9115337058688 21.12549097471375 1.6
      vertex 119.50493005695034 21.886192897593606 10.400000000000002
    endloop
  endfacet
  facet normal 0 0 1
    outer loop
      vertex 119.50493005695034 21.886192897593606 1.6
      vertex 124.4 -2 1.6
      vertex 119.9115337058688 21.12549097471375 1.6
    endloop
  endfacet
  facet normal -0.8819212643483556 -0.4713967368259964 0
    outer loop
      vertex 119.50493005695034 21.886192897593606 10.400000000000002
      vertex 119.9115337058688 21.12549097471375 1.6
      vertex 119.9115337058688 21.12549097471375 10.400000000000002
    endloop
  endfacet
  facet normal 0 0 1
    outer loop
      vertex 119.50493005695034 21.886192897593606 10.400000000000002
      vertex 119.9115337058688 21.12549097471375 10.400000000000002
      vertex 119.50493005695034 25.253807102406395 10.400000000000002
    endloop
  endfacet
  facet normal -0.8819212643483556 0.4713967368259964 0
    outer loop
      vertex 119.50493005695034 25.253807102406395 1.6
      vertex 119.50493005695034 25.253807102406395 10.400000000000002
      vertex 119.9115337058688 26.01450902528625 10.400000000000002
    endloop
  endfacet
  facet normal -0.8819212643483556 0.4713967368259964 0
    outer loop
      vertex 119.50493005695034 25.253807102406395 1.6
      vertex 119.9115337058688 26.01450902528625 10.400000000000002
      vertex 119.9115337058688 26.01450902528625 1.6
    endloop
  endfacet
  facet normal 0 0 1
    outer loop
      vertex 119.50493005695034 25.253807102406395 10.400000000000002
      vertex 119.9115337058688 21.12549097471375 10.400000000000002
      vertex 119.9115337058688 26.01450902528625 10.400000000000002
    endloop
  endfacet
  facet normal -0.77301045336274 -0.6343932841636416 0
    outer loop
      vertex 119.9115337058688 -26.01450902528625 1.6
      vertex 120.22789797287224 -26.4 1.6
      vertex 119.9115337058688 -26.01450902528625 10.400000000000002
    endloop
  endfacet
  facet normal 0 0 1
    outer loop
      vertex 119.9115337058688 -26.01450902528625 10.400000000000002
      vertex 120.07 -23.57 10.400000000000002
      vertex 119.9115337058688 -21.12549097471375 10.400000000000002
    endloop
  endfacet
  facet normal 0 0 1
    outer loop
      vertex 119.9115337058688 -26.01450902528625 10.400000000000002
      vertex 120.1372515185887 -24.252816127056448 10.400000000000002
      vertex 120.07 -23.57 10.400000000000002
    endloop
  endfacet
  facet normal -0.77301045336274 -0.6343932841636416 0
    outer loop
      vertex 119.9115337058688 -26.01450902528625 10.400000000000002
      vertex 120.22789797287224 -26.4 1.6
      vertex 120.22789797287224 -26.4 10.400000000000002
    endloop
  endfacet
  facet normal 0 0 1
    outer loop
      vertex 119.9115337058688 -26.01450902528625 10.400000000000002
      vertex 120.22789797287224 -26.4 10.400000000000002
      vertex 120.3364216362105 -24.909392013277813 10.400000000000002
    endloop
  endfacet
  facet normal 0 0 1
    outer loop
      vertex 119.9115337058688 -26.01450902528625 10.400000000000002
      vertex 120.3364216362105 -24.909392013277813 10.400000000000002
      vertex 120.1372515185887 -24.252816127056448 10.400000000000002
    endloop
  endfacet
  facet normal -0.7730104533627397 0.6343932841636422 0
    outer loop
      vertex 119.9115337058688 -21.12549097471375 1.6
      vertex 119.9115337058688 -21.12549097471375 10.400000000000002
      vertex 120.45873016277919 -20.45873016277919 10.400000000000002
    endloop
  endfacet
  facet normal -0.7730104533627397 0.6343932841636422 0
    outer loop
      vertex 119.9115337058688 -21.12549097471375 1.6
      vertex 120.45873016277919 -20.45873016277919 10.400000000000002
      vertex 120.45873016277919 -20.45873016277919 1.6
    endloop
  endfacet
  facet normal 0 0 1
    outer loop
      vertex 119.9115337058688 -21.12549097471375 10.400000000000002
      vertex 120.07 -23.57 10.400000000000002
      vertex 120.1372515185887 -22.887183872943552 10.400000000000002
    endloop
  endfacet
  facet normal 0 0 1
    outer loop
      vertex 119.9115337058688 -21.12549097471375 10.400000000000002
      vertex 120.1372515185887 -22.887183872943552 10.400000000000002
      vertex 120.3364216362105 -22.230607986722188 10.400000000000002
    endloop
  endfacet
  facet normal 0 0 1
    outer loop
      vertex 119.9115337058688 -21.12549097471375 10.400000000000002
      vertex 120.3364216362105 -22.230607986722188 10.400000000000002
      vertex 120.45873016277919 -20.45873016277919 10.400000000000002
    endloop
  endfacet
  facet normal -0.7730104533627397 -0.6343932841636422 0
    outer loop
      vertex 119.9115337058688 21.12549097471375 1.6
      vertex 120.45873016277919 20.45873016277919 1.6
      vertex 119.9115337058688 21.12549097471375 10.400000000000002
    endloop
  endfacet
  facet normal 0 0 1
    outer loop
      vertex 119.9115337058688 21.12549097471375 1.6
      vertex 124.4 -2 1.6
      vertex 120.45873016277919 20.45873016277919 1.6
    endloop
  endfacet
  facet normal 0 0 1
    outer loop
      vertex 119.9115337058688 21.12549097471375 10.400000000000002
      vertex 120.07 23.57 10.400000000000002
      vertex 119.9115337058688 26.01450902528625 10.400000000000002
    endloop
  endfacet
  facet normal 0 0 1
    outer loop
      vertex 119.9115337058688 21.12549097471375 10.400000000000002
      vertex 120.1372515185887 22.887183872943552 10.400000000000002
      vertex 120.07 23.57 10.400000000000002
    endloop
  endfacet
  facet normal -0.7730104533627397 -0.6343932841636422 0
    outer loop
      vertex 119.9115337058688 21.12549097471375 10.400000000000002
      vertex 120.45873016277919 20.45873016277919 1.6
      vertex 120.45873016277919 20.45873016277919 10.400000000000002
    endloop
  endfacet
  facet normal 0 0 1
    outer loop
      vertex 119.9115337058688 21.12549097471375 10.400000000000002
      vertex 120.45873016277919 20.45873016277919 10.400000000000002
      vertex 120.1372515185887 22.887183872943552 10.400000000000002
    endloop
  endfacet
  facet normal -0.7730104533627397 0.6343932841636422 0
    outer loop
      vertex 119.9115337058688 26.01450902528625 1.6
      vertex 119.9115337058688 26.01450902528625 10.400000000000002
      vertex 120.45873016277919 26.68126983722081 10.400000000000002
    endloop
  endfacet
  facet normal -0.7730104533627397 0.6343932841636422 0
    outer loop
      vertex 119.9115337058688 26.01450902528625 1.6
      vertex 120.45873016277919 26.68126983722081 10.400000000000002
      vertex 120.45873016277919 26.68126983722081 1.6
    endloop
  endfacet
  facet normal 0 0 1
    outer loop
      vertex 119.9115337058688 26.01450902528625 10.400000000000002
      vertex 120.07 23.57 10.400000000000002
      vertex 120.1372515185887 24.252816127056448 10.400000000000002
    endloop
  endfacet
  facet normal 0 0 1
    outer loop
      vertex 119.9115337058688 26.01450902528625 10.400000000000002
      vertex 120.1372515185887 24.252816127056448 10.400000000000002
      vertex 120.3364216362105 24.909392013277813 10.400000000000002
    endloop
  endfacet
  facet normal 0 0 1
    outer loop
      vertex 119.9115337058688 26.01450902528625 10.400000000000002
      vertex 120.3364216362105 24.909392013277813 10.400000000000002
      vertex 120.65985635694109 25.51449581556861 10.400000000000002
    endloop
  endfacet
  facet normal 0 0 1
    outer loop
      vertex 119.9115337058688 26.01450902528625 10.400000000000002
      vertex 120.65985635694109 25.51449581556861 10.400000000000002
      vertex 120.45873016277919 26.68126983722081 10.400000000000002
    endloop
  endfacet
  facet normal -0.9951847266721952 0.09801714032957749 0
    outer loop
      vertex 120.07 -23.57 10.400000000000002
      vertex 120.07 -23.57 20.400000000000002
      vertex 120.1372515185887 -22.887183872943552 20.400000000000002
    endloop
  endfacet
  facet normal -0.9951847266721952 -0.09801714032957749 0
    outer loop
      vertex 120.07 -23.57 10.400000000000002
      vertex 120.1372515185887 -24.252816127056448 10.400000000000002
      vertex 120.07 -23.57 20.400000000000002
    endloop
  endfacet
  facet normal -0.9951847266721952 0.09801714032957749 0
    outer loop
      vertex 120.07 -23.57 10.400000000000002
      vertex 120.1372515185887 -22.887183872943552 20.400000000000002
      vertex 120.1372515185887 -22.887183872943552 10.400000000000002
    endloop
  endfacet
  facet normal -0.9951847266721952 -0.09801714032957749 0
    outer loop
      vertex 120.07 -23.57 20.400000000000002
      vertex 120.1372515185887 -24.252816127056448 10.400000000000002
      vertex 120.1372515185887 -24.252816127056448 20.400000000000002
    endloop
  endfacet
  facet normal 0 0 1
    outer loop
      vertex 120.07 -23.57 20.400000000000002
      vertex 120.1372515185887 -24.252816127056448 20.400000000000002
      vertex 120.1372515185887 -22.887183872943552 20.400000000000002
    endloop
  endfacet
  facet normal -0.9951847266721952 0.09801714032957749 0
    outer loop
      vertex 120.07 23.57 10.400000000000002
      vertex 120.07 23.57 20.400000000000002
      vertex 120.1372515185887 24.252816127056448 10.400000000000002
    endloop
  endfacet
  facet normal -0.9951847266721952 -0.09801714032957749 0
    outer loop
      vertex 120.07 23.57 10.400000000000002
      vertex 120.1372515185887 22.887183872943552 10.400000000000002
      vertex 120.1372515185887 22.887183872943552 20.400000000000002
    endloop
  endfacet
  facet normal -0.9951847266721952 -0.09801714032957749 0
    outer loop
      vertex 120.07 23.57 10.400000000000002
      vertex 120.1372515185887 22.887183872943552 20.400000000000002
      vertex 120.07 23.57 20.400000000000002
    endloop
  endfacet
  facet normal 0 0 1
    outer loop
      vertex 120.07 23.57 20.400000000000002
      vertex 120.1372515185887 22.887183872943552 20.400000000000002
      vertex 120.1372515185887 24.252816127056448 20.400000000000002
    endloop
  endfacet
  facet normal -0.9951847266721952 0.09801714032957749 0
    outer loop
      vertex 120.07 23.57 20.400000000000002
      vertex 120.1372515185887 24.252816127056448 20.400000000000002
      vertex 120.1372515185887 24.252816127056448 10.400000000000002
    endloop
  endfacet
  facet normal -0.9569403357322082 -0.29028467725446444 0
    outer loop
      vertex 120.1372515185887 -24.252816127056448 10.400000000000002
      vertex 120.3364216362105 -24.909392013277813 10.400000000000002
      vertex 120.1372515185887 -24.252816127056448 20.400000000000002
    endloop
  endfacet
  facet normal -0.9569403357322082 -0.29028467725446444 0
    outer loop
      vertex 120.1372515185887 -24.252816127056448 20.400000000000002
      vertex 120.3364216362105 -24.909392013277813 10.400000000000002
      vertex 120.3364216362105 -24.909392013277813 20.400000000000002
    endloop
  endfacet
  facet normal 0 0 1
    outer loop
      vertex 120.1372515185887 -24.252816127056448 20.400000000000002
      vertex 120.3364216362105 -24.909392013277813 20.400000000000002
      vertex 120.1372515185887 -22.887183872943552 20.400000000000002
    endloop
  endfacet
  facet normal -0.9569403357322082 0.29028467725446444 0
    outer loop
      vertex 120.1372515185887 -22.887183872943552 10.400000000000002
      vertex 120.1372515185887 -22.887183872943552 20.400000000000002
      vertex 120.3364216362105 -22.230607986722188 20.400000000000002
    endloop
  endfacet
  facet normal -0.9569403357322082 0.29028467725446444 0
    outer loop
      vertex 120.1372515185887 -22.887183872943552 10.400000000000002
      vertex 120.3364216362105 -22.230607986722188 20.400000000000002
      vertex 120.3364216362105 -22.230607986722188 10.400000000000002
    endloop
  endfacet
  facet normal 0 0 1
    outer loop
      vertex 120.1372515185887 -22.887183872943552 20.400000000000002
      vertex 120.3364216362105 -24.909392013277813 20.400000000000002
      vertex 120.3364216362105 -22.230607986722188 20.400000000000002
    endloop
  endfacet
  facet normal -0.9569403357322082 -0.29028467725446444 0
    outer loop
      vertex 120.1372515185887 22.887183872943552 10.400000000000002
      vertex 120.3364216362105 22.230607986722188 10.400000000000002
      vertex 120.3364216362105 22.230607986722188 20.400000000000002
    endloop
  endfacet
  facet normal -0.9569403357322082 -0.29028467725446444 0
    outer loop
      vertex 120.1372515185887 22.887183872943552 10.400000000000002
      vertex 120.3364216362105 22.230607986722188 20.400000000000002
      vertex 120.1372515185887 22.887183872943552 20.400000000000002
    endloop
  endfacet
  facet normal 0 0 1
    outer loop
      vertex 120.1372515185887 22.887183872943552 10.400000000000002
      vertex 120.45873016277919 20.45873016277919 10.400000000000002
      vertex 120.3364216362105 22.230607986722188 10.400000000000002
    endloop
  endfacet
  facet normal 0 0 1
    outer loop
      vertex 120.1372515185887 22.887183872943552 20.400000000000002
      vertex 120.3364216362105 22.230607986722188 20.400000000000002
      vertex 120.1372515185887 24.252816127056448 20.400000000000002
    endloop
  endfacet
  facet normal -0.9569403357322082 0.29028467725446444 0
    outer loop
      vertex 120.1372515185887 24.252816127056448 10.400000000000002
      vertex 120.1372515185887 24.252816127056448 20.400000000000002
      vertex 120.3364216362105 24.909392013277813 10.400000000000002
    endloop
  endfacet
  facet normal 0 0 1
    outer loop
      vertex 120.1372515185887 24.252816127056448 20.400000000000002
      vertex 120.3364216362105 22.230607986722188 20.400000000000002
      vertex 120.3364216362105 24.909392013277813 20.400000000000002
    endloop
  endfacet
  facet normal -0.9569403357322082 0.29028467725446444 0
    outer loop
      vertex 120.1372515185887 24.252816127056448 20.400000000000002
      vertex 120.3364216362105 24.909392013277813 20.400000000000002
      vertex 120.3364216362105 24.909392013277813 10.400000000000002
    endloop
  endfacet
  facet normal 0 0 1
    outer loop
      vertex 120.22789797287224 -26.4 10.400000000000002
      vertex 120.65985635694109 -25.51449581556861 10.400000000000002
      vertex 120.3364216362105 -24.909392013277813 10.400000000000002
    endloop
  endfacet
  facet normal 0 0 1
    outer loop
      vertex 120.22789797287224 -26.4 10.400000000000002
      vertex 121.09512626584709 -26.044873734152915 10.400000000000002
      vertex 120.65985635694109 -25.51449581556861 10.400000000000002
    endloop
  endfacet
  facet normal 0 0 1
    outer loop
      vertex 120.22789797287224 -26.4 10.400000000000002
      vertex 121.52784887281065 -26.4 10.400000000000002
      vertex 121.09512626584709 -26.044873734152915 10.400000000000002
    endloop
  endfacet
  facet normal 0 1 0
    outer loop
      vertex 120.22789797287224 -26.4 10.400000000000002
      vertex 121.52784887281065 -26.4 20.400000000000002
      vertex 121.52784887281065 -26.4 10.400000000000002
    endloop
  endfacet
  facet normal 0.9951847266721958 0.0980171403295712 0
    outer loop
      vertex 120.32 -23.57 0
      vertex 120.32 -23.57 7.600000000000001
      vertex 120.3824478386895 -24.204043546552416 0
    endloop
  endfacet
  facet normal 0.9951847266721958 -0.0980171403295712 0
    outer loop
      vertex 120.32 -23.57 0
      vertex 120.3824478386895 -22.935956453447584 0
      vertex 120.3824478386895 -22.935956453447584 7.600000000000001
    endloop
  endfacet
  facet normal 0.9951847266721958 -0.0980171403295712 0
    outer loop
      vertex 120.32 -23.57 0
      vertex 120.3824478386895 -22.935956453447584 7.600000000000001
      vertex 120.32 -23.57 7.600000000000001
    endloop
  endfacet
  facet normal 0.9951847266721958 0.0980171403295712 0
    outer loop
      vertex 120.32 -23.57 7.600000000000001
      vertex 120.3824478386895 -24.204043546552416 7.600000000000001
      vertex 120.3824478386895 -24.204043546552416 0
    endloop
  endfacet
  facet normal 0 0 -1
    outer loop
      vertex 120.32 -23.57 7.600000000000001
      vertex 120.3824478386895 -22.935956453447584 7.600000000000001
      vertex 120.3824478386895 -24.204043546552416 7.600000000000001
    endloop
  endfacet
  facet normal 0.9951847266721958 0.0980171403295712 0
    outer loop
      vertex 120.32 23.57 0
      vertex 120.32 23.57 7.600000000000001
      vertex 120.3824478386895 22.935956453447584 0
    endloop
  endfacet
  facet normal 0.9951847266721958 -0.0980171403295712 0
    outer loop
      vertex 120.32 23.57 0
      vertex 120.3824478386895 24.204043546552416 0
      vertex 120.3824478386895 24.204043546552416 7.600000000000001
    endloop
  endfacet
  facet normal 0.9951847266721958 -0.0980171403295712 0
    outer loop
      vertex 120.32 23.57 0
      vertex 120.3824478386895 24.204043546552416 7.600000000000001
      vertex 120.32 23.57 7.600000000000001
    endloop
  endfacet
  facet normal 0.9951847266721958 0.0980171403295712 0
    outer loop
      vertex 120.32 23.57 7.600000000000001
      vertex 120.3824478386895 22.935956453447584 7.600000000000001
      vertex 120.3824478386895 22.935956453447584 0
    endloop
  endfacet
  facet normal 0 0 -1
    outer loop
      vertex 120.32 23.57 7.600000000000001
      vertex 120.3824478386895 24.204043546552416 7.600000000000001
      vertex 120.3824478386895 22.935956453447584 7.600000000000001
    endloop
  endfacet
  facet normal -0.8819212643483596 -0.4713967368259892 0
    outer loop
      vertex 120.3364216362105 -24.909392013277813 10.400000000000002
      vertex 120.65985635694109 -25.51449581556861 10.400000000000002
      vertex 120.3364216362105 -24.909392013277813 20.400000000000002
    endloop
  endfacet
  facet normal -0.8819212643483596 -0.4713967368259892 0
    outer loop
      vertex 120.3364216362105 -24.909392013277813 20.400000000000002
      vertex 120.65985635694109 -25.51449581556861 10.400000000000002
      vertex 120.65985635694109 -25.51449581556861 20.400000000000002
    endloop
  endfacet
  facet normal 0 0 1
    outer loop
      vertex 120.3364216362105 -24.909392013277813 20.400000000000002
      vertex 120.65985635694109 -25.51449581556861 20.400000000000002
      vertex 120.3364216362105 -22.230607986722188 20.400000000000002
    endloop
  endfacet
  facet normal -0.8819212643483596 0.4713967368259892 0
    outer loop
      vertex 120.3364216362105 -22.230607986722188 10.400000000000002
      vertex 120.3364216362105 -22.230607986722188 20.400000000000002
      vertex 120.65985635694109 -21.625504184431392 20.400000000000002
    endloop
  endfacet
  facet normal 0 0 1
    outer loop
      vertex 120.3364216362105 -22.230607986722188 10.400000000000002
      vertex 120.65985635694109 -21.625504184431392 10.400000000000002
      vertex 120.45873016277919 -20.45873016277919 10.400000000000002
    endloop
  endfacet
  facet normal -0.8819212643483596 0.4713967368259892 0
    outer loop
      vertex 120.3364216362105 -22.230607986722188 10.400000000000002
      vertex 120.65985635694109 -21.625504184431392 20.400000000000002
      vertex 120.65985635694109 -21.625504184431392 10.400000000000002
    endloop
  endfacet
  facet normal 0 0 1
    outer loop
      vertex 120.3364216362105 -22.230607986722188 20.400000000000002
      vertex 120.65985635694109 -25.51449581556861 20.400000000000002
      vertex 120.65985635694109 -21.625504184431392 20.400000000000002
    endloop
  endfacet
  facet normal 0 0 1
    outer loop
      vertex 120.3364216362105 22.230607986722188 10.400000000000002
      vertex 120.45873016277919 20.45873016277919 10.400000000000002
      vertex 120.65985635694109 21.625504184431392 10.400000000000002
    endloop
  endfacet
  facet normal -0.8819212643483596 -0.4713967368259892 0
    outer loop
      vertex 120.3364216362105 22.230607986722188 10.400000000000002
      vertex 120.65985635694109 21.625504184431392 10.400000000000002
      vertex 120.65985635694109 21.625504184431392 20.400000000000002
    endloop
  endfacet
  facet normal -0.8819212643483596 -0.4713967368259892 0
    outer loop
      vertex 120.3364216362105 22.230607986722188 10.400000000000002
      vertex 120.65985635694109 21.625504184431392 20.400000000000002
      vertex 120.3364216362105 22.230607986722188 20.400000000000002
    endloop
  endfacet
  facet normal 0 0 1
    outer loop
      vertex 120.3364216362105 22.230607986722188 20.400000000000002
      vertex 120.65985635694109 21.625504184431392 20.400000000000002
      vertex 120.3364216362105 24.909392013277813 20.400000000000002
    endloop
  endfacet
  facet normal -0.8819212643483596 0.4713967368259892 0
    outer loop
      vertex 120.3364216362105 24.909392013277813 10.400000000000002
      vertex 120.3364216362105 24.909392013277813 20.400000000000002
      vertex 120.65985635694109 25.51449581556861 10.400000000000002
    endloop
  endfacet
  facet normal 0 0 1
    outer loop
      vertex 120.3364216362105 24.909392013277813 20.400000000000002
      vertex 120.65985635694109 21.625504184431392 20.400000000000002
      vertex 120.65985635694109 25.51449581556861 20.400000000000002
    endloop
  endfacet
  facet normal -0.8819212643483596 0.4713967368259892 0
    outer loop
      vertex 120.3364216362105 24.909392013277813 20.400000000000002
      vertex 120.65985635694109 25.51449581556861 20.400000000000002
      vertex 120.65985635694109 25.51449581556861 10.400000000000002
    endloop
  endfacet
  facet normal 0.9569403357322102 0.290284677254458 0
    outer loop
      vertex 120.3824478386895 -24.204043546552416 0
      vertex 120.3824478386895 -24.204043546552416 7.600000000000001
      vertex 120.56739151933832 -24.813721155186542 0
    endloop
  endfacet
  facet normal 0 0 -1
    outer loop
      vertex 120.3824478386895 -24.204043546552416 7.600000000000001
      vertex 120.3824478386895 -22.935956453447584 7.600000000000001
      vertex 120.56739151933832 -24.813721155186542 7.600000000000001
    endloop
  endfacet
  facet normal 0.9569403357322102 0.290284677254458 0
    outer loop
      vertex 120.3824478386895 -24.204043546552416 7.600000000000001
      vertex 120.56739151933832 -24.813721155186542 7.600000000000001
      vertex 120.56739151933832 -24.813721155186542 0
    endloop
  endfacet
  facet normal 0.9569403357322102 -0.290284677254458 0
    outer loop
      vertex 120.3824478386895 -22.935956453447584 0
      vertex 120.56739151933832 -22.32627884481346 0
      vertex 120.56739151933832 -22.32627884481346 7.600000000000001
    endloop
  endfacet
  facet normal 0.9569403357322102 -0.290284677254458 0
    outer loop
      vertex 120.3824478386895 -22.935956453447584 0
      vertex 120.56739151933832 -22.32627884481346 7.600000000000001
      vertex 120.3824478386895 -22.935956453447584 7.600000000000001
    endloop
  endfacet
  facet normal 0 0 -1
    outer loop
      vertex 120.3824478386895 -22.935956453447584 7.600000000000001
      vertex 120.56739151933832 -22.32627884481346 7.600000000000001
      vertex 120.56739151933832 -24.813721155186542 7.600000000000001
    endloop
  endfacet
  facet normal 0.9569403357322102 0.290284677254458 0
    outer loop
      vertex 120.3824478386895 22.935956453447584 0
      vertex 120.3824478386895 22.935956453447584 7.600000000000001
      vertex 120.56739151933832 22.32627884481346 0
    endloop
  endfacet
  facet normal 0 0 -1
    outer loop
      vertex 120.3824478386895 22.935956453447584 7.600000000000001
      vertex 120.3824478386895 24.204043546552416 7.600000000000001
      vertex 120.56739151933832 22.32627884481346 7.600000000000001
    endloop
  endfacet
  facet normal 0.9569403357322102 0.290284677254458 0
    outer loop
      vertex 120.3824478386895 22.935956453447584 7.600000000000001
      vertex 120.56739151933832 22.32627884481346 7.600000000000001
      vertex 120.56739151933832 22.32627884481346 0
    endloop
  endfacet
  facet normal 0.9569403357322102 -0.290284677254458 0
    outer loop
      vertex 120.3824478386895 24.204043546552416 0
      vertex 120.56739151933832 24.813721155186542 0
      vertex 120.56739151933832 24.813721155186542 7.600000000000001
    endloop
  endfacet
  facet normal 0.9569403357322102 -0.290284677254458 0
    outer loop
      vertex 120.3824478386895 24.204043546552416 0
      vertex 120.56739151933832 24.813721155186542 7.600000000000001
      vertex 120.3824478386895 24.204043546552416 7.600000000000001
    endloop
  endfacet
  facet normal 0 0 -1
    outer loop
      vertex 120.3824478386895 24.204043546552416 0
      vertex 128 62 0
      vertex 120.56739151933832 24.813721155186542 0
    endloop
  endfacet
  facet normal 0 0 -1
    outer loop
      vertex 120.3824478386895 24.204043546552416 7.600000000000001
      vertex 120.56739151933832 24.813721155186542 7.600000000000001
      vertex 120.56739151933832 22.32627884481346 7.600000000000001
    endloop
  endfacet
  facet normal -0.6343932841636406 0.773010453362741 0
    outer loop
      vertex 120.45873016277919 -20.45873016277919 1.6
      vertex 120.45873016277919 -20.45873016277919 10.400000000000002
      vertex 121.12549097471376 -19.911533705868802 10.400000000000002
    endloop
  endfacet
  facet normal -0.6343932841636406 0.773010453362741 0
    outer loop
      vertex 120.45873016277919 -20.45873016277919 1.6
      vertex 121.12549097471376 -19.911533705868802 10.400000000000002
      vertex 121.12549097471376 -19.911533705868802 1.6
    endloop
  endfacet
  facet normal 0 0 1
    outer loop
      vertex 120.45873016277919 -20.45873016277919 10.400000000000002
      vertex 120.65985635694109 -21.625504184431392 10.400000000000002
      vertex 121.09512626584709 -21.095126265847085 10.400000000000002
    endloop
  endfacet
  facet normal 0 0 1
    outer loop
      vertex 120.45873016277919 -20.45873016277919 10.400000000000002
      vertex 121.09512626584709 -21.095126265847085 10.400000000000002
      vertex 121.12549097471376 -19.911533705868802 10.400000000000002
    endloop
  endfacet
  facet normal -0.6343932841636406 -0.773010453362741 0
    outer loop
      vertex 120.45873016277919 20.45873016277919 1.6
      vertex 121.12549097471376 19.911533705868802 1.6
      vertex 120.45873016277919 20.45873016277919 10.400000000000002
    endloop
  endfacet
  facet normal 0 0 1
    outer loop
      vertex 120.45873016277919 20.45873016277919 1.6
      vertex 124.4 -2 1.6
      vertex 121.12549097471376 19.911533705868802 1.6
    endloop
  endfacet
  facet normal -0.6343932841636406 -0.773010453362741 0
    outer loop
      vertex 120.45873016277919 20.45873016277919 10.400000000000002
      vertex 121.12549097471376 19.911533705868802 1.6
      vertex 121.12549097471376 19.911533705868802 10.400000000000002
    endloop
  endfacet
  facet normal 0 0 1
    outer loop
      vertex 120.45873016277919 20.45873016277919 10.400000000000002
      vertex 121.12549097471376 19.911533705868802 10.400000000000002
      vertex 120.65985635694109 21.625504184431392 10.400000000000002
    endloop
  endfacet
  facet normal -0.6343932841636406 0.773010453362741 0
    outer loop
      vertex 120.45873016277919 26.68126983722081 1.6
      vertex 120.45873016277919 26.68126983722081 10.400000000000002
      vertex 121.12549097471376 27.2284662941312 10.400000000000002
    endloop
  endfacet
  facet normal -0.6343932841636406 0.773010453362741 0
    outer loop
      vertex 120.45873016277919 26.68126983722081 1.6
      vertex 121.12549097471376 27.2284662941312 10.400000000000002
      vertex 121.12549097471376 27.2284662941312 1.6
    endloop
  endfacet
  facet normal 0 0 1
    outer loop
      vertex 120.45873016277919 26.68126983722081 10.400000000000002
      vertex 120.65985635694109 25.51449581556861 10.400000000000002
      vertex 121.09512626584709 26.044873734152915 10.400000000000002
    endloop
  endfacet
  facet normal 0 0 1
    outer loop
      vertex 120.45873016277919 26.68126983722081 10.400000000000002
      vertex 121.09512626584709 26.044873734152915 10.400000000000002
      vertex 121.62550418443139 26.48014364305891 10.400000000000002
    endloop
  endfacet
  facet normal 0 0 1
    outer loop
      vertex 120.45873016277919 26.68126983722081 10.400000000000002
      vertex 121.62550418443139 26.48014364305891 10.400000000000002
      vertex 121.12549097471376 27.2284662941312 10.400000000000002
    endloop
  endfacet
  facet normal 0.8819212643483513 0.4713967368260047 0
    outer loop
      vertex 120.56739151933832 -24.813721155186542 0
      vertex 120.56739151933832 -24.813721155186542 7.600000000000001
      vertex 120.86772376001673 -25.375603257313706 0
    endloop
  endfacet
  facet normal 0 0 -1
    outer loop
      vertex 120.56739151933832 -24.813721155186542 7.600000000000001
      vertex 120.56739151933832 -22.32627884481346 7.600000000000001
      vertex 120.86772376001673 -25.375603257313706 7.600000000000001
    endloop
  endfacet
  facet normal 0.8819212643483513 0.4713967368260047 0
    outer loop
      vertex 120.56739151933832 -24.813721155186542 7.600000000000001
      vertex 120.86772376001673 -25.375603257313706 7.600000000000001
      vertex 120.86772376001673 -25.375603257313706 0
    endloop
  endfacet
  facet normal 0.8819212643483513 -0.4713967368260047 0
    outer loop
      vertex 120.56739151933832 -22.32627884481346 0
      vertex 120.86772376001673 -21.764396742686294 0
      vertex 120.86772376001673 -21.764396742686294 7.600000000000001
    endloop
  endfacet
  facet normal 0.8819212643483513 -0.4713967368260047 0
    outer loop
      vertex 120.56739151933832 -22.32627884481346 0
      vertex 120.86772376001673 -21.764396742686294 7.600000000000001
      vertex 120.56739151933832 -22.32627884481346 7.600000000000001
    endloop
  endfacet
  facet normal 0 0 -1
    outer loop
      vertex 120.56739151933832 -22.32627884481346 0
      vertex 122.32627884481346 20.56739151933832 0
      vertex 120.86772376001673 -21.764396742686294 0
    endloop
  endfacet
  facet normal 0 0 -1
    outer loop
      vertex 120.56739151933832 -22.32627884481346 7.600000000000001
      vertex 120.86772376001673 -21.764396742686294 7.600000000000001
      vertex 120.86772376001673 -25.375603257313706 7.600000000000001
    endloop
  endfacet
  facet normal 0.8819212643483513 0.4713967368260047 0
    outer loop
      vertex 120.56739151933832 22.32627884481346 0
      vertex 120.56739151933832 22.32627884481346 7.600000000000001
      vertex 120.86772376001673 21.764396742686294 0
    endloop
  endfacet
  facet normal 0 0 -1
    outer loop
      vertex 120.56739151933832 22.32627884481346 7.600000000000001
      vertex 120.56739151933832 24.813721155186542 7.600000000000001
      vertex 120.86772376001673 21.764396742686294 7.600000000000001
    endloop
  endfacet
  facet normal 0.8819212643483513 0.4713967368260047 0
    outer loop
      vertex 120.56739151933832 22.32627884481346 7.600000000000001
      vertex 120.86772376001673 21.764396742686294 7.600000000000001
      vertex 120.86772376001673 21.764396742686294 0
    endloop
  endfacet
  facet normal 0.8819212643483513 -0.4713967368260047 0
    outer loop
      vertex 120.56739151933832 24.813721155186542 0
      vertex 120.86772376001673 25.375603257313706 0
      vertex 120.86772376001673 25.375603257313706 7.600000000000001
    endloop
  endfacet
  facet normal 0.8819212643483513 -0.4713967368260047 0
    outer loop
      vertex 120.56739151933832 24.813721155186542 0
      vertex 120.86772376001673 25.375603257313706 7.600000000000001
      vertex 120.56739151933832 24.813721155186542 7.600000000000001
    endloop
  endfacet
  facet normal 0 0 -1
    outer loop
      vertex 120.56739151933832 24.813721155186542 0
      vertex 128 62 0
      vertex 120.86772376001673 25.375603257313706 0
    endloop
  endfacet
  facet normal 0 0 -1
    outer loop
      vertex 120.56739151933832 24.813721155186542 7.600000000000001
      vertex 120.86772376001673 25.375603257313706 7.600000000000001
      vertex 120.86772376001673 21.764396742686294 7.600000000000001
    endloop
  endfacet
  facet normal -0.7730104533627347 -0.6343932841636483 0
    outer loop
      vertex 120.65985635694109 -25.51449581556861 10.400000000000002
      vertex 121.09512626584709 -26.044873734152915 10.400000000000002
      vertex 120.65985635694109 -25.51449581556861 20.400000000000002
    endloop
  endfacet
  facet normal -0.7730104533627347 -0.6343932841636483 0
    outer loop
      vertex 120.65985635694109 -25.51449581556861 20.400000000000002
      vertex 121.09512626584709 -26.044873734152915 10.400000000000002
      vertex 121.09512626584709 -26.044873734152915 20.400000000000002
    endloop
  endfacet
  facet normal 0 0 1
    outer loop
      vertex 120.65985635694109 -25.51449581556861 20.400000000000002
      vertex 121.09512626584709 -26.044873734152915 20.400000000000002
      vertex 120.65985635694109 -21.625504184431392 20.400000000000002
    endloop
  endfacet
  facet normal -0.7730104533627347 0.6343932841636483 0
    outer loop
      vertex 120.65985635694109 -21.625504184431392 10.400000000000002
      vertex 120.65985635694109 -21.625504184431392 20.400000000000002
      vertex 121.09512626584709 -21.095126265847085 20.400000000000002
    endloop
  endfacet
  facet normal -0.7730104533627347 0.6343932841636483 0
    outer loop
      vertex 120.65985635694109 -21.625504184431392 10.400000000000002
      vertex 121.09512626584709 -21.095126265847085 20.400000000000002
      vertex 121.09512626584709 -21.095126265847085 10.400000000000002
    endloop
  endfacet
  facet normal 0 0 1
    outer loop
      vertex 120.65985635694109 -21.625504184431392 20.400000000000002
      vertex 121.09512626584709 -26.044873734152915 20.400000000000002
      vertex 121.09512626584709 -21.095126265847085 20.400000000000002
    endloop
  endfacet
  facet normal -0.7730104533627347 -0.6343932841636483 0
    outer loop
      vertex 120.65985635694109 21.625504184431392 10.400000000000002
      vertex 121.09512626584709 21.095126265847085 10.400000000000002
      vertex 121.09512626584709 21.095126265847085 20.400000000000002
    endloop
  endfacet
  facet normal -0.7730104533627347 -0.6343932841636483 0
    outer loop
      vertex 120.65985635694109 21.625504184431392 10.400000000000002
      vertex 121.09512626584709 21.095126265847085 20.400000000000002
      vertex 120.65985635694109 21.625504184431392 20.400000000000002
    endloop
  endfacet
  facet normal 0 0 1
    outer loop
      vertex 120.65985635694109 21.625504184431392 10.400000000000002
      vertex 121.12549097471376 19.911533705868802 10.400000000000002
      vertex 121.09512626584709 21.095126265847085 10.400000000000002
    endloop
  endfacet
  facet normal 0 0 1
    outer loop
      vertex 120.65985635694109 21.625504184431392 20.400000000000002
      vertex 121.09512626584709 21.095126265847085 20.400000000000002
      vertex 120.65985635694109 25.51449581556861 20.400000000000002
    endloop
  endfacet
  facet normal -0.7730104533627347 0.6343932841636483 0
    outer loop
      vertex 120.65985635694109 25.51449581556861 10.400000000000002
      vertex 120.65985635694109 25.51449581556861 20.400000000000002
      vertex 121.09512626584709 26.044873734152915 10.400000000000002
    endloop
  endfacet
  facet normal 0 0 1
    outer loop
      vertex 120.65985635694109 25.51449581556861 20.400000000000002
      vertex 121.09512626584709 21.095126265847085 20.400000000000002
      vertex 121.09512626584709 26.044873734152915 20.400000000000002
    endloop
  endfacet
  facet normal -0.7730104533627347 0.6343932841636483 0
    outer loop
      vertex 120.65985635694109 25.51449581556861 20.400000000000002
      vertex 121.09512626584709 26.044873734152915 20.400000000000002
      vertex 121.09512626584709 26.044873734152915 10.400000000000002
    endloop
  endfacet
  facet normal 0.7730104533627377 0.6343932841636446 0
    outer loop
      vertex 120.86772376001673 -25.375603257313706 0
      vertex 120.86772376001673 -25.375603257313706 7.600000000000001
      vertex 121.27190296114372 -25.86809703885628 0
    endloop
  endfacet
  facet normal 0 0 -1
    outer loop
      vertex 120.86772376001673 -25.375603257313706 7.600000000000001
      vertex 120.86772376001673 -21.764396742686294 7.600000000000001
      vertex 121.27190296114372 -25.86809703885628 7.600000000000001
    endloop
  endfacet
  facet normal 0.7730104533627377 0.6343932841636446 0
    outer loop
      vertex 120.86772376001673 -25.375603257313706 7.600000000000001
      vertex 121.27190296114372 -25.86809703885628 7.600000000000001
      vertex 121.27190296114372 -25.86809703885628 0
    endloop
  endfacet
  facet normal 0.7730104533627377 -0.6343932841636446 0
    outer loop
      vertex 120.86772376001673 -21.764396742686294 0
      vertex 121.27190296114372 -21.27190296114372 0
      vertex 121.27190296114372 -21.27190296114372 7.600000000000001
    endloop
  endfacet
  facet normal 0.7730104533627377 -0.6343932841636446 0
    outer loop
      vertex 120.86772376001673 -21.764396742686294 0
      vertex 121.27190296114372 -21.27190296114372 7.600000000000001
      vertex 120.86772376001673 -21.764396742686294 7.600000000000001
    endloop
  endfacet
  facet normal 0 0 -1
    outer loop
      vertex 120.86772376001673 -21.764396742686294 0
      vertex 122.32627884481346 20.56739151933832 0
      vertex 121.27190296114372 -21.27190296114372 0
    endloop
  endfacet
  facet normal 0 0 -1
    outer loop
      vertex 120.86772376001673 -21.764396742686294 7.600000000000001
      vertex 121.27190296114372 -21.27190296114372 7.600000000000001
      vertex 121.27190296114372 -25.86809703885628 7.600000000000001
    endloop
  endfacet
  facet normal 0.7730104533627377 0.6343932841636446 0
    outer loop
      vertex 120.86772376001673 21.764396742686294 0
      vertex 120.86772376001673 21.764396742686294 7.600000000000001
      vertex 121.27190296114372 21.27190296114372 0
    endloop
  endfacet
  facet normal 0 0 -1
    outer loop
      vertex 120.86772376001673 21.764396742686294 7.600000000000001
      vertex 120.86772376001673 25.375603257313706 7.600000000000001
      vertex 121.27190296114372 21.27190296114372 7.600000000000001
    endloop
  endfacet
  facet normal 0.7730104533627377 0.6343932841636446 0
    outer loop
      vertex 120.86772376001673 21.764396742686294 7.600000000000001
      vertex 121.27190296114372 21.27190296114372 7.600000000000001
      vertex 121.27190296114372 21.27190296114372 0
    endloop
  endfacet
  facet normal 0.7730104533627377 -0.6343932841636446 0
    outer loop
      vertex 120.86772376001673 25.375603257313706 0
      vertex 121.27190296114372 25.86809703885628 0
      vertex 121.27190296114372 25.86809703885628 7.600000000000001
    endloop
  endfacet
  facet normal 0.7730104533627377 -0.6343932841636446 0
    outer loop
      vertex 120.86772376001673 25.375603257313706 0
      vertex 121.27190296114372 25.86809703885628 7.600000000000001
      vertex 120.86772376001673 25.375603257313706 7.600000000000001
    endloop
  endfacet
  facet normal 0 0 -1
    outer loop
      vertex 120.86772376001673 25.375603257313706 0
      vertex 128 62 0
      vertex 121.27190296114372 25.86809703885628 0
    endloop
  endfacet
  facet normal 0 0 -1
    outer loop
      vertex 120.86772376001673 25.375603257313706 7.600000000000001
      vertex 121.27190296114372 25.86809703885628 7.600000000000001
      vertex 121.27190296114372 21.27190296114372 7.600000000000001
    endloop
  endfacet
  facet normal -0.6343932841636439 -0.7730104533627381 0
    outer loop
      vertex 121.09512626584709 -26.044873734152915 10.400000000000002
      vertex 121.52784887281065 -26.4 10.400000000000002
      vertex 121.52784887281065 -26.4 20.400000000000002
    endloop
  endfacet
  facet normal -0.6343932841636439 -0.7730104533627381 0
    outer loop
      vertex 121.09512626584709 -26.044873734152915 10.400000000000002
      vertex 121.52784887281065 -26.4 20.400000000000002
      vertex 121.09512626584709 -26.044873734152915 20.400000000000002
    endloop
  endfacet
  facet normal 0 0 1
    outer loop
      vertex 121.09512626584709 -26.044873734152915 20.400000000000002
      vertex 121.52784887281065 -26.4 20.400000000000002
      vertex 121.62550418443139 -26.4 20.400000000000002
    endloop
  endfacet
  facet normal 0 0 1
    outer loop
      vertex 121.09512626584709 -26.044873734152915 20.400000000000002
      vertex 121.62550418443139 -26.4 20.400000000000002
      vertex 121.09512626584709 -21.095126265847085 20.400000000000002
    endloop
  endfacet
  facet normal -0.6343932841636483 0.7730104533627347 0
    outer loop
      vertex 121.09512626584709 -21.095126265847085 10.400000000000002
      vertex 121.09512626584709 -21.095126265847085 20.400000000000002
      vertex 121.62550418443139 -20.65985635694109 20.400000000000002
    endloop
  endfacet
  facet normal 0 0 1
    outer loop
      vertex 121.09512626584709 -21.095126265847085 10.400000000000002
      vertex 121.62550418443139 -20.65985635694109 10.400000000000002
      vertex 121.12549097471376 -19.911533705868802 10.400000000000002
    endloop
  endfacet
  facet normal -0.6343932841636483 0.7730104533627347 0
    outer loop
      vertex 121.09512626584709 -21.095126265847085 10.400000000000002
      vertex 121.62550418443139 -20.65985635694109 20.400000000000002
      vertex 121.62550418443139 -20.65985635694109 10.400000000000002
    endloop
  endfacet
  facet normal 0 0 1
    outer loop
      vertex 121.09512626584709 -21.095126265847085 20.400000000000002
      vertex 121.62550418443139 -26.4 20.400000000000002
      vertex 121.62550418443139 -20.65985635694109 20.400000000000002
    endloop
  endfacet
  facet normal 0 0 1
    outer loop
      vertex 121.09512626584709 21.095126265847085 10.400000000000002
      vertex 121.12549097471376 19.911533705868802 10.400000000000002
      vertex 121.62550418443139 20.65985635694109 10.400000000000002
    endloop
  endfacet
  facet normal -0.6343932841636483 -0.7730104533627347 0
    outer loop
      vertex 121.09512626584709 21.095126265847085 10.400000000000002
      vertex 121.62550418443139 20.65985635694109 10.400000000000002
      vertex 121.62550418443139 20.65985635694109 20.400000000000002
    endloop
  endfacet
  facet normal -0.6343932841636483 -0.7730104533627347 0
    outer loop
      vertex 121.09512626584709 21.095126265847085 10.400000000000002
      vertex 121.62550418443139 20.65985635694109 20.400000000000002
      vertex 121.09512626584709 21.095126265847085 20.400000000000002
    endloop
  endfacet
  facet normal 0 0 1
    outer loop
      vertex 121.09512626584709 21.095126265847085 20.400000000000002
      vertex 121.62550418443139 20.65985635694109 20.400000000000002
      vertex 121.09512626584709 26.044873734152915 20.400000000000002
    endloop
  endfacet
  facet normal -0.6343932841636483 0.7730104533627347 0
    outer loop
      vertex 121.09512626584709 26.044873734152915 10.400000000000002
      vertex 121.09512626584709 26.044873734152915 20.400000000000002
      vertex 121.62550418443139 26.48014364305891 10.400000000000002
    endloop
  endfacet
  facet normal 0 0 1
    outer loop
      vertex 121.09512626584709 26.044873734152915 20.400000000000002
      vertex 121.62550418443139 20.65985635694109 20.400000000000002
      vertex 121.62550418443139 26.48014364305891 20.400000000000002
    endloop
  endfacet
  facet normal -0.6343932841636483 0.7730104533627347 0
    outer loop
      vertex 121.09512626584709 26.044873734152915 20.400000000000002
      vertex 121.62550418443139 26.48014364305891 20.400000000000002
      vertex 121.62550418443139 26.48014364305891 10.400000000000002
    endloop
  endfacet
  facet normal -0.4713967368260016 0.8819212643483528 0
    outer loop
      vertex 121.12549097471376 -19.911533705868802 1.6
      vertex 121.12549097471376 -19.911533705868802 10.400000000000002
      vertex 121.8861928975936 -19.50493005695034 10.400000000000002
    endloop
  endfacet
  facet normal -0.4713967368260016 0.8819212643483528 0
    outer loop
      vertex 121.12549097471376 -19.911533705868802 1.6
      vertex 121.8861928975936 -19.50493005695034 10.400000000000002
      vertex 121.8861928975936 -19.50493005695034 1.6
    endloop
  endfacet
  facet normal 0 0 1
    outer loop
      vertex 121.12549097471376 -19.911533705868802 10.400000000000002
      vertex 121.62550418443139 -20.65985635694109 10.400000000000002
      vertex 121.8861928975936 -19.50493005695034 10.400000000000002
    endloop
  endfacet
  facet normal -0.4713967368260016 -0.8819212643483528 0
    outer loop
      vertex 121.12549097471376 19.911533705868802 1.6
      vertex 121.8861928975936 19.50493005695034 1.6
      vertex 121.12549097471376 19.911533705868802 10.400000000000002
    endloop
  endfacet
  facet normal 0 0 1
    outer loop
      vertex 121.12549097471376 19.911533705868802 1.6
      vertex 124.4 -2 1.6
      vertex 121.8861928975936 19.50493005695034 1.6
    endloop
  endfacet
  facet normal -0.4713967368260016 -0.8819212643483528 0
    outer loop
      vertex 121.12549097471376 19.911533705868802 10.400000000000002
      vertex 121.8861928975936 19.50493005695034 1.6
      vertex 121.8861928975936 19.50493005695034 10.400000000000002
    endloop
  endfacet
  facet normal 0 0 1
    outer loop
      vertex 121.12549097471376 19.911533705868802 10.400000000000002
      vertex 121.8861928975936 19.50493005695034 10.400000000000002
      vertex 121.62550418443139 20.65985635694109 10.400000000000002
    endloop
  endfacet
  facet normal -0.4713967368260016 0.8819212643483528 0
    outer loop
      vertex 121.12549097471376 27.2284662941312 1.6
      vertex 121.12549097471376 27.2284662941312 10.400000000000002
      vertex 121.8861928975936 27.63506994304966 10.400000000000002
    endloop
  endfacet
  facet normal -0.4713967368260016 0.8819212643483528 0
    outer loop
      vertex 121.12549097471376 27.2284662941312 1.6
      vertex 121.8861928975936 27.63506994304966 10.400000000000002
      vertex 121.8861928975936 27.63506994304966 1.6
    endloop
  endfacet
  facet normal 0 0 1
    outer loop
      vertex 121.12549097471376 27.2284662941312 10.400000000000002
      vertex 121.62550418443139 26.48014364305891 10.400000000000002
      vertex 122.23060798672219 26.803578363789505 10.400000000000002
    endloop
  endfacet
  facet normal 0 0 1
    outer loop
      vertex 121.12549097471376 27.2284662941312 10.400000000000002
      vertex 122.23060798672219 26.803578363789505 10.400000000000002
      vertex 121.8861928975936 27.63506994304966 10.400000000000002
    endloop
  endfacet
  facet normal 0.6343932841636385 0.7730104533627427 0
    outer loop
      vertex 121.27190296114372 -25.86809703885628 0
      vertex 121.27190296114372 -25.86809703885628 7.600000000000001
      vertex 121.7643967426863 -26.27227623998327 7.600000000000001
    endloop
  endfacet
  facet normal 0.6343932841636385 0.7730104533627427 0
    outer loop
      vertex 121.27190296114372 -25.86809703885628 0
      vertex 121.7643967426863 -26.27227623998327 7.600000000000001
      vertex 121.7643967426863 -26.27227623998327 0
    endloop
  endfacet
  facet normal 0 0 -1
    outer loop
      vertex 121.27190296114372 -25.86809703885628 7.600000000000001
      vertex 121.27190296114372 -21.27190296114372 7.600000000000001
      vertex 121.7643967426863 -26.27227623998327 7.600000000000001
    endloop
  endfacet
  facet normal 0.6343932841636385 -0.7730104533627427 0
    outer loop
      vertex 121.27190296114372 -21.27190296114372 0
      vertex 121.7643967426863 -20.86772376001673 0
      vertex 121.27190296114372 -21.27190296114372 7.600000000000001
    endloop
  endfacet
  facet normal 0 0 -1
    outer loop
      vertex 121.27190296114372 -21.27190296114372 0
      vertex 122.32627884481346 20.56739151933832 0
      vertex 121.7643967426863 -20.86772376001673 0
    endloop
  endfacet
  facet normal 0.6343932841636385 -0.7730104533627427 0
    outer loop
      vertex 121.27190296114372 -21.27190296114372 7.600000000000001
      vertex 121.7643967426863 -20.86772376001673 0
      vertex 121.7643967426863 -20.86772376001673 7.600000000000001
    endloop
  endfacet
  facet normal 0 0 -1
    outer loop
      vertex 121.27190296114372 -21.27190296114372 7.600000000000001
      vertex 121.7643967426863 -20.86772376001673 7.600000000000001
      vertex 121.7643967426863 -26.27227623998327 7.600000000000001
    endloop
  endfacet
  facet normal 0.6343932841636385 0.7730104533627427 0
    outer loop
      vertex 121.27190296114372 21.27190296114372 0
      vertex 121.27190296114372 21.27190296114372 7.600000000000001
      vertex 121.7643967426863 20.86772376001673 7.600000000000001
    endloop
  endfacet
  facet normal 0.6343932841636385 0.7730104533627427 0
    outer loop
      vertex 121.27190296114372 21.27190296114372 0
      vertex 121.7643967426863 20.86772376001673 7.600000000000001
      vertex 121.7643967426863 20.86772376001673 0
    endloop
  endfacet
  facet normal 0 0 -1
    outer loop
      vertex 121.27190296114372 21.27190296114372 7.600000000000001
      vertex 121.27190296114372 25.86809703885628 7.600000000000001
      vertex 121.7643967426863 20.86772376001673 7.600000000000001
    endloop
  endfacet
  facet normal 0.6343932841636385 -0.7730104533627427 0
    outer loop
      vertex 121.27190296114372 25.86809703885628 0
      vertex 121.7643967426863 26.27227623998327 0
      vertex 121.27190296114372 25.86809703885628 7.600000000000001
    endloop
  endfacet
  facet normal 0 0 -1
    outer loop
      vertex 121.27190296114372 25.86809703885628 0
      vertex 128 62 0
      vertex 121.7643967426863 26.27227623998327 0
    endloop
  endfacet
  facet normal 0.6343932841636385 -0.7730104533627427 0
    outer loop
      vertex 121.27190296114372 25.86809703885628 7.600000000000001
      vertex 121.7643967426863 26.27227623998327 0
      vertex 121.7643967426863 26.27227623998327 7.600000000000001
    endloop
  endfacet
  facet normal 0 0 -1
    outer loop
      vertex 121.27190296114372 25.86809703885628 7.600000000000001
      vertex 121.7643967426863 26.27227623998327 7.600000000000001
      vertex 121.7643967426863 20.86772376001673 7.600000000000001
    endloop
  endfacet
  facet normal 0 0 1
    outer loop
      vertex 121.52784887281065 -26.4 20.400000000000002
      vertex 122.20301683324797 -26.523440681375057 20.400000000000002
      vertex 121.62550418443139 -26.4 20.400000000000002
    endloop
  endfacet
  facet normal 0 0 1
    outer loop
      vertex 121.62550418443139 -26.4 20.400000000000002
      vertex 121.82 -23.57 20.400000000000002
      vertex 121.62550418443139 -20.65985635694109 20.400000000000002
    endloop
  endfacet
  facet normal 0 0 1
    outer loop
      vertex 121.62550418443139 -26.4 20.400000000000002
      vertex 121.85362575929435 -23.911408063528224 20.400000000000002
      vertex 121.82 -23.57 20.400000000000002
    endloop
  endfacet
  facet normal 0 0 1
    outer loop
      vertex 121.62550418443139 -26.4 20.400000000000002
      vertex 121.95321081810525 -24.23969600663891 20.400000000000002
      vertex 121.85362575929435 -23.911408063528224 20.400000000000002
    endloop
  endfacet
  facet normal 0 0 1
    outer loop
      vertex 121.62550418443139 -26.4 20.400000000000002
      vertex 122.20301683324797 -26.523440681375057 20.400000000000002
      vertex 121.95321081810525 -24.23969600663891 20.400000000000002
    endloop
  endfacet
  facet normal -0.4713967368259951 0.8819212643483564 0
    outer loop
      vertex 121.62550418443139 -20.65985635694109 10.400000000000002
      vertex 121.62550418443139 -20.65985635694109 20.400000000000002
      vertex 122.23060798672219 -20.336421636210495 20.400000000000002
    endloop
  endfacet
  facet normal 0 0 1
    outer loop
      vertex 121.62550418443139 -20.65985635694109 10.400000000000002
      vertex 122.23060798672219 -20.336421636210495 10.400000000000002
      vertex 121.8861928975936 -19.50493005695034 10.400000000000002
    endloop
  endfacet
  facet normal -0.4713967368259951 0.8819212643483564 0
    outer loop
      vertex 121.62550418443139 -20.65985635694109 10.400000000000002
      vertex 122.23060798672219 -20.336421636210495 20.400000000000002
      vertex 122.23060798672219 -20.336421636210495 10.400000000000002
    endloop
  endfacet
  facet normal 0 0 1
    outer loop
      vertex 121.62550418443139 -20.65985635694109 20.400000000000002
      vertex 121.82 -23.57 20.400000000000002
      vertex 121.85362575929435 -23.228591936471776 20.400000000000002
    endloop
  endfacet
  facet normal 0 0 1
    outer loop
      vertex 121.62550418443139 -20.65985635694109 20.400000000000002
      vertex 121.85362575929435 -23.228591936471776 20.400000000000002
      vertex 121.95321081810525 -22.900303993361092 20.400000000000002
    endloop
  endfacet
  facet normal 0 0 1
    outer loop
      vertex 121.62550418443139 -20.65985635694109 20.400000000000002
      vertex 121.95321081810525 -22.900303993361092 20.400000000000002
      vertex 122.11492817847055 -22.597752092215696 20.400000000000002
    endloop
  endfacet
  facet normal 0 0 1
    outer loop
      vertex 121.62550418443139 -20.65985635694109 20.400000000000002
      vertex 122.11492817847055 -22.597752092215696 20.400000000000002
      vertex 122.33256313292354 -22.332563132923543 20.400000000000002
    endloop
  endfacet
  facet normal 0 0 1
    outer loop
      vertex 121.62550418443139 -20.65985635694109 20.400000000000002
      vertex 122.33256313292354 -22.332563132923543 20.400000000000002
      vertex 122.5977520922157 -22.114928178470546 20.400000000000002
    endloop
  endfacet
  facet normal 0 0 1
    outer loop
      vertex 121.62550418443139 -20.65985635694109 20.400000000000002
      vertex 122.5977520922157 -22.114928178470546 20.400000000000002
      vertex 122.90030399336109 -21.953210818105248 20.400000000000002
    endloop
  endfacet
  facet normal 0 0 1
    outer loop
      vertex 121.62550418443139 -20.65985635694109 20.400000000000002
      vertex 122.90030399336109 -21.953210818105248 20.400000000000002
      vertex 122.23060798672219 -20.336421636210495 20.400000000000002
    endloop
  endfacet
  facet normal 0 0 1
    outer loop
      vertex 121.62550418443139 20.65985635694109 10.400000000000002
      vertex 121.8861928975936 19.50493005695034 10.400000000000002
      vertex 122.23060798672219 20.336421636210495 10.400000000000002
    endloop
  endfacet
  facet normal -0.4713967368259951 -0.8819212643483564 0
    outer loop
      vertex 121.62550418443139 20.65985635694109 10.400000000000002
      vertex 122.23060798672219 20.336421636210495 10.400000000000002
      vertex 122.23060798672219 20.336421636210495 20.400000000000002
    endloop
  endfacet
  facet normal -0.4713967368259951 -0.8819212643483564 0
    outer loop
      vertex 121.62550418443139 20.65985635694109 10.400000000000002
      vertex 122.23060798672219 20.336421636210495 20.400000000000002
      vertex 121.62550418443139 20.65985635694109 20.400000000000002
    endloop
  endfacet
  facet normal 0 0 1
    outer loop
      vertex 121.62550418443139 20.65985635694109 20.400000000000002
      vertex 121.82 23.57 20.400000000000002
      vertex 121.62550418443139 26.48014364305891 20.400000000000002
    endloop
  endfacet
  facet normal 0 0 1
    outer loop
      vertex 121.62550418443139 20.65985635694109 20.400000000000002
      vertex 121.85362575929435 23.228591936471776 20.400000000000002
      vertex 121.82 23.57 20.400000000000002
    endloop
  endfacet
  facet normal 0 0 1
    outer loop
      vertex 121.62550418443139 20.65985635694109 20.400000000000002
      vertex 121.95321081810525 22.900303993361092 20.400000000000002
      vertex 121.85362575929435 23.228591936471776 20.400000000000002
    endloop
  endfacet
  facet normal 0 0 1
    outer loop
      vertex 121.62550418443139 20.65985635694109 20.400000000000002
      vertex 122.23060798672219 20.336421636210495 20.400000000000002
      vertex 121.95321081810525 22.900303993361092 20.400000000000002
    endloop
  endfacet
  facet normal -0.4713967368259951 0.8819212643483564 0
    outer loop
      vertex 121.62550418443139 26.48014364305891 10.400000000000002
      vertex 121.62550418443139 26.48014364305891 20.400000000000002
      vertex 122.23060798672219 26.803578363789505 10.400000000000002
    endloop
  endfacet
  facet normal 0 0 1
    outer loop
      vertex 121.62550418443139 26.48014364305891 20.400000000000002
      vertex 121.82 23.57 20.400000000000002
      vertex 121.85362575929435 23.911408063528224 20.400000000000002
    endloop
  endfacet
  facet normal 0 0 1
    outer loop
      vertex 121.62550418443139 26.48014364305891 20.400000000000002
      vertex 121.85362575929435 23.911408063528224 20.400000000000002
      vertex 121.95321081810525 24.23969600663891 20.400000000000002
    endloop
  endfacet
  facet normal 0 0 1
    outer loop
      vertex 121.62550418443139 26.48014364305891 20.400000000000002
      vertex 121.95321081810525 24.23969600663891 20.400000000000002
      vertex 122.11492817847055 24.542247907784304 20.400000000000002
    endloop
  endfacet
  facet normal 0 0 1
    outer loop
      vertex 121.62550418443139 26.48014364305891 20.400000000000002
      vertex 122.11492817847055 24.542247907784304 20.400000000000002
      vertex 122.33256313292354 24.807436867076458 20.400000000000002
    endloop
  endfacet
  facet normal -0.4713967368259951 0.8819212643483564 0
    outer loop
      vertex 121.62550418443139 26.48014364305891 20.400000000000002
      vertex 122.23060798672219 26.803578363789505 20.400000000000002
      vertex 122.23060798672219 26.803578363789505 10.400000000000002
    endloop
  endfacet
  facet normal 0 0 1
    outer loop
      vertex 121.62550418443139 26.48014364305891 20.400000000000002
      vertex 122.33256313292354 24.807436867076458 20.400000000000002
      vertex 122.23060798672219 26.803578363789505 20.400000000000002
    endloop
  endfacet
  facet normal 0.47139673682600497 0.8819212643483512 0
    outer loop
      vertex 121.7643967426863 -26.27227623998327 0
      vertex 121.7643967426863 -26.27227623998327 7.600000000000001
      vertex 122.32627884481346 -26.572608480661682 7.600000000000001
    endloop
  endfacet
  facet normal 0.47139673682600497 0.8819212643483512 0
    outer loop
      vertex 121.7643967426863 -26.27227623998327 0
      vertex 122.32627884481346 -26.572608480661682 7.600000000000001
      vertex 122.32627884481346 -26.572608480661682 0
    endloop
  endfacet
  facet normal 0 0 -1
    outer loop
      vertex 121.7643967426863 -26.27227623998327 7.600000000000001
      vertex 121.7643967426863 -20.86772376001673 7.600000000000001
      vertex 121.82 -23.57 7.600000000000001
    endloop
  endfacet
  facet normal 0 0 -1
    outer loop
      vertex 121.7643967426863 -26.27227623998327 7.600000000000001
      vertex 121.82 -23.57 7.600000000000001
      vertex 121.85362575929435 -23.911408063528224 7.600000000000001
    endloop
  endfacet
  facet normal 0 0 -1
    outer loop
      vertex 121.7643967426863 -26.27227623998327 7.600000000000001
      vertex 121.85362575929435 -23.911408063528224 7.600000000000001
      vertex 121.95321081810525 -24.23969600663891 7.600000000000001
    endloop
  endfacet
  facet normal 0 0 -1
    outer loop
      vertex 121.7643967426863 -26.27227623998327 7.600000000000001
      vertex 121.95321081810525 -24.23969600663891 7.600000000000001
      vertex 122.11492817847055 -24.542247907784304 7.600000000000001
    endloop
  endfacet
  facet normal 0 0 -1
    outer loop
      vertex 121.7643967426863 -26.27227623998327 7.600000000000001
      vertex 122.11492817847055 -24.542247907784304 7.600000000000001
      vertex 122.33256313292354 -24.807436867076458 7.600000000000001
    endloop
  endfacet
  facet normal 0 0 -1
    outer loop
      vertex 121.7643967426863 -26.27227623998327 7.600000000000001
      vertex 122.33256313292354 -24.807436867076458 7.600000000000001
      vertex 122.32627884481346 -26.572608480661682 7.600000000000001
    endloop
  endfacet
  facet normal 0.47139673682600497 -0.8819212643483512 0
    outer loop
      vertex 121.7643967426863 -20.86772376001673 0
      vertex 122.32627884481346 -20.56739151933832 0
      vertex 121.7643967426863 -20.86772376001673 7.600000000000001
    endloop
  endfacet
  facet normal 0 0 -1
    outer loop
      vertex 121.7643967426863 -20.86772376001673 0
      vertex 122.32627884481346 20.56739151933832 0
      vertex 122.32627884481346 -20.56739151933832 0
    endloop
  endfacet
  facet normal 0 0 -1
    outer loop
      vertex 121.7643967426863 -20.86772376001673 7.600000000000001
      vertex 121.85362575929435 -23.228591936471776 7.600000000000001
      vertex 121.82 -23.57 7.600000000000001
    endloop
  endfacet
  facet normal 0 0 -1
    outer loop
      vertex 121.7643967426863 -20.86772376001673 7.600000000000001
      vertex 121.95321081810525 -22.900303993361092 7.600000000000001
      vertex 121.85362575929435 -23.228591936471776 7.600000000000001
    endloop
  endfacet
  facet normal 0 0 -1
    outer loop
      vertex 121.7643967426863 -20.86772376001673 7.600000000000001
      vertex 122.11492817847055 -22.597752092215696 7.600000000000001
      vertex 121.95321081810525 -22.900303993361092 7.600000000000001
    endloop
  endfacet
  facet normal 0.47139673682600497 -0.8819212643483512 0
    outer loop
      vertex 121.7643967426863 -20.86772376001673 7.600000000000001
      vertex 122.32627884481346 -20.56739151933832 0
      vertex 122.32627884481346 -20.56739151933832 7.600000000000001
    endloop
  endfacet
  facet normal 0 0 -1
    outer loop
      vertex 121.7643967426863 -20.86772376001673 7.600000000000001
      vertex 122.32627884481346 -20.56739151933832 7.600000000000001
      vertex 122.11492817847055 -22.597752092215696 7.600000000000001
    endloop
  endfacet
  facet normal 0.47139673682600497 0.8819212643483512 0
    outer loop
      vertex 121.7643967426863 20.86772376001673 0
      vertex 121.7643967426863 20.86772376001673 7.600000000000001
      vertex 122.32627884481346 20.56739151933832 7.600000000000001
    endloop
  endfacet
  facet normal 0.47139673682600497 0.8819212643483512 0
    outer loop
      vertex 121.7643967426863 20.86772376001673 0
      vertex 122.32627884481346 20.56739151933832 7.600000000000001
      vertex 122.32627884481346 20.56739151933832 0
    endloop
  endfacet
  facet normal 0 0 -1
    outer loop
      vertex 121.7643967426863 20.86772376001673 7.600000000000001
      vertex 121.7643967426863 26.27227623998327 7.600000000000001
      vertex 121.82 23.57 7.600000000000001
    endloop
  endfacet
  facet normal 0 0 -1
    outer loop
      vertex 121.7643967426863 20.86772376001673 7.600000000000001
      vertex 121.82 23.57 7.600000000000001
      vertex 121.85362575929435 23.228591936471776 7.600000000000001
    endloop
  endfacet
  facet normal 0 0 -1
    outer loop
      vertex 121.7643967426863 20.86772376001673 7.600000000000001
      vertex 121.85362575929435 23.228591936471776 7.600000000000001
      vertex 121.95321081810525 22.900303993361092 7.600000000000001
    endloop
  endfacet
  facet normal 0 0 -1
    outer loop
      vertex 121.7643967426863 20.86772376001673 7.600000000000001
      vertex 121.95321081810525 22.900303993361092 7.600000000000001
      vertex 122.11492817847055 22.597752092215696 7.600000000000001
    endloop
  endfacet
  facet normal 0 0 -1
    outer loop
      vertex 121.7643967426863 20.86772376001673 7.600000000000001
      vertex 122.11492817847055 22.597752092215696 7.600000000000001
      vertex 122.32627884481346 20.56739151933832 7.600000000000001
    endloop
  endfacet
  facet normal 0.47139673682600497 -0.8819212643483512 0
    outer loop
      vertex 121.7643967426863 26.27227623998327 0
      vertex 122.32627884481346 26.572608480661682 0
      vertex 121.7643967426863 26.27227623998327 7.600000000000001
    endloop
  endfacet
  facet normal 0 0 -1
    outer loop
      vertex 121.7643967426863 26.27227623998327 0
      vertex 128 62 0
      vertex 122.32627884481346 26.572608480661682 0
    endloop
  endfacet
  facet normal 0 0 -1
    outer loop
      vertex 121.7643967426863 26.27227623998327 7.600000000000001
      vertex 121.85362575929435 23.911408063528224 7.600000000000001
      vertex 121.82 23.57 7.600000000000001
    endloop
  endfacet
  facet normal 0 0 -1
    outer loop
      vertex 121.7643967426863 26.27227623998327 7.600000000000001
      vertex 121.95321081810525 24.23969600663891 7.600000000000001
      vertex 121.85362575929435 23.911408063528224 7.600000000000001
    endloop
  endfacet
  facet normal 0 0 -1
    outer loop
      vertex 121.7643967426863 26.27227623998327 7.600000000000001
      vertex 122.11492817847055 24.542247907784304 7.600000000000001
      vertex 121.95321081810525 24.23969600663891 7.600000000000001
    endloop
  endfacet
  facet normal 0.47139673682600497 -0.8819212643483512 0
    outer loop
      vertex 121.7643967426863 26.27227623998327 7.600000000000001
      vertex 122.32627884481346 26.572608480661682 0
      vertex 122.32627884481346 26.572608480661682 7.600000000000001
    endloop
  endfacet
  facet normal 0 0 -1
    outer loop
      vertex 121.7643967426863 26.27227623998327 7.600000000000001
      vertex 122.32627884481346 26.572608480661682 7.600000000000001
      vertex 122.33256313292354 24.807436867076458 7.600000000000001
    endloop
  endfacet
  facet normal 0 0 -1
    outer loop
      vertex 121.7643967426863 26.27227623998327 7.600000000000001
      vertex 122.33256313292354 24.807436867076458 7.600000000000001
      vertex 122.11492817847055 24.542247907784304 7.600000000000001
    endloop
  endfacet
  facet normal 0.9951847266721952 0.0980171403295775 0
    outer loop
      vertex 121.82 -23.57 7.600000000000001
      vertex 121.82 -23.57 20.400000000000002
      vertex 121.85362575929435 -23.911408063528224 7.600000000000001
    endloop
  endfacet
  facet normal 0.9951847266721952 -0.0980171403295775 0
    outer loop
      vertex 121.82 -23.57 7.600000000000001
      vertex 121.85362575929435 -23.228591936471776 7.600000000000001
      vertex 121.85362575929435 -23.228591936471776 20.400000000000002
    endloop
  endfacet
  facet normal 0.9951847266721952 -0.0980171403295775 0
    outer loop
      vertex 121.82 -23.57 7.600000000000001
      vertex 121.85362575929435 -23.228591936471776 20.400000000000002
      vertex 121.82 -23.57 20.400000000000002
    endloop
  endfacet
  facet normal 0.9951847266721952 0.0980171403295775 0
    outer loop
      vertex 121.82 -23.57 20.400000000000002
      vertex 121.85362575929435 -23.911408063528224 20.400000000000002
      vertex 121.85362575929435 -23.911408063528224 7.600000000000001
    endloop
  endfacet
  facet normal 0.9951847266721952 0.0980171403295775 0
    outer loop
      vertex 121.82 23.57 7.600000000000001
      vertex 121.82 23.57 20.400000000000002
      vertex 121.85362575929435 23.228591936471776 7.600000000000001
    endloop
  endfacet
  facet normal 0.9951847266721952 -0.0980171403295775 0
    outer loop
      vertex 121.82 23.57 7.600000000000001
      vertex 121.85362575929435 23.911408063528224 7.600000000000001
      vertex 121.85362575929435 23.911408063528224 20.400000000000002
    endloop
  endfacet
  facet normal 0.9951847266721952 -0.0980171403295775 0
    outer loop
      vertex 121.82 23.57 7.600000000000001
      vertex 121.85362575929435 23.911408063528224 20.400000000000002
      vertex 121.82 23.57 20.400000000000002
    endloop
  endfacet
  facet normal 0.9951847266721952 0.0980171403295775 0
    outer loop
      vertex 121.82 23.57 20.400000000000002
      vertex 121.85362575929435 23.228591936471776 20.400000000000002
      vertex 121.85362575929435 23.228591936471776 7.600000000000001
    endloop
  endfacet
  facet normal 0.9569403357322087 0.29028467725446305 0
    outer loop
      vertex 121.85362575929435 -23.911408063528224 7.600000000000001
      vertex 121.85362575929435 -23.911408063528224 20.400000000000002
      vertex 121.95321081810525 -24.23969600663891 7.600000000000001
    endloop
  endfacet
  facet normal 0.9569403357322087 0.29028467725446305 0
    outer loop
      vertex 121.85362575929435 -23.911408063528224 20.400000000000002
      vertex 121.95321081810525 -24.23969600663891 20.400000000000002
      vertex 121.95321081810525 -24.23969600663891 7.600000000000001
    endloop
  endfacet
  facet normal 0.9569403357322087 -0.29028467725446305 0
    outer loop
      vertex 121.85362575929435 -23.228591936471776 7.600000000000001
      vertex 121.95321081810525 -22.900303993361092 7.600000000000001
      vertex 121.95321081810525 -22.900303993361092 20.400000000000002
    endloop
  endfacet
  facet normal 0.9569403357322087 -0.29028467725446305 0
    outer loop
      vertex 121.85362575929435 -23.228591936471776 7.600000000000001
      vertex 121.95321081810525 -22.900303993361092 20.400000000000002
      vertex 121.85362575929435 -23.228591936471776 20.400000000000002
    endloop
  endfacet
  facet normal 0.9569403357322087 0.29028467725446305 0
    outer loop
      vertex 121.85362575929435 23.228591936471776 7.600000000000001
      vertex 121.85362575929435 23.228591936471776 20.400000000000002
      vertex 121.95321081810525 22.900303993361092 7.600000000000001
    endloop
  endfacet
  facet normal 0.9569403357322087 0.29028467725446305 0
    outer loop
      vertex 121.85362575929435 23.228591936471776 20.400000000000002
      vertex 121.95321081810525 22.900303993361092 20.400000000000002
      vertex 121.95321081810525 22.900303993361092 7.600000000000001
    endloop
  endfacet
  facet normal 0.9569403357322087 -0.29028467725446305 0
    outer loop
      vertex 121.85362575929435 23.911408063528224 7.600000000000001
      vertex 121.95321081810525 24.23969600663891 7.600000000000001
      vertex 121.95321081810525 24.23969600663891 20.400000000000002
    endloop
  endfacet
  facet normal 0.9569403357322087 -0.29028467725446305 0
    outer loop
      vertex 121.85362575929435 23.911408063528224 7.600000000000001
      vertex 121.95321081810525 24.23969600663891 20.400000000000002
      vertex 121.85362575929435 23.911408063528224 20.400000000000002
    endloop
  endfacet
  facet normal -0.29028467725446455 0.9569403357322082 0
    outer loop
      vertex 121.8861928975936 -19.50493005695034 1.6
      vertex 121.8861928975936 -19.50493005695034 10.400000000000002
      vertex 122.71160258312904 -19.254544766225784 10.400000000000002
    endloop
  endfacet
  facet normal 0 0 1
    outer loop
      vertex 121.8861928975936 -19.50493005695034 1.6
      vertex 122.71160258312904 -19.254544766225784 1.6
      vertex 124.4 -3.5 1.6
    endloop
  endfacet
  facet normal -0.29028467725446455 0.9569403357322082 0
    outer loop
      vertex 121.8861928975936 -19.50493005695034 1.6
      vertex 122.71160258312904 -19.254544766225784 10.400000000000002
      vertex 122.71160258312904 -19.254544766225784 1.6
    endloop
  endfacet
  facet normal 0 0 1
    outer loop
      vertex 121.8861928975936 -19.50493005695034 10.400000000000002
      vertex 122.23060798672219 -20.336421636210495 10.400000000000002
      vertex 122.71160258312904 -19.254544766225784 10.400000000000002
    endloop
  endfacet
  facet normal -0.29028467725446455 -0.9569403357322082 0
    outer loop
      vertex 121.8861928975936 19.50493005695034 1.6
      vertex 122.71160258312904 19.254544766225784 1.6
      vertex 121.8861928975936 19.50493005695034 10.400000000000002
    endloop
  endfacet
  facet normal 0 0 1
    outer loop
      vertex 121.8861928975936 19.50493005695034 1.6
      vertex 124.4 -2 1.6
      vertex 122.71160258312904 19.254544766225784 1.6
    endloop
  endfacet
  facet normal -0.29028467725446455 -0.9569403357322082 0
    outer loop
      vertex 121.8861928975936 19.50493005695034 10.400000000000002
      vertex 122.71160258312904 19.254544766225784 1.6
      vertex 122.71160258312904 19.254544766225784 10.400000000000002
    endloop
  endfacet
  facet normal 0 0 1
    outer loop
      vertex 121.8861928975936 19.50493005695034 10.400000000000002
      vertex 122.71160258312904 19.254544766225784 10.400000000000002
      vertex 122.23060798672219 20.336421636210495 10.400000000000002
    endloop
  endfacet
  facet normal -0.29028467725446455 0.9569403357322082 0
    outer loop
      vertex 121.8861928975936 27.63506994304966 1.6
      vertex 121.8861928975936 27.63506994304966 10.400000000000002
      vertex 122.71160258312904 27.885455233774216 10.400000000000002
    endloop
  endfacet
  facet normal -0.29028467725446455 0.9569403357322082 0
    outer loop
      vertex 121.8861928975936 27.63506994304966 1.6
      vertex 122.71160258312904 27.885455233774216 10.400000000000002
      vertex 122.71160258312904 27.885455233774216 1.6
    endloop
  endfacet
  facet normal 0 0 1
    outer loop
      vertex 121.8861928975936 27.63506994304966 10.400000000000002
      vertex 122.23060798672219 26.803578363789505 10.400000000000002
      vertex 122.88718387294355 27.002748481411306 10.400000000000002
    endloop
  endfacet
  facet normal 0 0 1
    outer loop
      vertex 121.8861928975936 27.63506994304966 10.400000000000002
      vertex 122.88718387294355 27.002748481411306 10.400000000000002
      vertex 122.71160258312904 27.885455233774216 10.400000000000002
    endloop
  endfacet
  facet normal 0.8819212643483497 0.4713967368260074 0
    outer loop
      vertex 121.95321081810525 -24.23969600663891 7.600000000000001
      vertex 121.95321081810525 -24.23969600663891 20.400000000000002
      vertex 122.11492817847055 -24.542247907784304 7.600000000000001
    endloop
  endfacet
  facet normal 0.8819212643483497 0.4713967368260074 0
    outer loop
      vertex 121.95321081810525 -24.23969600663891 20.400000000000002
      vertex 122.11492817847055 -24.542247907784304 20.400000000000002
      vertex 122.11492817847055 -24.542247907784304 7.600000000000001
    endloop
  endfacet
  facet normal 0 0 1
    outer loop
      vertex 121.95321081810525 -24.23969600663891 20.400000000000002
      vertex 122.20301683324797 -26.523440681375057 20.400000000000002
      vertex 122.11492817847055 -24.542247907784304 20.400000000000002
    endloop
  endfacet
  facet normal 0.8819212643483497 -0.4713967368260074 0
    outer loop
      vertex 121.95321081810525 -22.900303993361092 7.600000000000001
      vertex 122.11492817847055 -22.597752092215696 7.600000000000001
      vertex 122.11492817847055 -22.597752092215696 20.400000000000002
    endloop
  endfacet
  facet normal 0.8819212643483497 -0.4713967368260074 0
    outer loop
      vertex 121.95321081810525 -22.900303993361092 7.600000000000001
      vertex 122.11492817847055 -22.597752092215696 20.400000000000002
      vertex 121.95321081810525 -22.900303993361092 20.400000000000002
    endloop
  endfacet
  facet normal 0.8819212643483497 0.4713967368260074 0
    outer loop
      vertex 121.95321081810525 22.900303993361092 7.600000000000001
      vertex 121.95321081810525 22.900303993361092 20.400000000000002
      vertex 122.11492817847055 22.597752092215696 7.600000000000001
    endloop
  endfacet
  facet normal 0.8819212643483497 0.4713967368260074 0
    outer loop
      vertex 121.95321081810525 22.900303993361092 20.400000000000002
      vertex 122.11492817847055 22.597752092215696 20.400000000000002
      vertex 122.11492817847055 22.597752092215696 7.600000000000001
    endloop
  endfacet
  facet normal 0 0 1
    outer loop
      vertex 121.95321081810525 22.900303993361092 20.400000000000002
      vertex 122.23060798672219 20.336421636210495 20.400000000000002
      vertex 122.11492817847055 22.597752092215696 20.400000000000002
    endloop
  endfacet
  facet normal 0.8819212643483497 -0.4713967368260074 0
    outer loop
      vertex 121.95321081810525 24.23969600663891 7.600000000000001
      vertex 122.11492817847055 24.542247907784304 7.600000000000001
      vertex 122.11492817847055 24.542247907784304 20.400000000000002
    endloop
  endfacet
  facet normal 0.8819212643483497 -0.4713967368260074 0
    outer loop
      vertex 121.95321081810525 24.23969600663891 7.600000000000001
      vertex 122.11492817847055 24.542247907784304 20.400000000000002
      vertex 121.95321081810525 24.23969600663891 20.400000000000002
    endloop
  endfacet
  facet normal 0.7730104533627449 0.6343932841636359 0
    outer loop
      vertex 122.11492817847055 -24.542247907784304 7.600000000000001
      vertex 122.11492817847055 -24.542247907784304 20.400000000000002
      vertex 122.33256313292354 -24.807436867076458 7.600000000000001
    endloop
  endfacet
  facet normal 0 0 1
    outer loop
      vertex 122.11492817847055 -24.542247907784304 20.400000000000002
      vertex 122.20301683324797 -26.523440681375057 20.400000000000002
      vertex 122.33256313292354 -24.807436867076458 20.400000000000002
    endloop
  endfacet
  facet normal 0.7730104533627449 0.6343932841636359 0
    outer loop
      vertex 122.11492817847055 -24.542247907784304 20.400000000000002
      vertex 122.33256313292354 -24.807436867076458 20.400000000000002
      vertex 122.33256313292354 -24.807436867076458 7.600000000000001
    endloop
  endfacet
  facet normal 0 0 -1
    outer loop
      vertex 122.11492817847055 -22.597752092215696 7.600000000000001
      vertex 122.32627884481346 -20.56739151933832 7.600000000000001
      vertex 122.33256313292354 -22.332563132923543 7.600000000000001
    endloop
  endfacet
  facet normal 0.7730104533627449 -0.6343932841636359 0
    outer loop
      vertex 122.11492817847055 -22.597752092215696 7.600000000000001
      vertex 122.33256313292354 -22.332563132923543 7.600000000000001
      vertex 122.33256313292354 -22.332563132923543 20.400000000000002
    endloop
  endfacet
  facet normal 0.7730104533627449 -0.6343932841636359 0
    outer loop
      vertex 122.11492817847055 -22.597752092215696 7.600000000000001
      vertex 122.33256313292354 -22.332563132923543 20.400000000000002
      vertex 122.11492817847055 -22.597752092215696 20.400000000000002
    endloop
  endfacet
  facet normal 0.7730104533627449 0.6343932841636359 0
    outer loop
      vertex 122.11492817847055 22.597752092215696 7.600000000000001
      vertex 122.11492817847055 22.597752092215696 20.400000000000002
      vertex 122.33256313292354 22.332563132923543 7.600000000000001
    endloop
  endfacet
  facet normal 0 0 -1
    outer loop
      vertex 122.11492817847055 22.597752092215696 7.600000000000001
      vertex 122.33256313292354 22.332563132923543 7.600000000000001
      vertex 122.32627884481346 20.56739151933832 7.600000000000001
    endloop
  endfacet
  facet normal 0 0 1
    outer loop
      vertex 122.11492817847055 22.597752092215696 20.400000000000002
      vertex 122.23060798672219 20.336421636210495 20.400000000000002
      vertex 122.33256313292354 22.332563132923543 20.400000000000002
    endloop
  endfacet
  facet normal 0.7730104533627449 0.6343932841636359 0
    outer loop
      vertex 122.11492817847055 22.597752092215696 20.400000000000002
      vertex 122.33256313292354 22.332563132923543 20.400000000000002
      vertex 122.33256313292354 22.332563132923543 7.600000000000001
    endloop
  endfacet
  facet normal 0.7730104533627449 -0.6343932841636359 0
    outer loop
      vertex 122.11492817847055 24.542247907784304 7.600000000000001
      vertex 122.33256313292354 24.807436867076458 7.600000000000001
      vertex 122.33256313292354 24.807436867076458 20.400000000000002
    endloop
  endfacet
  facet normal 0.7730104533627449 -0.6343932841636359 0
    outer loop
      vertex 122.11492817847055 24.542247907784304 7.600000000000001
      vertex 122.33256313292354 24.807436867076458 20.400000000000002
      vertex 122.11492817847055 24.542247907784304 20.400000000000002
    endloop
  endfacet
  facet normal 0 0 1
    outer loop
      vertex 122.20301683324797 -26.523440681375057 20.400000000000002
      vertex 122.5977520922157 -25.025071821529455 20.400000000000002
      vertex 122.33256313292354 -24.807436867076458 20.400000000000002
    endloop
  endfacet
  facet normal 0 0 1
    outer loop
      vertex 122.20301683324797 -26.523440681375057 20.400000000000002
      vertex 122.90030399336109 -25.186789181894753 20.400000000000002
      vertex 122.5977520922157 -25.025071821529455 20.400000000000002
    endloop
  endfacet
  facet normal 0 0 1
    outer loop
      vertex 122.20301683324797 -26.523440681375057 20.400000000000002
      vertex 123.22859193647177 -25.286374240705655 20.400000000000002
      vertex 122.90030399336109 -25.186789181894753 20.400000000000002
    endloop
  endfacet
  facet normal 0 0 1
    outer loop
      vertex 122.20301683324797 -26.523440681375057 20.400000000000002
      vertex 123.57 -25.32 20.400000000000002
      vertex 123.22859193647177 -25.286374240705655 20.400000000000002
    endloop
  endfacet
  facet normal 0 0 1
    outer loop
      vertex 122.20301683324797 -26.523440681375057 20.400000000000002
      vertex 123.91140806352823 -25.286374240705655 20.400000000000002
      vertex 123.57 -25.32 20.400000000000002
    endloop
  endfacet
  facet normal 0 0 1
    outer loop
      vertex 122.20301683324797 -26.523440681375057 20.400000000000002
      vertex 125.51449581556861 -26.426044240718568 20.400000000000002
      vertex 123.91140806352823 -25.286374240705655 20.400000000000002
    endloop
  endfacet
  facet normal 0 0 1
    outer loop
      vertex 122.20301683324797 -26.523440681375057 20.400000000000002
      vertex 128 -28 20.400000000000002
      vertex 125.51449581556861 -26.426044240718568 20.400000000000002
    endloop
  endfacet
  facet normal -0.29028467725446117 0.9569403357322093 0
    outer loop
      vertex 122.23060798672219 -20.336421636210495 10.400000000000002
      vertex 122.23060798672219 -20.336421636210495 20.400000000000002
      vertex 122.88718387294355 -20.137251518588695 20.400000000000002
    endloop
  endfacet
  facet normal 0 0 1
    outer loop
      vertex 122.23060798672219 -20.336421636210495 10.400000000000002
      vertex 122.88718387294355 -20.137251518588695 10.400000000000002
      vertex 122.71160258312904 -19.254544766225784 10.400000000000002
    endloop
  endfacet
  facet normal -0.29028467725446117 0.9569403357322093 0
    outer loop
      vertex 122.23060798672219 -20.336421636210495 10.400000000000002
      vertex 122.88718387294355 -20.137251518588695 20.400000000000002
      vertex 122.88718387294355 -20.137251518588695 10.400000000000002
    endloop
  endfacet
  facet normal 0 0 1
    outer loop
      vertex 122.23060798672219 -20.336421636210495 20.400000000000002
      vertex 122.90030399336109 -21.953210818105248 20.400000000000002
      vertex 123.22859193647177 -21.853625759294346 20.400000000000002
    endloop
  endfacet
  facet normal 0 0 1
    outer loop
      vertex 122.23060798672219 -20.336421636210495 20.400000000000002
      vertex 123.22859193647177 -21.853625759294346 20.400000000000002
      vertex 122.88718387294355 -20.137251518588695 20.400000000000002
    endloop
  endfacet
  facet normal 0 0 1
    outer loop
      vertex 122.23060798672219 20.336421636210495 10.400000000000002
      vertex 122.71160258312904 19.254544766225784 10.400000000000002
      vertex 122.88718387294355 20.137251518588695 10.400000000000002
    endloop
  endfacet
  facet normal -0.29028467725446117 -0.9569403357322093 0
    outer loop
      vertex 122.23060798672219 20.336421636210495 10.400000000000002
      vertex 122.88718387294355 20.137251518588695 10.400000000000002
      vertex 122.88718387294355 20.137251518588695 20.400000000000002
    endloop
  endfacet
  facet normal -0.29028467725446117 -0.9569403357322093 0
    outer loop
      vertex 122.23060798672219 20.336421636210495 10.400000000000002
      vertex 122.88718387294355 20.137251518588695 20.400000000000002
      vertex 122.23060798672219 20.336421636210495 20.400000000000002
    endloop
  endfacet
  facet normal 0 0 1
    outer loop
      vertex 122.23060798672219 20.336421636210495 20.400000000000002
      vertex 122.5977520922157 22.114928178470546 20.400000000000002
      vertex 122.33256313292354 22.332563132923543 20.400000000000002
    endloop
  endfacet
  facet normal 0 0 1
    outer loop
      vertex 122.23060798672219 20.336421636210495 20.400000000000002
      vertex 122.88718387294355 20.137251518588695 20.400000000000002
      vertex 122.5977520922157 22.114928178470546 20.400000000000002
    endloop
  endfacet
  facet normal -0.29028467725446117 0.9569403357322093 0
    outer loop
      vertex 122.23060798672219 26.803578363789505 10.400000000000002
      vertex 122.23060798672219 26.803578363789505 20.400000000000002
      vertex 122.88718387294355 27.002748481411306 10.400000000000002
    endloop
  endfacet
  facet normal 0 0 1
    outer loop
      vertex 122.23060798672219 26.803578363789505 20.400000000000002
      vertex 122.33256313292354 24.807436867076458 20.400000000000002
      vertex 122.5977520922157 25.025071821529455 20.400000000000002
    endloop
  endfacet
  facet normal 0 0 1
    outer loop
      vertex 122.23060798672219 26.803578363789505 20.400000000000002
      vertex 122.5977520922157 25.025071821529455 20.400000000000002
      vertex 122.90030399336109 25.186789181894753 20.400000000000002
    endloop
  endfacet
  facet normal -0.29028467725446117 0.9569403357322093 0
    outer loop
      vertex 122.23060798672219 26.803578363789505 20.400000000000002
      vertex 122.88718387294355 27.002748481411306 20.400000000000002
      vertex 122.88718387294355 27.002748481411306 10.400000000000002
    endloop
  endfacet
  facet normal 0 0 1
    outer loop
      vertex 122.23060798672219 26.803578363789505 20.400000000000002
      vertex 122.90030399336109 25.186789181894753 20.400000000000002
      vertex 122.88718387294355 27.002748481411306 20.400000000000002
    endloop
  endfacet
  facet normal 0.29028467725446166 0.9569403357322092 0
    outer loop
      vertex 122.32627884481346 -26.572608480661682 0
      vertex 122.32627884481346 -26.572608480661682 7.600000000000001
      vertex 122.93595645344759 -26.7575521613105 7.600000000000001
    endloop
  endfacet
  facet normal 0.29028467725446166 0.9569403357322092 0
    outer loop
      vertex 122.32627884481346 -26.572608480661682 0
      vertex 122.93595645344759 -26.7575521613105 7.600000000000001
      vertex 122.93595645344759 -26.7575521613105 0
    endloop
  endfacet
  facet normal 0 0 -1
    outer loop
      vertex 122.32627884481346 -26.572608480661682 7.600000000000001
      vertex 122.33256313292354 -24.807436867076458 7.600000000000001
      vertex 122.5977520922157 -25.025071821529455 7.600000000000001
    endloop
  endfacet
  facet normal 0 0 -1
    outer loop
      vertex 122.32627884481346 -26.572608480661682 7.600000000000001
      vertex 122.5977520922157 -25.025071821529455 7.600000000000001
      vertex 122.90030399336109 -25.186789181894753 7.600000000000001
    endloop
  endfacet
  facet normal 0 0 -1
    outer loop
      vertex 122.32627884481346 -26.572608480661682 7.600000000000001
      vertex 122.90030399336109 -25.186789181894753 7.600000000000001
      vertex 122.93595645344759 -26.7575521613105 7.600000000000001
    endloop
  endfacet
  facet normal 0 0 -1
    outer loop
      vertex 122.32627884481346 -20.56739151933832 0
      vertex 122.32627884481346 20.56739151933832 0
      vertex 122.93595645344759 -20.3824478386895 0
    endloop
  endfacet
  facet normal 0.29028467725446166 -0.9569403357322092 0
    outer loop
      vertex 122.32627884481346 -20.56739151933832 0
      vertex 122.93595645344759 -20.3824478386895 0
      vertex 122.32627884481346 -20.56739151933832 7.600000000000001
    endloop
  endfacet
  facet normal 0 0 -1
    outer loop
      vertex 122.32627884481346 -20.56739151933832 7.600000000000001
      vertex 122.5977520922157 -22.114928178470546 7.600000000000001
      vertex 122.33256313292354 -22.332563132923543 7.600000000000001
    endloop
  endfacet
  facet normal 0 0 -1
    outer loop
      vertex 122.32627884481346 -20.56739151933832 7.600000000000001
      vertex 122.90030399336109 -21.953210818105248 7.600000000000001
      vertex 122.5977520922157 -22.114928178470546 7.600000000000001
    endloop
  endfacet
  facet normal 0.29028467725446166 -0.9569403357322092 0
    outer loop
      vertex 122.32627884481346 -20.56739151933832 7.600000000000001
      vertex 122.93595645344759 -20.3824478386895 0
      vertex 122.93595645344759 -20.3824478386895 7.600000000000001
    endloop
  endfacet
  facet normal 0 0 -1
    outer loop
      vertex 122.32627884481346 -20.56739151933832 7.600000000000001
      vertex 122.93595645344759 -20.3824478386895 7.600000000000001
      vertex 122.90030399336109 -21.953210818105248 7.600000000000001
    endloop
  endfacet
  facet normal 0.29028467725446166 0.9569403357322092 0
    outer loop
      vertex 122.32627884481346 20.56739151933832 0
      vertex 122.32627884481346 20.56739151933832 7.600000000000001
      vertex 122.93595645344759 20.3824478386895 7.600000000000001
    endloop
  endfacet
  facet normal 0 0 -1
    outer loop
      vertex 122.32627884481346 20.56739151933832 0
      vertex 122.93595645344759 20.3824478386895 0
      vertex 122.93595645344759 -20.3824478386895 0
    endloop
  endfacet
  facet normal 0.29028467725446166 0.9569403357322092 0
    outer loop
      vertex 122.32627884481346 20.56739151933832 0
      vertex 122.93595645344759 20.3824478386895 7.600000000000001
      vertex 122.93595645344759 20.3824478386895 0
    endloop
  endfacet
  facet normal 0 0 -1
    outer loop
      vertex 122.32627884481346 20.56739151933832 7.600000000000001
      vertex 122.33256313292354 22.332563132923543 7.600000000000001
      vertex 122.5977520922157 22.114928178470546 7.600000000000001
    endloop
  endfacet
  facet normal 0 0 -1
    outer loop
      vertex 122.32627884481346 20.56739151933832 7.600000000000001
      vertex 122.5977520922157 22.114928178470546 7.600000000000001
      vertex 122.93595645344759 20.3824478386895 7.600000000000001
    endloop
  endfacet
  facet normal 0.29028467725446166 -0.9569403357322092 0
    outer loop
      vertex 122.32627884481346 26.572608480661682 0
      vertex 122.93595645344759 26.7575521613105 0
      vertex 122.32627884481346 26.572608480661682 7.600000000000001
    endloop
  endfacet
  facet normal 0 0 -1
    outer loop
      vertex 122.32627884481346 26.572608480661682 0
      vertex 128 62 0
      vertex 122.93595645344759 26.7575521613105 0
    endloop
  endfacet
  facet normal 0 0 -1
    outer loop
      vertex 122.32627884481346 26.572608480661682 7.600000000000001
      vertex 122.5977520922157 25.025071821529455 7.600000000000001
      vertex 122.33256313292354 24.807436867076458 7.600000000000001
    endloop
  endfacet
  facet normal 0 0 -1
    outer loop
      vertex 122.32627884481346 26.572608480661682 7.600000000000001
      vertex 122.90030399336109 25.186789181894753 7.600000000000001
      vertex 122.5977520922157 25.025071821529455 7.600000000000001
    endloop
  endfacet
  facet normal 0.29028467725446166 -0.9569403357322092 0
    outer loop
      vertex 122.32627884481346 26.572608480661682 7.600000000000001
      vertex 122.93595645344759 26.7575521613105 0
      vertex 122.93595645344759 26.7575521613105 7.600000000000001
    endloop
  endfacet
  facet normal 0 0 -1
    outer loop
      vertex 122.32627884481346 26.572608480661682 7.600000000000001
      vertex 122.93595645344759 26.7575521613105 7.600000000000001
      vertex 123.22859193647177 25.286374240705655 7.600000000000001
    endloop
  endfacet
  facet normal 0 0 -1
    outer loop
      vertex 122.32627884481346 26.572608480661682 7.600000000000001
      vertex 123.22859193647177 25.286374240705655 7.600000000000001
      vertex 122.90030399336109 25.186789181894753 7.600000000000001
    endloop
  endfacet
  facet normal 0.6343932841636382 0.7730104533627429 0
    outer loop
      vertex 122.33256313292354 -24.807436867076458 7.600000000000001
      vertex 122.33256313292354 -24.807436867076458 20.400000000000002
      vertex 122.5977520922157 -25.025071821529455 7.600000000000001
    endloop
  endfacet
  facet normal 0.6343932841636382 0.7730104533627429 0
    outer loop
      vertex 122.33256313292354 -24.807436867076458 20.400000000000002
      vertex 122.5977520922157 -25.025071821529455 20.400000000000002
      vertex 122.5977520922157 -25.025071821529455 7.600000000000001
    endloop
  endfacet
  facet normal 0.6343932841636382 -0.7730104533627429 0
    outer loop
      vertex 122.33256313292354 -22.332563132923543 7.600000000000001
      vertex 122.5977520922157 -22.114928178470546 7.600000000000001
      vertex 122.5977520922157 -22.114928178470546 20.400000000000002
    endloop
  endfacet
  facet normal 0.6343932841636382 -0.7730104533627429 0
    outer loop
      vertex 122.33256313292354 -22.332563132923543 7.600000000000001
      vertex 122.5977520922157 -22.114928178470546 20.400000000000002
      vertex 122.33256313292354 -22.332563132923543 20.400000000000002
    endloop
  endfacet
  facet normal 0.6343932841636382 0.7730104533627429 0
    outer loop
      vertex 122.33256313292354 22.332563132923543 7.600000000000001
      vertex 122.33256313292354 22.332563132923543 20.400000000000002
      vertex 122.5977520922157 22.114928178470546 7.600000000000001
    endloop
  endfacet
  facet normal 0.6343932841636382 0.7730104533627429 0
    outer loop
      vertex 122.33256313292354 22.332563132923543 20.400000000000002
      vertex 122.5977520922157 22.114928178470546 20.400000000000002
      vertex 122.5977520922157 22.114928178470546 7.600000000000001
    endloop
  endfacet
  facet normal 0.6343932841636382 -0.7730104533627429 0
    outer loop
      vertex 122.33256313292354 24.807436867076458 7.600000000000001
      vertex 122.5977520922157 25.025071821529455 7.600000000000001
      vertex 122.5977520922157 25.025071821529455 20.400000000000002
    endloop
  endfacet
  facet normal 0.6343932841636382 -0.7730104533627429 0
    outer loop
      vertex 122.33256313292354 24.807436867076458 7.600000000000001
      vertex 122.5977520922157 25.025071821529455 20.400000000000002
      vertex 122.33256313292354 24.807436867076458 20.400000000000002
    endloop
  endfacet
  facet normal 0.4713967368260037 0.8819212643483517 0
    outer loop
      vertex 122.5977520922157 -25.025071821529455 7.600000000000001
      vertex 122.5977520922157 -25.025071821529455 20.400000000000002
      vertex 122.90030399336109 -25.186789181894753 7.600000000000001
    endloop
  endfacet
  facet normal 0.4713967368260037 0.8819212643483517 0
    outer loop
      vertex 122.5977520922157 -25.025071821529455 20.400000000000002
      vertex 122.90030399336109 -25.186789181894753 20.400000000000002
      vertex 122.90030399336109 -25.186789181894753 7.600000000000001
    endloop
  endfacet
  facet normal 0.4713967368260037 -0.8819212643483517 0
    outer loop
      vertex 122.5977520922157 -22.114928178470546 7.600000000000001
      vertex 122.90030399336109 -21.953210818105248 7.600000000000001
      vertex 122.90030399336109 -21.953210818105248 20.400000000000002
    endloop
  endfacet
  facet normal 0.4713967368260037 -0.8819212643483517 0
    outer loop
      vertex 122.5977520922157 -22.114928178470546 7.600000000000001
      vertex 122.90030399336109 -21.953210818105248 20.400000000000002
      vertex 122.5977520922157 -22.114928178470546 20.400000000000002
    endloop
  endfacet
  facet normal 0.4713967368260037 0.8819212643483517 0
    outer loop
      vertex 122.5977520922157 22.114928178470546 7.600000000000001
      vertex 122.5977520922157 22.114928178470546 20.400000000000002
      vertex 122.90030399336109 21.953210818105248 7.600000000000001
    endloop
  endfacet
  facet normal 0 0 -1
    outer loop
      vertex 122.5977520922157 22.114928178470546 7.600000000000001
      vertex 122.90030399336109 21.953210818105248 7.600000000000001
      vertex 122.93595645344759 20.3824478386895 7.600000000000001
    endloop
  endfacet
  facet normal 0 0 1
    outer loop
      vertex 122.5977520922157 22.114928178470546 20.400000000000002
      vertex 122.88718387294355 20.137251518588695 20.400000000000002
      vertex 122.90030399336109 21.953210818105248 20.400000000000002
    endloop
  endfacet
  facet normal 0.4713967368260037 0.8819212643483517 0
    outer loop
      vertex 122.5977520922157 22.114928178470546 20.400000000000002
      vertex 122.90030399336109 21.953210818105248 20.400000000000002
      vertex 122.90030399336109 21.953210818105248 7.600000000000001
    endloop
  endfacet
  facet normal 0.4713967368260037 -0.8819212643483517 0
    outer loop
      vertex 122.5977520922157 25.025071821529455 7.600000000000001
      vertex 122.90030399336109 25.186789181894753 7.600000000000001
      vertex 122.90030399336109 25.186789181894753 20.400000000000002
    endloop
  endfacet
  facet normal 0.4713967368260037 -0.8819212643483517 0
    outer loop
      vertex 122.5977520922157 25.025071821529455 7.600000000000001
      vertex 122.90030399336109 25.186789181894753 20.400000000000002
      vertex 122.5977520922157 25.025071821529455 20.400000000000002
    endloop
  endfacet
  facet normal -0.09801714032955741 0.9951847266721972 0
    outer loop
      vertex 122.71160258312904 -19.254544766225784 1.6
      vertex 122.71160258312904 -19.254544766225784 10.400000000000002
      vertex 123.57 -19.17 10.400000000000002
    endloop
  endfacet
  facet normal 0 0 1
    outer loop
      vertex 122.71160258312904 -19.254544766225784 1.6
      vertex 123.57 -19.17 1.6
      vertex 124.4 -3.5 1.6
    endloop
  endfacet
  facet normal -0.09801714032955741 0.9951847266721972 0
    outer loop
      vertex 122.71160258312904 -19.254544766225784 1.6
      vertex 123.57 -19.17 10.400000000000002
      vertex 123.57 -19.17 1.6
    endloop
  endfacet
  facet normal 0 0 1
    outer loop
      vertex 122.71160258312904 -19.254544766225784 10.400000000000002
      vertex 122.88718387294355 -20.137251518588695 10.400000000000002
      vertex 123.57 -19.17 10.400000000000002
    endloop
  endfacet
  facet normal -0.09801714032955741 -0.9951847266721972 0
    outer loop
      vertex 122.71160258312904 19.254544766225784 1.6
      vertex 123.57 19.17 1.6
      vertex 122.71160258312904 19.254544766225784 10.400000000000002
    endloop
  endfacet
  facet normal 0 0 1
    outer loop
      vertex 122.71160258312904 19.254544766225784 1.6
      vertex 124.4 -2 1.6
      vertex 123.57 19.17 1.6
    endloop
  endfacet
  facet normal -0.09801714032955741 -0.9951847266721972 0
    outer loop
      vertex 122.71160258312904 19.254544766225784 10.400000000000002
      vertex 123.57 19.17 1.6
      vertex 123.57 19.17 10.400000000000002
    endloop
  endfacet
  facet normal 0 0 1
    outer loop
      vertex 122.71160258312904 19.254544766225784 10.400000000000002
      vertex 123.57 19.17 10.400000000000002
      vertex 122.88718387294355 20.137251518588695 10.400000000000002
    endloop
  endfacet
  facet normal -0.09801714032955741 0.9951847266721972 0
    outer loop
      vertex 122.71160258312904 27.885455233774216 1.6
      vertex 122.71160258312904 27.885455233774216 10.400000000000002
      vertex 123.57 27.97 10.400000000000002
    endloop
  endfacet
  facet normal -0.09801714032955741 0.9951847266721972 0
    outer loop
      vertex 122.71160258312904 27.885455233774216 1.6
      vertex 123.57 27.97 10.400000000000002
      vertex 123.57 27.97 1.6
    endloop
  endfacet
  facet normal 0 0 1
    outer loop
      vertex 122.71160258312904 27.885455233774216 10.400000000000002
      vertex 122.88718387294355 27.002748481411306 10.400000000000002
      vertex 123.57 27.07 10.400000000000002
    endloop
  endfacet
  facet normal 0 0 1
    outer loop
      vertex 122.71160258312904 27.885455233774216 10.400000000000002
      vertex 123.57 27.07 10.400000000000002
      vertex 123.57 27.97 10.400000000000002
    endloop
  endfacet
  facet normal -0.09801714032956313 0.9951847266721966 0
    outer loop
      vertex 122.88718387294355 -20.137251518588695 10.400000000000002
      vertex 122.88718387294355 -20.137251518588695 20.400000000000002
      vertex 123.57 -20.07 20.400000000000002
    endloop
  endfacet
  facet normal 0 0 1
    outer loop
      vertex 122.88718387294355 -20.137251518588695 10.400000000000002
      vertex 123.57 -20.07 10.400000000000002
      vertex 123.57 -19.17 10.400000000000002
    endloop
  endfacet
  facet normal -0.09801714032956313 0.9951847266721966 0
    outer loop
      vertex 122.88718387294355 -20.137251518588695 10.400000000000002
      vertex 123.57 -20.07 20.400000000000002
      vertex 123.57 -20.07 10.400000000000002
    endloop
  endfacet
  facet normal 0 0 1
    outer loop
      vertex 122.88718387294355 -20.137251518588695 20.400000000000002
      vertex 123.22859193647177 -21.853625759294346 20.400000000000002
      vertex 123.57 -21.82 20.400000000000002
    endloop
  endfacet
  facet normal 0 0 1
    outer loop
      vertex 122.88718387294355 -20.137251518588695 20.400000000000002
      vertex 123.57 -21.82 20.400000000000002
      vertex 123.91140806352823 -21.853625759294346 20.400000000000002
    endloop
  endfacet
  facet normal 0 0 1
    outer loop
      vertex 122.88718387294355 -20.137251518588695 20.400000000000002
      vertex 123.91140806352823 -21.853625759294346 20.400000000000002
      vertex 123.57 -20.07 20.400000000000002
    endloop
  endfacet
  facet normal 0 0 1
    outer loop
      vertex 122.88718387294355 20.137251518588695 10.400000000000002
      vertex 123.57 19.17 10.400000000000002
      vertex 123.57 20.07 10.400000000000002
    endloop
  endfacet
  facet normal -0.09801714032956313 -0.9951847266721966 0
    outer loop
      vertex 122.88718387294355 20.137251518588695 10.400000000000002
      vertex 123.57 20.07 10.400000000000002
      vertex 123.57 20.07 20.400000000000002
    endloop
  endfacet
  facet normal -0.09801714032956313 -0.9951847266721966 0
    outer loop
      vertex 122.88718387294355 20.137251518588695 10.400000000000002
      vertex 123.57 20.07 20.400000000000002
      vertex 122.88718387294355 20.137251518588695 20.400000000000002
    endloop
  endfacet
  facet normal 0 0 1
    outer loop
      vertex 122.88718387294355 20.137251518588695 20.400000000000002
      vertex 123.22859193647177 21.853625759294346 20.400000000000002
      vertex 122.90030399336109 21.953210818105248 20.400000000000002
    endloop
  endfacet
  facet normal 0 0 1
    outer loop
      vertex 122.88718387294355 20.137251518588695 20.400000000000002
      vertex 123.57 20.07 20.400000000000002
      vertex 123.22859193647177 21.853625759294346 20.400000000000002
    endloop
  endfacet
  facet normal -0.09801714032956313 0.9951847266721966 0
    outer loop
      vertex 122.88718387294355 27.002748481411306 10.400000000000002
      vertex 122.88718387294355 27.002748481411306 20.400000000000002
      vertex 123.57 27.07 10.400000000000002
    endloop
  endfacet
  facet normal 0 0 1
    outer loop
      vertex 122.88718387294355 27.002748481411306 20.400000000000002
      vertex 122.90030399336109 25.186789181894753 20.400000000000002
      vertex 123.22859193647177 25.286374240705655 20.400000000000002
    endloop
  endfacet
  facet normal 0 0 1
    outer loop
      vertex 122.88718387294355 27.002748481411306 20.400000000000002
      vertex 123.22859193647177 25.286374240705655 20.400000000000002
      vertex 123.57 27.07 20.400000000000002
    endloop
  endfacet
  facet normal -0.09801714032956313 0.9951847266721966 0
    outer loop
      vertex 122.88718387294355 27.002748481411306 20.400000000000002
      vertex 123.57 27.07 20.400000000000002
      vertex 123.57 27.07 10.400000000000002
    endloop
  endfacet
  facet normal 0.29028467725446594 0.9569403357322079 0
    outer loop
      vertex 122.90030399336109 -25.186789181894753 7.600000000000001
      vertex 122.90030399336109 -25.186789181894753 20.400000000000002
      vertex 123.22859193647177 -25.286374240705655 7.600000000000001
    endloop
  endfacet
  facet normal 0 0 -1
    outer loop
      vertex 122.90030399336109 -25.186789181894753 7.600000000000001
      vertex 123.22859193647177 -25.286374240705655 7.600000000000001
      vertex 122.93595645344759 -26.7575521613105 7.600000000000001
    endloop
  endfacet
  facet normal 0.29028467725446594 0.9569403357322079 0
    outer loop
      vertex 122.90030399336109 -25.186789181894753 20.400000000000002
      vertex 123.22859193647177 -25.286374240705655 20.400000000000002
      vertex 123.22859193647177 -25.286374240705655 7.600000000000001
    endloop
  endfacet
  facet normal 0 0 -1
    outer loop
      vertex 122.90030399336109 -21.953210818105248 7.600000000000001
      vertex 122.93595645344759 -20.3824478386895 7.600000000000001
      vertex 123.22859193647177 -21.853625759294346 7.600000000000001
    endloop
  endfacet
  facet normal 0.29028467725446594 -0.9569403357322079 0
    outer loop
      vertex 122.90030399336109 -21.953210818105248 7.600000000000001
      vertex 123.22859193647177 -21.853625759294346 7.600000000000001
      vertex 123.22859193647177 -21.853625759294346 20.400000000000002
    endloop
  endfacet
  facet normal 0.29028467725446594 -0.9569403357322079 0
    outer loop
      vertex 122.90030399336109 -21.953210818105248 7.600000000000001
      vertex 123.22859193647177 -21.853625759294346 20.400000000000002
      vertex 122.90030399336109 -21.953210818105248 20.400000000000002
    endloop
  endfacet
  facet normal 0.29028467725446594 0.9569403357322079 0
    outer loop
      vertex 122.90030399336109 21.953210818105248 7.600000000000001
      vertex 122.90030399336109 21.953210818105248 20.400000000000002
      vertex 123.22859193647177 21.853625759294346 7.600000000000001
    endloop
  endfacet
  facet normal 0 0 -1
    outer loop
      vertex 122.90030399336109 21.953210818105248 7.600000000000001
      vertex 123.22859193647177 21.853625759294346 7.600000000000001
      vertex 122.93595645344759 20.3824478386895 7.600000000000001
    endloop
  endfacet
  facet normal 0.29028467725446594 0.9569403357322079 0
    outer loop
      vertex 122.90030399336109 21.953210818105248 20.400000000000002
      vertex 123.22859193647177 21.853625759294346 20.400000000000002
      vertex 123.22859193647177 21.853625759294346 7.600000000000001
    endloop
  endfacet
  facet normal 0.29028467725446594 -0.9569403357322079 0
    outer loop
      vertex 122.90030399336109 25.186789181894753 7.600000000000001
      vertex 123.22859193647177 25.286374240705655 7.600000000000001
      vertex 123.22859193647177 25.286374240705655 20.400000000000002
    endloop
  endfacet
  facet normal 0.29028467725446594 -0.9569403357322079 0
    outer loop
      vertex 122.90030399336109 25.186789181894753 7.600000000000001
      vertex 123.22859193647177 25.286374240705655 20.400000000000002
      vertex 122.90030399336109 25.186789181894753 20.400000000000002
    endloop
  endfacet
  facet normal 0.0980171403295618 0.9951847266721968 0
    outer loop
      vertex 122.93595645344759 -26.7575521613105 0
      vertex 122.93595645344759 -26.7575521613105 7.600000000000001
      vertex 123.57 -26.82 7.600000000000001
    endloop
  endfacet
  facet normal 0 0 -1
    outer loop
      vertex 122.93595645344759 -26.7575521613105 0
      vertex 123.57 -26.82 0
      vertex 128 -28 0
    endloop
  endfacet
  facet normal 0.0980171403295618 0.9951847266721968 0
    outer loop
      vertex 122.93595645344759 -26.7575521613105 0
      vertex 123.57 -26.82 7.600000000000001
      vertex 123.57 -26.82 0
    endloop
  endfacet
  facet normal 0 0 -1
    outer loop
      vertex 122.93595645344759 -26.7575521613105 7.600000000000001
      vertex 123.22859193647177 -25.286374240705655 7.600000000000001
      vertex 123.57 -25.32 7.600000000000001
    endloop
  endfacet
  facet normal 0 0 -1
    outer loop
      vertex 122.93595645344759 -26.7575521613105 7.600000000000001
      vertex 123.57 -25.32 7.600000000000001
      vertex 123.57 -26.82 7.600000000000001
    endloop
  endfacet
  facet normal 0 0 -1
    outer loop
      vertex 122.93595645344759 -20.3824478386895 0
      vertex 122.93595645344759 20.3824478386895 0
      vertex 123.57 -20.32 0
    endloop
  endfacet
  facet normal 0.0980171403295618 -0.9951847266721968 0
    outer loop
      vertex 122.93595645344759 -20.3824478386895 0
      vertex 123.57 -20.32 0
      vertex 122.93595645344759 -20.3824478386895 7.600000000000001
    endloop
  endfacet
  facet normal 0 0 -1
    outer loop
      vertex 122.93595645344759 -20.3824478386895 7.600000000000001
      vertex 123.57 -21.82 7.600000000000001
      vertex 123.22859193647177 -21.853625759294346 7.600000000000001
    endloop
  endfacet
  facet normal 0.0980171403295618 -0.9951847266721968 0
    outer loop
      vertex 122.93595645344759 -20.3824478386895 7.600000000000001
      vertex 123.57 -20.32 0
      vertex 123.57 -20.32 7.600000000000001
    endloop
  endfacet
  facet normal 0 0 -1
    outer loop
      vertex 122.93595645344759 -20.3824478386895 7.600000000000001
      vertex 123.57 -20.32 7.600000000000001
      vertex 123.57 -21.82 7.600000000000001
    endloop
  endfacet
  facet normal 0.0980171403295618 0.9951847266721968 0
    outer loop
      vertex 122.93595645344759 20.3824478386895 0
      vertex 122.93595645344759 20.3824478386895 7.600000000000001
      vertex 123.57 20.32 7.600000000000001
    endloop
  endfacet
  facet normal 0 0 -1
    outer loop
      vertex 122.93595645344759 20.3824478386895 0
      vertex 123.57 20.32 0
      vertex 123.57 -20.32 0
    endloop
  endfacet
  facet normal 0.0980171403295618 0.9951847266721968 0
    outer loop
      vertex 122.93595645344759 20.3824478386895 0
      vertex 123.57 20.32 7.600000000000001
      vertex 123.57 20.32 0
    endloop
  endfacet
  facet normal 0 0 -1
    outer loop
      vertex 122.93595645344759 20.3824478386895 7.600000000000001
      vertex 123.22859193647177 21.853625759294346 7.600000000000001
      vertex 123.57 20.32 7.600000000000001
    endloop
  endfacet
  facet normal 0.0980171403295618 -0.9951847266721968 0
    outer loop
      vertex 122.93595645344759 26.7575521613105 0
      vertex 123.57 26.82 0
      vertex 122.93595645344759 26.7575521613105 7.600000000000001
    endloop
  endfacet
  facet normal 0 0 -1
    outer loop
      vertex 122.93595645344759 26.7575521613105 0
      vertex 128 62 0
      vertex 123.57 26.82 0
    endloop
  endfacet
  facet normal 0 0 -1
    outer loop
      vertex 122.93595645344759 26.7575521613105 7.600000000000001
      vertex 123.57 25.32 7.600000000000001
      vertex 123.22859193647177 25.286374240705655 7.600000000000001
    endloop
  endfacet
  facet normal 0.0980171403295618 -0.9951847266721968 0
    outer loop
      vertex 122.93595645344759 26.7575521613105 7.600000000000001
      vertex 123.57 26.82 0
      vertex 123.57 26.82 7.600000000000001
    endloop
  endfacet
  facet normal 0 0 -1
    outer loop
      vertex 122.93595645344759 26.7575521613105 7.600000000000001
      vertex 123.57 26.82 7.600000000000001
      vertex 123.57 25.32 7.600000000000001
    endloop
  endfacet
  facet normal 0.09801714032955801 0.9951847266721972 0
    outer loop
      vertex 123.22859193647177 -25.286374240705655 7.600000000000001
      vertex 123.22859193647177 -25.286374240705655 20.400000000000002
      vertex 123.57 -25.32 7.600000000000001
    endloop
  endfacet
  facet normal 0.09801714032955801 0.9951847266721972 0
    outer loop
      vertex 123.22859193647177 -25.286374240705655 20.400000000000002
      vertex 123.57 -25.32 20.400000000000002
      vertex 123.57 -25.32 7.600000000000001
    endloop
  endfacet
  facet normal 0.09801714032955801 -0.9951847266721972 0
    outer loop
      vertex 123.22859193647177 -21.853625759294346 7.600000000000001
      vertex 123.57 -21.82 7.600000000000001
      vertex 123.57 -21.82 20.400000000000002
    endloop
  endfacet
  facet normal 0.09801714032955801 -0.9951847266721972 0
    outer loop
      vertex 123.22859193647177 -21.853625759294346 7.600000000000001
      vertex 123.57 -21.82 20.400000000000002
      vertex 123.22859193647177 -21.853625759294346 20.400000000000002
    endloop
  endfacet
  facet normal 0.09801714032955801 0.9951847266721972 0
    outer loop
      vertex 123.22859193647177 21.853625759294346 7.600000000000001
      vertex 123.22859193647177 21.853625759294346 20.400000000000002
      vertex 123.57 21.82 7.600000000000001
    endloop
  endfacet
  facet normal 0 0 -1
    outer loop
      vertex 123.22859193647177 21.853625759294346 7.600000000000001
      vertex 123.57 21.82 7.600000000000001
      vertex 123.57 20.32 7.600000000000001
    endloop
  endfacet
  facet normal 0 0 1
    outer loop
      vertex 123.22859193647177 21.853625759294346 20.400000000000002
      vertex 123.57 20.07 20.400000000000002
      vertex 123.57 21.82 20.400000000000002
    endloop
  endfacet
  facet normal 0.09801714032955801 0.9951847266721972 0
    outer loop
      vertex 123.22859193647177 21.853625759294346 20.400000000000002
      vertex 123.57 21.82 20.400000000000002
      vertex 123.57 21.82 7.600000000000001
    endloop
  endfacet
  facet normal 0.09801714032955801 -0.9951847266721972 0
    outer loop
      vertex 123.22859193647177 25.286374240705655 7.600000000000001
      vertex 123.57 25.32 7.600000000000001
      vertex 123.57 25.32 20.400000000000002
    endloop
  endfacet
  facet normal 0.09801714032955801 -0.9951847266721972 0
    outer loop
      vertex 123.22859193647177 25.286374240705655 7.600000000000001
      vertex 123.57 25.32 20.400000000000002
      vertex 123.22859193647177 25.286374240705655 20.400000000000002
    endloop
  endfacet
  facet normal 0 0 1
    outer loop
      vertex 123.22859193647177 25.286374240705655 20.400000000000002
      vertex 123.57 25.32 20.400000000000002
      vertex 123.57 27.07 20.400000000000002
    endloop
  endfacet
  facet normal -0.0980171403295596 0.9951847266721969 0
    outer loop
      vertex 123.57 -26.82 0
      vertex 123.57 -26.82 7.600000000000001
      vertex 124.20404354655241 -26.7575521613105 7.600000000000001
    endloop
  endfacet
  facet normal 0 0 -1
    outer loop
      vertex 123.57 -26.82 0
      vertex 124.20404354655241 -26.7575521613105 0
      vertex 128 -28 0
    endloop
  endfacet
  facet normal -0.0980171403295596 0.9951847266721969 0
    outer loop
      vertex 123.57 -26.82 0
      vertex 124.20404354655241 -26.7575521613105 7.600000000000001
      vertex 124.20404354655241 -26.7575521613105 0
    endloop
  endfacet
  facet normal 0 0 -1
    outer loop
      vertex 123.57 -26.82 7.600000000000001
      vertex 123.57 -25.32 7.600000000000001
      vertex 124.20404354655241 -26.7575521613105 7.600000000000001
    endloop
  endfacet
  facet normal -0.09801714032955397 0.9951847266721975 0
    outer loop
      vertex 123.57 -25.32 7.600000000000001
      vertex 123.57 -25.32 20.400000000000002
      vertex 123.91140806352823 -25.286374240705655 7.600000000000001
    endloop
  endfacet
  facet normal 0 0 -1
    outer loop
      vertex 123.57 -25.32 7.600000000000001
      vertex 123.91140806352823 -25.286374240705655 7.600000000000001
      vertex 124.20404354655241 -26.7575521613105 7.600000000000001
    endloop
  endfacet
  facet normal -0.09801714032955397 0.9951847266721975 0
    outer loop
      vertex 123.57 -25.32 20.400000000000002
      vertex 123.91140806352823 -25.286374240705655 20.400000000000002
      vertex 123.91140806352823 -25.286374240705655 7.600000000000001
    endloop
  endfacet
  facet normal 0 0 -1
    outer loop
      vertex 123.57 -21.82 7.600000000000001
      vertex 123.57 -20.32 7.600000000000001
      vertex 124.20404354655241 -20.3824478386895 7.600000000000001
    endloop
  endfacet
  facet normal -0.09801714032955397 -0.9951847266721975 0
    outer loop
      vertex 123.57 -21.82 7.600000000000001
      vertex 123.91140806352823 -21.853625759294346 7.600000000000001
      vertex 123.91140806352823 -21.853625759294346 20.400000000000002
    endloop
  endfacet
  facet normal -0.09801714032955397 -0.9951847266721975 0
    outer loop
      vertex 123.57 -21.82 7.600000000000001
      vertex 123.91140806352823 -21.853625759294346 20.400000000000002
      vertex 123.57 -21.82 20.400000000000002
    endloop
  endfacet
  facet normal 0 0 -1
    outer loop
      vertex 123.57 -21.82 7.600000000000001
      vertex 124.20404354655241 -20.3824478386895 7.600000000000001
      vertex 123.91140806352823 -21.853625759294346 7.600000000000001
    endloop
  endfacet
  facet normal 0 0 -1
    outer loop
      vertex 123.57 -20.32 0
      vertex 123.57 20.32 0
      vertex 124.20404354655241 -20.3824478386895 0
    endloop
  endfacet
  facet normal -0.0980171403295596 -0.9951847266721969 0
    outer loop
      vertex 123.57 -20.32 0
      vertex 124.20404354655241 -20.3824478386895 0
      vertex 123.57 -20.32 7.600000000000001
    endloop
  endfacet
  facet normal -0.0980171403295596 -0.9951847266721969 0
    outer loop
      vertex 123.57 -20.32 7.600000000000001
      vertex 124.20404354655241 -20.3824478386895 0
      vertex 124.20404354655241 -20.3824478386895 7.600000000000001
    endloop
  endfacet
  facet normal 0.09801714032956112 0.9951847266721968 0
    outer loop
      vertex 123.57 -20.07 10.400000000000002
      vertex 123.57 -20.07 20.400000000000002
      vertex 124.25281612705645 -20.137251518588695 20.400000000000002
    endloop
  endfacet
  facet normal 0 0 1
    outer loop
      vertex 123.57 -20.07 10.400000000000002
      vertex 124.25281612705645 -20.137251518588695 10.400000000000002
      vertex 124.42839741687096 -19.254544766225784 10.400000000000002
    endloop
  endfacet
  facet normal 0.09801714032956112 0.9951847266721968 0
    outer loop
      vertex 123.57 -20.07 10.400000000000002
      vertex 124.25281612705645 -20.137251518588695 20.400000000000002
      vertex 124.25281612705645 -20.137251518588695 10.400000000000002
    endloop
  endfacet
  facet normal 0 0 1
    outer loop
      vertex 123.57 -20.07 10.400000000000002
      vertex 124.42839741687096 -19.254544766225784 10.400000000000002
      vertex 123.57 -19.17 10.400000000000002
    endloop
  endfacet
  facet normal 0 0 1
    outer loop
      vertex 123.57 -20.07 20.400000000000002
      vertex 123.91140806352823 -21.853625759294346 20.400000000000002
      vertex 124.23969600663891 -21.953210818105248 20.400000000000002
    endloop
  endfacet
  facet normal 0 0 1
    outer loop
      vertex 123.57 -20.07 20.400000000000002
      vertex 124.23969600663891 -21.953210818105248 20.400000000000002
      vertex 124.25281612705645 -20.137251518588695 20.400000000000002
    endloop
  endfacet
  facet normal 0.0980171403295558 0.9951847266721974 0
    outer loop
      vertex 123.57 -19.17 1.6
      vertex 123.57 -19.17 10.400000000000002
      vertex 124.42839741687096 -19.254544766225784 10.400000000000002
    endloop
  endfacet
  facet normal 0 0 1
    outer loop
      vertex 123.57 -19.17 1.6
      vertex 124.42839741687096 -19.254544766225784 1.6
      vertex 126.4 -3.5 1.6
    endloop
  endfacet
  facet normal 0.0980171403295558 0.9951847266721974 0
    outer loop
      vertex 123.57 -19.17 1.6
      vertex 124.42839741687096 -19.254544766225784 10.400000000000002
      vertex 124.42839741687096 -19.254544766225784 1.6
    endloop
  endfacet
  facet normal 0 0 1
    outer loop
      vertex 123.57 -19.17 1.6
      vertex 126.4 -3.5 1.6
      vertex 124.4 -3.5 1.6
    endloop
  endfacet
  facet normal 0 0 1
    outer loop
      vertex 123.57 19.17 1.6
      vertex 124.4 -2 1.6
      vertex 124.42839741687096 19.254544766225784 1.6
    endloop
  endfacet
  facet normal 0.0980171403295558 -0.9951847266721974 0
    outer loop
      vertex 123.57 19.17 1.6
      vertex 124.42839741687096 19.254544766225784 1.6
      vertex 123.57 19.17 10.400000000000002
    endloop
  endfacet
  facet normal 0.0980171403295558 -0.9951847266721974 0
    outer loop
      vertex 123.57 19.17 10.400000000000002
      vertex 124.42839741687096 19.254544766225784 1.6
      vertex 124.42839741687096 19.254544766225784 10.400000000000002
    endloop
  endfacet
  facet normal 0 0 1
    outer loop
      vertex 123.57 19.17 10.400000000000002
      vertex 124.42839741687096 19.254544766225784 10.400000000000002
      vertex 123.57 20.07 10.400000000000002
    endloop
  endfacet
  facet normal 0.09801714032956112 -0.9951847266721968 0
    outer loop
      vertex 123.57 20.07 10.400000000000002
      vertex 124.25281612705645 20.137251518588695 10.400000000000002
      vertex 124.25281612705645 20.137251518588695 20.400000000000002
    endloop
  endfacet
  facet normal 0.09801714032956112 -0.9951847266721968 0
    outer loop
      vertex 123.57 20.07 10.400000000000002
      vertex 124.25281612705645 20.137251518588695 20.400000000000002
      vertex 123.57 20.07 20.400000000000002
    endloop
  endfacet
  facet normal 0 0 1
    outer loop
      vertex 123.57 20.07 10.400000000000002
      vertex 124.42839741687096 19.254544766225784 10.400000000000002
      vertex 124.25281612705645 20.137251518588695 10.400000000000002
    endloop
  endfacet
  facet normal 0 0 1
    outer loop
      vertex 123.57 20.07 20.400000000000002
      vertex 123.91140806352823 21.853625759294346 20.400000000000002
      vertex 123.57 21.82 20.400000000000002
    endloop
  endfacet
  facet normal 0 0 1
    outer loop
      vertex 123.57 20.07 20.400000000000002
      vertex 124.25281612705645 20.137251518588695 20.400000000000002
      vertex 123.91140806352823 21.853625759294346 20.400000000000002
    endloop
  endfacet
  facet normal -0.0980171403295596 0.9951847266721969 0
    outer loop
      vertex 123.57 20.32 0
      vertex 123.57 20.32 7.600000000000001
      vertex 124.20404354655241 20.3824478386895 7.600000000000001
    endloop
  endfacet
  facet normal 0 0 -1
    outer loop
      vertex 123.57 20.32 0
      vertex 124.20404354655241 20.3824478386895 0
      vertex 124.20404354655241 -20.3824478386895 0
    endloop
  endfacet
  facet normal -0.0980171403295596 0.9951847266721969 0
    outer loop
      vertex 123.57 20.32 0
      vertex 124.20404354655241 20.3824478386895 7.600000000000001
      vertex 124.20404354655241 20.3824478386895 0
    endloop
  endfacet
  facet normal 0 0 -1
    outer loop
      vertex 123.57 20.32 7.600000000000001
      vertex 123.57 21.82 7.600000000000001
      vertex 124.20404354655241 20.3824478386895 7.600000000000001
    endloop
  endfacet
  facet normal -0.09801714032955397 0.9951847266721975 0
    outer loop
      vertex 123.57 21.82 7.600000000000001
      vertex 123.57 21.82 20.400000000000002
      vertex 123.91140806352823 21.853625759294346 7.600000000000001
    endloop
  endfacet
  facet normal 0 0 -1
    outer loop
      vertex 123.57 21.82 7.600000000000001
      vertex 123.91140806352823 21.853625759294346 7.600000000000001
      vertex 124.20404354655241 20.3824478386895 7.600000000000001
    endloop
  endfacet
  facet normal -0.09801714032955397 0.9951847266721975 0
    outer loop
      vertex 123.57 21.82 20.400000000000002
      vertex 123.91140806352823 21.853625759294346 20.400000000000002
      vertex 123.91140806352823 21.853625759294346 7.600000000000001
    endloop
  endfacet
  facet normal 0 0 -1
    outer loop
      vertex 123.57 25.32 7.600000000000001
      vertex 123.57 26.82 7.600000000000001
      vertex 123.91140806352823 25.286374240705655 7.600000000000001
    endloop
  endfacet
  facet normal -0.09801714032955397 -0.9951847266721975 0
    outer loop
      vertex 123.57 25.32 7.600000000000001
      vertex 123.91140806352823 25.286374240705655 7.600000000000001
      vertex 123.91140806352823 25.286374240705655 20.400000000000002
    endloop
  endfacet
  facet normal -0.09801714032955397 -0.9951847266721975 0
    outer loop
      vertex 123.57 25.32 7.600000000000001
      vertex 123.91140806352823 25.286374240705655 20.400000000000002
      vertex 123.57 25.32 20.400000000000002
    endloop
  endfacet
  facet normal 0 0 1
    outer loop
      vertex 123.57 25.32 20.400000000000002
      vertex 123.91140806352823 25.286374240705655 20.400000000000002
      vertex 123.57 27.07 20.400000000000002
    endloop
  endfacet
  facet normal -0.0980171403295596 -0.9951847266721969 0
    outer loop
      vertex 123.57 26.82 0
      vertex 124.20404354655241 26.7575521613105 0
      vertex 123.57 26.82 7.600000000000001
    endloop
  endfacet
  facet normal 0 0 -1
    outer loop
      vertex 123.57 26.82 0
      vertex 128 62 0
      vertex 124.20404354655241 26.7575521613105 0
    endloop
  endfacet
  facet normal -0.0980171403295596 -0.9951847266721969 0
    outer loop
      vertex 123.57 26.82 7.600000000000001
      vertex 124.20404354655241 26.7575521613105 0
      vertex 124.20404354655241 26.7575521613105 7.600000000000001
    endloop
  endfacet
  facet normal 0 0 -1
    outer loop
      vertex 123.57 26.82 7.600000000000001
      vertex 124.20404354655241 26.7575521613105 7.600000000000001
      vertex 123.91140806352823 25.286374240705655 7.600000000000001
    endloop
  endfacet
  facet normal 0.09801714032956112 0.9951847266721968 0
    outer loop
      vertex 123.57 27.07 10.400000000000002
      vertex 123.57 27.07 20.400000000000002
      vertex 124.25281612705645 27.002748481411306 10.400000000000002
    endloop
  endfacet
  facet normal 0 0 1
    outer loop
      vertex 123.57 27.07 10.400000000000002
      vertex 124.25281612705645 27.002748481411306 10.400000000000002
      vertex 123.57 27.97 10.400000000000002
    endloop
  endfacet
  facet normal 0 0 1
    outer loop
      vertex 123.57 27.07 20.400000000000002
      vertex 123.91140806352823 25.286374240705655 20.400000000000002
      vertex 124.25281612705645 27.002748481411306 20.400000000000002
    endloop
  endfacet
  facet normal 0.09801714032956112 0.9951847266721968 0
    outer loop
      vertex 123.57 27.07 20.400000000000002
      vertex 124.25281612705645 27.002748481411306 20.400000000000002
      vertex 124.25281612705645 27.002748481411306 10.400000000000002
    endloop
  endfacet
  facet normal 0.0980171403295558 0.9951847266721974 0
    outer loop
      vertex 123.57 27.97 1.6
      vertex 123.57 27.97 10.400000000000002
      vertex 124.42839741687096 27.885455233774216 10.400000000000002
    endloop
  endfacet
  facet normal 0.0980171403295558 0.9951847266721974 0
    outer loop
      vertex 123.57 27.97 1.6
      vertex 124.42839741687096 27.885455233774216 10.400000000000002
      vertex 124.42839741687096 27.885455233774216 1.6
    endloop
  endfacet
  facet normal 0 0 1
    outer loop
      vertex 123.57 27.97 10.400000000000002
      vertex 124.25281612705645 27.002748481411306 10.400000000000002
      vertex 124.42839741687096 27.885455233774216 10.400000000000002
    endloop
  endfacet
  facet normal -0.29028467725446594 0.9569403357322079 0
    outer loop
      vertex 123.91140806352823 -25.286374240705655 7.600000000000001
      vertex 123.91140806352823 -25.286374240705655 20.400000000000002
      vertex 124.23969600663891 -25.186789181894753 7.600000000000001
    endloop
  endfacet
  facet normal 0 0 -1
    outer loop
      vertex 123.91140806352823 -25.286374240705655 7.600000000000001
      vertex 124.23969600663891 -25.186789181894753 7.600000000000001
      vertex 124.20404354655241 -26.7575521613105 7.600000000000001
    endloop
  endfacet
  facet normal -0.29028467725446594 0.9569403357322079 0
    outer loop
      vertex 123.91140806352823 -25.286374240705655 20.400000000000002
      vertex 124.23969600663891 -25.186789181894753 20.400000000000002
      vertex 124.23969600663891 -25.186789181894753 7.600000000000001
    endloop
  endfacet
  facet normal 0 0 1
    outer loop
      vertex 123.91140806352823 -25.286374240705655 20.400000000000002
      vertex 125.51449581556861 -26.426044240718568 20.400000000000002
      vertex 124.23969600663891 -25.186789181894753 20.400000000000002
    endloop
  endfacet
  facet normal 0 0 -1
    outer loop
      vertex 123.91140806352823 -21.853625759294346 7.600000000000001
      vertex 124.20404354655241 -20.3824478386895 7.600000000000001
      vertex 124.23969600663891 -21.953210818105248 7.600000000000001
    endloop
  endfacet
  facet normal -0.29028467725446594 -0.9569403357322079 0
    outer loop
      vertex 123.91140806352823 -21.853625759294346 7.600000000000001
      vertex 124.23969600663891 -21.953210818105248 7.600000000000001
      vertex 124.23969600663891 -21.953210818105248 20.400000000000002
    endloop
  endfacet
  facet normal -0.29028467725446594 -0.9569403357322079 0
    outer loop
      vertex 123.91140806352823 -21.853625759294346 7.600000000000001
      vertex 124.23969600663891 -21.953210818105248 20.400000000000002
      vertex 123.91140806352823 -21.853625759294346 20.400000000000002
    endloop
  endfacet
  facet normal -0.29028467725446594 0.9569403357322079 0
    outer loop
      vertex 123.91140806352823 21.853625759294346 7.600000000000001
      vertex 123.91140806352823 21.853625759294346 20.400000000000002
      vertex 124.23969600663891 21.953210818105248 7.600000000000001
    endloop
  endfacet
  facet normal 0 0 -1
    outer loop
      vertex 123.91140806352823 21.853625759294346 7.600000000000001
      vertex 124.23969600663891 21.953210818105248 7.600000000000001
      vertex 124.81372115518654 20.56739151933832 7.600000000000001
    endloop
  endfacet
  facet normal 0 0 -1
    outer loop
      vertex 123.91140806352823 21.853625759294346 7.600000000000001
      vertex 124.81372115518654 20.56739151933832 7.600000000000001
      vertex 124.20404354655241 20.3824478386895 7.600000000000001
    endloop
  endfacet
  facet normal -0.29028467725446594 0.9569403357322079 0
    outer loop
      vertex 123.91140806352823 21.853625759294346 20.400000000000002
      vertex 124.23969600663891 21.953210818105248 20.400000000000002
      vertex 124.23969600663891 21.953210818105248 7.600000000000001
    endloop
  endfacet
  facet normal 0 0 1
    outer loop
      vertex 123.91140806352823 21.853625759294346 20.400000000000002
      vertex 124.25281612705645 20.137251518588695 20.400000000000002
      vertex 124.23969600663891 21.953210818105248 20.400000000000002
    endloop
  endfacet
  facet normal 0 0 -1
    outer loop
      vertex 123.91140806352823 25.286374240705655 7.600000000000001
      vertex 124.20404354655241 26.7575521613105 7.600000000000001
      vertex 124.23969600663891 25.186789181894753 7.600000000000001
    endloop
  endfacet
  facet normal -0.29028467725446594 -0.9569403357322079 0
    outer loop
      vertex 123.91140806352823 25.286374240705655 7.600000000000001
      vertex 124.23969600663891 25.186789181894753 7.600000000000001
      vertex 124.23969600663891 25.186789181894753 20.400000000000002
    endloop
  endfacet
  facet normal -0.29028467725446594 -0.9569403357322079 0
    outer loop
      vertex 123.91140806352823 25.286374240705655 7.600000000000001
      vertex 124.23969600663891 25.186789181894753 20.400000000000002
      vertex 123.91140806352823 25.286374240705655 20.400000000000002
    endloop
  endfacet
  facet normal 0 0 1
    outer loop
      vertex 123.91140806352823 25.286374240705655 20.400000000000002
      vertex 124.23969600663891 25.186789181894753 20.400000000000002
      vertex 124.25281612705645 27.002748481411306 20.400000000000002
    endloop
  endfacet
  facet normal -0.29028467725446166 0.9569403357322092 0
    outer loop
      vertex 124.20404354655241 -26.7575521613105 0
      vertex 124.20404354655241 -26.7575521613105 7.600000000000001
      vertex 124.81372115518654 -26.572608480661682 7.600000000000001
    endloop
  endfacet
  facet normal 0 0 -1
    outer loop
      vertex 124.20404354655241 -26.7575521613105 0
      vertex 124.81372115518654 -26.572608480661682 0
      vertex 128 -28 0
    endloop
  endfacet
  facet normal -0.29028467725446166 0.9569403357322092 0
    outer loop
      vertex 124.20404354655241 -26.7575521613105 0
      vertex 124.81372115518654 -26.572608480661682 7.600000000000001
      vertex 124.81372115518654 -26.572608480661682 0
    endloop
  endfacet
  facet normal 0 0 -1
    outer loop
      vertex 124.20404354655241 -26.7575521613105 7.600000000000001
      vertex 124.23969600663891 -25.186789181894753 7.600000000000001
      vertex 124.81372115518654 -26.572608480661682 7.600000000000001
    endloop
  endfacet
  facet normal 0 0 -1
    outer loop
      vertex 124.20404354655241 -20.3824478386895 0
      vertex 124.20404354655241 20.3824478386895 0
      vertex 124.81372115518654 -20.56739151933832 0
    endloop
  endfacet
  facet normal -0.29028467725446166 -0.9569403357322092 0
    outer loop
      vertex 124.20404354655241 -20.3824478386895 0
      vertex 124.81372115518654 -20.56739151933832 0
      vertex 124.20404354655241 -20.3824478386895 7.600000000000001
    endloop
  endfacet
  facet normal -0.29028467725446166 -0.9569403357322092 0
    outer loop
      vertex 124.20404354655241 -20.3824478386895 7.600000000000001
      vertex 124.81372115518654 -20.56739151933832 0
      vertex 124.81372115518654 -20.56739151933832 7.600000000000001
    endloop
  endfacet
  facet normal 0 0 -1
    outer loop
      vertex 124.20404354655241 -20.3824478386895 7.600000000000001
      vertex 124.81372115518654 -20.56739151933832 7.600000000000001
      vertex 124.23969600663891 -21.953210818105248 7.600000000000001
    endloop
  endfacet
  facet normal -0.29028467725446166 0.9569403357322092 0
    outer loop
      vertex 124.20404354655241 20.3824478386895 0
      vertex 124.20404354655241 20.3824478386895 7.600000000000001
      vertex 124.81372115518654 20.56739151933832 7.600000000000001
    endloop
  endfacet
  facet normal 0 0 -1
    outer loop
      vertex 124.20404354655241 20.3824478386895 0
      vertex 124.81372115518654 20.56739151933832 0
      vertex 124.81372115518654 -20.56739151933832 0
    endloop
  endfacet
  facet normal -0.29028467725446166 0.9569403357322092 0
    outer loop
      vertex 124.20404354655241 20.3824478386895 0
      vertex 124.81372115518654 20.56739151933832 7.600000000000001
      vertex 124.81372115518654 20.56739151933832 0
    endloop
  endfacet
  facet normal -0.29028467725446166 -0.9569403357322092 0
    outer loop
      vertex 124.20404354655241 26.7575521613105 0
      vertex 124.81372115518654 26.572608480661682 0
      vertex 124.20404354655241 26.7575521613105 7.600000000000001
    endloop
  endfacet
  facet normal 0 0 -1
    outer loop
      vertex 124.20404354655241 26.7575521613105 0
      vertex 128 62 0
      vertex 124.81372115518654 26.572608480661682 0
    endloop
  endfacet
  facet normal 0 0 -1
    outer loop
      vertex 124.20404354655241 26.7575521613105 7.600000000000001
      vertex 124.5422479077843 25.025071821529455 7.600000000000001
      vertex 124.23969600663891 25.186789181894753 7.600000000000001
    endloop
  endfacet
  facet normal -0.29028467725446166 -0.9569403357322092 0
    outer loop
      vertex 124.20404354655241 26.7575521613105 7.600000000000001
      vertex 124.81372115518654 26.572608480661682 0
      vertex 124.81372115518654 26.572608480661682 7.600000000000001
    endloop
  endfacet
  facet normal 0 0 -1
    outer loop
      vertex 124.20404354655241 26.7575521613105 7.600000000000001
      vertex 124.81372115518654 26.572608480661682 7.600000000000001
      vertex 124.5422479077843 25.025071821529455 7.600000000000001
    endloop
  endfacet
  facet normal -0.4713967368260037 0.8819212643483517 0
    outer loop
      vertex 124.23969600663891 -25.186789181894753 7.600000000000001
      vertex 124.23969600663891 -25.186789181894753 20.400000000000002
      vertex 124.5422479077843 -25.025071821529455 7.600000000000001
    endloop
  endfacet
  facet normal 0 0 -1
    outer loop
      vertex 124.23969600663891 -25.186789181894753 7.600000000000001
      vertex 124.5422479077843 -25.025071821529455 7.600000000000001
      vertex 124.81372115518654 -26.572608480661682 7.600000000000001
    endloop
  endfacet
  facet normal -0.4713967368260037 0.8819212643483517 0
    outer loop
      vertex 124.23969600663891 -25.186789181894753 20.400000000000002
      vertex 124.5422479077843 -25.025071821529455 20.400000000000002
      vertex 124.5422479077843 -25.025071821529455 7.600000000000001
    endloop
  endfacet
  facet normal 0 0 1
    outer loop
      vertex 124.23969600663891 -25.186789181894753 20.400000000000002
      vertex 125.51449581556861 -26.426044240718568 20.400000000000002
      vertex 124.5422479077843 -25.025071821529455 20.400000000000002
    endloop
  endfacet
  facet normal -0.4713967368260037 -0.8819212643483517 0
    outer loop
      vertex 124.23969600663891 -21.953210818105248 7.600000000000001
      vertex 124.5422479077843 -22.114928178470546 7.600000000000001
      vertex 124.5422479077843 -22.114928178470546 20.400000000000002
    endloop
  endfacet
  facet normal -0.4713967368260037 -0.8819212643483517 0
    outer loop
      vertex 124.23969600663891 -21.953210818105248 7.600000000000001
      vertex 124.5422479077843 -22.114928178470546 20.400000000000002
      vertex 124.23969600663891 -21.953210818105248 20.400000000000002
    endloop
  endfacet
  facet normal 0 0 -1
    outer loop
      vertex 124.23969600663891 -21.953210818105248 7.600000000000001
      vertex 124.81372115518654 -20.56739151933832 7.600000000000001
      vertex 124.5422479077843 -22.114928178470546 7.600000000000001
    endloop
  endfacet
  facet normal 0 0 1
    outer loop
      vertex 124.23969600663891 -21.953210818105248 20.400000000000002
      vertex 124.5422479077843 -22.114928178470546 20.400000000000002
      vertex 124.25281612705645 -20.137251518588695 20.400000000000002
    endloop
  endfacet
  facet normal -0.4713967368260037 0.8819212643483517 0
    outer loop
      vertex 124.23969600663891 21.953210818105248 7.600000000000001
      vertex 124.23969600663891 21.953210818105248 20.400000000000002
      vertex 124.5422479077843 22.114928178470546 7.600000000000001
    endloop
  endfacet
  facet normal 0 0 -1
    outer loop
      vertex 124.23969600663891 21.953210818105248 7.600000000000001
      vertex 124.5422479077843 22.114928178470546 7.600000000000001
      vertex 124.81372115518654 20.56739151933832 7.600000000000001
    endloop
  endfacet
  facet normal 0 0 1
    outer loop
      vertex 124.23969600663891 21.953210818105248 20.400000000000002
      vertex 124.25281612705645 20.137251518588695 20.400000000000002
      vertex 124.90939201327781 20.336421636210495 20.400000000000002
    endloop
  endfacet
  facet normal -0.4713967368260037 0.8819212643483517 0
    outer loop
      vertex 124.23969600663891 21.953210818105248 20.400000000000002
      vertex 124.5422479077843 22.114928178470546 20.400000000000002
      vertex 124.5422479077843 22.114928178470546 7.600000000000001
    endloop
  endfacet
  facet normal 0 0 1
    outer loop
      vertex 124.23969600663891 21.953210818105248 20.400000000000002
      vertex 124.90939201327781 20.336421636210495 20.400000000000002
      vertex 124.5422479077843 22.114928178470546 20.400000000000002
    endloop
  endfacet
  facet normal -0.4713967368260037 -0.8819212643483517 0
    outer loop
      vertex 124.23969600663891 25.186789181894753 7.600000000000001
      vertex 124.5422479077843 25.025071821529455 7.600000000000001
      vertex 124.5422479077843 25.025071821529455 20.400000000000002
    endloop
  endfacet
  facet normal -0.4713967368260037 -0.8819212643483517 0
    outer loop
      vertex 124.23969600663891 25.186789181894753 7.600000000000001
      vertex 124.5422479077843 25.025071821529455 20.400000000000002
      vertex 124.23969600663891 25.186789181894753 20.400000000000002
    endloop
  endfacet
  facet normal 0 0 1
    outer loop
      vertex 124.23969600663891 25.186789181894753 20.400000000000002
      vertex 124.5422479077843 25.025071821529455 20.400000000000002
      vertex 124.25281612705645 27.002748481411306 20.400000000000002
    endloop
  endfacet
  facet normal 0.29028467725446117 0.9569403357322093 0
    outer loop
      vertex 124.25281612705645 -20.137251518588695 10.400000000000002
      vertex 124.25281612705645 -20.137251518588695 20.400000000000002
      vertex 124.90939201327781 -20.336421636210495 20.400000000000002
    endloop
  endfacet
  facet normal 0 0 1
    outer loop
      vertex 124.25281612705645 -20.137251518588695 10.400000000000002
      vertex 124.90939201327781 -20.336421636210495 10.400000000000002
      vertex 125.2538071024064 -19.50493005695034 10.400000000000002
    endloop
  endfacet
  facet normal 0.29028467725446117 0.9569403357322093 0
    outer loop
      vertex 124.25281612705645 -20.137251518588695 10.400000000000002
      vertex 124.90939201327781 -20.336421636210495 20.400000000000002
      vertex 124.90939201327781 -20.336421636210495 10.400000000000002
    endloop
  endfacet
  facet normal 0 0 1
    outer loop
      vertex 124.25281612705645 -20.137251518588695 10.400000000000002
      vertex 125.2538071024064 -19.50493005695034 10.400000000000002
      vertex 124.42839741687096 -19.254544766225784 10.400000000000002
    endloop
  endfacet
  facet normal 0 0 1
    outer loop
      vertex 124.25281612705645 -20.137251518588695 20.400000000000002
      vertex 124.5422479077843 -22.114928178470546 20.400000000000002
      vertex 124.80743686707646 -22.332563132923543 20.400000000000002
    endloop
  endfacet
  facet normal 0 0 1
    outer loop
      vertex 124.25281612705645 -20.137251518588695 20.400000000000002
      vertex 124.80743686707646 -22.332563132923543 20.400000000000002
      vertex 124.90939201327781 -20.336421636210495 20.400000000000002
    endloop
  endfacet
  facet normal 0 0 1
    outer loop
      vertex 124.25281612705645 20.137251518588695 10.400000000000002
      vertex 124.42839741687096 19.254544766225784 10.400000000000002
      vertex 125.2538071024064 19.50493005695034 10.400000000000002
    endloop
  endfacet
  facet normal 0.29028467725446117 -0.9569403357322093 0
    outer loop
      vertex 124.25281612705645 20.137251518588695 10.400000000000002
      vertex 124.90939201327781 20.336421636210495 10.400000000000002
      vertex 124.90939201327781 20.336421636210495 20.400000000000002
    endloop
  endfacet
  facet normal 0.29028467725446117 -0.9569403357322093 0
    outer loop
      vertex 124.25281612705645 20.137251518588695 10.400000000000002
      vertex 124.90939201327781 20.336421636210495 20.400000000000002
      vertex 124.25281612705645 20.137251518588695 20.400000000000002
    endloop
  endfacet
  facet normal 0 0 1
    outer loop
      vertex 124.25281612705645 20.137251518588695 10.400000000000002
      vertex 125.2538071024064 19.50493005695034 10.400000000000002
      vertex 124.90939201327781 20.336421636210495 10.400000000000002
    endloop
  endfacet
  facet normal 0.29028467725446117 0.9569403357322093 0
    outer loop
      vertex 124.25281612705645 27.002748481411306 10.400000000000002
      vertex 124.25281612705645 27.002748481411306 20.400000000000002
      vertex 124.90939201327781 26.803578363789505 10.400000000000002
    endloop
  endfacet
  facet normal 0 0 1
    outer loop
      vertex 124.25281612705645 27.002748481411306 10.400000000000002
      vertex 124.90939201327781 26.803578363789505 10.400000000000002
      vertex 124.42839741687096 27.885455233774216 10.400000000000002
    endloop
  endfacet
  facet normal 0 0 1
    outer loop
      vertex 124.25281612705645 27.002748481411306 20.400000000000002
      vertex 124.5422479077843 25.025071821529455 20.400000000000002
      vertex 124.90939201327781 26.803578363789505 20.400000000000002
    endloop
  endfacet
  facet normal 0.29028467725446117 0.9569403357322093 0
    outer loop
      vertex 124.25281612705645 27.002748481411306 20.400000000000002
      vertex 124.90939201327781 26.803578363789505 20.400000000000002
      vertex 124.90939201327781 26.803578363789505 10.400000000000002
    endloop
  endfacet
  facet normal -1 0 0
    outer loop
      vertex 124.4 -3.5 1.6
      vertex 124.4 -3.5 11.500000000000002
      vertex 124.4 -2 20.400000000000002
    endloop
  endfacet
  facet normal -1 0 0
    outer loop
      vertex 124.4 -3.5 1.6
      vertex 124.4 -2 17.500000000000004
      vertex 124.4 -2 1.6
    endloop
  endfacet
  facet normal -1 0 0
    outer loop
      vertex 124.4 -3.5 1.6
      vertex 124.4 -2 20.400000000000002
      vertex 124.4 -2 17.500000000000004
    endloop
  endfacet
  facet normal 0 -1 0
    outer loop
      vertex 124.4 -3.5 1.6
      vertex 126.4 -3.5 1.6
      vertex 124.4 -3.5 11.500000000000002
    endloop
  endfacet
  facet normal -1 0 0
    outer loop
      vertex 124.4 -3.5 11.500000000000002
      vertex 124.4 -3.5 20.400000000000002
      vertex 124.4 -2 20.400000000000002
    endloop
  endfacet
  facet normal 0 -1 0
    outer loop
      vertex 124.4 -3.5 11.500000000000002
      vertex 126.4 -3.5 1.6
      vertex 126.4 -3.5 11.500000000000002
    endloop
  endfacet
  facet normal 0 -1 0
    outer loop
      vertex 124.4 -3.5 11.500000000000002
      vertex 126.4 -3.5 11.500000000000002
      vertex 124.4 -3.5 20.400000000000002
    endloop
  endfacet
  facet normal 0 -1 0
    outer loop
      vertex 124.4 -3.5 20.400000000000002
      vertex 126.4 -3.5 11.500000000000002
      vertex 128 -3.5 11.500000000000002
    endloop
  endfacet
  facet normal 0 0 1
    outer loop
      vertex 124.4 -3.5 20.400000000000002
      vertex 126.4 -3.5 20.400000000000002
      vertex 124.4 -2 20.400000000000002
    endloop
  endfacet
  facet normal 0 -1 0
    outer loop
      vertex 124.4 -3.5 20.400000000000002
      vertex 128 -3.5 11.500000000000002
      vertex 126.4 -3.5 20.400000000000002
    endloop
  endfacet
  facet normal 0 1 0
    outer loop
      vertex 124.4 -2 1.6
      vertex 124.4 -2 17.500000000000004
      vertex 126.4 -2 17.500000000000004
    endloop
  endfacet
  facet normal 0 0 1
    outer loop
      vertex 124.4 -2 1.6
      vertex 125.2538071024064 19.50493005695034 1.6
      vertex 124.42839741687096 19.254544766225784 1.6
    endloop
  endfacet
  facet normal 0 0 1
    outer loop
      vertex 124.4 -2 1.6
      vertex 126.01450902528626 19.911533705868802 1.6
      vertex 125.2538071024064 19.50493005695034 1.6
    endloop
  endfacet
  facet normal 0 0 1
    outer loop
      vertex 124.4 -2 1.6
      vertex 126.4 -2 1.6
      vertex 126.01450902528626 19.911533705868802 1.6
    endloop
  endfacet
  facet normal 0 1 0
    outer loop
      vertex 124.4 -2 1.6
      vertex 126.4 -2 17.500000000000004
      vertex 126.4 -2 1.6
    endloop
  endfacet
  facet normal 0 1 0
    outer loop
      vertex 124.4 -2 17.500000000000004
      vertex 124.4 -2 20.400000000000002
      vertex 126.4 -2 20.400000000000002
    endloop
  endfacet
  facet normal 0 1 0
    outer loop
      vertex 124.4 -2 17.500000000000004
      vertex 126.4 -2 20.400000000000002
      vertex 128 -2 20.400000000000002
    endloop
  endfacet
  facet normal 0 1 0
    outer loop
      vertex 124.4 -2 17.500000000000004
      vertex 128 -2 20.400000000000002
      vertex 126.4 -2 17.500000000000004
    endloop
  endfacet
  facet normal 0 0 1
    outer loop
      vertex 124.4 -2 20.400000000000002
      vertex 126.4 -3.5 20.400000000000002
      vertex 126.4 -2 20.400000000000002
    endloop
  endfacet
  facet normal 0.29028467725446455 0.9569403357322082 0
    outer loop
      vertex 124.42839741687096 -19.254544766225784 1.6
      vertex 124.42839741687096 -19.254544766225784 10.400000000000002
      vertex 125.2538071024064 -19.50493005695034 10.400000000000002
    endloop
  endfacet
  facet normal 0 0 1
    outer loop
      vertex 124.42839741687096 -19.254544766225784 1.6
      vertex 125.2538071024064 -19.50493005695034 1.6
      vertex 126.4 -3.5 1.6
    endloop
  endfacet
  facet normal 0.29028467725446455 0.9569403357322082 0
    outer loop
      vertex 124.42839741687096 -19.254544766225784 1.6
      vertex 125.2538071024064 -19.50493005695034 10.400000000000002
      vertex 125.2538071024064 -19.50493005695034 1.6
    endloop
  endfacet
  facet normal 0.29028467725446455 -0.9569403357322082 0
    outer loop
      vertex 124.42839741687096 19.254544766225784 1.6
      vertex 125.2538071024064 19.50493005695034 1.6
      vertex 124.42839741687096 19.254544766225784 10.400000000000002
    endloop
  endfacet
  facet normal 0.29028467725446455 -0.9569403357322082 0
    outer loop
      vertex 124.42839741687096 19.254544766225784 10.400000000000002
      vertex 125.2538071024064 19.50493005695034 1.6
      vertex 125.2538071024064 19.50493005695034 10.400000000000002
    endloop
  endfacet
  facet normal 0.29028467725446455 0.9569403357322082 0
    outer loop
      vertex 124.42839741687096 27.885455233774216 1.6
      vertex 124.42839741687096 27.885455233774216 10.400000000000002
      vertex 125.2538071024064 27.63506994304966 10.400000000000002
    endloop
  endfacet
  facet normal 0 0 1
    outer loop
      vertex 124.42839741687096 27.885455233774216 1.6
      vertex 125.2538071024064 27.63506994304966 1.6
      vertex 126.4 60.4 1.6
    endloop
  endfacet
  facet normal 0.29028467725446455 0.9569403357322082 0
    outer loop
      vertex 124.42839741687096 27.885455233774216 1.6
      vertex 125.2538071024064 27.63506994304966 10.400000000000002
      vertex 125.2538071024064 27.63506994304966 1.6
    endloop
  endfacet
  facet normal 0 0 1
    outer loop
      vertex 124.42839741687096 27.885455233774216 10.400000000000002
      vertex 124.90939201327781 26.803578363789505 10.400000000000002
      vertex 125.2538071024064 27.63506994304966 10.400000000000002
    endloop
  endfacet
  facet normal -0.6343932841636382 0.7730104533627429 0
    outer loop
      vertex 124.5422479077843 -25.025071821529455 7.600000000000001
      vertex 124.5422479077843 -25.025071821529455 20.400000000000002
      vertex 124.80743686707646 -24.807436867076458 7.600000000000001
    endloop
  endfacet
  facet normal 0 0 -1
    outer loop
      vertex 124.5422479077843 -25.025071821529455 7.600000000000001
      vertex 124.80743686707646 -24.807436867076458 7.600000000000001
      vertex 124.81372115518654 -26.572608480661682 7.600000000000001
    endloop
  endfacet
  facet normal -0.6343932841636382 0.7730104533627429 0
    outer loop
      vertex 124.5422479077843 -25.025071821529455 20.400000000000002
      vertex 124.80743686707646 -24.807436867076458 20.400000000000002
      vertex 124.80743686707646 -24.807436867076458 7.600000000000001
    endloop
  endfacet
  facet normal 0 0 1
    outer loop
      vertex 124.5422479077843 -25.025071821529455 20.400000000000002
      vertex 125.51449581556861 -26.426044240718568 20.400000000000002
      vertex 124.80743686707646 -24.807436867076458 20.400000000000002
    endloop
  endfacet
  facet normal -0.6343932841636382 -0.7730104533627429 0
    outer loop
      vertex 124.5422479077843 -22.114928178470546 7.600000000000001
      vertex 124.80743686707646 -22.332563132923543 7.600000000000001
      vertex 124.80743686707646 -22.332563132923543 20.400000000000002
    endloop
  endfacet
  facet normal -0.6343932841636382 -0.7730104533627429 0
    outer loop
      vertex 124.5422479077843 -22.114928178470546 7.600000000000001
      vertex 124.80743686707646 -22.332563132923543 20.400000000000002
      vertex 124.5422479077843 -22.114928178470546 20.400000000000002
    endloop
  endfacet
  facet normal 0 0 -1
    outer loop
      vertex 124.5422479077843 -22.114928178470546 7.600000000000001
      vertex 124.81372115518654 -20.56739151933832 7.600000000000001
      vertex 124.80743686707646 -22.332563132923543 7.600000000000001
    endloop
  endfacet
  facet normal -0.6343932841636382 0.7730104533627429 0
    outer loop
      vertex 124.5422479077843 22.114928178470546 7.600000000000001
      vertex 124.5422479077843 22.114928178470546 20.400000000000002
      vertex 124.80743686707646 22.332563132923543 7.600000000000001
    endloop
  endfacet
  facet normal 0 0 -1
    outer loop
      vertex 124.5422479077843 22.114928178470546 7.600000000000001
      vertex 124.80743686707646 22.332563132923543 7.600000000000001
      vertex 124.81372115518654 20.56739151933832 7.600000000000001
    endloop
  endfacet
  facet normal -0.6343932841636382 0.7730104533627429 0
    outer loop
      vertex 124.5422479077843 22.114928178470546 20.400000000000002
      vertex 124.80743686707646 22.332563132923543 20.400000000000002
      vertex 124.80743686707646 22.332563132923543 7.600000000000001
    endloop
  endfacet
  facet normal 0 0 1
    outer loop
      vertex 124.5422479077843 22.114928178470546 20.400000000000002
      vertex 124.90939201327781 20.336421636210495 20.400000000000002
      vertex 124.80743686707646 22.332563132923543 20.400000000000002
    endloop
  endfacet
  facet normal -0.6343932841636382 -0.7730104533627429 0
    outer loop
      vertex 124.5422479077843 25.025071821529455 7.600000000000001
      vertex 124.80743686707646 24.807436867076458 7.600000000000001
      vertex 124.80743686707646 24.807436867076458 20.400000000000002
    endloop
  endfacet
  facet normal -0.6343932841636382 -0.7730104533627429 0
    outer loop
      vertex 124.5422479077843 25.025071821529455 7.600000000000001
      vertex 124.80743686707646 24.807436867076458 20.400000000000002
      vertex 124.5422479077843 25.025071821529455 20.400000000000002
    endloop
  endfacet
  facet normal 0 0 -1
    outer loop
      vertex 124.5422479077843 25.025071821529455 7.600000000000001
      vertex 124.81372115518654 26.572608480661682 7.600000000000001
      vertex 124.80743686707646 24.807436867076458 7.600000000000001
    endloop
  endfacet
  facet normal 0 0 1
    outer loop
      vertex 124.5422479077843 25.025071821529455 20.400000000000002
      vertex 124.80743686707646 24.807436867076458 20.400000000000002
      vertex 124.90939201327781 26.803578363789505 20.400000000000002
    endloop
  endfacet
  facet normal -0.7730104533627449 0.6343932841636359 0
    outer loop
      vertex 124.80743686707646 -24.807436867076458 7.600000000000001
      vertex 124.80743686707646 -24.807436867076458 20.400000000000002
      vertex 125.02507182152945 -24.542247907784304 7.600000000000001
    endloop
  endfacet
  facet normal 0 0 -1
    outer loop
      vertex 124.80743686707646 -24.807436867076458 7.600000000000001
      vertex 125.02507182152945 -24.542247907784304 7.600000000000001
      vertex 124.81372115518654 -26.572608480661682 7.600000000000001
    endloop
  endfacet
  facet normal -0.7730104533627449 0.6343932841636359 0
    outer loop
      vertex 124.80743686707646 -24.807436867076458 20.400000000000002
      vertex 125.02507182152945 -24.542247907784304 20.400000000000002
      vertex 125.02507182152945 -24.542247907784304 7.600000000000001
    endloop
  endfacet
  facet normal 0 0 1
    outer loop
      vertex 124.80743686707646 -24.807436867076458 20.400000000000002
      vertex 125.51449581556861 -26.426044240718568 20.400000000000002
      vertex 125.02507182152945 -24.542247907784304 20.400000000000002
    endloop
  endfacet
  facet normal 0 0 -1
    outer loop
      vertex 124.80743686707646 -22.332563132923543 7.600000000000001
      vertex 124.81372115518654 -20.56739151933832 7.600000000000001
      vertex 125.37560325731371 -20.86772376001673 7.600000000000001
    endloop
  endfacet
  facet normal -0.7730104533627449 -0.6343932841636359 0
    outer loop
      vertex 124.80743686707646 -22.332563132923543 7.600000000000001
      vertex 125.02507182152945 -22.597752092215696 7.600000000000001
      vertex 125.02507182152945 -22.597752092215696 20.400000000000002
    endloop
  endfacet
  facet normal -0.7730104533627449 -0.6343932841636359 0
    outer loop
      vertex 124.80743686707646 -22.332563132923543 7.600000000000001
      vertex 125.02507182152945 -22.597752092215696 20.400000000000002
      vertex 124.80743686707646 -22.332563132923543 20.400000000000002
    endloop
  endfacet
  facet normal 0 0 -1
    outer loop
      vertex 124.80743686707646 -22.332563132923543 7.600000000000001
      vertex 125.37560325731371 -20.86772376001673 7.600000000000001
      vertex 125.02507182152945 -22.597752092215696 7.600000000000001
    endloop
  endfacet
  facet normal 0 0 1
    outer loop
      vertex 124.80743686707646 -22.332563132923543 20.400000000000002
      vertex 125.02507182152945 -22.597752092215696 20.400000000000002
      vertex 124.90939201327781 -20.336421636210495 20.400000000000002
    endloop
  endfacet
  facet normal -0.7730104533627449 0.6343932841636359 0
    outer loop
      vertex 124.80743686707646 22.332563132923543 7.600000000000001
      vertex 124.80743686707646 22.332563132923543 20.400000000000002
      vertex 125.02507182152945 22.597752092215696 7.600000000000001
    endloop
  endfacet
  facet normal 0 0 -1
    outer loop
      vertex 124.80743686707646 22.332563132923543 7.600000000000001
      vertex 125.02507182152945 22.597752092215696 7.600000000000001
      vertex 125.37560325731371 20.86772376001673 7.600000000000001
    endloop
  endfacet
  facet normal 0 0 -1
    outer loop
      vertex 124.80743686707646 22.332563132923543 7.600000000000001
      vertex 125.37560325731371 20.86772376001673 7.600000000000001
      vertex 124.81372115518654 20.56739151933832 7.600000000000001
    endloop
  endfacet
  facet normal 0 0 1
    outer loop
      vertex 124.80743686707646 22.332563132923543 20.400000000000002
      vertex 124.90939201327781 20.336421636210495 20.400000000000002
      vertex 125.51449581556861 20.65985635694109 20.400000000000002
    endloop
  endfacet
  facet normal -0.7730104533627449 0.6343932841636359 0
    outer loop
      vertex 124.80743686707646 22.332563132923543 20.400000000000002
      vertex 125.02507182152945 22.597752092215696 20.400000000000002
      vertex 125.02507182152945 22.597752092215696 7.600000000000001
    endloop
  endfacet
  facet normal 0 0 1
    outer loop
      vertex 124.80743686707646 22.332563132923543 20.400000000000002
      vertex 125.51449581556861 20.65985635694109 20.400000000000002
      vertex 125.02507182152945 22.597752092215696 20.400000000000002
    endloop
  endfacet
  facet normal 0 0 -1
    outer loop
      vertex 124.80743686707646 24.807436867076458 7.600000000000001
      vertex 124.81372115518654 26.572608480661682 7.600000000000001
      vertex 125.02507182152945 24.542247907784304 7.600000000000001
    endloop
  endfacet
  facet normal -0.7730104533627449 -0.6343932841636359 0
    outer loop
      vertex 124.80743686707646 24.807436867076458 7.600000000000001
      vertex 125.02507182152945 24.542247907784304 7.600000000000001
      vertex 125.02507182152945 24.542247907784304 20.400000000000002
    endloop
  endfacet
  facet normal -0.7730104533627449 -0.6343932841636359 0
    outer loop
      vertex 124.80743686707646 24.807436867076458 7.600000000000001
      vertex 125.02507182152945 24.542247907784304 20.400000000000002
      vertex 124.80743686707646 24.807436867076458 20.400000000000002
    endloop
  endfacet
  facet normal 0 0 1
    outer loop
      vertex 124.80743686707646 24.807436867076458 20.400000000000002
      vertex 125.02507182152945 24.542247907784304 20.400000000000002
      vertex 124.90939201327781 26.803578363789505 20.400000000000002
    endloop
  endfacet
  facet normal -0.4713967368259956 0.881921264348356 0
    outer loop
      vertex 124.81372115518654 -26.572608480661682 0
      vertex 124.81372115518654 -26.572608480661682 7.600000000000001
      vertex 125.37560325731371 -26.27227623998327 7.600000000000001
    endloop
  endfacet
  facet normal 0 0 -1
    outer loop
      vertex 124.81372115518654 -26.572608480661682 0
      vertex 125.37560325731371 -26.27227623998327 0
      vertex 128 -28 0
    endloop
  endfacet
  facet normal -0.4713967368259956 0.881921264348356 0
    outer loop
      vertex 124.81372115518654 -26.572608480661682 0
      vertex 125.37560325731371 -26.27227623998327 7.600000000000001
      vertex 125.37560325731371 -26.27227623998327 0
    endloop
  endfacet
  facet normal 0 0 -1
    outer loop
      vertex 124.81372115518654 -26.572608480661682 7.600000000000001
      vertex 125.02507182152945 -24.542247907784304 7.600000000000001
      vertex 125.37560325731371 -26.27227623998327 7.600000000000001
    endloop
  endfacet
  facet normal 0 0 -1
    outer loop
      vertex 124.81372115518654 -20.56739151933832 0
      vertex 124.81372115518654 20.56739151933832 0
      vertex 125.37560325731371 -20.86772376001673 0
    endloop
  endfacet
  facet normal -0.4713967368259956 -0.881921264348356 0
    outer loop
      vertex 124.81372115518654 -20.56739151933832 0
      vertex 125.37560325731371 -20.86772376001673 0
      vertex 124.81372115518654 -20.56739151933832 7.600000000000001
    endloop
  endfacet
  facet normal -0.4713967368259956 -0.881921264348356 0
    outer loop
      vertex 124.81372115518654 -20.56739151933832 7.600000000000001
      vertex 125.37560325731371 -20.86772376001673 0
      vertex 125.37560325731371 -20.86772376001673 7.600000000000001
    endloop
  endfacet
  facet normal -0.4713967368259956 0.881921264348356 0
    outer loop
      vertex 124.81372115518654 20.56739151933832 0
      vertex 124.81372115518654 20.56739151933832 7.600000000000001
      vertex 125.37560325731371 20.86772376001673 7.600000000000001
    endloop
  endfacet
  facet normal 0 0 -1
    outer loop
      vertex 124.81372115518654 20.56739151933832 0
      vertex 125.37560325731371 20.86772376001673 0
      vertex 125.37560325731371 -20.86772376001673 0
    endloop
  endfacet
  facet normal -0.4713967368259956 0.881921264348356 0
    outer loop
      vertex 124.81372115518654 20.56739151933832 0
      vertex 125.37560325731371 20.86772376001673 7.600000000000001
      vertex 125.37560325731371 20.86772376001673 0
    endloop
  endfacet
  facet normal -0.4713967368259956 -0.881921264348356 0
    outer loop
      vertex 124.81372115518654 26.572608480661682 0
      vertex 125.37560325731371 26.27227623998327 0
      vertex 124.81372115518654 26.572608480661682 7.600000000000001
    endloop
  endfacet
  facet normal 0 0 -1
    outer loop
      vertex 124.81372115518654 26.572608480661682 0
      vertex 128 62 0
      vertex 125.37560325731371 26.27227623998327 0
    endloop
  endfacet
  facet normal -0.4713967368259956 -0.881921264348356 0
    outer loop
      vertex 124.81372115518654 26.572608480661682 7.600000000000001
      vertex 125.37560325731371 26.27227623998327 0
      vertex 125.37560325731371 26.27227623998327 7.600000000000001
    endloop
  endfacet
  facet normal 0 0 -1
    outer loop
      vertex 124.81372115518654 26.572608480661682 7.600000000000001
      vertex 125.37560325731371 26.27227623998327 7.600000000000001
      vertex 125.02507182152945 24.542247907784304 7.600000000000001
    endloop
  endfacet
  facet normal 0.4713967368259951 0.8819212643483564 0
    outer loop
      vertex 124.90939201327781 -20.336421636210495 10.400000000000002
      vertex 124.90939201327781 -20.336421636210495 20.400000000000002
      vertex 125.51449581556861 -20.65985635694109 20.400000000000002
    endloop
  endfacet
  facet normal 0 0 1
    outer loop
      vertex 124.90939201327781 -20.336421636210495 10.400000000000002
      vertex 125.51449581556861 -20.65985635694109 10.400000000000002
      vertex 126.01450902528626 -19.911533705868802 10.400000000000002
    endloop
  endfacet
  facet normal 0.4713967368259951 0.8819212643483564 0
    outer loop
      vertex 124.90939201327781 -20.336421636210495 10.400000000000002
      vertex 125.51449581556861 -20.65985635694109 20.400000000000002
      vertex 125.51449581556861 -20.65985635694109 10.400000000000002
    endloop
  endfacet
  facet normal 0 0 1
    outer loop
      vertex 124.90939201327781 -20.336421636210495 10.400000000000002
      vertex 126.01450902528626 -19.911533705868802 10.400000000000002
      vertex 125.2538071024064 -19.50493005695034 10.400000000000002
    endloop
  endfacet
  facet normal 0 0 1
    outer loop
      vertex 124.90939201327781 -20.336421636210495 20.400000000000002
      vertex 125.02507182152945 -22.597752092215696 20.400000000000002
      vertex 125.18678918189475 -22.900303993361092 20.400000000000002
    endloop
  endfacet
  facet normal 0 0 1
    outer loop
      vertex 124.90939201327781 -20.336421636210495 20.400000000000002
      vertex 125.18678918189475 -22.900303993361092 20.400000000000002
      vertex 125.51449581556861 -20.65985635694109 20.400000000000002
    endloop
  endfacet
  facet normal 0 0 1
    outer loop
      vertex 124.90939201327781 20.336421636210495 10.400000000000002
      vertex 125.2538071024064 19.50493005695034 10.400000000000002
      vertex 126.01450902528626 19.911533705868802 10.400000000000002
    endloop
  endfacet
  facet normal 0.4713967368259951 -0.8819212643483564 0
    outer loop
      vertex 124.90939201327781 20.336421636210495 10.400000000000002
      vertex 125.51449581556861 20.65985635694109 10.400000000000002
      vertex 125.51449581556861 20.65985635694109 20.400000000000002
    endloop
  endfacet
  facet normal 0.4713967368259951 -0.8819212643483564 0
    outer loop
      vertex 124.90939201327781 20.336421636210495 10.400000000000002
      vertex 125.51449581556861 20.65985635694109 20.400000000000002
      vertex 124.90939201327781 20.336421636210495 20.400000000000002
    endloop
  endfacet
  facet normal 0 0 1
    outer loop
      vertex 124.90939201327781 20.336421636210495 10.400000000000002
      vertex 126.01450902528626 19.911533705868802 10.400000000000002
      vertex 125.51449581556861 20.65985635694109 10.400000000000002
    endloop
  endfacet
  facet normal 0.4713967368259951 0.8819212643483564 0
    outer loop
      vertex 124.90939201327781 26.803578363789505 10.400000000000002
      vertex 124.90939201327781 26.803578363789505 20.400000000000002
      vertex 125.51449581556861 26.48014364305891 10.400000000000002
    endloop
  endfacet
  facet normal 0 0 1
    outer loop
      vertex 124.90939201327781 26.803578363789505 10.400000000000002
      vertex 125.51449581556861 26.48014364305891 10.400000000000002
      vertex 125.2538071024064 27.63506994304966 10.400000000000002
    endloop
  endfacet
  facet normal 0 0 1
    outer loop
      vertex 124.90939201327781 26.803578363789505 20.400000000000002
      vertex 125.02507182152945 24.542247907784304 20.400000000000002
      vertex 125.18678918189475 24.23969600663891 20.400000000000002
    endloop
  endfacet
  facet normal 0 0 1
    outer loop
      vertex 124.90939201327781 26.803578363789505 20.400000000000002
      vertex 125.18678918189475 24.23969600663891 20.400000000000002
      vertex 125.51449581556861 26.48014364305891 20.400000000000002
    endloop
  endfacet
  facet normal 0.4713967368259951 0.8819212643483564 0
    outer loop
      vertex 124.90939201327781 26.803578363789505 20.400000000000002
      vertex 125.51449581556861 26.48014364305891 20.400000000000002
      vertex 125.51449581556861 26.48014364305891 10.400000000000002
    endloop
  endfacet
  facet normal -0.8819212643483497 0.4713967368260074 0
    outer loop
      vertex 125.02507182152945 -24.542247907784304 7.600000000000001
      vertex 125.02507182152945 -24.542247907784304 20.400000000000002
      vertex 125.18678918189475 -24.23969600663891 7.600000000000001
    endloop
  endfacet
  facet normal 0 0 -1
    outer loop
      vertex 125.02507182152945 -24.542247907784304 7.600000000000001
      vertex 125.18678918189475 -24.23969600663891 7.600000000000001
      vertex 125.37560325731371 -26.27227623998327 7.600000000000001
    endloop
  endfacet
  facet normal -0.8819212643483497 0.4713967368260074 0
    outer loop
      vertex 125.02507182152945 -24.542247907784304 20.400000000000002
      vertex 125.18678918189475 -24.23969600663891 20.400000000000002
      vertex 125.18678918189475 -24.23969600663891 7.600000000000001
    endloop
  endfacet
  facet normal 0 0 1
    outer loop
      vertex 125.02507182152945 -24.542247907784304 20.400000000000002
      vertex 125.51449581556861 -26.426044240718568 20.400000000000002
      vertex 125.18678918189475 -24.23969600663891 20.400000000000002
    endloop
  endfacet
  facet normal -0.8819212643483497 -0.4713967368260074 0
    outer loop
      vertex 125.02507182152945 -22.597752092215696 7.600000000000001
      vertex 125.18678918189475 -22.900303993361092 7.600000000000001
      vertex 125.18678918189475 -22.900303993361092 20.400000000000002
    endloop
  endfacet
  facet normal -0.8819212643483497 -0.4713967368260074 0
    outer loop
      vertex 125.02507182152945 -22.597752092215696 7.600000000000001
      vertex 125.18678918189475 -22.900303993361092 20.400000000000002
      vertex 125.02507182152945 -22.597752092215696 20.400000000000002
    endloop
  endfacet
  facet normal 0 0 -1
    outer loop
      vertex 125.02507182152945 -22.597752092215696 7.600000000000001
      vertex 125.37560325731371 -20.86772376001673 7.600000000000001
      vertex 125.18678918189475 -22.900303993361092 7.600000000000001
    endloop
  endfacet
  facet normal -0.8819212643483497 0.4713967368260074 0
    outer loop
      vertex 125.02507182152945 22.597752092215696 7.600000000000001
      vertex 125.02507182152945 22.597752092215696 20.400000000000002
      vertex 125.18678918189475 22.900303993361092 7.600000000000001
    endloop
  endfacet
  facet normal 0 0 -1
    outer loop
      vertex 125.02507182152945 22.597752092215696 7.600000000000001
      vertex 125.18678918189475 22.900303993361092 7.600000000000001
      vertex 125.37560325731371 20.86772376001673 7.600000000000001
    endloop
  endfacet
  facet normal -0.8819212643483497 0.4713967368260074 0
    outer loop
      vertex 125.02507182152945 22.597752092215696 20.400000000000002
      vertex 125.18678918189475 22.900303993361092 20.400000000000002
      vertex 125.18678918189475 22.900303993361092 7.600000000000001
    endloop
  endfacet
  facet normal 0 0 1
    outer loop
      vertex 125.02507182152945 22.597752092215696 20.400000000000002
      vertex 125.51449581556861 20.65985635694109 20.400000000000002
      vertex 125.18678918189475 22.900303993361092 20.400000000000002
    endloop
  endfacet
  facet normal -0.8819212643483497 -0.4713967368260074 0
    outer loop
      vertex 125.02507182152945 24.542247907784304 7.600000000000001
      vertex 125.18678918189475 24.23969600663891 7.600000000000001
      vertex 125.18678918189475 24.23969600663891 20.400000000000002
    endloop
  endfacet
  facet normal -0.8819212643483497 -0.4713967368260074 0
    outer loop
      vertex 125.02507182152945 24.542247907784304 7.600000000000001
      vertex 125.18678918189475 24.23969600663891 20.400000000000002
      vertex 125.02507182152945 24.542247907784304 20.400000000000002
    endloop
  endfacet
  facet normal 0 0 -1
    outer loop
      vertex 125.02507182152945 24.542247907784304 7.600000000000001
      vertex 125.37560325731371 26.27227623998327 7.600000000000001
      vertex 125.18678918189475 24.23969600663891 7.600000000000001
    endloop
  endfacet
  facet normal -0.9569403357322087 0.29028467725446305 0
    outer loop
      vertex 125.18678918189475 -24.23969600663891 7.600000000000001
      vertex 125.18678918189475 -24.23969600663891 20.400000000000002
      vertex 125.28637424070565 -23.911408063528224 7.600000000000001
    endloop
  endfacet
  facet normal 0 0 -1
    outer loop
      vertex 125.18678918189475 -24.23969600663891 7.600000000000001
      vertex 125.28637424070565 -23.911408063528224 7.600000000000001
      vertex 125.37560325731371 -26.27227623998327 7.600000000000001
    endloop
  endfacet
  facet normal -0.9569403357322087 0.29028467725446305 0
    outer loop
      vertex 125.18678918189475 -24.23969600663891 20.400000000000002
      vertex 125.28637424070565 -23.911408063528224 20.400000000000002
      vertex 125.28637424070565 -23.911408063528224 7.600000000000001
    endloop
  endfacet
  facet normal 0 0 1
    outer loop
      vertex 125.18678918189475 -24.23969600663891 20.400000000000002
      vertex 125.51449581556861 -26.426044240718568 20.400000000000002
      vertex 125.28637424070565 -23.911408063528224 20.400000000000002
    endloop
  endfacet
  facet normal -0.9569403357322087 -0.29028467725446305 0
    outer loop
      vertex 125.18678918189475 -22.900303993361092 7.600000000000001
      vertex 125.28637424070565 -23.228591936471776 7.600000000000001
      vertex 125.28637424070565 -23.228591936471776 20.400000000000002
    endloop
  endfacet
  facet normal -0.9569403357322087 -0.29028467725446305 0
    outer loop
      vertex 125.18678918189475 -22.900303993361092 7.600000000000001
      vertex 125.28637424070565 -23.228591936471776 20.400000000000002
      vertex 125.18678918189475 -22.900303993361092 20.400000000000002
    endloop
  endfacet
  facet normal 0 0 -1
    outer loop
      vertex 125.18678918189475 -22.900303993361092 7.600000000000001
      vertex 125.37560325731371 -20.86772376001673 7.600000000000001
      vertex 125.28637424070565 -23.228591936471776 7.600000000000001
    endloop
  endfacet
  facet normal 0 0 1
    outer loop
      vertex 125.18678918189475 -22.900303993361092 20.400000000000002
      vertex 125.28637424070565 -23.228591936471776 20.400000000000002
      vertex 125.51449581556861 -20.65985635694109 20.400000000000002
    endloop
  endfacet
  facet normal -0.9569403357322087 0.29028467725446305 0
    outer loop
      vertex 125.18678918189475 22.900303993361092 7.600000000000001
      vertex 125.18678918189475 22.900303993361092 20.400000000000002
      vertex 125.28637424070565 23.228591936471776 7.600000000000001
    endloop
  endfacet
  facet normal 0 0 -1
    outer loop
      vertex 125.18678918189475 22.900303993361092 7.600000000000001
      vertex 125.28637424070565 23.228591936471776 7.600000000000001
      vertex 125.37560325731371 20.86772376001673 7.600000000000001
    endloop
  endfacet
  facet normal -0.9569403357322087 0.29028467725446305 0
    outer loop
      vertex 125.18678918189475 22.900303993361092 20.400000000000002
      vertex 125.28637424070565 23.228591936471776 20.400000000000002
      vertex 125.28637424070565 23.228591936471776 7.600000000000001
    endloop
  endfacet
  facet normal 0 0 1
    outer loop
      vertex 125.18678918189475 22.900303993361092 20.400000000000002
      vertex 125.51449581556861 20.65985635694109 20.400000000000002
      vertex 125.28637424070565 23.228591936471776 20.400000000000002
    endloop
  endfacet
  facet normal -0.9569403357322087 -0.29028467725446305 0
    outer loop
      vertex 125.18678918189475 24.23969600663891 7.600000000000001
      vertex 125.28637424070565 23.911408063528224 7.600000000000001
      vertex 125.28637424070565 23.911408063528224 20.400000000000002
    endloop
  endfacet
  facet normal -0.9569403357322087 -0.29028467725446305 0
    outer loop
      vertex 125.18678918189475 24.23969600663891 7.600000000000001
      vertex 125.28637424070565 23.911408063528224 20.400000000000002
      vertex 125.18678918189475 24.23969600663891 20.400000000000002
    endloop
  endfacet
  facet normal 0 0 -1
    outer loop
      vertex 125.18678918189475 24.23969600663891 7.600000000000001
      vertex 125.37560325731371 26.27227623998327 7.600000000000001
      vertex 125.28637424070565 23.911408063528224 7.600000000000001
    endloop
  endfacet
  facet normal 0 0 1
    outer loop
      vertex 125.18678918189475 24.23969600663891 20.400000000000002
      vertex 125.28637424070565 23.911408063528224 20.400000000000002
      vertex 125.51449581556861 26.48014364305891 20.400000000000002
    endloop
  endfacet
  facet normal 0.47139673682599476 0.8819212643483566 0
    outer loop
      vertex 125.2538071024064 -19.50493005695034 1.6
      vertex 125.2538071024064 -19.50493005695034 10.400000000000002
      vertex 126.01450902528626 -19.911533705868802 10.400000000000002
    endloop
  endfacet
  facet normal 0 0 1
    outer loop
      vertex 125.2538071024064 -19.50493005695034 1.6
      vertex 126.01450902528626 -19.911533705868802 1.6
      vertex 126.4 -3.5 1.6
    endloop
  endfacet
  facet normal 0.47139673682599476 0.8819212643483566 0
    outer loop
      vertex 125.2538071024064 -19.50493005695034 1.6
      vertex 126.01450902528626 -19.911533705868802 10.400000000000002
      vertex 126.01450902528626 -19.911533705868802 1.6
    endloop
  endfacet
  facet normal 0.47139673682599476 -0.8819212643483566 0
    outer loop
      vertex 125.2538071024064 19.50493005695034 1.6
      vertex 126.01450902528626 19.911533705868802 1.6
      vertex 125.2538071024064 19.50493005695034 10.400000000000002
    endloop
  endfacet
  facet normal 0.47139673682599476 -0.8819212643483566 0
    outer loop
      vertex 125.2538071024064 19.50493005695034 10.400000000000002
      vertex 126.01450902528626 19.911533705868802 1.6
      vertex 126.01450902528626 19.911533705868802 10.400000000000002
    endloop
  endfacet
  facet normal 0.47139673682599476 0.8819212643483566 0
    outer loop
      vertex 125.2538071024064 27.63506994304966 1.6
      vertex 125.2538071024064 27.63506994304966 10.400000000000002
      vertex 126.01450902528626 27.2284662941312 10.400000000000002
    endloop
  endfacet
  facet normal 0 0 1
    outer loop
      vertex 125.2538071024064 27.63506994304966 1.6
      vertex 126.01450902528626 27.2284662941312 1.6
      vertex 126.4 60.4 1.6
    endloop
  endfacet
  facet normal 0.47139673682599476 0.8819212643483566 0
    outer loop
      vertex 125.2538071024064 27.63506994304966 1.6
      vertex 126.01450902528626 27.2284662941312 10.400000000000002
      vertex 126.01450902528626 27.2284662941312 1.6
    endloop
  endfacet
  facet normal 0 0 1
    outer loop
      vertex 125.2538071024064 27.63506994304966 10.400000000000002
      vertex 125.51449581556861 26.48014364305891 10.400000000000002
      vertex 126.01450902528626 27.2284662941312 10.400000000000002
    endloop
  endfacet
  facet normal -0.9951847266721991 0.09801714032953647 0
    outer loop
      vertex 125.28637424070565 -23.911408063528224 7.600000000000001
      vertex 125.28637424070565 -23.911408063528224 20.400000000000002
      vertex 125.32 -23.57 7.600000000000001
    endloop
  endfacet
  facet normal 0 0 -1
    outer loop
      vertex 125.28637424070565 -23.911408063528224 7.600000000000001
      vertex 125.32 -23.57 7.600000000000001
      vertex 125.37560325731371 -26.27227623998327 7.600000000000001
    endloop
  endfacet
  facet normal -0.9951847266721991 0.09801714032953647 0
    outer loop
      vertex 125.28637424070565 -23.911408063528224 20.400000000000002
      vertex 125.32 -23.57 20.400000000000002
      vertex 125.32 -23.57 7.600000000000001
    endloop
  endfacet
  facet normal 0 0 1
    outer loop
      vertex 125.28637424070565 -23.911408063528224 20.400000000000002
      vertex 125.51449581556861 -26.426044240718568 20.400000000000002
      vertex 125.32 -23.57 20.400000000000002
    endloop
  endfacet
  facet normal -0.9951847266721991 -0.09801714032953647 0
    outer loop
      vertex 125.28637424070565 -23.228591936471776 7.600000000000001
      vertex 125.32 -23.57 7.600000000000001
      vertex 125.32 -23.57 20.400000000000002
    endloop
  endfacet
  facet normal -0.9951847266721991 -0.09801714032953647 0
    outer loop
      vertex 125.28637424070565 -23.228591936471776 7.600000000000001
      vertex 125.32 -23.57 20.400000000000002
      vertex 125.28637424070565 -23.228591936471776 20.400000000000002
    endloop
  endfacet
  facet normal 0 0 -1
    outer loop
      vertex 125.28637424070565 -23.228591936471776 7.600000000000001
      vertex 125.37560325731371 -20.86772376001673 7.600000000000001
      vertex 125.32 -23.57 7.600000000000001
    endloop
  endfacet
  facet normal 0 0 1
    outer loop
      vertex 125.28637424070565 -23.228591936471776 20.400000000000002
      vertex 125.32 -23.57 20.400000000000002
      vertex 125.51449581556861 -20.65985635694109 20.400000000000002
    endloop
  endfacet
  facet normal -0.9951847266721991 0.09801714032953647 0
    outer loop
      vertex 125.28637424070565 23.228591936471776 7.600000000000001
      vertex 125.28637424070565 23.228591936471776 20.400000000000002
      vertex 125.32 23.57 7.600000000000001
    endloop
  endfacet
  facet normal 0 0 -1
    outer loop
      vertex 125.28637424070565 23.228591936471776 7.600000000000001
      vertex 125.32 23.57 7.600000000000001
      vertex 125.37560325731371 20.86772376001673 7.600000000000001
    endloop
  endfacet
  facet normal -0.9951847266721991 0.09801714032953647 0
    outer loop
      vertex 125.28637424070565 23.228591936471776 20.400000000000002
      vertex 125.32 23.57 20.400000000000002
      vertex 125.32 23.57 7.600000000000001
    endloop
  endfacet
  facet normal 0 0 1
    outer loop
      vertex 125.28637424070565 23.228591936471776 20.400000000000002
      vertex 125.51449581556861 20.65985635694109 20.400000000000002
      vertex 125.32 23.57 20.400000000000002
    endloop
  endfacet
  facet normal -0.9951847266721991 -0.09801714032953647 0
    outer loop
      vertex 125.28637424070565 23.911408063528224 7.600000000000001
      vertex 125.32 23.57 7.600000000000001
      vertex 125.32 23.57 20.400000000000002
    endloop
  endfacet
  facet normal -0.9951847266721991 -0.09801714032953647 0
    outer loop
      vertex 125.28637424070565 23.911408063528224 7.600000000000001
      vertex 125.32 23.57 20.400000000000002
      vertex 125.28637424070565 23.911408063528224 20.400000000000002
    endloop
  endfacet
  facet normal 0 0 -1
    outer loop
      vertex 125.28637424070565 23.911408063528224 7.600000000000001
      vertex 125.37560325731371 26.27227623998327 7.600000000000001
      vertex 125.32 23.57 7.600000000000001
    endloop
  endfacet
  facet normal 0 0 1
    outer loop
      vertex 125.28637424070565 23.911408063528224 20.400000000000002
      vertex 125.32 23.57 20.400000000000002
      vertex 125.51449581556861 26.48014364305891 20.400000000000002
    endloop
  endfacet
  facet normal 0 0 -1
    outer loop
      vertex 125.32 -23.57 7.600000000000001
      vertex 125.37560325731371 -20.86772376001673 7.600000000000001
      vertex 125.37560325731371 -26.27227623998327 7.600000000000001
    endloop
  endfacet
  facet normal 0 0 1
    outer loop
      vertex 125.32 -23.57 20.400000000000002
      vertex 125.51449581556861 -26.426044240718568 20.400000000000002
      vertex 125.51449581556861 -20.65985635694109 20.400000000000002
    endloop
  endfacet
  facet normal 0 0 -1
    outer loop
      vertex 125.32 23.57 7.600000000000001
      vertex 125.37560325731371 26.27227623998327 7.600000000000001
      vertex 125.37560325731371 20.86772376001673 7.600000000000001
    endloop
  endfacet
  facet normal 0 0 1
    outer loop
      vertex 125.32 23.57 20.400000000000002
      vertex 125.51449581556861 20.65985635694109 20.400000000000002
      vertex 125.51449581556861 26.48014364305891 20.400000000000002
    endloop
  endfacet
  facet normal -0.6343932841636495 0.7730104533627336 0
    outer loop
      vertex 125.37560325731371 -26.27227623998327 0
      vertex 125.37560325731371 -26.27227623998327 7.600000000000001
      vertex 125.86809703885628 -25.86809703885628 7.600000000000001
    endloop
  endfacet
  facet normal 0 0 -1
    outer loop
      vertex 125.37560325731371 -26.27227623998327 0
      vertex 125.86809703885628 -25.86809703885628 0
      vertex 128 -28 0
    endloop
  endfacet
  facet normal -0.6343932841636495 0.7730104533627336 0
    outer loop
      vertex 125.37560325731371 -26.27227623998327 0
      vertex 125.86809703885628 -25.86809703885628 7.600000000000001
      vertex 125.86809703885628 -25.86809703885628 0
    endloop
  endfacet
  facet normal 0 0 -1
    outer loop
      vertex 125.37560325731371 -26.27227623998327 7.600000000000001
      vertex 125.37560325731371 -20.86772376001673 7.600000000000001
      vertex 125.86809703885628 -25.86809703885628 7.600000000000001
    endloop
  endfacet
  facet normal 0 0 -1
    outer loop
      vertex 125.37560325731371 -20.86772376001673 0
      vertex 125.37560325731371 20.86772376001673 0
      vertex 125.86809703885628 -21.27190296114372 0
    endloop
  endfacet
  facet normal -0.6343932841636495 -0.7730104533627336 0
    outer loop
      vertex 125.37560325731371 -20.86772376001673 0
      vertex 125.86809703885628 -21.27190296114372 0
      vertex 125.37560325731371 -20.86772376001673 7.600000000000001
    endloop
  endfacet
  facet normal -0.6343932841636495 -0.7730104533627336 0
    outer loop
      vertex 125.37560325731371 -20.86772376001673 7.600000000000001
      vertex 125.86809703885628 -21.27190296114372 0
      vertex 125.86809703885628 -21.27190296114372 7.600000000000001
    endloop
  endfacet
  facet normal 0 0 -1
    outer loop
      vertex 125.37560325731371 -20.86772376001673 7.600000000000001
      vertex 125.86809703885628 -21.27190296114372 7.600000000000001
      vertex 125.86809703885628 -25.86809703885628 7.600000000000001
    endloop
  endfacet
  facet normal -0.6343932841636495 0.7730104533627336 0
    outer loop
      vertex 125.37560325731371 20.86772376001673 0
      vertex 125.37560325731371 20.86772376001673 7.600000000000001
      vertex 125.86809703885628 21.27190296114372 7.600000000000001
    endloop
  endfacet
  facet normal 0 0 -1
    outer loop
      vertex 125.37560325731371 20.86772376001673 0
      vertex 125.86809703885628 21.27190296114372 0
      vertex 125.86809703885628 -21.27190296114372 0
    endloop
  endfacet
  facet normal -0.6343932841636495 0.7730104533627336 0
    outer loop
      vertex 125.37560325731371 20.86772376001673 0
      vertex 125.86809703885628 21.27190296114372 7.600000000000001
      vertex 125.86809703885628 21.27190296114372 0
    endloop
  endfacet
  facet normal 0 0 -1
    outer loop
      vertex 125.37560325731371 20.86772376001673 7.600000000000001
      vertex 125.37560325731371 26.27227623998327 7.600000000000001
      vertex 125.86809703885628 21.27190296114372 7.600000000000001
    endloop
  endfacet
  facet normal -0.6343932841636495 -0.7730104533627336 0
    outer loop
      vertex 125.37560325731371 26.27227623998327 0
      vertex 125.86809703885628 25.86809703885628 0
      vertex 125.37560325731371 26.27227623998327 7.600000000000001
    endloop
  endfacet
  facet normal 0 0 -1
    outer loop
      vertex 125.37560325731371 26.27227623998327 0
      vertex 128 62 0
      vertex 125.86809703885628 25.86809703885628 0
    endloop
  endfacet
  facet normal -0.6343932841636495 -0.7730104533627336 0
    outer loop
      vertex 125.37560325731371 26.27227623998327 7.600000000000001
      vertex 125.86809703885628 25.86809703885628 0
      vertex 125.86809703885628 25.86809703885628 7.600000000000001
    endloop
  endfacet
  facet normal 0 0 -1
    outer loop
      vertex 125.37560325731371 26.27227623998327 7.600000000000001
      vertex 125.86809703885628 25.86809703885628 7.600000000000001
      vertex 125.86809703885628 21.27190296114372 7.600000000000001
    endloop
  endfacet
  facet normal 0 0 1
    outer loop
      vertex 125.51449581556861 -26.426044240718568 20.400000000000002
      vertex 125.61215112718935 -26.4 20.400000000000002
      vertex 125.51449581556861 -20.65985635694109 20.400000000000002
    endloop
  endfacet
  facet normal 0 0 1
    outer loop
      vertex 125.51449581556861 -26.426044240718568 20.400000000000002
      vertex 126.4 -26.4 20.400000000000002
      vertex 125.61215112718935 -26.4 20.400000000000002
    endloop
  endfacet
  facet normal 0 0 1
    outer loop
      vertex 125.51449581556861 -26.426044240718568 20.400000000000002
      vertex 128 -28 20.400000000000002
      vertex 126.4 -26.4 20.400000000000002
    endloop
  endfacet
  facet normal 0.6343932841636483 0.7730104533627347 0
    outer loop
      vertex 125.51449581556861 -20.65985635694109 10.400000000000002
      vertex 125.51449581556861 -20.65985635694109 20.400000000000002
      vertex 126.04487373415292 -21.095126265847085 20.400000000000002
    endloop
  endfacet
  facet normal 0 0 1
    outer loop
      vertex 125.51449581556861 -20.65985635694109 10.400000000000002
      vertex 126.04487373415292 -21.095126265847085 10.400000000000002
      vertex 126.01450902528626 -19.911533705868802 10.400000000000002
    endloop
  endfacet
  facet normal 0.6343932841636483 0.7730104533627347 0
    outer loop
      vertex 125.51449581556861 -20.65985635694109 10.400000000000002
      vertex 126.04487373415292 -21.095126265847085 20.400000000000002
      vertex 126.04487373415292 -21.095126265847085 10.400000000000002
    endloop
  endfacet
  facet normal 0 0 1
    outer loop
      vertex 125.51449581556861 -20.65985635694109 20.400000000000002
      vertex 125.61215112718935 -26.4 20.400000000000002
      vertex 126.04487373415292 -26.044873734152915 20.400000000000002
    endloop
  endfacet
  facet normal 0 0 1
    outer loop
      vertex 125.51449581556861 -20.65985635694109 20.400000000000002
      vertex 126.04487373415292 -26.044873734152915 20.400000000000002
      vertex 126.04487373415292 -21.095126265847085 20.400000000000002
    endloop
  endfacet
  facet normal 0 0 1
    outer loop
      vertex 125.51449581556861 20.65985635694109 10.400000000000002
      vertex 126.01450902528626 19.911533705868802 10.400000000000002
      vertex 126.4 20.227897972872242 10.400000000000002
    endloop
  endfacet
  facet normal 0.6343932841636483 -0.7730104533627347 0
    outer loop
      vertex 125.51449581556861 20.65985635694109 10.400000000000002
      vertex 126.04487373415292 21.095126265847085 10.400000000000002
      vertex 126.04487373415292 21.095126265847085 20.400000000000002
    endloop
  endfacet
  facet normal 0.6343932841636483 -0.7730104533627347 0
    outer loop
      vertex 125.51449581556861 20.65985635694109 10.400000000000002
      vertex 126.04487373415292 21.095126265847085 20.400000000000002
      vertex 125.51449581556861 20.65985635694109 20.400000000000002
    endloop
  endfacet
  facet normal 0 0 1
    outer loop
      vertex 125.51449581556861 20.65985635694109 10.400000000000002
      vertex 126.4 20.227897972872242 10.400000000000002
      vertex 126.04487373415292 21.095126265847085 10.400000000000002
    endloop
  endfacet
  facet normal 0 0 1
    outer loop
      vertex 125.51449581556861 20.65985635694109 20.400000000000002
      vertex 126.04487373415292 21.095126265847085 20.400000000000002
      vertex 125.51449581556861 26.48014364305891 20.400000000000002
    endloop
  endfacet
  facet normal 0.6343932841636483 0.7730104533627347 0
    outer loop
      vertex 125.51449581556861 26.48014364305891 10.400000000000002
      vertex 125.51449581556861 26.48014364305891 20.400000000000002
      vertex 126.04487373415292 26.044873734152915 10.400000000000002
    endloop
  endfacet
  facet normal 0 0 1
    outer loop
      vertex 125.51449581556861 26.48014364305891 10.400000000000002
      vertex 126.04487373415292 26.044873734152915 10.400000000000002
      vertex 126.01450902528626 27.2284662941312 10.400000000000002
    endloop
  endfacet
  facet normal 0 0 1
    outer loop
      vertex 125.51449581556861 26.48014364305891 20.400000000000002
      vertex 126.04487373415292 21.095126265847085 20.400000000000002
      vertex 126.04487373415292 26.044873734152915 20.400000000000002
    endloop
  endfacet
  facet normal 0.6343932841636483 0.7730104533627347 0
    outer loop
      vertex 125.51449581556861 26.48014364305891 20.400000000000002
      vertex 126.04487373415292 26.044873734152915 20.400000000000002
      vertex 126.04487373415292 26.044873734152915 10.400000000000002
    endloop
  endfacet
  facet normal 0 1 0
    outer loop
      vertex 125.61215112718935 -26.4 10.400000000000002
      vertex 125.61215112718935 -26.4 20.400000000000002
      vertex 126.4 -26.4 20.400000000000002
    endloop
  endfacet
  facet normal 0.6343932841636439 -0.7730104533627381 0
    outer loop
      vertex 125.61215112718935 -26.4 10.400000000000002
      vertex 126.04487373415292 -26.044873734152915 10.400000000000002
      vertex 126.04487373415292 -26.044873734152915 20.400000000000002
    endloop
  endfacet
  facet normal 0.6343932841636439 -0.7730104533627381 0
    outer loop
      vertex 125.61215112718935 -26.4 10.400000000000002
      vertex 126.04487373415292 -26.044873734152915 20.400000000000002
      vertex 125.61215112718935 -26.4 20.400000000000002
    endloop
  endfacet
  facet normal 0 0 1
    outer loop
      vertex 125.61215112718935 -26.4 10.400000000000002
      vertex 126.4 -26.4 10.400000000000002
      vertex 126.04487373415292 -26.044873734152915 10.400000000000002
    endloop
  endfacet
  facet normal 0 1 0
    outer loop
      vertex 125.61215112718935 -26.4 10.400000000000002
      vertex 126.4 -26.4 20.400000000000002
      vertex 126.4 -26.4 10.400000000000002
    endloop
  endfacet
  facet normal -0.7730104533627377 0.6343932841636446 0
    outer loop
      vertex 125.86809703885628 -25.86809703885628 0
      vertex 125.86809703885628 -25.86809703885628 7.600000000000001
      vertex 126.27227623998327 -25.375603257313706 0
    endloop
  endfacet
  facet normal 0 0 -1
    outer loop
      vertex 125.86809703885628 -25.86809703885628 0
      vertex 126.27227623998327 -25.375603257313706 0
      vertex 128 -28 0
    endloop
  endfacet
  facet normal 0 0 -1
    outer loop
      vertex 125.86809703885628 -25.86809703885628 7.600000000000001
      vertex 125.86809703885628 -21.27190296114372 7.600000000000001
      vertex 126.27227623998327 -25.375603257313706 7.600000000000001
    endloop
  endfacet
  facet normal -0.7730104533627377 0.6343932841636446 0
    outer loop
      vertex 125.86809703885628 -25.86809703885628 7.600000000000001
      vertex 126.27227623998327 -25.375603257313706 7.600000000000001
      vertex 126.27227623998327 -25.375603257313706 0
    endloop
  endfacet
  facet normal 0 0 -1
    outer loop
      vertex 125.86809703885628 -21.27190296114372 0
      vertex 125.86809703885628 21.27190296114372 0
      vertex 126.27227623998327 -21.764396742686294 0
    endloop
  endfacet
  facet normal -0.7730104533627377 -0.6343932841636446 0
    outer loop
      vertex 125.86809703885628 -21.27190296114372 0
      vertex 126.27227623998327 -21.764396742686294 0
      vertex 126.27227623998327 -21.764396742686294 7.600000000000001
    endloop
  endfacet
  facet normal -0.7730104533627377 -0.6343932841636446 0
    outer loop
      vertex 125.86809703885628 -21.27190296114372 0
      vertex 126.27227623998327 -21.764396742686294 7.600000000000001
      vertex 125.86809703885628 -21.27190296114372 7.600000000000001
    endloop
  endfacet
  facet normal 0 0 -1
    outer loop
      vertex 125.86809703885628 -21.27190296114372 7.600000000000001
      vertex 126.27227623998327 -21.764396742686294 7.600000000000001
      vertex 126.27227623998327 -25.375603257313706 7.600000000000001
    endloop
  endfacet
  facet normal -0.7730104533627377 0.6343932841636446 0
    outer loop
      vertex 125.86809703885628 21.27190296114372 0
      vertex 125.86809703885628 21.27190296114372 7.600000000000001
      vertex 126.27227623998327 21.764396742686294 0
    endloop
  endfacet
  facet normal 0 0 -1
    outer loop
      vertex 125.86809703885628 21.27190296114372 0
      vertex 126.27227623998327 21.764396742686294 0
      vertex 126.27227623998327 -21.764396742686294 0
    endloop
  endfacet
  facet normal 0 0 -1
    outer loop
      vertex 125.86809703885628 21.27190296114372 7.600000000000001
      vertex 125.86809703885628 25.86809703885628 7.600000000000001
      vertex 126.27227623998327 21.764396742686294 7.600000000000001
    endloop
  endfacet
  facet normal -0.7730104533627377 0.6343932841636446 0
    outer loop
      vertex 125.86809703885628 21.27190296114372 7.600000000000001
      vertex 126.27227623998327 21.764396742686294 7.600000000000001
      vertex 126.27227623998327 21.764396742686294 0
    endloop
  endfacet
  facet normal -0.7730104533627377 -0.6343932841636446 0
    outer loop
      vertex 125.86809703885628 25.86809703885628 0
      vertex 126.27227623998327 25.375603257313706 0
      vertex 126.27227623998327 25.375603257313706 7.600000000000001
    endloop
  endfacet
  facet normal -0.7730104533627377 -0.6343932841636446 0
    outer loop
      vertex 125.86809703885628 25.86809703885628 0
      vertex 126.27227623998327 25.375603257313706 7.600000000000001
      vertex 125.86809703885628 25.86809703885628 7.600000000000001
    endloop
  endfacet
  facet normal 0 0 -1
    outer loop
      vertex 125.86809703885628 25.86809703885628 0
      vertex 128 62 0
      vertex 126.27227623998327 25.375603257313706 0
    endloop
  endfacet
  facet normal 0 0 -1
    outer loop
      vertex 125.86809703885628 25.86809703885628 7.600000000000001
      vertex 126.27227623998327 25.375603257313706 7.600000000000001
      vertex 126.27227623998327 21.764396742686294 7.600000000000001
    endloop
  endfacet
  facet normal 0.634393284163646 0.7730104533627365 0
    outer loop
      vertex 126.01450902528626 -19.911533705868802 1.6
      vertex 126.01450902528626 -19.911533705868802 10.400000000000002
      vertex 126.4 -20.227897972872242 10.400000000000002
    endloop
  endfacet
  facet normal 0 0 1
    outer loop
      vertex 126.01450902528626 -19.911533705868802 1.6
      vertex 126.4 -20.227897972872242 1.6
      vertex 126.4 -3.5 1.6
    endloop
  endfacet
  facet normal 0.634393284163646 0.7730104533627365 0
    outer loop
      vertex 126.01450902528626 -19.911533705868802 1.6
      vertex 126.4 -20.227897972872242 10.400000000000002
      vertex 126.4 -20.227897972872242 1.6
    endloop
  endfacet
  facet normal 0 0 1
    outer loop
      vertex 126.01450902528626 -19.911533705868802 10.400000000000002
      vertex 126.04487373415292 -21.095126265847085 10.400000000000002
      vertex 126.4 -20.227897972872242 10.400000000000002
    endloop
  endfacet
  facet normal 0 0 1
    outer loop
      vertex 126.01450902528626 19.911533705868802 1.6
      vertex 126.4 -2 1.6
      vertex 126.4 20.227897972872242 1.6
    endloop
  endfacet
  facet normal 0.634393284163646 -0.7730104533627365 0
    outer loop
      vertex 126.01450902528626 19.911533705868802 1.6
      vertex 126.4 20.227897972872242 1.6
      vertex 126.01450902528626 19.911533705868802 10.400000000000002
    endloop
  endfacet
  facet normal 0.634393284163646 -0.7730104533627365 0
    outer loop
      vertex 126.01450902528626 19.911533705868802 10.400000000000002
      vertex 126.4 20.227897972872242 1.6
      vertex 126.4 20.227897972872242 10.400000000000002
    endloop
  endfacet
  facet normal 0.634393284163646 0.7730104533627365 0
    outer loop
      vertex 126.01450902528626 27.2284662941312 1.6
      vertex 126.01450902528626 27.2284662941312 10.400000000000002
      vertex 126.4 26.91210202712776 10.400000000000002
    endloop
  endfacet
  facet normal 0 0 1
    outer loop
      vertex 126.01450902528626 27.2284662941312 1.6
      vertex 126.4 26.91210202712776 1.6
      vertex 126.4 60.4 1.6
    endloop
  endfacet
  facet normal 0.634393284163646 0.7730104533627365 0
    outer loop
      vertex 126.01450902528626 27.2284662941312 1.6
      vertex 126.4 26.91210202712776 10.400000000000002
      vertex 126.4 26.91210202712776 1.6
    endloop
  endfacet
  facet normal 0 0 1
    outer loop
      vertex 126.01450902528626 27.2284662941312 10.400000000000002
      vertex 126.04487373415292 26.044873734152915 10.400000000000002
      vertex 126.4 26.91210202712776 10.400000000000002
    endloop
  endfacet
  facet normal 0 0 1
    outer loop
      vertex 126.04487373415292 -26.044873734152915 10.400000000000002
      vertex 126.4 -26.4 10.400000000000002
      vertex 126.4 -25.612151127189353 10.400000000000002
    endloop
  endfacet
  facet normal 0.7730104533627294 -0.6343932841636547 0
    outer loop
      vertex 126.04487373415292 -26.044873734152915 10.400000000000002
      vertex 126.4 -25.612151127189353 10.400000000000002
      vertex 126.4 -25.612151127189353 20.400000000000002
    endloop
  endfacet
  facet normal 0.7730104533627294 -0.6343932841636547 0
    outer loop
      vertex 126.04487373415292 -26.044873734152915 10.400000000000002
      vertex 126.4 -25.612151127189353 20.400000000000002
      vertex 126.04487373415292 -26.044873734152915 20.400000000000002
    endloop
  endfacet
  facet normal 0 0 1
    outer loop
      vertex 126.04487373415292 -26.044873734152915 20.400000000000002
      vertex 126.4 -25.612151127189353 20.400000000000002
      vertex 126.04487373415292 -21.095126265847085 20.400000000000002
    endloop
  endfacet
  facet normal 0.7730104533627294 0.6343932841636547 0
    outer loop
      vertex 126.04487373415292 -21.095126265847085 10.400000000000002
      vertex 126.04487373415292 -21.095126265847085 20.400000000000002
      vertex 126.4 -21.527848872810647 20.400000000000002
    endloop
  endfacet
  facet normal 0 0 1
    outer loop
      vertex 126.04487373415292 -21.095126265847085 10.400000000000002
      vertex 126.4 -21.527848872810647 10.400000000000002
      vertex 126.4 -20.227897972872242 10.400000000000002
    endloop
  endfacet
  facet normal 0.7730104533627294 0.6343932841636547 0
    outer loop
      vertex 126.04487373415292 -21.095126265847085 10.400000000000002
      vertex 126.4 -21.527848872810647 20.400000000000002
      vertex 126.4 -21.527848872810647 10.400000000000002
    endloop
  endfacet
  facet normal 0 0 1
    outer loop
      vertex 126.04487373415292 -21.095126265847085 20.400000000000002
      vertex 126.4 -25.612151127189353 20.400000000000002
      vertex 126.41458128914093 -25.59438377496351 20.400000000000002
    endloop
  endfacet
  facet normal 0 0 1
    outer loop
      vertex 126.04487373415292 -21.095126265847085 20.400000000000002
      vertex 126.41458128914093 -25.59438377496351 20.400000000000002
      vertex 126.48014364305891 -21.972063720995187 20.400000000000002
    endloop
  endfacet
  facet normal 0 0 1
    outer loop
      vertex 126.04487373415292 -21.095126265847085 20.400000000000002
      vertex 126.48014364305891 -21.972063720995187 20.400000000000002
      vertex 126.4 -21.527848872810647 20.400000000000002
    endloop
  endfacet
  facet normal 0 0 1
    outer loop
      vertex 126.04487373415292 21.095126265847085 10.400000000000002
      vertex 126.4 20.227897972872242 10.400000000000002
      vertex 126.4 21.527848872810647 10.400000000000002
    endloop
  endfacet
  facet normal 0.7730104533627294 -0.6343932841636547 0
    outer loop
      vertex 126.04487373415292 21.095126265847085 10.400000000000002
      vertex 126.4 21.527848872810647 10.400000000000002
      vertex 126.4 21.527848872810647 20.400000000000002
    endloop
  endfacet
  facet normal 0.7730104533627294 -0.6343932841636547 0
    outer loop
      vertex 126.04487373415292 21.095126265847085 10.400000000000002
      vertex 126.4 21.527848872810647 20.400000000000002
      vertex 126.04487373415292 21.095126265847085 20.400000000000002
    endloop
  endfacet
  facet normal 0 0 1
    outer loop
      vertex 126.04487373415292 21.095126265847085 20.400000000000002
      vertex 126.4 21.527848872810647 20.400000000000002
      vertex 126.4 25.612151127189353 20.400000000000002
    endloop
  endfacet
  facet normal 0 0 1
    outer loop
      vertex 126.04487373415292 21.095126265847085 20.400000000000002
      vertex 126.4 25.612151127189353 20.400000000000002
      vertex 126.04487373415292 26.044873734152915 20.400000000000002
    endloop
  endfacet
  facet normal 0.7730104533627294 0.6343932841636547 0
    outer loop
      vertex 126.04487373415292 26.044873734152915 10.400000000000002
      vertex 126.04487373415292 26.044873734152915 20.400000000000002
      vertex 126.4 25.612151127189353 10.400000000000002
    endloop
  endfacet
  facet normal 0 0 1
    outer loop
      vertex 126.04487373415292 26.044873734152915 10.400000000000002
      vertex 126.4 25.612151127189353 10.400000000000002
      vertex 126.4 26.91210202712776 10.400000000000002
    endloop
  endfacet
  facet normal 0.7730104533627294 0.6343932841636547 0
    outer loop
      vertex 126.04487373415292 26.044873734152915 20.400000000000002
      vertex 126.4 25.612151127189353 20.400000000000002
      vertex 126.4 25.612151127189353 10.400000000000002
    endloop
  endfacet
  facet normal -0.8819212643483513 0.4713967368260047 0
    outer loop
      vertex 126.27227623998327 -25.375603257313706 0
      vertex 126.27227623998327 -25.375603257313706 7.600000000000001
      vertex 126.57260848066169 -24.813721155186542 0
    endloop
  endfacet
  facet normal 0 0 -1
    outer loop
      vertex 126.27227623998327 -25.375603257313706 0
      vertex 126.57260848066169 -24.813721155186542 0
      vertex 128 -28 0
    endloop
  endfacet
  facet normal 0 0 -1
    outer loop
      vertex 126.27227623998327 -25.375603257313706 7.600000000000001
      vertex 126.27227623998327 -21.764396742686294 7.600000000000001
      vertex 126.57260848066169 -24.813721155186542 7.600000000000001
    endloop
  endfacet
  facet normal -0.8819212643483513 0.4713967368260047 0
    outer loop
      vertex 126.27227623998327 -25.375603257313706 7.600000000000001
      vertex 126.57260848066169 -24.813721155186542 7.600000000000001
      vertex 126.57260848066169 -24.813721155186542 0
    endloop
  endfacet
  facet normal 0 0 -1
    outer loop
      vertex 126.27227623998327 -21.764396742686294 0
      vertex 126.27227623998327 21.764396742686294 0
      vertex 126.57260848066169 -22.32627884481346 0
    endloop
  endfacet
  facet normal -0.8819212643483513 -0.4713967368260047 0
    outer loop
      vertex 126.27227623998327 -21.764396742686294 0
      vertex 126.57260848066169 -22.32627884481346 0
      vertex 126.57260848066169 -22.32627884481346 7.600000000000001
    endloop
  endfacet
  facet normal -0.8819212643483513 -0.4713967368260047 0
    outer loop
      vertex 126.27227623998327 -21.764396742686294 0
      vertex 126.57260848066169 -22.32627884481346 7.600000000000001
      vertex 126.27227623998327 -21.764396742686294 7.600000000000001
    endloop
  endfacet
  facet normal 0 0 -1
    outer loop
      vertex 126.27227623998327 -21.764396742686294 7.600000000000001
      vertex 126.57260848066169 -22.32627884481346 7.600000000000001
      vertex 126.57260848066169 -24.813721155186542 7.600000000000001
    endloop
  endfacet
  facet normal -0.8819212643483513 0.4713967368260047 0
    outer loop
      vertex 126.27227623998327 21.764396742686294 0
      vertex 126.27227623998327 21.764396742686294 7.600000000000001
      vertex 126.57260848066169 22.32627884481346 0
    endloop
  endfacet
  facet normal 0 0 -1
    outer loop
      vertex 126.27227623998327 21.764396742686294 0
      vertex 126.57260848066169 22.32627884481346 0
      vertex 126.57260848066169 -22.32627884481346 0
    endloop
  endfacet
  facet normal 0 0 -1
    outer loop
      vertex 126.27227623998327 21.764396742686294 7.600000000000001
      vertex 126.27227623998327 25.375603257313706 7.600000000000001
      vertex 126.57260848066169 22.32627884481346 7.600000000000001
    endloop
  endfacet
  facet normal -0.8819212643483513 0.4713967368260047 0
    outer loop
      vertex 126.27227623998327 21.764396742686294 7.600000000000001
      vertex 126.57260848066169 22.32627884481346 7.600000000000001
      vertex 126.57260848066169 22.32627884481346 0
    endloop
  endfacet
  facet normal -0.8819212643483513 -0.4713967368260047 0
    outer loop
      vertex 126.27227623998327 25.375603257313706 0
      vertex 126.57260848066169 24.813721155186542 0
      vertex 126.57260848066169 24.813721155186542 7.600000000000001
    endloop
  endfacet
  facet normal -0.8819212643483513 -0.4713967368260047 0
    outer loop
      vertex 126.27227623998327 25.375603257313706 0
      vertex 126.57260848066169 24.813721155186542 7.600000000000001
      vertex 126.27227623998327 25.375603257313706 7.600000000000001
    endloop
  endfacet
  facet normal 0 0 -1
    outer loop
      vertex 126.27227623998327 25.375603257313706 0
      vertex 128 62 0
      vertex 126.57260848066169 24.813721155186542 0
    endloop
  endfacet
  facet normal 0 0 -1
    outer loop
      vertex 126.27227623998327 25.375603257313706 7.600000000000001
      vertex 126.57260848066169 24.813721155186542 7.600000000000001
      vertex 126.57260848066169 22.32627884481346 7.600000000000001
    endloop
  endfacet
  facet normal -1 0 0
    outer loop
      vertex 126.4 -26.4 10.400000000000002
      vertex 126.4 -26.4 20.400000000000002
      vertex 126.4 -25.612151127189353 20.400000000000002
    endloop
  endfacet
  facet normal -1 0 0
    outer loop
      vertex 126.4 -26.4 10.400000000000002
      vertex 126.4 -25.612151127189353 20.400000000000002
      vertex 126.4 -25.612151127189353 10.400000000000002
    endloop
  endfacet
  facet normal 0 0 1
    outer loop
      vertex 126.4 -26.4 20.400000000000002
      vertex 126.41458128914093 -25.59438377496351 20.400000000000002
      vertex 126.4 -25.612151127189353 20.400000000000002
    endloop
  endfacet
  facet normal 0 0 1
    outer loop
      vertex 126.4 -26.4 20.400000000000002
      vertex 128 -28 20.400000000000002
      vertex 126.41458128914093 -25.59438377496351 20.400000000000002
    endloop
  endfacet
  facet normal -1 0 0
    outer loop
      vertex 126.4 -21.527848872810647 10.400000000000002
      vertex 126.4 -21.527848872810647 20.400000000000002
      vertex 126.4 -20.227897972872242 10.400000000000002
    endloop
  endfacet
  facet normal -1 0 0
    outer loop
      vertex 126.4 -21.527848872810647 20.400000000000002
      vertex 126.4 -16.5 11.500000000000002
      vertex 126.4 -20.227897972872242 10.400000000000002
    endloop
  endfacet
  facet normal -1 0 0
    outer loop
      vertex 126.4 -21.527848872810647 20.400000000000002
      vertex 126.4 -16.5 20.400000000000002
      vertex 126.4 -16.5 11.500000000000002
    endloop
  endfacet
  facet normal 0 0 1
    outer loop
      vertex 126.4 -21.527848872810647 20.400000000000002
      vertex 126.48014364305891 -21.972063720995187 20.400000000000002
      vertex 128 -28 20.400000000000002
    endloop
  endfacet
  facet normal 0 0 1
    outer loop
      vertex 126.4 -21.527848872810647 20.400000000000002
      vertex 128 -28 20.400000000000002
      vertex 126.4 -16.5 20.400000000000002
    endloop
  endfacet
  facet normal -1 0 0
    outer loop
      vertex 126.4 -20.227897972872242 1.6
      vertex 126.4 -20.227897972872242 10.400000000000002
      vertex 126.4 -3.5 1.6
    endloop
  endfacet
  facet normal -1 0 0
    outer loop
      vertex 126.4 -20.227897972872242 10.400000000000002
      vertex 126.4 -16.5 11.500000000000002
      vertex 126.4 -3.5 1.6
    endloop
  endfacet
  facet normal 0 1 0
    outer loop
      vertex 126.4 -16.5 11.500000000000002
      vertex 126.4 -16.5 20.400000000000002
      vertex 128 -16.5 20.400000000000002
    endloop
  endfacet
  facet normal -1 0 0
    outer loop
      vertex 126.4 -16.5 11.500000000000002
      vertex 126.4 -3.5 11.500000000000002
      vertex 126.4 -3.5 1.6
    endloop
  endfacet
  facet normal 0 0 1
    outer loop
      vertex 126.4 -16.5 11.500000000000002
      vertex 128 -16.5 11.500000000000002
      vertex 126.4 -3.5 11.500000000000002
    endloop
  endfacet
  facet normal 0 1 0
    outer loop
      vertex 126.4 -16.5 11.500000000000002
      vertex 128 -16.5 20.400000000000002
      vertex 128 -16.5 11.500000000000002
    endloop
  endfacet
  facet normal 0 0 1
    outer loop
      vertex 126.4 -16.5 20.400000000000002
      vertex 128 -28 20.400000000000002
      vertex 128 -16.5 20.400000000000002
    endloop
  endfacet
  facet normal 0 0 1
    outer loop
      vertex 126.4 -3.5 11.500000000000002
      vertex 128 -16.5 11.500000000000002
      vertex 128 -3.5 11.500000000000002
    endloop
  endfacet
  facet normal 0 -1 0
    outer loop
      vertex 126.4 -3.5 20.400000000000002
      vertex 128 -3.5 11.500000000000002
      vertex 128 -3.5 20.400000000000002
    endloop
  endfacet
  facet normal 0 0 1
    outer loop
      vertex 126.4 -3.5 20.400000000000002
      vertex 128 -3.5 20.400000000000002
      vertex 126.4 -2 20.400000000000002
    endloop
  endfacet
  facet normal -1 0 0
    outer loop
      vertex 126.4 -2 1.6
      vertex 126.4 -2 17.500000000000004
      vertex 126.4 19 17.500000000000004
    endloop
  endfacet
  facet normal -1 0 0
    outer loop
      vertex 126.4 -2 1.6
      vertex 126.4 19 17.500000000000004
      vertex 126.4 20.227897972872242 1.6
    endloop
  endfacet
  facet normal 0 0 1
    outer loop
      vertex 126.4 -2 17.500000000000004
      vertex 128 -2 17.500000000000004
      vertex 126.4 19 17.500000000000004
    endloop
  endfacet
  facet normal 0 1 0
    outer loop
      vertex 126.4 -2 17.500000000000004
      vertex 128 -2 20.400000000000002
      vertex 128 -2 17.500000000000004
    endloop
  endfacet
  facet normal 0 0 1
    outer loop
      vertex 126.4 -2 20.400000000000002
      vertex 128 -3.5 20.400000000000002
      vertex 128 -2 20.400000000000002
    endloop
  endfacet
  facet normal -1 0 0
    outer loop
      vertex 126.4 19 17.500000000000004
      vertex 126.4 19 20.400000000000002
      vertex 126.4 21.527848872810647 20.400000000000002
    endloop
  endfacet
  facet normal -1 0 0
    outer loop
      vertex 126.4 19 17.500000000000004
      vertex 126.4 20.227897972872242 10.400000000000002
      vertex 126.4 20.227897972872242 1.6
    endloop
  endfacet
  facet normal -1 0 0
    outer loop
      vertex 126.4 19 17.500000000000004
      vertex 126.4 21.527848872810647 20.400000000000002
      vertex 126.4 20.227897972872242 10.400000000000002
    endloop
  endfacet
  facet normal 0 0 1
    outer loop
      vertex 126.4 19 17.500000000000004
      vertex 128 -2 17.500000000000004
      vertex 128 19 17.500000000000004
    endloop
  endfacet
  facet normal 0 -1 0
    outer loop
      vertex 126.4 19 17.500000000000004
      vertex 128 19 17.500000000000004
      vertex 126.4 19 20.400000000000002
    endloop
  endfacet
  facet normal 0 -1 0
    outer loop
      vertex 126.4 19 20.400000000000002
      vertex 128 19 17.500000000000004
      vertex 128 19 20.400000000000002
    endloop
  endfacet
  facet normal 0 0 1
    outer loop
      vertex 126.4 19 20.400000000000002
      vertex 128 19 20.400000000000002
      vertex 126.4 21.527848872810647 20.400000000000002
    endloop
  endfacet
  facet normal -1 0 0
    outer loop
      vertex 126.4 20.227897972872242 10.400000000000002
      vertex 126.4 21.527848872810647 20.400000000000002
      vertex 126.4 21.527848872810647 10.400000000000002
    endloop
  endfacet
  facet normal 0 0 1
    outer loop
      vertex 126.4 21.527848872810647 20.400000000000002
      vertex 128 19 20.400000000000002
      vertex 126.4 25.612151127189353 20.400000000000002
    endloop
  endfacet
  facet normal -1 0 0
    outer loop
      vertex 126.4 25.612151127189353 10.400000000000002
      vertex 126.4 25.612151127189353 20.400000000000002
      vertex 126.4 60.4 20.400000000000002
    endloop
  endfacet
  facet normal -1 0 0
    outer loop
      vertex 126.4 25.612151127189353 10.400000000000002
      vertex 126.4 60.4 20.400000000000002
      vertex 126.4 26.91210202712776 10.400000000000002
    endloop
  endfacet
  facet normal 0 0 1
    outer loop
      vertex 126.4 25.612151127189353 20.400000000000002
      vertex 128 19 20.400000000000002
      vertex 128 62 20.400000000000002
    endloop
  endfacet
  facet normal 0 0 1
    outer loop
      vertex 126.4 25.612151127189353 20.400000000000002
      vertex 128 62 20.400000000000002
      vertex 126.4 60.4 20.400000000000002
    endloop
  endfacet
  facet normal -1 0 0
    outer loop
      vertex 126.4 26.91210202712776 1.6
      vertex 126.4 26.91210202712776 10.400000000000002
      vertex 126.4 60.4 20.400000000000002
    endloop
  endfacet
  facet normal -1 0 0
    outer loop
      vertex 126.4 26.91210202712776 1.6
      vertex 126.4 44 2.800000000000003
      vertex 126.4 60.4 1.6
    endloop
  endfacet
  facet normal -1 0 0
    outer loop
      vertex 126.4 26.91210202712776 1.6
      vertex 126.4 44 10.800000000000002
      vertex 126.4 44 2.800000000000003
    endloop
  endfacet
  facet normal -1 0 0
    outer loop
      vertex 126.4 26.91210202712776 1.6
      vertex 126.4 60.4 20.400000000000002
      vertex 126.4 44 10.800000000000002
    endloop
  endfacet
  facet normal 0 1 0
    outer loop
      vertex 126.4 44 2.800000000000003
      vertex 126.4 44 10.800000000000002
      vertex 128 44 10.800000000000002
    endloop
  endfacet
  facet normal -1 0 0
    outer loop
      vertex 126.4 44 2.800000000000003
      vertex 126.4 57 2.800000000000003
      vertex 126.4 60.4 1.6
    endloop
  endfacet
  facet normal 0 0 1
    outer loop
      vertex 126.4 44 2.800000000000003
      vertex 128 44 2.800000000000003
      vertex 126.4 57 2.800000000000003
    endloop
  endfacet
  facet normal 0 1 0
    outer loop
      vertex 126.4 44 2.800000000000003
      vertex 128 44 10.800000000000002
      vertex 128 44 2.800000000000003
    endloop
  endfacet
  facet normal 0 0 -1
    outer loop
      vertex 126.4 44 10.800000000000002
      vertex 126.4 57 10.800000000000002
      vertex 128 57 10.800000000000002
    endloop
  endfacet
  facet normal -1 0 0
    outer loop
      vertex 126.4 44 10.800000000000002
      vertex 126.4 60.4 20.400000000000002
      vertex 126.4 57 10.800000000000002
    endloop
  endfacet
  facet normal 0 0 -1
    outer loop
      vertex 126.4 44 10.800000000000002
      vertex 128 57 10.800000000000002
      vertex 128 44 10.800000000000002
    endloop
  endfacet
  facet normal -1 0 0
    outer loop
      vertex 126.4 57 2.800000000000003
      vertex 126.4 57 10.800000000000002
      vertex 126.4 60.4 1.6
    endloop
  endfacet
  facet normal 0 0 1
    outer loop
      vertex 126.4 57 2.800000000000003
      vertex 128 44 2.800000000000003
      vertex 128 57 2.800000000000003
    endloop
  endfacet
  facet normal 0 -1 0
    outer loop
      vertex 126.4 57 2.800000000000003
      vertex 128 57 2.800000000000003
      vertex 126.4 57 10.800000000000002
    endloop
  endfacet
  facet normal -1 0 0
    outer loop
      vertex 126.4 57 10.800000000000002
      vertex 126.4 60.4 20.400000000000002
      vertex 126.4 60.4 1.6
    endloop
  endfacet
  facet normal 0 -1 0
    outer loop
      vertex 126.4 57 10.800000000000002
      vertex 128 57 2.800000000000003
      vertex 128 57 10.800000000000002
    endloop
  endfacet
  facet normal 0 0 1
    outer loop
      vertex 126.41458128914093 -25.59438377496351 20.400000000000002
      vertex 128 -28 20.400000000000002
      vertex 126.48014364305891 -21.972063720995187 20.400000000000002
    endloop
  endfacet
  facet normal -0.9569403357322102 0.290284677254458 0
    outer loop
      vertex 126.57260848066169 -24.813721155186542 0
      vertex 126.57260848066169 -24.813721155186542 7.600000000000001
      vertex 126.7575521613105 -24.204043546552416 0
    endloop
  endfacet
  facet normal 0 0 -1
    outer loop
      vertex 126.57260848066169 -24.813721155186542 0
      vertex 126.7575521613105 -24.204043546552416 0
      vertex 128 -28 0
    endloop
  endfacet
  facet normal 0 0 -1
    outer loop
      vertex 126.57260848066169 -24.813721155186542 7.600000000000001
      vertex 126.57260848066169 -22.32627884481346 7.600000000000001
      vertex 126.7575521613105 -24.204043546552416 7.600000000000001
    endloop
  endfacet
  facet normal -0.9569403357322102 0.290284677254458 0
    outer loop
      vertex 126.57260848066169 -24.813721155186542 7.600000000000001
      vertex 126.7575521613105 -24.204043546552416 7.600000000000001
      vertex 126.7575521613105 -24.204043546552416 0
    endloop
  endfacet
  facet normal 0 0 -1
    outer loop
      vertex 126.57260848066169 -22.32627884481346 0
      vertex 126.57260848066169 22.32627884481346 0
      vertex 126.7575521613105 -22.935956453447584 0
    endloop
  endfacet
  facet normal -0.9569403357322102 -0.290284677254458 0
    outer loop
      vertex 126.57260848066169 -22.32627884481346 0
      vertex 126.7575521613105 -22.935956453447584 0
      vertex 126.7575521613105 -22.935956453447584 7.600000000000001
    endloop
  endfacet
  facet normal -0.9569403357322102 -0.290284677254458 0
    outer loop
      vertex 126.57260848066169 -22.32627884481346 0
      vertex 126.7575521613105 -22.935956453447584 7.600000000000001
      vertex 126.57260848066169 -22.32627884481346 7.600000000000001
    endloop
  endfacet
  facet normal 0 0 -1
    outer loop
      vertex 126.57260848066169 -22.32627884481346 7.600000000000001
      vertex 126.7575521613105 -22.935956453447584 7.600000000000001
      vertex 126.7575521613105 -24.204043546552416 7.600000000000001
    endloop
  endfacet
  facet normal -0.9569403357322102 0.290284677254458 0
    outer loop
      vertex 126.57260848066169 22.32627884481346 0
      vertex 126.57260848066169 22.32627884481346 7.600000000000001
      vertex 126.7575521613105 22.935956453447584 0
    endloop
  endfacet
  facet normal 0 0 -1
    outer loop
      vertex 126.57260848066169 22.32627884481346 0
      vertex 126.7575521613105 22.935956453447584 0
      vertex 126.7575521613105 -22.935956453447584 0
    endloop
  endfacet
  facet normal 0 0 -1
    outer loop
      vertex 126.57260848066169 22.32627884481346 7.600000000000001
      vertex 126.57260848066169 24.813721155186542 7.600000000000001
      vertex 126.7575521613105 22.935956453447584 7.600000000000001
    endloop
  endfacet
  facet normal -0.9569403357322102 0.290284677254458 0
    outer loop
      vertex 126.57260848066169 22.32627884481346 7.600000000000001
      vertex 126.7575521613105 22.935956453447584 7.600000000000001
      vertex 126.7575521613105 22.935956453447584 0
    endloop
  endfacet
  facet normal -0.9569403357322102 -0.290284677254458 0
    outer loop
      vertex 126.57260848066169 24.813721155186542 0
      vertex 126.7575521613105 24.204043546552416 0
      vertex 126.7575521613105 24.204043546552416 7.600000000000001
    endloop
  endfacet
  facet normal -0.9569403357322102 -0.290284677254458 0
    outer loop
      vertex 126.57260848066169 24.813721155186542 0
      vertex 126.7575521613105 24.204043546552416 7.600000000000001
      vertex 126.57260848066169 24.813721155186542 7.600000000000001
    endloop
  endfacet
  facet normal 0 0 -1
    outer loop
      vertex 126.57260848066169 24.813721155186542 0
      vertex 128 62 0
      vertex 126.7575521613105 24.204043546552416 0
    endloop
  endfacet
  facet normal 0 0 -1
    outer loop
      vertex 126.57260848066169 24.813721155186542 7.600000000000001
      vertex 126.7575521613105 24.204043546552416 7.600000000000001
      vertex 126.7575521613105 22.935956453447584 7.600000000000001
    endloop
  endfacet
  facet normal -0.995184726672198 0.09801714032954911 0
    outer loop
      vertex 126.7575521613105 -24.204043546552416 0
      vertex 126.7575521613105 -24.204043546552416 7.600000000000001
      vertex 126.82 -23.57 0
    endloop
  endfacet
  facet normal 0 0 -1
    outer loop
      vertex 126.7575521613105 -24.204043546552416 0
      vertex 126.82 -23.57 0
      vertex 128 -28 0
    endloop
  endfacet
  facet normal 0 0 -1
    outer loop
      vertex 126.7575521613105 -24.204043546552416 7.600000000000001
      vertex 126.7575521613105 -22.935956453447584 7.600000000000001
      vertex 126.82 -23.57 7.600000000000001
    endloop
  endfacet
  facet normal -0.995184726672198 0.09801714032954911 0
    outer loop
      vertex 126.7575521613105 -24.204043546552416 7.600000000000001
      vertex 126.82 -23.57 7.600000000000001
      vertex 126.82 -23.57 0
    endloop
  endfacet
  facet normal 0 0 -1
    outer loop
      vertex 126.7575521613105 -22.935956453447584 0
      vertex 126.7575521613105 22.935956453447584 0
      vertex 128 -28 0
    endloop
  endfacet
  facet normal -0.995184726672198 -0.09801714032954911 0
    outer loop
      vertex 126.7575521613105 -22.935956453447584 0
      vertex 126.82 -23.57 0
      vertex 126.82 -23.57 7.600000000000001
    endloop
  endfacet
  facet normal -0.995184726672198 -0.09801714032954911 0
    outer loop
      vertex 126.7575521613105 -22.935956453447584 0
      vertex 126.82 -23.57 7.600000000000001
      vertex 126.7575521613105 -22.935956453447584 7.600000000000001
    endloop
  endfacet
  facet normal 0 0 -1
    outer loop
      vertex 126.7575521613105 -22.935956453447584 0
      vertex 128 -28 0
      vertex 126.82 -23.57 0
    endloop
  endfacet
  facet normal -0.995184726672198 0.09801714032954911 0
    outer loop
      vertex 126.7575521613105 22.935956453447584 0
      vertex 126.7575521613105 22.935956453447584 7.600000000000001
      vertex 126.82 23.57 0
    endloop
  endfacet
  facet normal 0 0 -1
    outer loop
      vertex 126.7575521613105 22.935956453447584 0
      vertex 126.82 23.57 0
      vertex 128 -28 0
    endloop
  endfacet
  facet normal 0 0 -1
    outer loop
      vertex 126.7575521613105 22.935956453447584 7.600000000000001
      vertex 126.7575521613105 24.204043546552416 7.600000000000001
      vertex 126.82 23.57 7.600000000000001
    endloop
  endfacet
  facet normal -0.995184726672198 0.09801714032954911 0
    outer loop
      vertex 126.7575521613105 22.935956453447584 7.600000000000001
      vertex 126.82 23.57 7.600000000000001
      vertex 126.82 23.57 0
    endloop
  endfacet
  facet normal -0.995184726672198 -0.09801714032954911 0
    outer loop
      vertex 126.7575521613105 24.204043546552416 0
      vertex 126.82 23.57 0
      vertex 126.82 23.57 7.600000000000001
    endloop
  endfacet
  facet normal -0.995184726672198 -0.09801714032954911 0
    outer loop
      vertex 126.7575521613105 24.204043546552416 0
      vertex 126.82 23.57 7.600000000000001
      vertex 126.7575521613105 24.204043546552416 7.600000000000001
    endloop
  endfacet
  facet normal 0 0 -1
    outer loop
      vertex 126.7575521613105 24.204043546552416 0
      vertex 128 62 0
      vertex 126.82 23.57 0
    endloop
  endfacet
  facet normal 0 0 -1
    outer loop
      vertex 126.82 23.57 0
      vertex 128 62 0
      vertex 128 -28 0
    endloop
  endfacet
  facet normal 1 0 0
    outer loop
      vertex 128 -28 0
      vertex 128 62 0
      vertex 128 62 0.8000000000000007
    endloop
  endfacet
  facet normal 1 0 0
    outer loop
      vertex 128 -28 0
      vertex 128 62 0.8000000000000007
      vertex 128 -28 0.8000000000000007
    endloop
  endfacet
  facet normal 1 0 0
    outer loop
      vertex 128 -28 0.8000000000000007
      vertex 128 -16.5 11.500000000000002
      vertex 128 -28 20.400000000000002
    endloop
  endfacet
  facet normal 1 0 0
    outer loop
      vertex 128 -28 0.8000000000000007
      vertex 128 44 2.800000000000003
      vertex 128 -16.5 11.500000000000002
    endloop
  endfacet
  facet normal 1 0 0
    outer loop
      vertex 128 -28 0.8000000000000007
      vertex 128 62 0.8000000000000007
      vertex 128 44 2.800000000000003
    endloop
  endfacet
  facet normal 1 0 0
    outer loop
      vertex 128 -28 20.400000000000002
      vertex 128 -16.5 11.500000000000002
      vertex 128 -16.5 20.400000000000002
    endloop
  endfacet
  facet normal 1 0 0
    outer loop
      vertex 128 -16.5 11.500000000000002
      vertex 128 44 2.800000000000003
      vertex 128 -3.5 11.500000000000002
    endloop
  endfacet
  facet normal 1 0 0
    outer loop
      vertex 128 -3.5 11.500000000000002
      vertex 128 -2 17.500000000000004
      vertex 128 -3.5 20.400000000000002
    endloop
  endfacet
  facet normal 1 0 0
    outer loop
      vertex 128 -3.5 11.500000000000002
      vertex 128 44 2.800000000000003
      vertex 128 44 10.800000000000002
    endloop
  endfacet
  facet normal 1 0 0
    outer loop
      vertex 128 -3.5 11.500000000000002
      vertex 128 44 10.800000000000002
      vertex 128 -2 17.500000000000004
    endloop
  endfacet
  facet normal 1 0 0
    outer loop
      vertex 128 -3.5 20.400000000000002
      vertex 128 -2 17.500000000000004
      vertex 128 -2 20.400000000000002
    endloop
  endfacet
  facet normal 1 0 0
    outer loop
      vertex 128 -2 17.500000000000004
      vertex 128 44 10.800000000000002
      vertex 128 19 17.500000000000004
    endloop
  endfacet
  facet normal 1 0 0
    outer loop
      vertex 128 19 17.500000000000004
      vertex 128 44 10.800000000000002
      vertex 128 19 20.400000000000002
    endloop
  endfacet
  facet normal 1 0 0
    outer loop
      vertex 128 19 20.400000000000002
      vertex 128 44 10.800000000000002
      vertex 128 57 10.800000000000002
    endloop
  endfacet
  facet normal 1 0 0
    outer loop
      vertex 128 19 20.400000000000002
      vertex 128 57 10.800000000000002
      vertex 128 62 20.400000000000002
    endloop
  endfacet
  facet normal 1 0 0
    outer loop
      vertex 128 44 2.800000000000003
      vertex 128 62 0.8000000000000007
      vertex 128 62 1.6
    endloop
  endfacet
  facet normal 1 0 0
    outer loop
      vertex 128 44 2.800000000000003
      vertex 128 62 1.6
      vertex 128 57 2.800000000000003
    endloop
  endfacet
  facet normal 1 0 0
    outer loop
      vertex 128 57 2.800000000000003
      vertex 128 62 1.6
      vertex 128 57 10.800000000000002
    endloop
  endfacet
  facet normal 1 0 0
    outer loop
      vertex 128 57 10.800000000000002
      vertex 128 62 1.6
      vertex 128 62 20.400000000000002
    endloop
  endfacet
endsolid OpenSCAD_Model
